DATE,IPFUELS,WPSFD49207,WPSFD49502,WPSID61,WPSID62,OILPRICEx,PPICMM,CPIAUCSL,CPIAPPSL,CPITRNSL,CPIMEDSL,CPIULFSL
1959-01-01,,,,,,,,,,,,
1959-02-01,-0.013714909228706329,,,,,,,,,,,
1959-03-01,0.0250006157801681,-0.003016593539425738,-0.00299850299625648,-0.0032626456348161526,0.009528880596038292,-0.010050335853501569,0.012232568435634139,-0.0006902500583763072,0.002234637801416195,0.0033725286637644736,-2.2250158533410058e-05,0.0
1959-04-01,-0.004499583521612394,0.0,0.00599700599251296,0.0,0.0031494821342681334,0.010050335853501569,-0.018330148303752125,0.0013801433164921662,0.002234637801416195,-0.0034070025067394205,-0.004705891037412702,0.0034542348680877133
1959-05-01,-0.019351642142239722,0.0030075210639548544,-0.00599700599251296,0.006493529310548141,-0.012658270103295344,0.0,0.012195159736235972,0.0017231279527818444,-4.982474147041671e-06,-0.003372684478639254,0.004683849312426158,-1.1890677114934078e-05
1959-06-01,0.0,-0.006015042127909709,0.00599700599251296,-0.006493529310548141,-4.031323383202334e-05,0.0,-0.003062676172963741,0.0003393147368777605,-4.960305158174805e-06,0.0033613477027047978,-2.1836206614889164e-05,-1.1809094183856672e-05
1959-07-01,-0.023254592561449794,-9.072475470883745e-06,-0.00599700599251296,-0.003241493924170502,-0.0032614447754815146,0.0,-0.012167387258426476,-0.0010344127619674737,-4.938283797883969e-06,-1.1260817422975578e-05,-0.004662013105811269,-0.0034305350967889225
1959-08-01,0.016335408219916303,-9.12737711145084e-06,-0.0030256116071241124,0.003241493924170502,-9.365683103368383e-05,0.0,-8.417154165218932e-05,-0.00034452474083090934,-4.916408760102797e-06,-0.003350086885281822,0.0046403795565024275,0.0034188067487859186
1959-09-01,-0.006967393213229034,0.01507405943271145,0.021016899189521876,0.0,0.016218079202543034,0.0,0.024530890077966827,0.0013674002850874167,-4.894678750311243e-06,0.0033389012655149486,-2.1433700208017825e-05,-0.0034188067487859186
1959-10-01,-0.005846952960826268,-0.021070956115811335,-0.02696897563285683,0.0,-0.012987058621096281,0.0,-0.006237016821925234,0.001016942013014166,-0.0022099456508026805,-1.111117284047225e-05,-0.00461894585629441,0.003407158321614201
1959-11-01,0.03795782371576495,0.005996896683099884,0.008959597507289807,0.003241493924170502,-4.244166923728088e-05,0.0,0.011787920312844147,-0.0034129725962399604,0.0,-0.0033277900926744763,0.004597709248629567,-0.003407158321614201
1959-12-01,-0.013636988729871291,0.003025720916537189,0.003016593539425738,-0.003241493924170502,-4.300011825719707e-05,0.0,-0.02678231549204968,0.0020422062917981876,0.0,0.0,-0.004597709248629567,0.003395589001138344
1960-01-01,-0.01266386396735264,0.003025720916537189,0.003016593539425738,-0.003241493924170502,0.00987386699489523,0.0,0.020644983738332012,-0.003403213647172887,0.0,-0.0033277900926744763,0.004576667027411663,-1.1491016898013129e-05
1960-02-01,0.010374300285299842,-0.003025720916537189,-0.003016593539425738,0.006482987848341004,-0.003294895896852612,0.0,-0.011808096606909402,0.0027220147107493986,0.004405293467916405,0.0033277900926744763,-2.085049155065022e-05,-0.0033840979842403307
1960-03-01,0.010267778324138277,0.009022617599637073,0.011976191046715545,-0.003241493924170502,0.009820046180975428,0.0,-0.0058394202066685,-0.0013610073553746993,-0.004405293467916405,-0.0033389012655149486,-2.0661370470076434e-05,0.0
1960-04-01,0.030185531951325117,-0.009022617599637073,-0.011976191046715545,-0.003241493924170502,-0.0065680107945977895,0.0,-8.549675754476738e-06,0.004410524537330041,0.0021953905634357618,0.0033389012655149486,-2.0474810864090642e-05,0.0
1960-05-01,-0.027916450301409323,0.0,0.0,0.003241493924170502,-0.0032520353863776386,0.0,0.0029282597790887266,-0.0033954677761780516,-4.80918361711602e-06,-0.003350086885281822,-0.0045146803545268455,0.0
1960-06-01,-0.004540430697498987,0.0,0.0,0.003241493924170502,-0.013072081567353067,0.0,0.0029282597790887266,0.0003367514879624167,-0.0021905813798186458,0.003350086885281822,0.0,0.0
1960-07-01,0.024719637465288713,0.00298953884836628,0.002971770389157413,-0.006482987848341004,0.013072081567353067,0.0,-0.0029282597790887266,-0.0033802065105073,0.0021857932199798036,0.0,0.004494389587839098,0.003372684478639254
1960-08-01,-0.007800420079248305,-0.00597907769673256,-0.005943540778314826,0.003241493924170502,-0.01993421490081726,0.0,0.0,0.004056796522785788,-0.0021857932199798036,0.0,-0.004494389587839098,-0.003372684478639254
1960-09-01,0.0,0.00298953884836628,0.005943540778314826,0.0,0.02662320305161403,0.0,0.0,-0.002028398261392894,0.002181025946360382,-0.006734032181344052,0.0044742803949211485,0.0
1960-10-01,0.005576718240810852,0.008941937375661624,0.005890916868688034,0.0,-4.4445432128448203e-05,0.0,0.00291971010333425,0.004716989878138733,-4.746523764698196e-06,0.006734032181344052,-0.0044742803949211485,0.0
1960-11-01,-0.01569443378370039,-0.008941937375661624,-0.008862687257845447,-0.0032520353863776386,-0.006644542718668323,0.0,-0.029509164292573775,-0.0037090946139146652,-0.004352558845191368,0.0,0.004454350349380132,0.0
1960-12-01,0.006758407836730207,-0.002971770389157413,-0.005899722127188589,0.0032520353863776386,0.0033057881344995543,0.0,0.014541115673065264,-1.0148301070600496e-06,0.002176279422595684,0.003372684478639254,-1.975328151404554e-05,0.0033613477027047978
1961-01-01,0.008938854629242599,0.002971770389157413,0.005899722127188589,-0.0032626456348161526,-1.0892237646942249e-05,0.0,-0.009391992721694997,-1.0127885365918132e-06,0.002176279422595684,-0.003372684478639254,-0.004434597067866086,-0.0033613477027047978
1961-02-01,0.040330136146986995,0.002971770389157413,0.005899722127188589,0.006525291269632305,-1.0820695662605573e-05,0.0,0.02144033123786926,-0.001005867645580416,-0.002176279422595684,0.0033613477027047978,0.004415018209116717,0.003350086885281822
1961-03-01,-0.052642485195899535,-0.005943540778314826,-0.011799444254377178,-1.0610248438513992e-05,-0.009863046299232625,0.0,0.0030911925696726072,0.0,0.0,-0.0033613477027047978,-0.004415018209116717,-0.003350086885281822
1961-04-01,0.0011248096093505744,-0.0029983965973467974,-3.501339262568237e-05,-0.006504070772755277,0.0032731829635430643,0.0,-9.52603226433979e-06,-0.001005867645580416,-0.002176279422595684,0.0,0.00439561147303813,-0.003350086885281822
1961-05-01,0.006725258657152455,0.0029716639902477304,-3.543146668993913e-05,-1.0610248438513992e-05,-0.006677655849683717,0.0,0.018228120049343044,0.002011735291160832,0.004352558845191368,0.006688988150796771,-0.00439561147303813,0.006700173770563644
1961-06-01,-0.03063075644214308,0.00299850299625648,0.005970166986504211,-1.0679710153116417e-05,-0.0034847730666829335,0.0,-0.015303762526539977,-0.001005867645580416,-0.002176279422595684,-0.0033611980581222944,0.004376374599798893,-1.11856197668736e-05
1961-07-01,0.07114038331541739,0.0,0.00298953884836628,0.003273325344969269,0.02022499951374579,0.0,0.0029359133154502892,0.002677377770716305,0.002171553513507618,0.0032947506678189242,-0.004376374599798893,-0.0033389012655149486
1961-08-01,-0.01622375351667893,0.00299850299625648,-0.00298953884836628,0.0,0.01982285534183248,0.0,-0.008941937375661624,-0.0020091518855105406,-0.002171553513507618,-0.0033276448636407885,0.004357305368955622,0.0
1961-09-01,-0.0377848061254471,-0.00599700599251296,0.0,0.0,-0.03315860890275468,0.0,0.0029629651306568583,0.0006668877977635823,0.002166848085090489,-1.0820695662605573e-05,-1.890377035751456e-05,0.0033277900926744763
1961-10-01,0.04647131721789588,0.00299850299625648,-0.00298953884836628,-0.0032840752011900065,0.006578971098042619,0.0,-0.020873891697186675,-0.0013351136829693466,-0.002166848085090489,-0.0032840752011900065,-0.004338401598598107,-0.0033277900926744763
1961-11-01,0.01182003248035235,0.00299850299625648,0.00597907769673256,0.006568150402380013,-0.0033057881344995543,0.0,0.01186861211056689,0.0,-0.002166848085090489,-0.0032840752011900065,0.0,0.0
1961-12-01,-0.01182003248035235,-0.00299850299625648,-8.910710228349217e-06,-1.0749856220737541e-05,0.016463872712010996,0.0,0.009068035372500116,0.0010001667778238854,0.002166848085090489,-1.0820695662605573e-05,0.004319661144516651,0.0
1962-01-01,0.01182003248035235,0.00298953884836628,-8.857748980517499e-06,-0.006546650689938538,-0.013158084577511442,0.0,-0.003025720916537189,-9.993341656411303e-07,-0.002171553513507618,0.006589791793705224,-0.004319661144516651,0.0033167526259938462
1962-02-01,0.007451702174208652,-8.910710228349217e-06,-8.805258500554913e-06,0.006546650689938538,-0.003273325344969269,0.0,-0.006060624611691434,0.0013283481540504738,0.004343107027015236,-1.0820695662605573e-05,0.004301081899390269,-0.0033167526259938462
1962-03-01,-0.00212455587762328,-0.005961256276275861,-0.005925930261313717,-0.003273325344969269,0.003273325344969269,0.0,0.00909552830684568,-0.00033680492038135057,-4.705428417128843e-06,-0.0032840752011900065,-1.8420107389172102e-05,0.0033057881344995543
1962-04-01,0.008465915314211259,0.0029806281381379307,-8.805258500554913e-06,0.0,-0.01320151185853602,0.0,-0.00606980739030849,-0.0006657684497168859,-0.002166848085090489,0.013029500290333562,-0.004282661792001097,-0.0033057881344995543
1962-05-01,0.002106664340666864,-0.00298953884836628,-8.857748980517499e-06,0.0,0.01320151185853602,0.0,-9.238686073942404e-06,-0.00033238631485854597,0.0,-0.013029500290333562,0.004264398786457679,0.003294895896852612
1962-06-01,0.0010503346401398161,0.00298953884836628,0.0029806281381379307,0.0,-0.006666691358189425,0.0,-9.295105661610847e-06,-0.0019851118255038713,0.00216216300449501,0.0,-0.004264398786457679,-0.003294895896852612
1962-07-01,0.00209736545413719,0.0,-0.00298953884836628,0.0,0.016650135342372696,0.0,-9.35204365637432e-06,0.001323517358764903,-4.664864473813424e-06,-0.009756174945364293,0.00424629088145112,0.0
1962-08-01,-0.036289752228875205,0.00298953884836628,0.00895970583487049,0.0,-9.868475164109825e-05,0.0,-9.409506423807557e-06,0.0016525102786415502,-0.006477159284537404,0.016270855966558084,-0.00424629088145112,0.0
1962-09-01,0.031035387793931335,0.005925824809585922,0.00586429066049865,0.0,0.01280665196952846,0.0,0.0030721990369699803,0.002629386537244205,0.012940404188423127,-4.216651557653606e-05,0.0,0.0032840752011900065
1962-10-01,0.001052548509712814,-0.014850099177766474,-0.020697144904848308,-0.003273325344969269,-0.035594816037978205,0.0,0.0,-0.005928647925418584,-0.006477119500655437,-0.009703535087064008,0.004228336109521003,-0.0032840752011900065
1962-11-01,0.008386050441477888,0.0059347355198142715,0.011825652388502306,0.003273325344969269,0.019375919341524828,0.0,0.006134988567516153,0.0013157896635198618,-0.00643547562479263,0.003231020581446753,-0.004228336109521003,0.0
1962-12-01,0.014509774292039257,-0.0029806281381379307,-0.00889770065047113,0.0,-0.0194597100324283,0.0,-0.021543613920361526,0.0,0.0021389987204400995,0.0,0.004210532536343514,0.0
1963-01-01,0.022380759980190845,-8.910710228349217e-06,0.0059347355198142715,0.0,0.0031348990837991586,0.0,0.021600595600766326,0.0019730358258582825,0.006453935260491761,-0.009756174945364293,-1.7654276307510486e-05,0.0
1963-02-01,0.023858684069434588,0.00298953884836628,0.0,0.0,-9.803441015598935e-05,0.0,-0.00928316281759356,-0.00065983800089775,-0.00215745835613923,0.013018820580180446,-0.004192878260036004,0.0
1963-03-01,0.0,-0.00299850299625648,-0.00896866998276069,0.0,-0.0034726894789729457,0.0,0.0030911925696726072,-0.00032942991482798334,-0.0021436235432514827,-1.0610248438513992e-05,0.0,0.003273325344969269
1963-04-01,-0.048300547167881014,0.00299850299625648,0.00896866998276069,0.0,0.020157052513484874,0.0,0.0030911925696726072,-0.0019675358202650983,0.002139038248749614,-0.0032520353863776386,0.0,-0.003273325344969269
1963-05-01,0.018388462456340626,0.00299850299625648,0.00598804184462276,0.0065359709797854215,-0.013468064362688104,0.0,0.0030626730047056405,0.0019675358202650983,-0.004278076497499228,0.003241493924170502,0.004175371410480633,0.0
1963-06-01,0.008064787246911731,-8.96414789020028e-06,-0.0030074137064848294,-0.0065359709797854215,0.016818151247969926,0.0,-0.003091076043832075,0.002288486318610339,0.004278076497499228,-0.003241493924170502,-1.7361261817061546e-05,0.0032626456348161526
1963-07-01,-0.013140449082314376,-0.00597907769673256,-0.0029806281381379307,0.0,-0.006745217801110925,0.0,-9.35204365637432e-06,-0.0006621385544192115,-4.5657201170890005e-06,0.0,-0.004158010148663571,-1.0610248438513992e-05
1963-08-01,0.01714858282046361,0.00298953884836628,-0.0029806281381379307,0.0,-0.006677802531029897,0.0,0.0030256085894926343,-0.000656990053441664,-4.5462708078147784e-06,0.003231020581446753,0.004140792666031512,-0.0032520353863776386
1963-09-01,0.008959360806089833,0.0,0.0029806281381379307,0.0,-1.11856197668736e-05,0.0,-3.673162041950562e-05,-0.002929211593937442,-0.0021299262578247102,-0.003231020581446753,-0.004140792666031512,0.0
1963-10-01,0.0029670289213892254,0.00298953884836628,0.0029806281381379307,0.0032520353863776386,0.006700173770563644,0.0,0.0029532484526146874,0.0019521719461108589,0.0021253993123138137,0.0064308903302903175,0.0,0.003241493924170502
1963-11-01,-0.00197704081863348,-0.00298953884836628,-0.005961256276275861,-0.0032520353863776386,0.006633357098901449,0.0,-0.006014934770439684,-9.518148491594047e-07,-4.507743176507262e-06,-0.009641165960538434,0.004123717183861952,-0.003241493924170502
1963-12-01,-0.005957216193854364,-0.00298953884836628,0.0029806281381379307,0.0,-0.03683069402037109,0.0,0.00885382950886493,0.002268462587636133,-0.0021208915691373065,0.006420551260496232,-0.004123717183861952,0.003231020581446753
1964-01-01,0.005957216193854364,0.00597907769673256,0.005952398527295344,0.0,0.040360969202910546,0.0,-0.0030496280912704066,-0.001302476757497839,0.0,0.003179522468522933,0.00410678195265346,-0.003231020581446753
1964-02-01,0.004937797923813214,-0.00298953884836628,-0.014894335902956968,0.0,-0.027027438333445453,0.0,-0.0029708596903121887,-0.0029112089892393556,0.0,-0.009579593466871206,-0.00410678195265346,0.0
1964-03-01,-0.0009851093879462702,-0.00298953884836628,0.011931476224027904,0.0,0.01690930816786107,0.0,0.008574767586678966,0.001940178001789583,0.0,0.0063795907362003135,0.0,0.0032206147000422014
1964-04-01,0.008836214076863413,0.00597907769673256,-0.00597907769673256,0.0,-0.003395589001138344,0.0,-0.011535668469692784,-0.0006469350152098485,0.0021164029063776013,-0.0063795907362003135,0.004089985251525263,-0.0032206147000422014
1964-05-01,0.011662278394668935,-0.00298953884836628,0.00298953884836628,-0.0032520353863776386,-0.003395589001138344,0.0,-8.116850175099444e-06,0.0006456818724327462,-0.0021164029063776013,0.0031897953681001567,-0.004089985251525263,0.0
1964-06-01,-0.009710336263625496,0.0,0.00298953884836628,-1.0610248438513992e-05,-0.010303255357023478,0.0,0.014056858670371764,-9.377344825090006e-07,0.0,0.0031897953681001567,0.004073325387635496,0.0
1964-07-01,0.003894962402715141,0.0,-8.910710228349217e-06,0.006525291269632305,0.020571723645923523,-0.016978336534417826,-0.01133076575314762,-0.0006454734876002455,0.0021119332031438454,-0.0063795907362003135,-0.004073325387635496,0.003210275630248116
1964-08-01,-0.013698009222675722,0.0029806281381379307,-0.0029806281381379307,-0.006525291269632305,-4.691421736158219e-05,0.016978336534417826,-0.002797118166730339,0.0006442259950603102,-0.0021119332031438454,0.0063795907362003135,0.0040568006956145375,-0.003210275630248116
1964-09-01,-0.0029607571051797343,-0.0029806281381379307,0.0,0.006525291269632305,0.016704532339793854,0.0,0.013709962838964529,-9.335111363917292e-07,-0.004228336109521447,-0.0063795907362003135,-0.0040568006956145375,0.0
1964-10-01,0.006894014410454119,0.0,0.002971770389157413,-1.0610248438513992e-05,-0.03354727565366522,0.0,0.020953637350440868,0.0003204566907850648,0.004228336109521447,0.0031897953681001567,0.0,0.0
1964-11-01,-0.004918366693220655,0.0,-0.005943540778314826,-0.0032520353863776386,0.01336686512875307,0.0,-0.029594349611104853,0.0016016831617533533,0.0021164029063776013,0.0031897953681001567,0.004040409537005019,0.0032000027306708922
1964-12-01,0.005898645215696607,0.0,-8.857748980517499e-06,0.003241493924170502,-0.006700173770563644,0.0,-0.013065121442177308,-0.001607037072774542,-4.469703233755951e-06,0.006318992600927054,-0.004040409537005019,-0.0032000027306708922
1965-01-01,0.003914016186373548,0.0,0.008933026665433275,-0.003241493924170502,-0.00676804328030256,0.0,0.005221943981151611,-0.00032128040502321653,-4.450863579474884e-06,-0.003219459061463148,0.0,0.0031897953681001567
1965-02-01,0.003898756371424117,0.002971770389157413,-0.005952398527295344,0.0,0.023586347216450587,0.0,-0.0026212334798740855,-0.0009595394946995128,-0.0021074823395643705,-0.009429048912231952,0.00402415029972536,-0.0031897953681001567
1965-03-01,-0.0019462388774811323,-0.002971770389157413,0.0,0.003231020581446753,-0.010129315785351256,0.0,0.005242466959748171,0.0009586196612039188,0.0,0.0031397200046678897,-1.6128902186718364e-05,0.0031796529173795385
1965-04-01,-0.0029289648191497264,0.008862687257845447,0.008862687257845447,-1.0405881404551565e-05,0.00990632548450554,0.0,0.007795527378381628,0.001274592305368305,0.0021030501967791437,0.0031397200046678897,-0.004008021397538641,-0.0031796529173795385
1965-05-01,-0.004899087795096513,-0.00592582758453597,-0.00592582758453597,-0.0032206147000422014,-0.0001731451826674224,0.0,0.012631634578035289,0.0009484642777439767,-4.413539858028059e-06,-9.826995740258582e-06,0.003992021269537904,0.0
1965-06-01,0.00782805261424624,-8.599894220751025e-06,0.002911110209113499,0.003210275630248116,0.012570349045984308,0.0,-0.01799787965022226,0.0009394264340074621,-4.3950538066717115e-06,-0.006259786017855262,-0.003992021269537904,0.0
1965-07-01,0.015472193766405073,-0.005856519558177453,-0.0058479698824229764,-0.003210275630248116,-0.03838145639076718,0.0,-0.0126358871753256,-0.005070620078353905,-0.004188483206228888,0.003129893008927631,0.007936549595735976,0.0
1965-08-01,0.0028756380333256892,0.005856519558177453,0.0,0.0032000027306708922,0.02230847679358039,0.0,0.007585371389256856,-9.024402434221201e-07,0.004188483206228888,0.0,-0.007936549595735976,0.0
1965-09-01,-0.01640159292224963,-8.549675754476738e-06,0.0,-0.0032000027306708922,-0.012749103933530126,0.0,0.005063301956546695,0.0031666626343773707,-0.002094241603114444,0.0,0.0,0.0031695747612792147
1965-10-01,0.008716406780690189,-8.49989587559108e-06,0.005813969865420265,0.0,0.01583804978930292,0.0,-0.01012660391309339,-0.0012679259852443892,0.0020898649194593943,-0.0031397200046678897,0.003944778291016249,-1.0014470910757467e-05
1965-11-01,0.022880609896810622,-8.450549497052151e-06,-3.360694992116109e-05,0.0031897953681001567,-0.003268656522084079,0.0,0.01012660391309339,0.0022062599396561744,-4.3584284377118365e-06,0.006279440009335779,-1.550015112661285e-05,-0.003159560290368457
1965-12-01,0.0018820988317589382,0.0028776032575374977,-3.32206599309437e-05,-0.0031897953681001567,0.009129307417398369,0.0,-0.01776995322566144,-9.920069043989344e-06,-4.340287197202031e-06,-9.826995740258582e-06,-0.003929278139889636,0.0031496089028961727
1966-01-01,0.01586818785498112,-0.005780362915499104,-0.002885909974536194,0.0,-0.006360843287428253,0.0,0.017808703153010086,-0.0022031847756296408,0.002068217342986678,-0.006259786017855262,0.003913899321136505,-0.0031496089028961727
1966-02-01,-0.013987236882701204,0.008608374536600127,0.0056736701688056,0.006349227678658753,0.005806350495489276,0.0,-0.007649823962693869,0.005312457172457652,-0.002081130482752158,0.006259786017855262,-0.003913899321136505,0.0031397200046678897
1966-03-01,0.0028136188084353364,-0.008608374536600127,-0.008534902449837567,-0.003189667388290296,-0.02391695350259404,0.0,-6.507726298288219e-06,-0.0031415705103761127,-4.268843207366757e-06,-9.765672683847981e-06,0.007782140442055052,-0.0031397200046678897
1966-04-01,0.005601231288366204,0.002853068982406448,0.0,-9.951387472284523e-06,-3.564331732741621e-05,0.0,0.002554279805096815,-9.656728412466009e-06,0.0020512479242551507,-9.704921851483306e-06,-0.003913663664135036,0.006250020345171414
1966-05-01,0.00834463086804238,-0.002853068982406448,-0.00283688133519977,0.003120004110699348,-0.0030617936752950214,0.0,-0.007702220362092227,-0.0009365242923493611,-0.0020639493745493454,-0.0062208448287846,-1.4907461929780652e-05,-0.0031395979307791144
1966-06-01,-0.027140325751915828,-0.005714301263438415,-8.070797031578536e-06,-0.006269613013595521,0.009049835519917782,0.0,0.002534250203649613,-0.0012392502425822016,-4.199148832650934e-06,0.0062208448287846,-1.4793008824565135e-05,-9.644736143954447e-06
1966-07-01,0.021585769708612812,0.01142860252687683,0.005689904264462697,0.006230549750636083,0.012048338516174262,0.0,0.005167970158442614,0.0012325675980306983,0.002034554697923685,0.00616321437093692,0.0037948485479053495,-9.585108575738133e-06
1966-08-01,0.014747234432912926,0.0027963884044703846,0.00845460312170232,-0.0031297720723877376,-0.009058799667807982,0.0,0.0,0.003984917671731036,-0.004081638319648473,-0.00620143774835924,-0.0038385538865193247,-9.52603226433979e-06
1966-09-01,0.0036507578936446627,-0.002876871949652582,-0.00849450432632537,-0.006201555356496691,-0.00597907769673256,0.016978336534417826,-0.002594035177046372,-0.003086306213520462,0.006091389393402036,-0.0030721990369699803,0.00750448428538153,-0.0030816665374082675
1966-10-01,0.015380141000751912,-0.008446759094871137,-0.002805050927608299,-9.644736143954447e-06,-0.012093703362962227,-0.016978336534417826,-6.746523011358363e-06,-9.323509461811597e-06,-0.002050979856397017,0.0030627895305461728,-0.003836834052343807,0.006134988567516153
1966-11-01,-0.02361784361170205,0.002812941376614919,-0.002805050927608299,0.0062208448287846,-0.003322185331386507,0.0,0.010382922142112783,-0.002135957591999471,-0.0020263101653039683,-9.35204365637432e-06,-5.5279923727447056e-05,-0.0030815510806263546
1966-12-01,-0.005528961369871688,-0.0028208763416412985,-0.0028287667906479186,-0.0031104224143923,0.012194227450074369,0.0,-0.010369464007006002,0.0003029803635308248,0.0020019702831888253,-0.00916966450432577,-0.0037241958615656934,-0.0030534374868897984
1967-01-01,0.007100732411109423,0.0028208763416412985,0.005633817718256218,0.0,0.009321622507032945,0.0,0.028164165354600534,-0.0018235236584334125,-1.6064321543662885e-05,0.006116227017435971,0.0036427946757768837,0.0030441423812281876
1967-02-01,-0.012178422385658916,-0.0028288562004776807,-0.0028288562004776807,-0.0031104224143923,-0.025089329133167748,0.010050335853501569,-0.020539047759692508,0.003642621732697471,-1.5936318471965194e-05,0.006116227017435971,-0.003683048813571954,-9.238686073942404e-06
1967-03-01,0.009341368679666395,0.0028288562004776807,-8.025134722089433e-06,0.0031104224143923,0.009199180072376745,-0.010050335853501569,-0.005037794029957077,-0.003034903695154245,-0.0019979710432447284,-0.006116227017435971,-1.322322792240982e-05,-0.003034903695154245
1967-04-01,0.014213904359330787,0.0,0.00567376267039954,0.0,-0.00016543794563839143,0.0,0.0,0.003025720916537189,0.001974303244467457,0.006079046076382433,0.003590479922908063,0.003025720916537189
1967-05-01,-0.0029807727708641707,0.0028288562004776807,-8.025134722089433e-06,0.0,0.02589032918407419,0.0,-0.010101095986503772,-0.003025720916537189,-0.0019860669123792363,-0.0030533251598452438,-0.003629579842758357,-9.12737711145084e-06
1967-06-01,0.017859644816140552,0.005610012445386836,0.005610012445386836,0.0031104224143923,-0.00334509086301793,0.0,0.012635951589691885,0.006024114603380593,0.001962678655621719,-0.003025720916537189,0.0035522193816515113,-9.072475470883745e-06
1967-07-01,-0.011773544193325325,-0.008438868645864517,-0.011243919573472816,-0.0031104224143923,-0.012789869097119322,0.0,-0.005069711206376226,-0.0030256116071241124,-1.5439306157549737e-05,0.006024114603380593,-0.003590485908012031,-9.01806769837421e-06
1967-08-01,0.010934395709186084,0.0027972046210611445,0.005610101855216598,0.0,0.0031897953681001567,0.023065272930995917,0.002534855603188113,-8.96414789020028e-06,-1.5318686116927438e-05,-0.0030256116071241124,-1.2574899244111037e-05,-8.96414789020028e-06
1967-09-01,0.019827295883413587,-0.0027972046210611445,-7.846306547154569e-06,0.0031007776782483454,-0.0032000027306708922,-0.023065272930995917,0.0,-8.910710228349217e-06,-0.0039062549670649815,0.005943434379405144,0.0035024559202891936,0.002962859678929064
1967-10-01,0.003248878054365356,0.0027894020875787184,-0.0027972046210611445,-0.0031007776782483454,0.0064000054613417845,0.0,0.02010117932108768,-8.857748980517499e-06,0.003891055492966533,-0.011913707764819037,-4.924713444243167e-05,-0.0029894333966384856
1967-11-01,-0.007079118808324569,-0.0027894020875787184,0.0027894020875787184,0.0030911925696726072,-0.0096102810915899,0.0,0.033180187291848906,0.0029454066389309475,-0.0019511906751397134,0.011860717806403187,-0.0035147711146459315,-8.753233225355928e-06
1967-12-01,0.013225046404012453,0.0027816429618767735,-0.0027894020875787184,0.0030626730047056405,0.019190005007317712,0.0,-0.05328136661293659,-0.002971666798331274,0.0038572528664988504,-0.008888947417245774,0.003442178468249235,-8.701667674415603e-06
1968-01-01,-0.004375628392661923,-7.716079151620647e-06,0.0,-0.006153865574378248,-0.015959379563778242,0.0,0.00938974034983886,-8.650556447609148e-06,-0.0019509590968471713,0.005882369903066564,-0.0034780986536011582,0.0029196092226411174
1968-02-01,0.017048505350298893,-7.67338983465038e-06,0.005555569844601926,0.0030627895305461728,0.006359305834759077,0.0,0.05178448301931482,-8.599894220751025e-06,0.0018954839801965662,-0.002954110123977838,-1.1809094183856672e-05,-0.0029454093490639544
1968-03-01,-0.0058071257616307825,-7.63105381107465e-06,-0.002789316351711424,-9.35204365637432e-06,-1.007815610032381e-05,0.0,-0.045906751238365295,-8.549675754476738e-06,-3.27783473550447e-05,-0.0029282597790887266,0.003395429973611197,-8.49989587559108e-06
1968-04-01,-0.01509027908920757,0.0027358968785615723,0.0027434023180790135,-0.0030534374868897984,-1.0014470910757467e-05,0.0,-0.07778782911212234,-8.49989587559108e-06,-3.2406215514591e-05,-0.0029282597790887266,-0.0034303760692617757,-8.450549497052151e-06
1968-05-01,0.033116465070796686,-0.005494519317641,-0.005509655810969516,0.0,-0.009488695342016129,0.0,0.005632982579282686,-8.450549497052151e-06,-3.204038512860663e-05,0.0029282597790887266,-1.1491016898013129e-05,-0.0029027596579616066
1968-06-01,-0.0007050080656458846,0.0027359798188744122,0.002743485945750912,0.0030441423812281876,-4.031323383202334e-05,0.0,0.06417780766473014,0.0028776032575374977,-0.0018990948895147852,0.0058479698824229764,-1.1413505601076679e-05,0.008658062743114314
1968-07-01,0.0039304876096841745,-7.4651656700730484e-06,-7.5061268764997635e-06,-9.238686073942404e-06,0.015908471332238605,0.0,-0.017022870180909866,-3.32206599309437e-05,0.0037035012828283698,-0.0058479698824229764,0.003338750109347366,-0.0057886203151613635
1968-08-01,-6.874756969299511e-05,-7.4245388437255144e-06,-7.4651656700730484e-06,-0.003034903695154245,-0.006379462756390453,0.0,0.0072844552795912065,-0.002885909974536194,-0.0018983934823411097,0.0029112102074586588,-0.0033725333224716714,0.0028448588354854643
1968-09-01,-0.004193934424215673,0.0026989773549783713,0.002706281332752525,0.003025720916537189,0.003129768617195605,0.0,0.004895963277279591,-8.163298625518678e-06,-3.063730705132883e-05,-0.0029112102074586588,0.003305641453153374,-0.0028693491312070663
1968-10-01,-0.004551807009007813,-0.005420067469338985,-0.0027284343882141293,-9.12737711145084e-06,-3.930856239264813e-05,0.0,0.002430076814793569,0.0028287644850246707,-3.0300938826499646e-05,0.0029027596579616066,-4.3858687316156164e-05,-8.070797031578536e-06
1968-11-01,0.007972005432020257,0.00269905696916517,-0.0027063615977427347,-0.003016593539425738,0.015322464908956057,0.0,-0.002447923600141788,-0.002852977266953438,-0.003666337723256863,0.0028776032575374977,-4.3283485192890936e-05,0.002812851206919209
1968-12-01,0.014048503301673954,-0.00269905696916517,0.0,0.006006024060211335,-0.03384257784594169,0.0,0.004825036027880092,0.002804961517778537,0.003626450206050791,-0.011560725830998209,-4.271952496548437e-05,-0.00283679116550406
1969-01-01,-0.05570893964202783,0.0026917916657116514,0.005390848634876821,-3.585707370712399e-05,0.018423958166192467,0.0,0.025923227816146976,-0.0028287667906479186,-2.9537298226856024e-05,0.011560725830998209,-0.003273187097023289,0.0027893141720545245
1969-02-01,0.05694419696247621,-0.0026917916657116514,-0.008082640300588473,-0.0029983965973467974,-0.015398923718429103,0.0,-0.02159078352493049,-7.846306547154569e-06,-0.0018229412884886997,0.00852603273573882,0.006420416987566568,-3.121049921395169e-05
1969-03-01,0.0030508745500958945,0.0053619431413851615,0.008068148702091715,0.0029454066389309475,0.021552905818647883,0.05697743474254047,-0.011587615172388155,0.0055477673111195,-1.2892953034970844e-05,0.002595415151365188,-0.0032721128129660215,0.0027277577652395912
1969-04-01,-0.008405486205515178,-2.8597166022770182e-05,-2.8750709784475248e-05,-0.008871388925519863,-0.00014964319478760757,-0.02667208524721154,0.00917437627604123,-0.0028200960002107145,0.0017681435107776977,-0.016901810802603112,-4.0570420112295835e-05,-0.005547769442804995
1969-05-01,0.014489944196642401,-2.8293745669039083e-05,0.002620563322581315,0.005908423794863005,0.014669037753334724,-0.030305349495328926,0.008925665367576663,-0.002773842560079842,-0.0017999751342250292,-0.008415196925284363,-4.0058485394123267e-05,-7.547426139176139e-06
1969-06-01,0.0015452016396353407,-2.799512884976707e-05,-0.0026911125483333187,-8.701667674415603e-06,-0.012228442811991425,0.0,-0.01139610592142759,0.002728432392735236,0.0017526506253258134,0.011228138301899282,-0.00316944918859674,0.0027210085263278394
1969-07-01,0.012940469375912311,-0.0026489346945739456,-0.005277057100843585,-0.0029455102297570868,-0.02626073916899596,0.0,-0.004479240700079323,-2.9860997060371375e-05,-2.799512884976707e-05,-0.002812941376614919,0.0031103003405035246,-0.0027434043577181377
1969-08-01,0.0027096145879745848,-6.888926395554051e-06,0.0026281224062696396,0.005865119452398204,0.020421119837724877,0.0,0.024092613295262577,-0.0027358988959687025,-0.005277057100843585,0.002805050927608299,-0.0031395979307791144,0.0026989773549783713
1969-09-01,0.0009606445715069079,-6.852905803267362e-06,-6.888926395554051e-06,-0.005865119452398204,-0.008759180089881635,0.0,0.009818398011802731,0.0026917126953116544,0.006993035490970634,-0.005610101855216598,0.00616321437093692,-2.9218834462163557e-05
1969-10-01,0.012626918993226877,0.0025939645330677052,0.005201492201335256,0.005830920310792909,0.01156082240107592,0.0,-0.027819650087518966,-2.9061530527840773e-05,-0.0035147711146459315,0.011196708563856461,-0.015446495892410095,-0.002706283264208409
1969-11-01,0.0242135669318726,0.002553660228350463,-6.072034572035534e-05,-3.380262646679455e-05,-0.00013212657745320655,0.0,-6.858681163990354e-05,-2.8750709784475248e-05,0.0017165525007794002,-0.0056100146743713886,0.01234571821416175,0.002663040955927176
1969-12-01,-0.020489009003987313,-0.005188001340316273,-0.007762005335488986,-0.0029111127951915172,-0.014273647955854063,0.0,0.016094503238911262,-2.8444848995778926e-05,-0.0034691909096347118,0.002758537413738882,-0.0031006600701108944,-2.8444848995778926e-05
1970-01-01,0.010652029831041965,0.0025542123717468,0.005141399500418586,0.0057223696474655306,0.0028449521322313487,0.0,0.014955814745441387,-2.814384318394758e-05,0.0017167182235038325,0.005448941199979185,0.003044027980465991,-2.814384318394758e-05
1970-02-01,-0.0015414756255691664,-0.007689037228593154,-0.007708795005664459,-0.008608374536600127,0.0028449521322313487,0.0,-0.04509490509869574,-2.7847590141405476e-05,0.001699055309445363,-0.008260606922390501,-3.718094105353842e-05,-2.7847590141405476e-05
1970-03-01,0.014131163133489721,0.005121641723347281,0.005134791010491746,-0.002861232281031967,0.00845460312170232,0.0,0.026890900744124924,-2.7555990329553026e-05,-0.005141399500418586,-0.005457029306408678,-3.673162041950562e-05,-2.7555990329553026e-05
1970-04-01,-0.007031645409650622,-0.0025608208616736405,-0.002567395505245873,0.008575533544470382,-0.014112496630548588,0.0,0.014324644143743459,-2.7268946806380256e-05,0.0034129725962399604,0.016297243859273447,0.0029532484526146874,0.002566766230239992
1970-05-01,-0.013121550829754636,0.0,-0.002567395505245873,-0.0028693491312070663,-0.011371693615341627,0.0,-0.044618124101966306,-0.0026143099300921513,-0.0017108445257099092,-0.010876937540357456,-0.0030431643812822706,-0.005215056719233946
1970-06-01,0.00656222142186591,0.002554279805096815,0.005134791010491746,-8.070797031578536e-06,0.014184634991956546,0.0,-0.005698157782213276,0.002573934981396242,0.0016934609306087367,0.00267015147567351,-3.522149920698325e-05,0.0025673270237134282
1970-07-01,-0.01708927593614007,-0.002554279805096815,-0.002567395505245873,0.002812851206919209,0.002853068982406448,-0.012012156448003575,-0.00022530689358379874,-0.0025939661632699007,-0.0017021084948058984,-2.8597166022770182e-05,-3.480712502179628e-05,-2.6434221744864317e-05
1970-08-01,0.01645266645245469,0.0,0.0,-0.005649732542118979,-0.014314512501413024,0.012012156448003575,-0.0021683355358401712,-6.608489926840377e-06,0.001684901085294399,-0.007996463394845943,-3.4400020643587936e-05,-0.0025739365618226984
1970-09-01,0.020881635960182887,0.010152371464017929,0.010204170174241689,0.002812941376614919,0.03425445304756325,0.0,0.007554321832202504,0.0025477051615245827,0.0016678864759969159,0.007982278897083361,-3.400001700271105e-05,0.002534789702374418
1970-10-01,-0.010235244818162403,-0.010152371464017929,-0.012745467602914395,0.0027893141720545245,-0.022793009528556674,0.0,-0.004056146854477749,-2.6031159299222395e-05,-0.0016961811823419382,0.005235026201090509,-0.002919611839055758,0.002496301881785623
1970-11-01,0.013697695066492432,0.005037794029957077,0.007617450460533526,-0.002812853461090725,-0.011331566009550098,0.0,-0.020518822856442576,-2.5767550924538085e-05,0.0016540936992930355,-0.00011022851760689178,0.0028693466903852993,-0.0025602351865838813
1970-12-01,0.015796266944445136,-0.005037794029957077,-0.0076110086350489325,-0.0027894020875787184,-0.005910240424955582,0.07281235547496756,0.0009061159226066984,-2.5507926589618535e-05,-0.001681918392597126,-0.00010794983042172746,0.002820038974641559,-2.512578596736148e-05
1971-01-01,0.0029733050906419756,0.0025094116054260596,0.005069711206376226,0.0027816429618767735,0.025899869177619994,-0.07281235547496756,0.016274989135987905,-0.002528382424531017,-0.0016652609843488264,-0.002653513158645371,-0.005738791559160017,-2.4875776591937182e-05
1971-02-01,0.00678631731446222,0.002490598811279554,0.00251566018288063,-7.716079151620647e-06,0.02246184597069023,0.0,-0.0024988161147017074,-0.0025094116054260596,0.001648786926870649,-0.0025934266645450954,0.002820785403446102,-0.0049751346401136765
1971-03-01,0.0021781780456899824,-0.0025093491042533778,-0.0025347911888218277,0.0027509490492447775,-0.045145384068308925,0.0,0.019629856044885763,0.0025031302181184323,-0.0033057881344999984,-0.005089069507471233,-3.1919817421233176e-05,0.0
1971-04-01,0.004047837310729108,-6.187984790795298e-06,0.0024968172262975763,-0.00552487593196993,0.030832593670885533,0.0,0.028232059627549155,-6.250019531250928e-06,0.0016488049901832724,0.0,-3.156216958677405e-05,0.002478316014467463
1971-05-01,-0.04213015104574236,0.002466031832194737,-0.0025156616249573105,0.005494519317641,-0.016807118316381153,0.0,-0.04116327429979805,0.002478254441526495,0.004919363121913989,0.0,-3.121049921395169e-05,0.002459965626115057
1971-06-01,0.02953526134080553,-0.002484412664662372,0.002478254441526495,-3.0024845562248714e-05,0.005540180375615655,0.0,0.012931214672248892,-2.462948025749867e-05,-0.0049328447713667956,0.005063301956546695,-3.08646738398366e-05,-2.4266838153597092e-05
1971-07-01,0.0006652400781366197,-0.007404374135776326,-0.009950269280227353,-2.9698486121887413e-05,-0.013862003713108084,0.0,0.0,-0.002484412664662372,-2.669916844943998e-06,-0.005063301956546695,-3.0524564646139396e-05,-0.0024660331637891275
1971-08-01,0.01768103112221997,0.012336589122027508,0.012428585294694816,0.002662414246662692,0.00553242124991371,0.0,0.002166848085090489,-6.066654331338128e-06,-0.004900630188501509,0.002522069432710161,-0.002766169865218604,-5.977983087657179e-06
1971-09-01,-0.02151704268163135,-0.007398307481444988,-0.009931766669048603,-0.008097210232619556,-7.8025334824261e-06,0.0,-4.6850805954790076e-06,-6.036879296011932e-06,0.006535953529231975,-0.0075725852187789044,0.0027210085263278394,-5.948857670912133e-06
1971-10-01,0.005334064371276259,0.0,0.004956632028934926,-0.0026917916657116514,0.022215290478162952,0.0,-0.00649117409408051,-6.007322926659953e-06,-0.0016379845536853566,0.005050515786068743,-0.010928988944157503,-5.919944589649617e-06
1971-11-01,0.0022811759285050748,0.0024539889615664556,0.002459965626115057,0.005383583331423303,-0.003068947855572546,0.0,0.006495859174675989,-5.977983087657179e-06,-2.652551554405136e-06,-0.002534855603188113,0.008200474290953164,-5.891241785516144e-06
1971-12-01,0.01962404968514697,0.004872051130506705,0.0024237148004861986,0.00267015147567351,-0.01095828936665244,0.0,-0.019634541125481242,-5.948857670912133e-06,-2.6439323743687737e-06,0.002534855603188113,-7.4651656700730484e-06,-5.862747224139042e-06
1972-01-01,0.005717692634815474,-0.009762094889954387,-0.01226396704127497,-0.002691714585506322,0.010609492711564084,0.0,0.021863304513428883,-5.919944589649617e-06,-2.6353551341173898e-06,0.007585371389256856,-7.4245388437255144e-06,-5.834458898235084e-06
1972-02-01,0.023470669403105493,0.00972648806056009,0.009803941200412503,0.00264893292172097,-0.00809516183932768,0.0,-0.00439561147303813,0.0024124896224964054,0.0016141884073404,-0.010107440821967018,-7.384242764363336e-06,-5.80637481828461e-06
1972-03-01,0.004007415978859896,-0.007290433262678864,-0.004901970600206251,-0.0026701533060227156,-0.007905179507113225,0.0,0.01739174271186883,-0.004842624475787982,-0.0032362487792081396,0.002522069432710161,-7.344273853515659e-06,-5.778493027186471e-06
1972-04-01,-0.010748040067617204,0.0,0.0,-6.998708738326087e-06,0.01562531790308075,0.0,-0.013090660812478117,0.0024125464053836865,0.003225809248882605,0.0,-7.3046285775646425e-06,-0.0024009615375382154
1972-05-01,0.005297154987213837,0.004830927269665608,0.004878058453433365,-6.961824833950914e-06,-0.0002403990636015152,0.0,-0.006449310437680378,-5.80637481828461e-06,-0.001616798443182077,0.002522069432710161,-7.265303453518612e-06,0.004784698123335929
1972-06-01,-0.015878053416885418,-2.3225701561990775e-05,0.002394700875646194,-0.002635047638004817,-0.012843621410806527,0.0,-4.624822811383211e-06,-5.778493027186471e-06,-0.0016090108057005281,-0.002522069432710161,-7.226295043238906e-06,-0.004784698123335929
1972-07-01,0.01327601145896784,-0.0024124908421492286,-0.0024534728931304706,0.0026281224062696396,0.012572340381375557,0.0,-0.013048307970949136,-5.7508115838267315e-06,0.0,0.0025157245972469156,-0.0026845653706684125,0.004761913760243708
1972-08-01,0.00391055927716355,0.0023780680267035947,-0.002418324898410873,-6.888926395554051e-06,-0.007641622971347406,0.0,0.017386954552029987,-5.723328572848629e-06,-0.0032206147000417573,0.0024968172262975763,0.002677377770716749,-0.0023894334066132394
1972-09-01,0.014839009408491144,-2.267599406025056e-05,0.004767527941074157,0.005201492201335256,-0.00252150967884468,0.0,0.010829574892090577,0.002372426362862168,0.011252786397306203,-2.5000312505074618e-05,-0.002677377770716749,-5.615343364517855e-06
1972-10-01,0.029031586414310695,-0.009501205517195466,-0.009552280833888815,-0.00264136693921202,0.004877583776406347,0.0,-0.015172866252091577,-0.0023894334066132394,-0.003243654965467968,-0.007478202823491653,0.010638398205055744,-5.588824585789354e-06
1972-11-01,-0.041766327208567766,0.011868070527461416,0.007145705115520151,0.002540687351912929,0.016711466298350075,0.0,-4.664864473813424e-06,0.0023556608423156433,-0.0016088638144164946,0.007465795952565912,-0.010638398205055744,-5.562493221145104e-06
1972-12-01,-0.01784281187221204,0.0022943664134831288,0.007044598826745574,0.007545426036878133,0.01542464386441944,0.0,0.00216216300449501,-0.0023724275034870956,-1.0078156100767899e-05,-0.0024968186256462133,0.002642009462838768,-5.536347505330497e-06
1973-01-01,-0.003796021988438536,-0.002410638723363334,-0.0024606501687518545,-0.010229678100831308,-0.014935526711112868,0.0,0.00862074304390692,0.002339130611748619,-0.0031695747612792147,-0.002478316014467463,-6.961824833950914e-06,-5.5103856997362755e-06
1973-02-01,-0.015934351574831584,0.004559626942092443,0.0022149599828384936,0.009925078646755736,0.01858183886413345,0.0,0.0251377368810477,0.002306351154775843,0.003159560290368013,0.00493828164058252,-6.925231735177562e-06,-5.484606081740395e-06
1973-03-01,-0.01698969388155147,0.008917708942465019,0.01565174112380907,0.002215463858371791,4.0568774219540416e-05,0.0,0.04212621759991819,0.0022581299538133592,0.0031297686171960493,-0.0024782557997200527,-6.888926395554051e-06,0.00232283075263906
1973-04-01,-0.002045200985718143,-0.013744499162196888,-0.020523575374088665,-0.012323958070286967,-0.02955415298409747,0.0,-0.05683650255417838,-0.0023706644176115788,-3.930856239264813e-05,0.004883948414895922,-6.852905803267362e-06,-0.002339131689671703
1973-05-01,0.002677346872986597,-4.50440305477251e-05,-4.4445432127560025e-05,0.016703342610181693,0.03069523446458433,0.0,-0.01340377735101761,-0.0023224430156041365,-0.0031395979307786703,-0.00734397425575839,0.0025939645330677052,0.002306756482602701
1973-06-01,0.003941405526409536,0.004360848035788845,0.006513541858842231,-0.0027778264233830896,-0.0002721458718659697,0.0,0.005549729123475622,0.002244251022945676,-9.644736144842625e-06,0.004866189651172803,-0.0026143099300921513,-2.133481254817937e-05
1973-07-01,-0.01611631589648388,-0.01325005709618754,-0.017524903743851183,-0.03519292429292653,-0.0930400312697861,0.0,0.010825091500765271,-0.006810469002526798,-0.0031007776782479013,-0.004866189651172803,-0.002594035177046372,-0.004608303086194088
1973-08-01,0.002186930953943733,0.03683571757235837,0.04719991916047661,0.0443868816837365,0.2461512099639389,0.1911773592517172,-0.007604574241733442,0.017937700686667224,0.00463321292148855,0.0,0.0025873235649509496,0.004587164006906175
1973-09-01,0.00806724790965152,-0.036765422920580715,-0.047034786847836685,-0.03953467444348213,-0.2508423835398186,-0.1911773592517172,-0.01620517477597261,-0.013503103618801138,-2.1367698925800482e-05,-0.0024301348532915767,0.0025673270237134282,0.0022543678098103648
1973-10-01,0.033341878265983116,-4.5462708078147784e-06,0.002094204514135889,0.020820147813872758,0.011004768732732373,0.0,0.014257279538918866,0.004376032614288761,-0.0015490556920170206,0.009702894182371136,0.01268021704736988,0.002208303703201686
1973-11-01,-0.015827306793675167,0.01064516219654088,0.012600758055402839,-8.494913675560767e-05,0.04871711014594915,0.0,0.010281368760805876,-0.0022532291359960155,0.0015138774968663782,0.0023426993703621335,-0.015312798203324096,-0.002315803338574174
1973-12-01,-0.002053938840798075,-7.182102204339458e-05,-0.002177219474181147,0.013399945762497811,-0.00681720916157591,0.0,0.07758244817922044,0.00211944347952997,-2.0850491551982486e-05,-9.157718818597615e-05,0.002503066769962814,-4.50440305477251e-05
1974-01-01,-0.011287410250342411,0.01645868297586217,0.01824321683069785,0.0016826556070208554,0.06696092423174527,0.8525871289167235,-0.07865791080626039,0.002064397805724205,-2.0661370468744167e-05,0.004594000034529255,-2.512578596736148e-05,0.0021606271261864762
1974-02-01,5.749296191925879e-05,-0.006622931378245767,-0.004624196206099551,-0.004838891788458088,-0.05298010264463482,-0.8525871289167235,-0.0049676546988930426,-0.00011414925712704971,0.005967567033757781,-0.00019654302717686534,-2.4875776591937182e-05,-7.762920414622343e-05
1974-03-01,0.020981143204967356,-0.008264526648380954,-0.014076490253734253,0.007980888331012626,-0.04727250754361023,0.0,0.04179118648160518,-0.00011174857476303757,-0.003067743711630655,0.004344009458685072,0.004901488855798775,0.002085883899212604
1974-04-01,0.08015558529223288,-9.920969564625182e-05,-6.127615248985308e-05,-0.008860853189203599,0.003931672732028879,0.0,-0.0018903444600919528,-0.004258806385217362,0.0028819884834137,-0.007016635441422281,-0.0025326492401540612,-0.002255666389385791
1974-05-01,0.007951275247045864,0.00185395768013219,0.0018646004517055559,0.013593157183882543,-0.011026267000684875,0.0,0.023333587668872724,0.004084816180426998,-0.0030123325920445865,0.002084818333594196,0.0023648398712023955,0.002047524333994577
1974-06-01,0.005281895522980307,-0.01176484157958635,-0.013515480227727306,-0.014501046806522755,-0.01232969988438537,0.0,-0.06884876319623157,-0.002144586590554276,-5.297098356749075e-05,-0.00017544629195409556,0.007058045730106155,-0.00011222261387189292
1974-07-01,0.014146235860181378,0.026924703370592606,0.030521816398151547,0.018598706920188057,0.12744856680655658,0.0,-0.018470793991779644,-0.002092984266160336,-0.002925773448198221,-0.0023237424118009997,-0.0049603472700776585,-0.00010988214052698453
1974-08-01,0.004756273525002186,-0.008127157403090113,-0.009892457577324265,0.007734185124657067,-0.025885564453539622,0.0,0.017208196233884365,0.0059931387708105355,0.014206358181805712,-0.006533260266319285,0.002179729387750573,0.0019436686402878323
1974-09-01,-0.02576479125369069,-0.00768632054243179,-0.007576092606413454,-0.04217261264732741,-0.0828534917403525,0.0,-0.020891508480517906,0.0018336518271184765,-0.015711371787285877,0.004245978679067619,-0.0024786351232601866,-0.002177523613004162
1974-10-01,0.01737017013223685,0.007137456163328615,0.008949621607253544,0.0211990074509103,0.06938411542750433,0.09881092392078505,-0.033163623924509444,-0.0060565171050410704,-7.934965027267538e-06,-0.0021843667906296105,-0.0023959265002240215,-0.0021129161356041593
1974-11-01,-0.008627750311288374,0.00144756838732496,0.0014416909714931592,-0.012554640932118666,-0.021372216893857043,-0.09881092392078505,0.029913201163494385,0.0018821185144588526,0.004184987811030716,-4.0228048341361955e-05,-0.002331993365876528,-6.477706570251485e-05
1974-12-01,0.012245874574731808,-0.019696249975724278,-0.021356235001739776,-0.01043487729257997,-0.05866494542654621,0.0,-0.002870982448830439,-0.0020191924432122477,-0.006997929187645191,-3.972255999240559e-05,0.002188982997381128,-6.374679774090453e-05
1975-01-01,0.018419795986269527,0.005305052229693352,0.005292566042538027,0.003454234868087269,0.011584435142274252,0.0,-0.0016582630473784832,-5.940160311812548e-05,0.001393728448602971,-0.0041972366884732715,0.0021302230852886517,-6.274091533242654e-05
1975-02-01,-0.029637445437479926,-0.0070702777542628326,-0.007054681035937094,-0.006908469736174538,0.002443411248814087,0.0,-0.011504068587812277,-0.001957832226247458,0.0013879145132742465,0.004145043259613956,-0.00012183443689828266,-0.002012978786177566
1975-03-01,-0.02225000390627674,0.0017652255245694803,-1.2486187155325013e-05,-0.0034902374847236572,0.015024921575369277,0.0,0.037325551770753584,-0.0019246777042352115,-0.0013937176870291168,0.002016919679381779,-0.00011918865910143239,-3.4332864756958514e-05
1975-04-01,-0.00561662763674331,0.008795131452827398,0.012366009333395489,0.008685116830594808,0.05508546380660473,0.0,-0.01255721040850144,-1.4348128645647051e-05,-0.0013879252748481008,-0.006196186659459979,-0.002255666389385791,-3.393402848139715e-05
1975-05-01,-0.025347285820374488,-0.0035549447892710972,-0.0018209000398625719,-0.005224968560394672,-0.013001318922923666,0.0,-0.0028482011348405223,-0.0018957081441346446,0.0013860016078774962,-4.199148832650934e-06,-0.002198766547456543,-0.003879700689341181
1975-06-01,0.02506685170653089,0.003432894589872504,0.00168286936922879,0.00348432408261079,-0.02328089167250358,0.0,-0.011516664805455434,0.005619710958296054,-0.0013860016078774962,0.00812594409132572,0.0020711899557657176,0.0038350638103445966
1975-07-01,0.024807873690237514,-7.457599819726823e-05,0.0016389621982115798,0.00348432408261079,0.009638115268717051,0.0,0.015617791020213545,0.0017976670082462398,0.005524875931969042,0.005891574790755971,-7.121619459349304e-05,0.0018699201383207686
1975-08-01,-0.0058567907481350545,-7.330443187214541e-05,-0.00010556008431095165,0.005173738660503524,-0.004958649546758842,0.0,0.010089594663871715,-0.005605530780987689,-0.005524875931969042,-0.00812805290807006,-0.0021468731820735165,-0.0038385538865193247
1975-09-01,0.041145449456523764,-0.001756985477220141,-0.0034647716086588787,-0.005215718552141091,0.013961046394043386,0.0,0.008501872442072234,0.0036561124239327114,0.0013764627087233805,0.0077500465719633205,0.0020250832174162348,0.0037521346668309974
1975-10-01,-0.02828341491594699,0.0016281396067672205,0.0016254962899244774,0.006814155976215375,-0.014271171997396692,0.0,-0.01426557715882204,-0.0018735085406333951,0.002741593900194239,-0.009866987114435677,-6.802229433278129e-05,-0.0019239480810204768
1975-11-01,0.00733585662163172,-0.00505745368739241,-0.005048942333045758,-0.00686091116604981,-0.020070241517013088,0.0,-0.002836881335198882,0.0017800942481791537,-0.0013820767900423192,0.007629200759348809,-0.010260682159113799,0.0018255664586281917
1975-12-01,0.011477272254547088,-0.001673621946452819,-0.0033333364197583037,-1.1491016898013129e-05,0.004580366353579279,0.0,-0.002861139779438915,-0.0018492672845571434,-7.465165671405316e-06,-0.009639281395945165,0.01224085181126755,-0.0018983934823411097
1976-01-01,-0.0067400110520488,-0.0033305586381224828,-0.0033333364197583037,-1.1413505601964857e-05,-0.009517807217502394,0.0,0.002836788833604942,-0.0018196245975188319,0.0013503489216173392,0.0037662653917900357,-0.0021129161356041593,-3.063730705132883e-05
1976-02-01,0.0433735927538077,-2.777781635820986e-06,-0.0016875946303409606,-1.1336775934012167e-05,0.0013596195160392455,0.07506757303342271,0.0014275402791845693,-0.0018001573569401685,-1.6569565942425868e-05,-0.00193137618878092,0.001929241541161808,-0.0018567854648612325
1976-03-01,0.004654369221085197,0.0033361142013941247,0.005020931050099264,-1.1260817422531488e-05,0.004679923325139335,-0.0692656504173148,0.010005173051989225,-3.2001996919106546e-06,-0.0013632370397145266,0.003692718376262949,-9.920969564625182e-05,0.0018064680457992033
1976-04-01,0.005590508488285906,0.003319484410342355,0.006688988150796327,-1.1185619768205868e-05,0.04799100069797646,-3.346821936744959e-05,0.022243281993868713,-3.1887805951313908e-06,-0.0013522554187854752,-0.005626556599403809,-0.004011161772266014,-0.0018397077539571427
1976-05-01,0.013004819898194242,-0.003330540303410068,-0.006688988150796327,0.0016486402455253568,-0.04298807760842838,-0.005768454396740452,-0.010336231700468268,0.0035492241818610992,0.0026827539356233387,0.001829600979079249,0.0019128176096057103,-1.3127580390737137e-05
1976-06-01,0.02616610947508491,-2.7411116025888305e-06,0.0016652793190612414,0.0032701437279420986,0.029551889623943062,0.0,-0.009725739567279845,-2.8293745669039083e-05,-1.617217254334946e-05,0.003625786638465023,-6.056293247613809e-05,0.0017839127098122631
1976-07-01,-0.011357625098836976,0.0016460729326297496,0.0016569828729169345,-0.00333560803355315,-0.030999864160909496,0.0,0.019532603812590033,-2.799512884976707e-05,0.0013128609692145687,-0.003706444809181253,0.001854245001122301,-2.9009378089028814e-05
1976-08-01,0.001380061958639267,-1.0856378257706467e-05,-0.0016652609843488264,-0.0016541004408123783,-0.01253826743777342,0.0,-0.025110739798833492,-2.770121469986009e-05,0.001291913559804847,-2.964461052989975e-05,-0.003886473132653112,-2.869939141625366e-05
1976-09-01,-0.006757719547266561,-1.0785188700346282e-05,-2.7411116025888305e-06,0.006472359983768605,0.015542524109255496,0.13291493313721015,0.0012562345402722386,-2.741190499211399e-05,-0.0026681856231638434,0.005342219387542535,0.0018560451356708363,0.0017368311775669554
1976-10-01,0.0013626552283971805,0.0016192775138481608,0.004935549583028553,-0.008126131393843217,-0.003179526148750611,-0.13291493313721015,-4.109223151882446e-05,-2.712710404750851e-05,-0.0026367743943538358,-0.0001148025079240611,-0.003809311012981098,-0.0018026184872184103
1976-11-01,0.018079918868228795,0.0032123755619073435,0.0015868507581897617,0.004816684975748942,0.012658270103294456,0.0,-0.008940819890376872,-0.0017465375981879916,0.0026160803149286593,-0.0036150118485744898,0.009305598771875978,-2.770121469986009e-05
1976-12-01,0.014885945810608092,-6.524885262226832e-05,-6.631589979111396e-05,-4.109223151971264e-05,0.010872227306899518,0.0,-0.012893300635869132,0.0017019466973993147,-1.5378818752687096e-05,-0.0017929267392693404,-0.007521651036703325,-2.741190499211399e-05
1977-01-01,0.017004033114062622,-0.006443814317857566,-0.004884535288571357,-0.0032101451813906223,-0.020306954916699205,0.0,0.02061897821749259,-2.6388976445801404e-05,0.0012809175559675978,0.00343879607149411,0.001802543774609422,0.0016984988634218823
1977-02-01,0.03422127723130686,0.009536463043481547,0.007983275285837088,0.0015709498412181944,0.02464488680514343,0.0,0.0215615007010177,0.005045742169759393,-2.6846718661488467e-05,-0.0017915728985773427,-0.0018735085406333951,-0.0017613600345462999
1977-03-01,-0.02533519237784443,-0.003257482985150162,-0.0017002965656924829,0.004683429474759748,-0.00793364219121262,0.0,-0.008067288220005686,-0.005123311102004813,-0.006457460988314345,0.0016577930375980543,0.005390206472278614,-2.6479583506322513e-05
1977-04-01,-0.0016072568821634547,-0.0031817406437513185,-0.004788086834089711,-0.001639760506538579,0.01159953697462246,0.0,-0.012522567422336373,0.0016427200831721223,0.0025789816597434623,-0.0034566550249897077,-0.0019010022541428029,-2.6209151947398368e-05
1977-05-01,-0.012018008441289751,0.001532028969082333,0.0030979469828604778,-6.0281127082895125e-05,-0.03550697255822666,0.0,0.008452498572459,-0.003361198058120962,0.005133138826595385,-0.0034042365653359496,-7.972256551536105e-05,-0.001716560320061511
1977-06-01,-0.01702512062370154,-0.0031297720723886258,-0.007818648117797977,-0.007733990599736451,-0.021256056879885854,0.0,-0.030423840565549476,0.0016432226293447982,-0.0013140617137441524,-0.0016934805063328895,-7.831773509092699e-05,0.0016734682020347336
1977-07-01,-0.00169361354943387,-9.585108575294043e-06,0.004662013105811269,0.0030769255044793553,0.019268899273360063,0.0,0.015825041144396756,-2.4588786694756948e-05,0.002505682042522217,-0.0016934805063328895,-0.003561273796011122,0.0016481326314403688
1977-08-01,-0.007482508771325058,0.0030626730047060846,-2.1633549309285627e-05,0.0015207837441497674,-0.00015289898901471588,0.06611102511206246,-0.0012277472383219745,-2.434672989704012e-05,-0.00635082593847347,-2.8727418461826915e-06,0.0017071939072161868,-0.0033725333224730036
1977-09-01,0.0033231944475469177,-0.0015631918657792454,-0.001558713019093716,-2.1042221217015822e-05,0.00930704131799498,-0.06611102511206246,-0.019877939974003667,-0.0016541004408123783,-0.002526848093543421,0.005086187002691034,0.001671631429978504,0.0016486402455253568
1977-10-01,0.004042876915180571,0.001497625158655147,0.0015230998493400705,-0.0030557541867057836,0.007833319586925569,0.0,0.005934726204519514,0.001614050832692726,0.0037886779139659765,-1.14521628846731e-05,-0.005197646126549493,-2.4752168910069372e-05
1977-11-01,-0.015018584751344655,0.0014703161066726977,0.0030230356621379073,0.006049146019838858,0.016940654321927262,0.0,0.018985333083276323,0.0015904869083085416,0.003760121947766315,-1.137504372294984e-05,-1.172834800300393e-05,-2.4507701547271665e-05
1977-12-01,-0.018926719190667463,-0.0030507185347374843,-0.003078893522516779,-0.003055378506018336,-0.006464377084245854,0.0,-0.0025461410874747514,-0.0016454737573017297,-0.0025330261964100487,0.0016623418570977933,0.003383940573966626,-2.4266838153153003e-05
1978-01-01,-0.014189887180540595,-2.0229969802443293e-05,-2.0598901621760035e-05,-2.029076668730312e-05,-0.0017116178509422042,0.0,0.0037886698009783615,0.001572981097152315,-0.0037523496185505323,-2.516782042683019e-05,-0.0017308852247923667,0.001600666218765312
1978-02-01,-0.021436179927316168,0.002947312018131143,0.0029736010270466906,0.0029516611962385753,0.0027494078095298136,0.0,-0.0012809365794392846,-0.001626743092810301,-0.007518832414027621,-0.0033416698109611787,0.004995337019763291,-0.003273187097023289
1978-03-01,0.03188152808380096,-0.0030003814196533085,-0.0015406411352953953,-0.001528873755989757,0.004048597161998124,0.0,-0.013877060196038293,0.0015558562989896885,0.012537663525970189,-2.7593552500704277e-06,-0.005071351924351042,0.00321014135731712
1978-04-01,0.00032500897200904433,0.007295742717625231,0.007323058682235484,-0.0015021588189707558,0.012158849382755577,0.0,0.01768646737576063,0.0015263648886616465,0.004943891391731903,-2.7502107347032734e-06,0.003275498557304246,-4.135692056905782e-05
1978-05-01,0.04233385952661539,-0.004468143743705966,-0.007436358316311065,0.004356967863719419,-0.022758123610840286,0.0,-0.005069646792009941,0.001490362477928997,-0.0025552812258125,0.0032975919170539214,-0.0017031776385794117,-4.0830075438869073e-05
1978-06-01,-0.03255621005770415,0.0013833909510694298,0.004304401581594064,-0.0015203226775168943,0.014762641095338758,0.0,0.017385429720047973,-0.0016238163243276205,-0.0037241958615661375,0.0016135749874139904,-4.285947717441729e-05,0.0015357312216330854
1978-07-01,0.0035551744540507357,-7.410594271295423e-05,-0.0015316284201105645,-0.004365658506185532,-0.029800909043456336,0.0,-0.02607782620902377,-5.9173348340380016e-05,-0.00490948713953987,0.0015818362498274396,-4.23037568451079e-05,-6.200204608752813e-05
1978-08-01,0.03286832134958484,-0.00715001670276294,-0.00862074304390692,0.004292776837870882,-0.0013849939416621382,0.0,0.052189630978953794,-0.0015745738783152774,0.003677223342384295,-0.0016774898563074458,0.0015620908067539574,-0.0016126277103891695
1978-09-01,0.006914715773994828,0.008472609297819567,0.009964495259431772,0.0013682788514532973,0.025579110552841122,0.0,-0.04483022683817506,0.0029752072860924628,-5.992626073592078e-06,0.0031583785553435106,-0.0016552975860610886,0.003043087034692249
1978-10-01,0.013987131016727439,-0.005683541108853163,-0.004314762717312348,0.0027365570235682313,0.006167103508796679,0.0,0.037082805829903975,-8.14098375192529e-05,0.003641457063335629,0.0014891579831175505,0.0015404575772075546,-8.521073092193632e-05
1978-11-01,0.021898134162903204,0.00415771713417179,0.0013678401165266862,-0.00290368029527599,-0.01980350434159739,0.0,-0.0394038421290146,-0.0030385424149796947,-0.00366220244489579,-0.001686018810720391,-6.239447536504628e-05,-0.00159537514680963
1978-12-01,0.014355684792469958,0.002681586516068535,0.006871539502021129,-0.0014499026420811134,0.002540687351912929,0.0,0.0011383040500607677,-3.511721468196782e-05,-0.0024242436115065047,-8.816981512005384e-05,-0.003176687624732999,-0.0030647412828495035
1979-01-01,-0.027183498435694453,0.0012370078060666145,-0.0029150651286906637,0.0026920326993922217,0.018844981290811802,0.0,0.01693998724138268,0.0028892740173631637,0.004830927269665608,-0.007796675431408495,0.006170065855724438,0.0014777144354640726
1979-02-01,-0.012037044835202515,-0.002833701348896156,0.0012294942487525162,-0.0014476349245038378,-0.001904865000653011,0.06516963507458096,0.07500507441262805,0.001369406651915206,-0.0012229858934666993,0.007695871157221923,-0.0047073738572258605,0.002935913315448957
1979-03-01,0.009237199750780967,-0.0014209709464916287,-0.004149806473631834,0.0039632755748657544,-0.004167171354414911,-0.06516963507458096,-0.0647393535248364,-0.00010233073930443481,-1.2970458340255675e-05,0.008992529405730032,0.0014855909835791437,0.00139025786154523
1979-04-01,0.022443355715658697,0.002578007414752115,0.0025846633979584865,0.0024999452192639993,-0.01336059691577951,0.0,0.03913288177290397,-0.00010029135670830414,0.0011783078347988862,0.002627550914179544,-0.001569635190882046,0.0013467696269398033
1979-05-01,0.001613384023155362,-0.005347009067740771,-0.006677996988958768,-0.0028187369305463505,-0.00358619405777727,0.13274243794849072,-0.10813004644688107,0.0013032295869113142,0.0011614567671571763,-0.0018726026366859827,0.0014660093216267711,0.0012988668845679285
1979-06-01,-0.005225843492590698,-2.7555990330441205e-05,0.0026056105547933583,-0.00013805669038546853,0.007021481433589827,-0.07896604116768646,0.057191183398379586,-0.00012554829310129634,-0.003570668224933904,0.0010654432173238249,-5.636425740984663e-05,-0.0015816970178441636
1979-07-01,0.009688972599763979,0.00515408979519183,0.005145247650011342,0.0036843594512996347,-0.00011055069954934993,0.07614902570130422,-0.0021167991101309624,-0.0001227813036317471,-0.0011841261550324944,-0.0031799412572466323,0.0014226695093002562,0.0012711704698959991
1979-08-01,-0.011999319591701862,-0.00010683689355239778,0.0011423879824796757,-0.0014848700316498764,-0.02208716878525685,0.06760555297537518,0.0016846107989598735,-0.0014760372027096125,0.0011757725526111429,-0.0030274008534538766,-0.001543751009405625,-0.00015845550905613237
1979-09-01,-0.015502841341906048,0.0062045071534369,0.0061222540556240546,0.002279107633198052,0.03931146674353592,-0.12477162117505536,-0.007566949724234107,-9.021540314524401e-05,0.0046783129649199395,-0.002906615254580913,-5.375055229972503e-05,-0.002886782327647275
1979-10-01,-0.009739730533872226,-0.0052302195843862975,-0.009000756402185672,-0.0002569808715451316,-0.017496583441424463,-0.05536761157055903,0.03235170935693077,0.001242146472992367,-0.0012098983713908495,-0.004164334693937732,-5.297098356749075e-05,0.0012623938343612195
1979-11-01,-0.016918039851082867,0.0011039422989398417,0.004803449039298968,-0.006240564882322275,0.003236175025148391,0.049299631786802856,-0.03621560129675849,-0.00011317978621061542,-3.372415128399808e-05,0.0026353119492217303,0.001381483749382184,0.0012205958278519446
1979-12-01,0.0051933822507379546,-0.0025810677699347195,-0.0050461571778877,-9.245989558603895e-05,-0.0001777935821198895,-0.019438489648126556,0.02173697950550668,0.0011904268947304786,0.002260243142463203,0.00520320157495302,0.0027629875861672204,-0.00014478156330355318
1980-01-01,0.01927605660708398,0.004712978248926802,0.005883496027997204,0.013961046394043386,-0.01654012264687399,-0.04725288485054557,-0.014999613407665535,0.0024304139527258073,0.0010714228194093067,0.013992333531711587,-0.00012840988452644808,0.003767440605223271
1980-02-01,-0.01719077965647209,-0.00020705005508947494,-0.0002401125841187124,-0.005096795721355463,0.021824036365553745,0.1296778233085325,0.05085148556514607,-0.001463924400563421,-0.00233471372317684,-0.00579585627509438,0.001258534972836678,-0.0015247658902017847
1980-03-01,-0.04822519632626676,-0.0037038479169400063,-0.004867842763695229,-0.011607736618438835,-0.03815899651358645,-0.10300957622637119,-0.1129250439014724,0.0010889758298624486,0.004423523375815641,0.001939061386766916,-0.0028909478355076956,0.0023263517732177164
1980-04-01,-0.036558060181919316,-0.0024283076036040185,-0.0035635052456024496,-0.0034303760692617757,-0.00828932195244736,0.01204626509852913,0.02007801867042147,-0.0038900316171597282,-0.00676148419967415,-0.019875680699505516,-0.0014497273972322589,-0.006491576517699826
1980-05-01,-0.019767985863867743,-0.00352416382819154,-0.0023414722808512423,0.002238228717118318,0.04141769566822795,-0.03871451218069044,0.013259413849984192,-9.779218862160377e-05,-0.002232099740894,0.002394700875646194,-6.646014793609822e-05,-9.975544337859077e-05
1980-06-01,-0.0021566537634107874,0.003421009378426376,0.004539920760714189,0.0033147878577581835,-0.006816978337412571,0.0,0.010444202515003553,-9.588632683321663e-05,0.001099456817346578,-0.008481218690647552,-0.0014031824730666997,0.0011254495541228593
1980-07-01,-0.013945007838191081,0.007858779192809529,0.007777956655662166,-0.0011837301782877674,0.042055772110058065,0.0,0.031007378549430697,-0.008532904288379939,-1.0964491495180084e-05,0.0060335591933258215,-4.480314841437405e-05,-0.012286661286999845
1980-08-01,-0.025975751088423316,-0.004698546720761421,-0.004691708961924945,0.0032242461778686504,-0.0032749373667826376,-0.03871451218069044,-0.0005166623726395869,0.0060262801139323585,0.0021796891421725917,0.0023691758022694742,-0.001366086587329285,0.006107256335170064
1980-09-01,0.017037919229541565,-0.00676148419967415,-0.008919733625044834,-0.00662706449542938,-0.03142001695371821,-0.015352709089585304,-0.03364615645018443,0.0011405983457679625,0.0010576213122641676,0.003501013482721582,0.00391160287523018,0.0036060303404052974
1980-10-01,-0.016442819326355718,0.0032897254434143264,0.00218206709230806,0.0053835533503470145,0.003727113388935166,0.054067221270275745,0.034241388848399446,0.0011117225388499463,0.0010367969338327399,-0.002455101231293,-0.0013837168837360636,0.0023208711713849084
1980-11-01,0.01848899672281501,-0.001152928140099263,0.0021462874544422306,-0.002230813928026265,-0.005129535576155142,0.0,-0.0332549335572665,0.0010796933048391466,-0.0032741838115564192,0.0010947690505958008,-0.0026448591394094834,-0.0012983592365172214
1980-12-01,0.015472790511746659,-0.0022193736865165903,-0.003299387849519775,0.002064840354327302,-0.020399430706730115,0.027398974188114433,-0.014868461035154823,-0.0012672888273730365,-0.002159788140935426,-0.0012377467034312417,0.0012593965091918236,0.001082009563697639
1981-01-01,0.07164337341975457,0.0064675229993698125,0.005354727607062237,0.003052110049086565,0.014552340910726436,-0.0007307271059531217,0.01538490131046455,-8.573755739060829e-05,-0.001074686188777818,0.011298720114958805,0.0037827926598446027,-0.0012704895562727359
1981-02-01,-0.029501081282359287,-0.0022505984743181884,-0.0011551904676236902,-0.007415250987009792,0.0009143221051219896,-0.02666824708216131,-0.009955559425065985,-8.417154165041296e-05,0.004267803597921116,0.005158874759628951,-0.00262566886559501,0.0010626293136857257
1981-03-01,-0.027149190976867743,0.0030998730170939126,0.004133825330786323,0.0051355634021419405,-0.011553325832416306,0.0,0.01601585223264923,-0.002337440430444815,-0.0010882375542253797,-0.01249986460185415,0.0011949545666292138,-0.0023820894061952202
1981-04-01,-0.015566661062969445,-0.001179318441609567,-0.0011953731124796363,0.0019305925348085395,0.007692317174956997,0.0,0.01350672921102003,-0.0011675662670995735,-1.7992872574090768e-05,-0.013144858869378773,0.001163168551825855,-0.002326009813770291
1981-05-01,-0.013546424765064735,-0.007374405257948524,-0.009403851354369941,-0.008221732569525741,-0.007692317174956997,0.0,-0.004539461317677684,0.0010839577222574448,-0.003177401483676512,0.006527669664153635,-0.001326024771082679,0.0033406198980054924
1981-06-01,-0.024771504117260257,0.0020649238681764714,0.0020596976829372338,-0.0010260155911616664,0.014387703257941808,-0.054067221270275745,-0.011609967466430504,0.002167647053144428,0.0010520732706202907,-2.940929086747701e-05,0.0023591369419371233,-0.0011935860354590488
1981-07-01,0.005770149666775026,-0.0031244227627960086,-0.0031018404910136965,-0.0010167395389162337,-0.009588709915191451,0.054067221270275745,0.011614754938573668,0.0021100399344646803,0.002094204514135889,0.0031846217135713673,0.002281367007148205,0.004349385043888709
1981-08-01,0.055658346721871865,-0.0010368022910247632,-0.001030396793896493,0.003009498520727405,-0.010522285771422446,0.0,0.02449102000829484,-0.0033679632945231575,0.0010257165814513414,-0.004324013803256754,-0.0025436460385686033,-0.0034126477962921342
1981-09-01,-0.008203949230879637,0.0030901253605781775,0.004111002706522093,-0.005027662676964972,-0.003009331190709119,0.0,-0.03071838942611027,0.0020928954394010546,-0.0031440693482975846,0.0031581399240394603,-0.0012883850715894596,0.0020837152304027384
1981-10-01,-0.005961720127905856,-1.6935231207604318e-05,-0.001038803669551669,0.0010025063496259534,-0.002134577874287835,-0.0281708769666964,-0.015721597398367315,-0.006496892768697471,0.0010335515533990147,0.0020416815852373205,-8.837716063769818e-05,-0.0076150727279422625
1981-11-01,0.006731454853103891,-0.001037725835236536,-0.001029297407169949,-1.004012536220955e-06,-0.00021971980442536676,0.0563417539333928,0.0024023886828397067,0.0010563498256059844,-0.003116885640253031,-0.0021656612438762934,0.0010659992652133354,0.0021309225599379644
1981-12-01,-0.0037494385330685276,0.001008421499238743,0.0020304237578345763,-1.0020035059454813e-06,0.005865007671602918,-0.0563417539333928,-0.008389687046581606,-0.0010803201982261257,0.0031072008427486253,-0.005226266240137001,-0.002390620978830249,-0.0021585234238479245
1982-01-01,-0.02092905414094659,0.0020077338588899707,0.002005720688747381,0.002991520935953673,0.018136144427939982,-0.0052381851644329736,0.005070420509666995,-1.016401903441988e-05,-0.0031072008427486253,0.0010303568979095346,-6.400204808798549e-05,-1.0229138381667724e-05
1982-02-01,-0.018134904957974207,-0.007096845350390346,-0.006079046076382433,-0.004988533559276753,-0.006063563193670518,-0.036639441249481486,0.009104412108895232,-1.009951954422661e-05,0.00309757604413452,-0.008291245630336341,-0.0011884826637977852,-0.0010700475310780888
1982-03-01,0.00420824228085781,0.0010116338748442644,-0.002022245380767451,-0.002999497023642661,-0.006009018040598946,-0.03263990605328759,-0.033711995930150174,-0.0031729270405769228,-9.565355558294186e-06,0.001017372092741553,0.002188982997381572,-0.0021231430480774804
1982-04-01,0.01165205597260588,0.002022245380767451,0.0030338792556117156,0.001992000626666268,0.008007020703271195,0.2635381094643612,0.030311938418971174,0.0031628914085084503,-0.0010346218767338655,-0.009496177782271076,0.0010258607422359844,0.003176286418420382
1982-05-01,0.03358750501538843,-0.002022245380767451,-0.0020232677496885287,0.002004008686715686,0.011821239894943325,-0.08932888547927309,0.005847148403860025,0.00626619888034341,-0.001028273396596724,0.019991985528764467,-0.0011935938299538762,0.006292485010432003
1982-06-01,0.014932649211054638,0.008048333182828493,0.011082212438440209,0.0010025063496259534,-0.017805587690172153,-0.09574735152453018,-0.039857137503998885,0.0019759063251383324,-1.0497855553737168e-06,0.015512606863401501,0.001008406066582701,0.0030183835437114226
1982-07-01,0.00032518840789652614,-0.004048327849482725,-0.00706907555983971,0.000999496321047566,-0.009882468279648116,-0.0020641582583769136,0.058232056029851265,-0.006263597113571606,0.003061741892889991,-0.012625086810124309,-0.0011699803709168677,-0.0073298459654189685
1982-08-01,-0.045738790521868466,-1.5936318471077016e-05,0.0009865381741995805,-0.0030025030042573064,0.0018866879848067342,0.020124180316053675,-0.011394242272991129,-0.003092218455482687,-0.004085807522580254,-0.00819780631582212,0.0009915304702525773,-0.0020756424697365716
1982-09-01,0.022260574271987466,-0.002990526955996664,-0.0019999689525693753,0.002001000667167574,0.002947447380507562,0.05446564052870295,0.010213537140682405,-0.0020491810449358994,0.0,-0.0030575854789498536,-0.0011472790831454915,-0.0030816665374082675
1982-10-01,0.009577399634098427,0.0019811750578648812,0.0009866448913564696,-0.002001000667167574,0.0009771011751995573,-0.04689679751897513,-0.01735804188368384,0.004085807522580254,0.0020366605818029626,0.004077473379695107,-7.13666831630988e-05,0.004094171532663005
1982-11-01,-0.01773696047050244,0.0009778571990803897,0.0009778571990803897,0.0030005010002502885,0.010106135702782737,-0.045230049789073856,0.011215677129784218,-0.005105695423325507,-0.0020366605818029626,-0.0020387366898475534,0.0020045135636035383,-0.004094171532663005
1982-12-01,-0.003827713075263084,-1.5561356484283806e-05,-0.0009983624183922402,-0.0020000006666665016,-0.009093477388396387,-0.029987467555141922,-0.01944395836874868,-0.002046031721089747,-0.0010178117927006625,-0.005104656311682554,-0.0031890577368027806,-0.004094171532663005
1983-01-01,-0.029129090399026225,-0.011826600234501328,-0.011843159314676832,-0.003001503003756234,0.004040409537005019,0.05696532310321656,0.03780300365050682,0.005110910109562106,0.005082858040870164,0.004080590681992291,-5.1865051381660976e-05,0.00818834306532601
1983-02-01,-0.012436487292408316,0.008879196460328309,0.008888947417245774,0.0050035056744297535,0.012072581234269464,-0.05767746045377242,0.0014307933695798525,-0.00102406135361921,0.0009931334791835056,-0.006173908892636248,0.0019752171472866564,-0.004094171532663005
1983-03-01,-0.0046573569203260945,-0.001979218370331992,-0.0009925559127514916,-0.005006511690972992,-0.007085039723230935,0.07002671315307918,-0.02488928876368668,-1.0412333626419468e-06,-0.005058179727353007,0.0030614639705461855,-0.007128809836590477,0.0
1983-04-01,0.040040570723068214,0.001979218370331992,0.0009925559127514916,0.0009964762170540098,0.0019534878431963776,0.06475777583357356,0.003925422116105359,0.006090350281759527,0.0020161297151846114,0.01751807924761195,0.0020100181471711664,0.008138396902971579
1983-05-01,0.027498523441272127,0.0019733559454913063,0.0029747171167429087,0.0050185719561168796,-0.009909858848036635,-0.0803865336811107,0.0077592288388679265,-0.0030698286454997614,0.004007984888196425,-0.0052348841280140945,0.0009853084640409904,-0.0040939020064652
1983-06-01,0.00935210341007231,-0.0009925211433587933,-8.822703365218842e-06,0.000989466180474352,-0.0010033703666314508,0.052919194118156376,-0.020435314475158783,-0.0020263101653039683,-0.0020281052899990826,-0.004098096041817101,-2.505038885836086e-05,-0.0010218225699203387
1983-07-01,0.01255906741551538,-0.001970443987298509,-0.00296589441337769,-0.0010104664849794887,-0.006027883474150286,-0.011722972855270797,0.017501327040370995,0.0020019702831888253,0.0019682230782915866,0.0019937259299620536,-0.0010163732234822476,0.001994899665393568
1983-08-01,-0.010123862326033795,0.0029484050842976117,0.0029571238897441177,0.0009826610120668988,0.0367741169396405,-0.013201464130434104,-0.003922068913990273,-0.0010145666511336415,-0.004973642909977372,0.0019577282111145067,0.001958587140175716,-0.001021562678597654
1983-09-01,0.012709436461284085,-8.66754337280895e-06,-0.0009905549177036121,0.002941407924384798,-0.016068335249068255,-0.033255515217892384,-0.003865667232801684,-8.982067301488428e-06,-0.0029727506856875863,-0.005016450200189482,-0.001997722560475701,-0.0010094466156331805
1983-10-01,-0.025242657710633942,-0.0029397375409248028,-0.0009847328597833993,-0.0059298398746854275,-0.011674221434119225,0.0026323201603339896,-0.008692434455660702,0.000983627443184254,-3.936767638101912e-06,0.0009807338350213968,0.0009625558818200375,-8.893003824006485e-06
1983-11-01,0.018967950221712826,-0.0019588644853332227,-0.004914977859094449,-9.66848224592809e-07,-0.007790657011750746,0.0038360828665595648,0.009667492184945559,-0.0010043779904815864,0.004963767665554286,-1.565384649282464e-05,-2.3888777675118433e-05,0.000978814201149092
1983-12-01,-0.06448673349899181,0.0048957241586435885,0.007866283493674686,-9.649496508501443e-07,0.020421119837723545,-0.0013904141002698545,-0.0019379851026783967,-8.805258500110824e-06,-0.000997471027062602,-0.00394867245541608,0.0009439289897796854,-0.0019840966678694727
1984-01-01,0.020851205976099685,0.00388245559874445,0.0038870349589963382,0.0009789488296831905,-0.001090000822443038,0.0355847943480736,-0.006799443388923798,0.003916668882879115,0.001968473788553915,0.004914014802428923,-3.367198621972989e-05,0.002941627575224537
1984-02-01,0.0839459883515854,-0.0029433414273620784,-0.003932902617432177,0.001949288465903365,-0.018249519824434124,-6.387072839020291e-05,0.016498840477637167,-0.00199442644748693,-0.0069087140838925976,-0.0029551503170957005,0.0037835139491066982,-2.4029508236544928e-05
1984-03-01,-0.02818935013807078,-1.4965187233428878e-05,0.0009506647140664626,0.0009561162433291415,0.025816503043438743,0.005019798754868798,0.012258525693265021,-0.0019654974627147936,0.0039476960297486485,0.004867100585066453,-0.007666500870064041,-0.001967430851590457
1984-04-01,-0.020312127518894663,-0.0028980812840657677,-0.00580365592242682,-0.0029263248333464276,-0.022880514716986156,-0.024888164472618435,-0.01536966365759529,0.0009600231822544103,-0.0019753088025442622,-0.0029462317848105712,0.0037842689745026803,0.0019294686619257817
1984-05-01,0.006966793007954664,-0.0019258547467870812,0.0009657171199588532,-3.755790960013883e-06,-0.0019346363261618649,0.001453717658415954,-0.026484699451261307,-0.0019454967057583872,0.0029619887049898708,-1.4994175700167034e-05,-0.0019136297369497512,-0.0019520694047381326
1984-06-01,-0.0016975571727053662,0.0009629273733935406,-0.0009666506310948009,-3.7412758127075563e-06,-0.004873466380528768,-0.015079565304501052,0.015100268063385158,-3.734049772496917e-06,-0.002961014206163348,-0.0019379562401891093,0.0009234601162297906,-0.0009713127933839161
1984-07-01,-0.026161797490389382,0.0019249284095845809,0.002899018382148455,-0.003864735502107308,0.01830321829505266,-0.023104015978784975,-0.008756794141210555,0.0019193578553835522,0.006892208876487338,-0.003853565739399656,-2.1959170875440748e-05,0.0019175176810728445
1984-08-01,0.001563809218946055,-0.0038498568191691618,-0.004832321450843224,-3.7412758127075563e-06,-0.01350704603155961,0.05856168981358145,0.0008014449226720899,-0.0009721605578265624,-3.467062425777101e-05,0.0028906383660061152,-2.17548033525361e-05,-0.0009712165018793684
1984-09-01,0.012074975121409537,0.0019249284095845809,0.0019314306216591248,0.0009666470023184104,0.0019014999112521025,-0.015088945125286468,-0.00116520411809784,-8.257399662703335e-06,-0.0039215399937342355,0.0019221493928291977,-0.0009461950428217847,0.0009455019117865504
1984-10-01,0.009847754161061317,-0.0019286409064056542,-9.389464175058038e-07,0.0019389240490959025,-0.00787453143469552,-0.020886800385360615,-0.00937546663533162,0.0009437175784619001,0.0009675529390733573,0.0038157913768825935,0.001827928999182049,-1.4540259707374048e-05
1984-11-01,0.015853670364940342,0.005782210222395889,0.003875033075962264,-9.389464175058038e-07,0.016659696286060566,-0.00465746901181241,0.0425723429809608,-0.0019120187493903984,-0.00291687129512308,-0.005748052750708332,-3.0468426672314308e-05,-0.001908369961486578
1984-12-01,-0.03339502734752031,-0.003853569315990235,-0.001938920420319512,-0.001937046156260891,-0.008851990818433464,-0.07634717351633213,-0.03345042833872913,-3.607480832279464e-06,0.0009704027932784243,-0.0028621410410698545,-0.0009404671623922667,-0.0009501154201521089
1985-01-01,-0.026872637126854393,0.0,-0.0019333012621896017,-9.389464175058038e-07,-0.009984556430978841,0.10811052222678974,-0.0002036865188399517,-3.5938161211390707e-06,-9.407687304729961e-07,0.005721557532174515,-0.0009277662495525973,0.0018894629791601503
1985-02-01,0.016300496309881396,0.0009610764795509041,0.0009666506310948009,-0.001944575977301355,0.009885833510595354,0.05332885584220559,0.020559550844780006,0.0037664525116394287,0.007713660548913204,0.0009329333828409503,0.0017935099509847063,0.002812851206919653
1985-03-01,-0.002924476298545642,-0.0009610764795509041,-0.0009675859487359162,0.0019408019152971079,-0.013257048251501757,-0.026786511598389406,-0.007213864458276653,-0.0009677512935173382,-0.004848026789519011,0.0018608206864856314,-2.9324414368758767e-05,-0.0009658832296937092
1985-04-01,0.01333335554072601,0.004791576009899323,0.006759107928324681,0.0029187619920429952,0.009010529283682622,-0.014964327471463701,0.03142575490993682,-0.002821733242381441,-0.003835095783942144,-0.001914272897548308,-2.9009378089916993e-05,-0.0018840341376789027
1985-05-01,0.012908114677778748,-0.0019276122384708216,-0.002908290765503807,0.0009656843019678618,-8.662652263513593e-05,-0.061780618754363026,-0.026413408169496222,-3.493761015604946e-06,-0.0009573959563269341,-0.007505582554807155,-2.8699391414477304e-05,-7.81708371544454e-06
1985-06-01,-0.003705959687686722,-0.005727927542857003,-0.006729389801563457,-0.008742130518252011,0.003067974302939369,0.02437065137957095,-0.019006885344571067,0.0009271847562200008,0.007639998390693847,0.002812941376614475,0.0008546079178746169,-7.773554626666623e-06
1985-07-01,0.0037107951022630203,0.003819530017096895,0.0038461585874784987,0.0029026605317055143,0.0031265069980568327,0.0243587959710867,0.0028399245302184184,-0.000935862336389981,-0.005731580013662807,0.0009385265822636768,-0.0009157499091942967,-7.730388111859554e-06
1985-08-01,-0.0067503899167844494,-0.002867612717293966,-0.0019286409064056542,0.0029282597790878384,-0.01814382361465139,0.00863837150629232,-0.0022206493920462478,-3.448492879698506e-06,-9.035843842042368e-07,-0.004697929506169096,0.0008452314083262635,-0.0018527065537297105
1985-09-01,-0.05053944174241476,-0.0048090542014520565,-0.00485104607897302,-0.0009779951879771431,0.009388711602740685,0.003589437667420814,0.011289890518244583,-3.435720672406717e-06,0.0009474149398718268,0.0037594029239054194,-0.000904989846350901,0.0018424658983269282
1985-10-01,0.05062868725281611,0.01726264534354094,0.016450942250556544,0.0019559903759542863,0.03665709715823784,0.024147501127952165,-0.009438815397840195,0.0018415959542785743,-3.5938161211390707e-06,0.0028208763416417426,-2.712710404750851e-05,0.0009102212364187068
1985-11-01,-0.01823090814482864,-0.004838107156593274,-0.0029566017395366018,0.0009751304329048693,-0.00788549709731523,-0.0009454246473143968,-0.013035283877287362,0.0009042609132769996,0.0009402612758044882,0.0018629729707839715,0.0008318909897564453,0.0018130175554631478
1985-12-01,0.011742325820582877,-0.0009752963179243679,-4.478601653445935e-05,0.0019417186406585074,-0.018952302839798207,-0.16594993211373055,0.029898101449529868,-2.1042221217015822e-05,-0.0018912497280050289,-2.1836206614445075e-05,-0.0008897102689449099,-0.002756005389111138
1986-01-01,0.0019888133800280983,-0.009456282391891335,-0.013339735018213617,-0.008765774496136913,-0.011614014932143313,-0.047454984472835804,0.008510336927938233,-0.0009303548743915258,-0.000942951507870049,-2.163354930839745e-05,0.0025193562640781764,0.001805785537758453
1986-02-01,-0.026948275111466025,-0.008630836099252193,-0.010688331100650927,-0.006917025517445552,-0.02636426497206923,-0.22486317022126512,-0.010699796859922728,-0.005467806281411747,-0.006619409512675034,-0.013942772218817012,-0.0008995713991142296,-0.00726036254778073
1986-03-01,-0.02384605403112161,0.0007923546953394478,-0.0003066375700475632,-0.0011411154468152773,0.01432744318330137,0.19404227402216678,0.006317977076726322,-0.003662980313769104,0.0028171235629361746,-0.022989111974209386,0.0007904231725035515,-0.003657063626391732
1986-04-01,0.017333200633136592,0.007690942536374479,0.010710014306435589,0.00286862417301581,-0.004178792171914303,0.21995265903886096,-0.01370481025115211,0.001811375730299325,0.0038022859497388595,0.006874691652400955,-0.0017162853245906717,0.0017972936917871607
1986-05-01,0.03562165810143458,0.009751360126967867,0.01390964374673942,0.008036154836610798,0.04038081065518728,0.16612430225166275,0.004209417471087384,0.006429186813840637,-0.0009528347552718586,0.02936938729994587,0.000791620449700936,0.006415722949076219
1986-06-01,-0.02994300914195236,-0.0019616420616346275,-0.004976581861264151,0.0010106073583839859,-0.013933367058323931,-0.3209400871378296,0.011571868133724017,0.0009069196567574878,0.0009528347552718586,0.004884007484674768,-0.0016842591199104362,0.0027376187747805147
1986-07-01,-0.0072489435647487,-0.010703756067182546,-0.011908808214706745,-0.0050900981071704265,0.005791734408548521,-0.014713318859068014,-0.0052988480806330784,-0.0027493484900622533,0.0057034375138700355,-0.020636128731653436,0.0007923930684023972,-0.006398966200925393
1986-08-01,0.029071113503606583,0.011692162042264975,0.014908179276353906,0.006103782938017055,0.0011487098361238068,0.4168603507741464,-0.008343126918322952,-8.340113151206197e-07,0.0027911864775527206,0.0018591072259042107,-3.265359434756476e-05,0.0018264845260347329
1986-09-01,-0.01575241702385899,-0.0019569180714409384,-0.0029934834387059794,0.005089069507470789,-0.004620276194593487,-0.2772486884511851,0.008332264826697688,0.0027301660211414003,-0.0038063828679675282,0.014923011049715385,0.0007744933909794582,0.004559971421695508
1986-10-01,-0.013583747630262266,0.0038684439599290243,0.003944743487231506,-0.007121590532393363,0.010349535311207525,0.007832706855606997,0.005125036560613694,-0.0018264603521034317,-0.007498547422710722,-0.005977101510972638,-0.000843227424663695,-0.0036504670388550764
1986-11-01,0.017966493932579652,-0.006780620496514622,-0.006914578447037023,0.0020325210249225734,-0.006909751812243847,0.027720091309300532,-0.01033067038787916,-3.2938022167527947e-06,0.005620612598510988,0.003975158304646342,0.0007656188048947854,0.0009070265435573432
1986-12-01,0.0022512066875934877,0.002899018382148455,0.0019714146495175555,0.0020325210249225734,-0.010308680951855997,0.03195031658514402,-0.003088010688576226,0.0018034033460070376,-7.87569355331641e-06,-8.857748980517499e-06,-0.000832714350574193,0.0009020933125958308
1987-01-01,0.005387904058315129,0.002882278044487485,0.004908219364018862,0.003030780931624122,0.035266421282107,0.0932687051524943,0.0020565510819139377,0.0017839127098122631,0.004632547881816329,0.011756036321085794,-0.00160805431529365,0.004495113084697522
1987-02-01,-0.003812260889067609,-0.0019369459679259293,-0.001983853280933978,0.002985031226281798,-0.01721551642498298,-0.19997565543300277,-0.009342077400665616,-0.0018163199521854523,-0.0018947981119037394,-0.005994126741488692,-1.5573641052313292e-05,-0.002731434884191586
1987-03-01,0.01739424926550992,-0.0019203038712882758,-0.0029349392496378357,-0.007046830845738761,-0.006707515548821874,0.08327708010786905,0.033054921689252836,-1.2800860217154764e-05,-3.052456464480713e-05,-0.005839321942390008,0.0007673274584840684,-0.0018025330823840946
1987-04-01,0.01357618618135703,0.004767810521713045,0.005824309230717972,0.0029945069762922216,0.01853837017519666,-0.0138452643148681,-0.016583804813806502,0.0008749955895366313,-3.0190046344635846e-05,0.0019110332485743342,0.0015343788226722666,0.0026583216105011687
1987-05-01,0.004932166878385935,-0.004774184057335873,-0.005831857440187882,0.0009766513559963386,-0.007902582318700446,0.022278728729180575,0.048129603011711986,-0.0017880302905242118,-0.0009360685805983593,-0.0038470778331269884,-0.0015854903151018007,-0.0026796933010064805
1987-06-01,0.009940294672103889,0.0018966301918075246,0.002893422708723392,0.0009620748504364229,-0.006521233006280269,-0.009190355664363992,-0.045627034316191306,0.0017566205425065817,-0.004543397184026965,0.00572428899255506,0.0015180795620981513,0.0008751749147011267
1987-07-01,0.01056254164385706,-0.0009537126524410411,-0.0019360802478747274,-0.0010158864482185948,0.004138007070140226,0.032470207097915704,0.03514810262888535,-0.0017753334383439068,0.0,0.0009003722900882138,-0.0015680927203325368,-0.0008915631184729378
1987-08-01,-0.00910235818345928,-3.5802289017894395e-06,-3.6982316906630786e-06,-2.4076694868035986e-05,-0.0022027972700744414,-0.11580170143707935,-0.017679359222223745,0.0017443643377621498,0.006326275052876973,-0.000994715600072027,-2.110671909072437e-05,0.002621160581436577
1987-09-01,0.016600336043601338,0.0009384964693088804,0.0009537119077052125,-0.0029435522454663854,-0.014565005164688394,0.014354261176493743,0.013083564126881164,-0.0008905957739751003,-0.0009354264180005956,-0.0037779528251276062,0.0007375235456228424,-0.0017697167097150412
1987-10-01,0.006119912462366983,-0.004713870896249084,-0.0038323380419260644,0.002910238154983702,0.00310931038608242,0.05394870174274802,0.018858836259283862,-0.0008813491066348433,0.0008619631623112411,-0.0018752898683489505,-0.0015375994336412901,-1.2161742048100166e-05
1987-11-01,0.011090222331624489,0.0018850146957714031,-9.174854849192116e-07,-0.0009892366037362876,-0.0052482089344483285,-0.06424001835178705,-0.026312917369274658,0.0008601214828241055,-3.885482924470551e-05,0.001864798743840268,0.0007379009392067815,-1.2077358500839352e-05
1987-12-01,0.008858453270926603,-0.001888574687868072,-0.0009610729439915033,-0.0009778636561446064,0.005228451490007835,-0.04504561266425133,0.019243843739949362,-0.0017406235464711983,-0.008872354634553048,-0.0037322161746979887,-0.000769135100295415,-0.001739109996227839
1988-01-01,0.0008285923686655039,0.007543632171213233,0.00671096239570268,-8.353137229022423e-06,-0.005298260098102858,0.08822012129612089,-0.04429276681625449,0.0017226327038093459,0.007085142389962051,-0.0009350131748444568,0.0029666006301942716,0.0008594526689504889
1988-02-01,0.015260637463035742,-0.0065953490429873085,-0.0067054521921834365,-8.305061520275103e-06,0.017963284248567746,-0.01857854000772674,-0.04339899411962733,-0.001731581556640549,-0.014191580414320448,0.001867414174795634,-0.0007842147289300883,-0.0008669035952868498
1988-03-01,0.0022484609747728257,0.00375851794348403,0.00478331861023662,0.0009463966107876587,-0.022181655420988378,-0.00994559103933046,0.051160106335220945,0.0008557752764977167,0.021294896906506544,0.0,-0.0015066840040827145,0.0025710415632520522
1988-04-01,0.0033610243461055234,0.0009270963463201554,0.0018947399991660063,0.002833084590776913,0.025342427068892448,0.13057631902378874,0.04763048852166829,0.0034121755492124706,0.0033498632186468313,0.004662013105811269,0.002177477089576385,0.0008345214922211852
1988-05-01,-0.018999637834342664,-0.0018779085553664032,-0.0028648466234661996,-4.402513746271097e-05,-0.009536425340333388,-0.1220943694172818,-0.02317425915879756,-0.003434147695855927,-0.014879924434184844,-0.0009479884094396596,-4.3346835969515496e-05,-0.0025739365618235865
1988-06-01,-0.01650842130807728,0.0009271847562200008,0.0009429209652775938,0.004622917375209035,0.008264187003995005,-0.02872346559824246,-0.028033918426427995,0.0016898344401505838,0.00346921423401092,-1.374295351563859e-05,-0.001487868597869202,0.0008413091960424168
1988-07-01,0.010060791822303017,0.0055426425068132446,0.005636362086621993,-0.0028911013347459047,-0.01554586957070292,-0.010991107318484516,-0.002116762222557078,-1.795477193056172e-05,-1.1993850153046992e-05,0.0009058986720420492,0.0006935470872146965,0.0008327471083822147
1988-08-01,0.008401793762460308,-0.0046539960215321585,-0.003799153133592803,-0.0064999529586105,0.00619515208826904,0.06614215865607642,0.005863336922791618,-1.7803573177488374e-05,-0.015610147735269031,0.0036318524444443057,-0.0007481293883717655,-0.0016998897561624204
1988-09-01,-0.02003452029167896,-0.0018466976089959175,-0.002813793539009346,-3.3978269202705746e-06,-0.00309757604413452,-0.07219325002410804,-0.0028069135378894217,-1.7654276307510486e-05,0.027751163881735152,-0.00641653873095116,-2.5071896221362522e-05,0.0025093476765984946
1988-10-01,0.013868724284710865,-3.366725639608603e-06,-3.474251885293711e-06,-0.002762007773978503,-0.00413223728491019,0.02317048033566982,0.027123026543097062,-0.0008511875981334072,-0.005332962470729008,-0.0009119897455507342,0.001390605714580495,-0.0016933093071100913
1988-11-01,-0.005486112761278861,0.0018231301214495232,0.0018518267653071518,0.0027603135493370345,-0.01046656213624253,0.060236006902389505,0.0063444253845057474,-1.1129714737379004e-05,-0.00856459337757709,0.0009070265435573432,-0.002150960549883507,-1.1148303088681644e-05
1988-12-01,0.005132198450220393,-1.3319924609511702e-05,-1.374295351563859e-05,0.003659628644030022,0.04460622419515037,0.13877445086296092,0.006023419356511184,-1.1055824312933282e-05,0.0025384100237486606,-3.2938022167527947e-06,0.0006831627427414944,-1.1074227780127899e-05
1989-01-01,0.005504743608260476,0.0063073395746666705,0.0073191135067549595,0.007216328759264812,0.008978021938955472,-0.051314090803337375,-0.04390835313606267,0.0008144404088756829,-0.00254847322785956,0.0027055233891450925,0.002761453922626167,0.0008151040739834414
1989-02-01,-0.007811277206639211,-0.0027754121808722942,-0.0019284235483585377,-0.008213400356987144,-0.04193095694270976,-0.1091186289130106,-0.036524980714913724,-0.000839049634874911,-0.012731069324140698,0.0026690512055074223,-5.851676446599896e-05,-0.0016631381996106143
1989-03-01,-0.013586190688880784,-0.003606672245777709,-0.005477598302738862,0.0008738730680653006,0.014675850015246183,0.09570070337371916,0.019840412608106206,0.0016271813085753095,0.019543904445878724,-0.0009405803343973673,-0.0014284337917684908,0.002455938041507899
1989-04-01,-0.001128762018749896,0.003530274951159207,0.005363347563045018,-2.8750709786251605e-05,-0.00013600700456972703,-0.008096481637386521,0.002864607290896437,0.0024159092474844712,-0.004278689239336053,0.016620959519222822,-0.0007200003699283641,0.0024198057308737475
1989-05-01,-0.013104354110562433,0.0008275438947435987,-7.986512382185396e-05,-0.004459112265479348,-0.00775923699697767,-0.12792981321361951,-0.04247267425249923,-0.0024757402448782884,-0.0016984462271976142,-0.015935754128014068,0.0006484164493310018,-0.0024798323426900026
1989-06-01,0.01208676168317524,-0.00792606527242068,-0.010669905947622738,-0.001776988122230705,-0.016353314141345443,0.047745640343331175,0.0026828991616092424,-0.001633833395915829,-0.004209819214225696,-0.007796367714909103,0.0013095701764598289,-0.0024439353135790043
1989-07-01,0.0064742634418815115,-0.0017559267022653202,-0.0008924334762534514,-0.0017817344947630431,0.015420978015364462,-0.016861541523710333,-0.010446066394587561,-1.0389117917952717e-05,-0.001692028550166924,-0.0017323491863674434,-0.000723023247065413,0.0007996050664189625
1989-08-01,-0.012516428539530722,-0.0017652036963129447,-0.003581747798296675,-0.00090120381171932,-0.025375615510019323,-0.04060243929672058,0.05257419461705304,-0.0032180236942007667,-0.006819969749388477,-0.005233250954073121,-4.4683431302594556e-05,-0.0024209802315953155
1989-09-01,0.007267459259938214,0.00879818749942185,0.013383746953755882,0.006251201724713162,0.03523689757715598,0.11507691560329425,0.024591114694628047,0.002406740030565402,0.02376653139262075,0.002575578538547063,0.001274299770321008,0.0008028883708091072
1989-10-01,-0.01215595573118744,-2.770121469986009e-05,-0.0018173540917194586,-0.0017881063466331781,-0.010814723369048096,-0.03121562550080137,-0.00438919846843433,0.0023894322329276463,-0.006017491111041551,0.01050790508231536,-0.0013705378248465294,0.003999025373139453
1989-11-01,0.004967522559971016,-0.0035056762813168163,-0.00443537883059264,-0.002675784803984449,0.005810177414860895,-0.038628981367752946,-0.05745122064538055,-0.0008168594120121497,-0.004214638635395396,-0.006127696589754983,0.0019058538227598731,-0.0032134428553947103
1989-12-01,-0.026597057754701225,0.004335366471554636,0.00703530845193967,0.0035682435870043605,0.007581169406571497,0.07559305411243589,-0.02519612376236946,-0.0008072245453369931,-0.005006958366211123,0.0034926892382252106,-0.003293860496897949,0.0015828484737978599
1990-01-01,0.04016472613713162,0.012789438228002048,0.016324520511045826,0.011496285874391887,-0.00023178475268004206,0.009045634232489164,0.056902884220548344,0.006284246935892135,0.0025024334528165326,0.017234965472803232,0.00189825472996219,0.003929031127474225
1990-02-01,0.015314764636030098,-0.019718463106088713,-0.025955940795506116,-0.021227469360425744,-0.014172112206415122,-0.09488115165056854,-0.03386584151941463,-0.005542435920900424,0.01652860634766906,-0.018145968317274885,-4.9721814676217946e-05,-0.004760522827641722
1990-03-01,-0.049965183673013946,-7.230786076561913e-07,-0.0017211505823784279,0.008833193784189675,-0.016982416861575977,-0.055699781224368916,0.0803206956079503,0.0007626485627660884,-0.0027166671825495925,-0.000855063828638869,0.0005828836133527915,0.00233480908515471
1990-04-01,0.001944563188934545,-7.243099044984547e-07,0.0017123089471189346,0.0008837798748002612,-0.007054512305203708,-0.014700825303509468,0.012398467792561263,-0.002346449742278267,-0.012225983557173414,0.0025513800902841055,0.0005692965033512465,-0.002361770332040436
1990-05-01,-0.02722187663837783,0.0017028523804345497,0.0034423416415449992,-0.0017699119664582597,0.02698743503679424,0.07548262174327691,-0.05781737175377444,-0.0007797102341688955,-0.003226458565589674,-0.005104939288819388,-0.0006880463995848629,-0.0015624851657793926
1990-06-01,0.03171781022180831,-7.243099044984547e-07,-0.0017211708207724996,-0.0017699119664582597,-0.028434407445677046,-0.059115453026431286,-0.004457948902177655,0.004627237916502658,0.002417730499865378,0.005946971563469461,-5.569324163978706e-05,0.003869057197912973
1990-07-01,0.0070115142428184285,0.0016970701984861947,0.002576214391773135,0.0008837798748002612,0.028515392532896477,0.17746266155048307,0.026182192093759937,-0.0015693227377626684,-0.0016116038943412292,-1.795477193056172e-05,0.0011698687060013313,-0.000798199075937589
1990-08-01,0.02818709740998049,0.008418175009125228,0.01105261666383317,0.011468241422194936,0.08592674494092734,0.2774517906990419,0.027962085620399257,0.0037854890422739373,0.0024125464053836865,0.014166831418778614,-7.341214404998908e-05,0.004562357665624184
1990-09-01,-0.005739084500907765,0.001539426384312037,0.0014848067544415144,0.005084007413862501,-0.04304595993546112,-0.16220675398228845,-0.00028666718809411407,-0.0015781655934086203,0.0047903658886747635,0.0021057554676344736,-0.0018788553284414533,-0.0008392314434839676
1990-10-01,-0.026514188028058605,-0.0026124650884957745,-0.002691117811490784,-0.0019437744892982778,0.0359797349463582,-0.15061345754362065,-0.027538808381633473,-4.613847981271846e-05,-0.00720291229405845,-0.0012077200612559125,0.0017508310753520107,-0.0015695076255433094
1990-11-01,-0.017853055543610274,-0.004166921368855547,-0.005859740086033405,-0.01117023538286599,-0.14853385217629977,-0.17052060585541762,-0.06930453763181532,-0.004523137428873447,0.0,-0.015320213997902066,-7.002923723575805e-05,-0.0037811839891217502
1990-12-01,-0.025457360161171394,-0.010631965783739261,-0.01394894398025226,-0.009372252660443614,0.00444357614455182,-0.06054344334516104,-0.016695634664929848,0.001486389803310395,0.006359321908292692,0.0023511428126914424,-0.0018340972338188877,0.0007370261888297591
1991-01-01,0.023634732725661856,0.009811957537708693,0.012316330175587531,0.006820145788208443,0.0835738906250798,0.07581951694310396,0.04472970402352505,-1.3881550946948096e-05,-0.0008278972950641617,-0.017417747897970237,0.0005429983000881933,-1.3902262091747275e-05
1991-02-01,0.02990417210784635,-0.011452646995168791,-0.014814925340401075,-0.008591118132317277,-0.10699958613381444,-0.10468165280438857,0.009423139695702076,-0.0029767438168493143,-0.0023842937702092115,-0.0017373537882399148,-0.0006301359105798099,-0.002978960717303636
1991-03-01,0.0067767407589238715,0.0024331289005221635,0.004905495832934648,-0.0018166080780632754,0.04949294429124418,0.16284972031916034,0.0068038095485860595,-0.0007421150618878158,-0.005506549947789097,0.0030985330185115956,-4.08538039922135e-05,-0.0007426662056913003
1991-04-01,-0.019376835159516936,0.004113539325792281,0.004979263399607525,0.006038999296965386,0.03220470927342678,0.08018903623847384,0.004658724726289698,0.0022230464879466894,0.006288697244659858,0.008101115186147645,-4.0336513200678326e-05,0.0014836797973911686
1991-05-01,0.021189262559952127,0.0024701535820623732,0.001662510773613235,0.003492686559535052,0.009951277557165739,-0.027522435060348016,-0.023639510916328987,0.001471084052194982,-1.5378818754463452e-05,0.007329342846721154,-0.00118073042132405,0.0022159174670735027
1991-06-01,0.00773775025757395,-0.004116244488731269,-0.004157314562395875,-0.0008783460610128913,-0.02395365177753561,-0.07027919870654342,-0.025055478804473452,-0.0007486203103841405,-0.004695454655955444,-0.004075960742770057,0.0016757390940833616,-0.0014863909018156818
1991-07-01,-0.00625883073669975,-0.0008281371596821074,-0.0016770837806232564,-0.0008829777511927261,0.019006012440437203,0.10934116336258848,0.05236471606547788,-0.001476002250398345,0.007016961352103834,-0.002432761672856998,-0.001173038767611878,0.0007301364539475941
1991-08-01,0.0003394430555436756,0.004124393457308528,0.006677108086342365,0.00439637957126493,-0.00503677169828709,-0.04645596882746528,-0.004403954846828206,0.0014630454419188865,0.0030454030571887003,0.006471856735728032,0.0022078665611475756,0.000723694662672969
1991-09-01,-0.0035876354419981382,-2.7185603590496044e-06,-0.00083855346446704,-3.088702913878194e-06,-0.00406596495114897,-0.004671923005075573,0.01752783455551743,-8.574729842614204e-06,-0.008511282295444289,-0.004855028829214625,-0.0017275146468618274,-1.3398047690849069e-05
1991-10-01,-0.0200188810559343,0.0016393268760248603,0.0016583567923023068,-0.0017559267022653202,0.031186188856795916,0.05307508697006735,-0.010508737702959792,-0.0014651892277761647,-5.917161507440483e-07,-0.0024190301809889903,-0.0005900267723113473,-0.0014678462115984559
1991-11-01,0.006144749679447337,0.0008065598843760569,0.000815768821260221,0.0008768084735342185,-0.025090107491812397,-0.09423711612943331,-0.01230320130387863,0.0029048538241145394,0.006125002619813635,0.006443830845130449,-3.055832193510355e-05,0.0021715121489762623
1991-12-01,0.014171538772103531,-0.004910660976098491,-0.005795052762058717,-0.001753616947068437,-0.02414702845134542,-0.1072727568853784,-0.015526100553934441,-0.0014650905337623144,-0.009186640253666667,-2.3225701561990775e-05,0.0010626730335605572,-0.0007406648987684505
1992-01-01,-0.004136189630475684,-0.0016386705747706287,-0.0016624925299675297,-0.004400248627309367,0.014904080470070191,0.1043069153812275,-0.01786182429482608,-0.0021752254168685425,0.003821754856653925,-0.008812512687616625,-4.2953161074166246e-05,-0.0028948793417784557
1992-02-01,-0.016055889769220677,0.004911995919739454,0.006633505251988581,0.00879818749942185,0.024536054036222943,0.04562139897418627,0.09221635968050368,0.001443520747947069,-0.0007654020003817763,0.003201920670922398,0.0004965426810086271,0.0014404018760858506
1992-03-01,0.004298490853828163,-0.0016386705747706287,-0.0033167526259942903,-0.0026427816376717317,-0.02963043645350627,-0.013423314340315073,-0.026707927430728695,0.001434164088504275,0.0015238078223029916,0.004810911846130139,-0.0005842502336799171,0.0007134680209661681
1992-04-01,0.006263957898388739,-6.674785426596941e-07,0.0008274721200320911,0.0008760376539864723,0.025575877585348294,0.07196859185577065,-0.011821280514599408,-0.0014466127765677683,-0.006867618786174923,0.0007804953342569476,-0.0005733248179646822,-8.245548305474415e-06
1992-05-01,-0.008633686676736474,0.002443326680650948,0.0032996488846190886,0.0017451797113716694,0.011932337122534165,-0.03394877933485985,-0.008900005129106603,-4.63146053419905e-06,0.011442558939616099,-0.0024028297155931355,-0.0016228346695932316,-8.198397110525946e-06
1992-06-01,-0.0038596762556277753,0.0008001083120907637,-1.696314282284561e-05,0.00172692660727769,-0.009300488220080894,0.032430908055577135,0.014143848209918097,0.0007094191435532693,-0.003070205623978417,0.001577853646252514,0.0005095914913333388,0.000703338953557342
1992-07-01,0.0032930564258828454,-0.004870796200287408,-0.004110157861828334,-0.004358060199588287,-0.012877840176491517,-0.09419985783006224,0.009344016035538694,-8.151649206311617e-06,0.0007395371728202704,-1.5647654871386862e-05,0.0005022639527618722,-0.0007216150319990788
1992-08-01,-0.04829235347059946,0.0016214026019785166,0.0,-0.0017368650679081554,-0.008897735419864716,0.008941073736782545,0.005408641374993195,-0.0007180804806976582,-0.007550600027134813,-0.0031601812693349274,-0.0005495839985805162,-0.0007155116892905156
1992-09-01,0.02858875868589461,0.0016174666261656867,0.003276006205900295,0.0026045440811302,0.029537288716412924,0.04450194255368567,-0.04313413346949435,-4.539815315673934e-06,0.002262726513928115,-0.0007877117382495413,-2.2087789693259197e-05,-0.0007109719195028674
1992-10-01,0.04024844703655983,0.0016057221737808547,0.0008039668140149558,-0.0017361115471761224,-0.020639553296548208,-0.035345061836137504,-0.017682665323700775,0.002114872703040227,0.0030228617120142687,0.008624122444097715,0.0010122446273248542,0.0035203728930373046
1992-11-01,-0.015519279274354147,-0.00483936738975288,-0.0057099652308458815,-0.0017361115471761224,-0.002922554442601921,-0.05425255333575629,-0.006649633935736254,-0.0014243994314462327,-0.0007584220968048783,-0.003951216744705555,-0.0005463236495657497,-0.0014247931721973472
1992-12-01,-0.011658916220262938,0.0016109545776341605,0.002445320425684905,0.0017361115471761224,-0.008853832881223767,0.017017509519513307,0.03851462416626905,-0.0014124184136683482,-0.0007550002077136853,-0.003120110356331196,-0.0010499757645332508,-0.0014099013365340696
1993-01-01,0.001323564213127959,0.0008035335168834479,0.0008133366403697551,0.0026030383461623785,0.015717279123702355,0.029798639914008884,0.0009144917335870417,0.0021010748169265625,-0.0007532957041718191,0.0007718860602983213,0.0015118832136007399,0.0006931921284962783
1993-02-01,0.010883519291526866,0.0007996615752112746,0.0008093696723063815,0.001720357925544036,-0.008869438001025465,0.06725543988381322,-0.0027594641194275127,-0.0014089081527579594,0.00899556290857717,0.0007665111663133217,-0.000537826958716181,-0.000703432986153274
1993-03-01,-0.020308148568939366,-5.7877646009174555e-06,-0.0008159741555626709,-0.000878087092793578,0.009857092402297596,-0.03544547894550609,-0.007434750695761494,-0.0007019883851988595,-0.00899556290857717,-0.0046355944210461075,-0.001538904373892258,-4.3584284377118365e-06
1993-04-01,0.00032020875972804674,0.003181493677589131,0.005644826673510295,-0.0008690947871397015,0.009713003791799402,-0.018346232788727157,-0.017219281201155567,0.0020864621810989803,0.0,0.0030888037027470006,0.0014954306605217127,0.0013807014854645416
1993-05-01,0.002302163410710989,-0.005584378293900016,-0.006462705256964796,-0.00515242878354627,0.008347968231750436,-0.012622675520358673,-0.017733491854520445,-0.0007053308889179988,-0.003738322110606873,0.0007677379070063495,0.00197177831082751,-0.001392235577356793
1993-06-01,-0.00340022136111795,-0.003985656930203696,-0.006447082695049566,0.002576214391773135,-0.0401819187650716,-0.028197148991148335,0.033954869690997036,-0.00208453863492597,-1.4027507943659145e-05,-0.0023121397583798498,-0.003024949777350905,-0.0006937099301715932
1993-07-01,0.0011824740261454636,0.003186615737071463,0.003214732979481383,0.0,-0.0042300350470334536,-0.02060560941131584,0.023214745202258413,0.000691800843685364,0.0022474584391307673,0.0015384618419060914,0.0004788880415027563,-1.9024988366922457e-06
1993-08-01,-0.0009799837134991662,-0.008839587644636993,-0.009801907056906423,-0.0008602151068073383,0.013517256080293194,0.0731891219908487,0.008775754141320036,0.0006889306264676875,0.010500454087996935,0.001531379402382349,-0.0014980088099676436,0.0006856242507309318
1993-09-01,0.024040156914197475,0.011251532413234067,0.01386941961349386,0.0017204302136146765,0.0118655807232102,-0.03584323949595136,-0.024814779671785026,-0.0006937099301715932,-0.01123687875159085,-0.00383641851448413,0.0009740478286817122,-0.001376935069814067
1993-10-01,0.028434735278735523,-0.0008074262866477611,-2.6830529646915124e-06,-7.393340881733934e-07,0.020442957166019404,0.06326555140278423,-0.02927515785973256,0.002749130873053396,0.002988979429244587,0.01296185036401365,0.00047367784715035555,0.004109123112455038
1993-11-01,3.47926321344616e-05,0.0008035335168834479,-0.0016366615764678016,-7.380643012311339e-07,-0.03117648538796214,-0.11844068283973952,0.006183899529491832,-0.0013859073962603219,0.0037266168086897977,-0.010681268262602295,-0.0014810012110109128,-0.0027476908370207553
1993-12-01,-0.014588455297864122,-0.0016090108057005281,0.0,-0.0034371662963623706,-0.005928558169276066,-0.057464567219460694,0.0322263543018968,-0.0006907996280087758,-0.006708918196337343,-0.00227072072052259,0.00047746872613529945,-4.187699190971728e-06
1994-01-01,-0.013958894714832581,0.0032102756302485602,0.00244998080898462,0.005156857175888874,0.033140352852395694,0.1737229047003126,0.00726274303699892,-0.002052686317742136,-0.0037489253015525748,-0.002275886889736789,-0.0004959481141550981,-0.0013637901283773957
1994-02-01,-0.007814523516586291,-0.0016089942632744325,-5.987739106316781e-06,0.000849166884322905,-0.03695191323844238,-0.04798741978826815,0.03213091740162888,0.002730377122857064,0.00523309402459482,0.007578065150718238,0.000957266570461357,0.0020368893775959407
1994-03-01,0.006461007166270072,-0.00080160119641004,-0.002443993069878303,-0.0017181933466190458,0.03302649112233702,0.006623066520604404,0.0029246683425645514,-7.434664400562951e-06,0.005244858666213936,-0.0022804557408226955,-0.0004957922992803176,-7.364217633920589e-06
1994-04-01,0.01585255928144491,-0.0007996801705640877,0.0,-0.001709402125648296,-0.01651324556116851,0.1190906010279682,-0.034284568876054244,-0.002043363771072393,-0.006739059441663642,-0.000757847340279838,0.001904372622203887,-0.0013577635088530826
1994-05-01,0.003294411444854539,0.0,-0.001628664855124029,0.0008536065392412695,-0.015534292962184004,-0.023316690645973193,0.009051798520967047,0.0013563907977145462,0.005982991964430973,-0.004523752829998173,-0.0019333711577802504,-1.826152141504167e-06
1994-06-01,-0.0015945427791548283,0.0007990411931322328,0.002443328851300386,0.004252787535332203,0.020414732127092883,-0.023188041453485297,0.04855996201306123,0.0006722244517805009,0.0022140764166884708,0.009040708142807219,0.0004640292714981342,0.00201770150625169
1994-07-01,-0.009491141824356397,0.003186615737071463,0.004059431762069465,-0.0008708943077184728,-0.014665253044907622,-0.034472731164016945,-0.03296121511593508,0.0006667670796467462,-0.01041337246792029,0.00294455537937921,-1.444371498582342e-05,-0.0006817722995391406
1994-08-01,0.011322659580827121,-1.582241929209971e-05,-2.364162449630669e-05,0.00250420561005793,0.008801045969866195,-0.09677514009067201,-0.006089393055511927,0.0006600141956534245,-0.003018492490667768,0.002865787664243058,0.00045703005829533794,0.0013297013503059674
1994-09-01,0.0035006795991785467,-0.00634984356772339,-0.008890863670754534,-0.002550340221635139,-0.017894090266456608,0.015463654871644472,-0.014175717885379413,-0.0020235766124940824,0.010477969427549638,-0.011099433725635599,-1.7988633182142166e-05,-0.0020140669842172443
1994-10-01,-0.011057960740052053,-0.0008021734216505649,0.0007962866593809181,-1.747758587189452e-05,0.007783442817386188,0.0655674678993714,0.034633165913529496,-0.0013418304461128017,-0.007499635877048938,-5.39863376225469e-07,0.00044934356637682527,-0.0006695574368942303
1994-11-01,0.03378504791090897,0.007951666877497487,0.009721878322312527,0.0032939289413977946,0.023191337068031892,0.00756558509375127,0.005987220164058726,0.002004230230830295,0.0007346500853149251,0.002929865956501132,-0.0004868239590400947,0.0013271308019806582
1994-12-01,-0.009270899033984925,-0.000812217659833081,-0.002450363774705977,-0.003342099326942183,0.0008450210001784697,-0.0751133306890015,0.00023008660085022115,-0.000673130828106494,0.0007430488974797811,-0.0007425071761284485,-1.7523138926556214e-05,-0.0019957857691021985
1995-01-01,0.00827269274255471,-0.0015904017289365413,-0.0024209656217086817,0.006519035748577373,-0.0030993435648136725,0.1005657981145891,-0.0062777985432518335,0.0006606779932178952,0.0037801497873042322,-0.000736049618383916,-0.0009403123469704511,0.0026485678463261664
1995-02-01,0.0005260448183328492,-5.5888245853452645e-06,0.0007983847299053437,-0.0033404892470381142,-0.0020376814748095384,-0.01765996156779881,-0.0398869022555246,-7.063964640785514e-06,-0.0030285835836245667,0.0014466117910272303,0.0004496430740905666,-0.0006703486501447031
1995-03-01,0.007286912519488098,-0.0007901839536392785,-0.0008048104368452158,-0.002463544567177678,-0.013652887551806714,-0.02849624357865066,-0.015688506762256083,-0.0006681836132438335,0.004543735388635284,-1.3146626693938401e-05,-0.00047194159974495165,-6.961824833062735e-06
1995-04-01,-0.015672414204719765,0.0007809276683898858,0.0007952103846209368,0.0007770196674128371,0.019440412160323106,0.06766251875410534,-0.013978902729353315,0.001974303244467457,-0.004543735388635284,0.0021444463324362673,-0.0009247959856191201,-6.925231735621651e-06
1995-05-01,-0.010323272474351164,-0.001569240995490162,-0.001598080352936293,-0.004017017421939606,-0.02620784490797501,-0.07530529006867104,-0.009499808176714808,-0.0019860669123801244,-5.173137734182376e-06,-0.002178186354153233,0.0004510767965673068,-6.888926395554051e-06
1995-06-01,0.0035638723271844697,-0.0007827789049406064,-0.0007971303730185397,0.0007945785421448193,0.01845767825430311,-0.06264598061978477,0.02259046012838528,-3.890316417454187e-06,-5.1967504139938114e-06,0.0028361947510520125,0.0004473631554322566,-6.852905803711451e-06
1995-07-01,0.0007182056357484257,0.0015637219761828192,0.000796495462259017,-0.0015968044435821227,-0.01952772870948305,0.00647947385474712,0.020347413965438044,-0.0006589683894890896,0.003043562324225313,-0.01141281081877743,-1.0133228167674702e-05,-0.001961852002792419
1995-08-01,0.0008505952034969511,-0.002345277311002647,-0.001592990924518034,-0.000796495462259017,-0.005192405091334784,0.10406106503491985,-0.009238823932429696,0.0006525184868495515,0.007575214634006677,0.0014107143601167493,0.0013446387950395433,0.0013025062645253271
1995-09-01,0.023993595182257188,0.002344055652711674,0.0031840811567604987,-0.000796495462259017,0.041684994493067506,-0.03029898423614652,-0.013630732828938008,-0.0006568043560379877,-0.009847113681132669,0.001425983947985543,-0.0009192405504281354,-0.0006537984778312023
1995-10-01,-0.025151065679636986,0.0007766820352799186,-0.0007990230093639639,-6.34910759522711e-07,-0.02378800937206993,-0.05533372168508377,-0.02399850942933046,0.0013020746349914347,0.0022661466873641345,0.005025901729049487,-0.0009093984196066884,0.0019444659395988495
1995-11-01,0.005807071921534401,-5.459006951369361e-06,-2.5195295023650033e-06,-0.0007990391598040603,0.022340908447835872,0.07535179969134598,0.01960374054625369,-0.0013071808463145373,-0.003781293298534827,-0.00574300466404587,0.0004398879522735655,-0.002597824076009836
1995-12-01,0.007671283624847369,0.0023174478295100442,0.004733093195842919,0.0031923390656452,0.0014329741363123816,0.025676351919169615,0.015587223391412053,-1.6932170154859705e-06,0.004539725747752854,0.002871502332022935,-0.0004555240058863319,0.0012932417667830265
1996-01-01,0.0020296224449758427,-0.0015623656311438694,-0.0016058518993800064,-0.0007990391598040603,0.0077225343973932326,-0.06516485004664263,-0.03232784419434864,0.00388432643390324,0.002261009089360222,0.00930239266231414,0.001325881709293597,0.0032168540519244004
1996-02-01,0.018954545018809554,-0.0030888055445865703,-0.005497290764306051,-0.004789151642556,-0.014255023054169591,0.018452127540838248,-0.017559102519535408,-0.00324735739395976,-0.007550027841151774,-0.005747465349390524,-0.0017866671814177337,-0.0032305722229093448
1996-03-01,-0.0002921857854873977,0.0061491354403502285,0.009374453517245307,0.006389145869258428,-0.03252104174356063,0.10339033558469302,0.053053709395651794,0.0012832553598149943,0.006796164254751602,0.0006943708657338732,-4.907699424627765e-06,0.0012767021734241268
1996-04-01,-0.004089320551728726,-0.0030886892872441507,-0.005484854646883974,0.0007901290944580808,0.05555128901826034,-0.014948891623620675,-0.006566969969936665,0.0006304812020561101,-0.009072606017531015,0.0055960696738717175,0.0004361283130469573,-1.023350190720862e-05
1996-05-01,-0.0022016492615568595,-0.003060446153106078,-0.0023306990672287142,0.0007825808167325476,-0.035794261087750634,-0.20207252443365942,0.023006047013717,-0.0019310953122735341,0.0060514556833553,-0.005655417588674716,-6.998708738770176e-06,-1.016834095057817e-05
1996-06-01,0.004423348074316991,0.003051108392896573,0.002318689796071638,-0.007144440351684267,-0.024661318250772446,0.06524380869599877,-0.007490926198238768,-3.6793390600919906e-06,-0.0015186031771898811,-0.004887057298010866,-6.961824833062735e-06,-0.0031837021479255156
1996-07-01,-0.004345421852765874,-0.003813013191659387,-0.0038660823597886917,0.000787020146271189,0.04232962238408611,0.08003672969044784,-0.1342608310309581,-3.665264431518267e-06,-0.000763634405275937,-0.002096190871456294,-6.925231735621651e-06,0.0019053673595461618
1996-08-01,0.012636010003110876,0.0038060471799914453,0.004629040682545771,0.0031840811567604987,-0.015075188197669398,-0.012085699465146593,0.07196298605418505,-0.0006395813395343453,-0.003063326883954609,0.0027932979056126683,-0.00044328430753015624,-0.0006371363715507172
1996-09-01,-0.0058620450834121485,-0.002284552523209804,-0.0030870148307249323,0.0031764934745170947,-0.02889762922365602,0.058837442866586986,0.04098560647696825,0.0019025393270881708,0.010691128932840854,0.004187026354216528,0.0004306821368631475,0.001895327487196674
1996-10-01,0.023152032333244144,0.004541444895653335,0.006129695681243774,-0.004766324956172241,0.01568420050143171,-0.05118373359121442,-0.013490691987077419,-1.0052609325406081e-05,-0.005345564466420427,-0.0021000690750181406,-6.823104016007164e-06,-0.0012702161614113194
1996-11-01,0.004193421557284083,-0.004546032830303304,-0.005372504606472539,-0.0007952266657413887,0.040518824609601545,-0.08620163001240666,0.034414148501555886,-9.989165751456142e-06,0.002282237582465818,0.0027657385521440148,0.00042620656356717745,0.0012542838292128877
1996-12-01,-0.010304930180006444,0.0022593183695542862,0.0022799102677630856,0.00634670013155425,0.023715376903400198,0.11742939903262073,0.03687562849282511,-0.000638264387432308,-5.1967504139938114e-06,0.00272570764515212,-0.0021694774187244192,-9.87647102590472e-06
1997-01-01,-0.006352784803015155,-0.0022621577903692014,-0.003047038263543911,-0.0031771094490977703,-0.01710506117145183,-0.07716108220863527,-0.01775737604924643,-0.0006334767990034962,0.0007509705655897037,-0.008264980915067888,0.0017263678309991093,-0.000634619453849794
1997-02-01,0.005108739109927818,-0.0030103493861455277,-0.004563322097266287,-0.0023712295398201633,-0.12937242529578885,-0.11640758467152601,-0.0152974537976176,-3.5421475219621357e-06,0.002249045703202057,-0.0020644559333167223,-0.0008676557492881543,-0.000629885836437083
1997-03-01,0.01150918901696052,0.0015043232971914122,0.0038037322392474593,-0.0023768636541996457,0.00810866433341495,0.06861366716709405,-0.0003523287415783116,-0.0012543107536444609,-0.009798541819689532,0.0013726734017689424,0.0017152459437683731,-0.001249608564774185
1997-04-01,-0.008092496724494858,-0.005297592096955128,-0.007651146735519809,-0.000805923740075265,0.08404523725585467,-0.005916280584258082,-0.024507612361648334,-3.916034732043272e-07,0.009042969437691895,-0.003460916670627867,-0.0012957607586567832,-3.8867925056251806e-07
1997-05-01,0.024282194909139854,0.0037726852327679694,0.004574221231041342,0.002379363101498555,0.009200423456947604,0.1171736907564438,0.009612400891578332,-0.0006255865077342548,-0.002268385755936464,-0.0021148543049500645,0.0004226738446613254,-0.0006232471376561577
1997-06-01,-0.001350142459720871,0.0007567001415189623,0.0007630023740814451,0.0015936258352775567,-0.03892801839531401,-0.13780860431371877,0.012417967756603865,0.0018744147943507983,-0.0037546007465065756,0.009045452725696457,-0.0012856141819206357,0.001867414174795634
1997-07-01,-0.03009019476184882,-0.0015290380838282047,-0.0007796601565992489,-0.0023952107259548328,0.026940784031186382,0.10676014944614387,-0.05087152480111179,-0.0006267539961957169,0.0030030035671941846,-0.004182643559994759,-1.6380518728098536e-06,-0.0006244059351985243
1997-08-01,0.01729477025507986,0.006863541527552641,0.007730376756797774,0.003992655155111713,0.005633817718256218,-0.008545325294482709,0.04000725516338921,0.0012430005142967104,-0.00601278763009816,0.007658489951347214,0.00042380753492654577,0.000618611907102995
1997-09-01,-0.0050953785617018355,-0.0022915202939497448,-0.002326434336617389,-2.5477593403877563e-06,0.00923634476119517,-0.022216500546562656,-0.014275912982983918,-6.187984790351209e-06,0.006017310227538708,-0.0007211912252094166,-2.8947785981614516e-06,0.00123339934652833
1997-10-01,-0.0015005722676617594,0.000756127991345501,0.00076183990378631,-0.002392027042835032,0.030223139808654764,0.07869998790955623,-0.02712126286477634,-0.00062516073747787,-0.003012048762075281,-0.005536823260318791,0.0008445727245467438,-0.0012425953759898078
1997-11-01,-0.028289160067237695,-0.0045540816641036486,-0.005375463011063175,0.0023907562082960965,-0.024150128442863128,-0.12428163424700855,0.018765875997759807,-0.0006216886698338087,0.0015060243810376406,-0.0048531734299377405,0.0008381364382774592,-0.0012357111775562757
1997-12-01,0.01683257075800526,0.000756127991345501,0.0007648021321866594,-0.0031872516705551135,-0.08329640456229548,-0.043571971772454976,-0.011726717617958293,-0.0006193858790188855,0.002258186883591584,0.004153198935773261,0.0004092060186691171,0.0006155731065824455
1998-01-01,-0.003552566036348459,-0.003820572579628312,-0.006189551889505651,-0.004806396010190284,0.005627249316274785,0.004216976081454327,-0.002564591199297084,0.0006170925666610927,-0.0015065897042791931,-0.0034923420167292107,-0.002531103855806016,-0.0012322860462647967
1998-02-01,-0.018979032759395054,0.004576081632489348,0.006951917456523127,0.0031845849914935442,0.037078984016980954,0.052310382549995094,0.014589478784439613,-0.001235330607991969,-0.001503194358624782,0.0006785315430404282,0.0016748587894950262,0.0
1998-03-01,0.007016808429155752,-5.86291736937028e-07,-6.027932837326944e-07,-0.0008184532469615036,0.00666628591107532,-0.0272734280939404,0.00494796993094937,0.0,-0.0015065897042791931,-0.0021356506125513874,-0.0004262164202044616,0.0
1998-04-01,-0.0032785855080428306,0.0022973839470097346,0.0023294944112333127,0.0032251557260840613,0.023975324973813272,0.09452796044326872,0.027703113438951377,0.001233806448929009,-0.0007606833336604168,0.0020909837159255318,0.0012429380131235845,0.0012307693861330904
1998-05-01,-0.009551611530508985,-0.0030627877348550214,-0.00232889161794958,-6.545807069713305e-07,-0.020984706576178347,-0.0658674035676583,-0.04607470316384532,0.001229248983468878,0.006037740434504002,0.006376204333164104,-1.4027507941882789e-05,0.001839543127124088
1998-06-01,0.0025546473735706954,0.000764816597231821,-6.027932837326944e-07,-0.0024347339220653907,-0.01543069621818649,-0.045912679839952286,0.006319561840530952,-0.0012337989776680658,0.0014924156292490665,-0.0007114777511754156,-0.0012538487829463207,-0.0018448221638056594
1998-07-01,-0.000530568461704739,0.00306454840781889,0.003104988827763222,0.0024314450596332193,0.028505624644482808,0.1144846817342211,0.0031111933176468654,0.0012247325068361903,-0.0030120351908600185,0.0007039648308309054,0.00040629886918441827,0.0006099338427763001
1998-08-01,0.006277608827865322,-0.004595942275246401,-0.004656579519181747,-0.0016293258375608133,-0.04288066251615241,-0.08277367920864842,0.007086457160497162,-0.0012292490656697908,0.010414516470207857,-0.0028253586711777245,0.00040276721509346913,-3.362611090906853e-06
1998-09-01,-0.024334038254213652,0.0022979711376232004,0.0015509869610284,-0.0008233053681871993,0.016010922141500572,0.1649363143495921,0.01960423427896263,-0.0006129319844907499,-0.026828286690935954,-0.0021228907634620597,-1.0811802502175283e-05,-0.0018320615811369123
1998-10-01,0.004127332375755799,0.0038270234233017675,0.005432082343545197,0.002447313068107526,0.050769812777554435,-0.15062391066561487,-0.014056860950087291,0.0018316875010704337,0.011904735502183073,0.004244284603808879,-0.00041915437018058554,0.0018287112685442253
1998-11-01,0.023391002718474496,-0.004591257316057806,-0.0054290730408874666,-0.0008200060486069916,-0.03018491048478289,-0.0750119306206285,-0.012494341020601318,-0.001223983066214629,0.003009784062903975,-0.002122892175322022,-0.0008231726129839245,-0.0006114256647924421
1998-12-01,0.013065864399505855,0.004579576178408651,0.006181799913298036,-0.0041162267790140206,-0.03380095368429803,-0.017122855713268326,-0.01131188975038988,0.0006069721797734573,-0.005289018751791552,-0.002127407013856164,0.00040259733143077625,0.0012128492495397936
1999-01-01,0.021753498745699318,-0.0007735148451679663,-0.0015628265565839072,0.004929486468461697,0.04583103586324011,0.2306070788933483,0.01015584787038204,-3.3299645201267936e-06,0.0014939477832403014,0.0021248956051547196,-5.9536971059870325e-06,-0.0012172784280828353
1999-02-01,0.00894990376436855,-0.006845559679732105,-0.010003282852015793,-0.0024810458197084273,-0.03105321623298174,-0.13788063722208532,0.002611444586903211,-0.001823154561514606,-0.0015423416261697298,-0.004988045933946417,0.0008031367840288794,-0.0018191007602359477
1999-03-01,-0.00735992961721621,0.006087707347078641,0.010012172307195755,0.005786153192831378,0.02894208703345491,0.2369691839666661,0.004879007538417746,0.0006069802917769707,0.002274623064175252,0.010685562625678102,-0.000816916530852474,0.0018183656955566008
1999-04-01,0.02186383769062239,0.002268384802628809,0.002281419251526806,0.004104020869847069,0.012076517371293782,-0.03148978547272252,0.03126585190636444,0.006045599429250537,0.012982748787228715,0.015414150982740793,0.0007986472544407874,0.006029913912270146
1999-05-01,0.0012100555139138436,-0.00303950031782918,-0.0046071043894633235,-0.00412637567791041,0.03970073906157001,-0.14452373032486188,0.04347130625332163,-0.006049988560882902,-0.009919959256682986,-0.02179542094238407,-0.0008122720480612244,-0.006640893084573385
1999-06-01,-0.0018225637263995509,-0.000757287210633173,0.0007595739295469528,0.0008099665143470602,-0.05643222246075741,-0.015513162969825522,-0.08475801679170836,-0.0006025911601446055,0.0,-0.001399569457008809,0.0003942876125799799,-3.61154835815114e-07
1999-07-01,0.01415218591294476,0.0015077254532567252,0.0007543693328848633,0.0032361112045604656,0.0010240264677250366,0.10712788368841553,0.08928279754719082,0.0042080014002046084,-0.0015197571314162772,0.013919977370369985,0.0007896081773974828,0.0029963451474595004
1999-08-01,0.001060005126080732,0.0037472386668877533,0.00452250514844188,-0.0008475072299027886,0.04799971272487191,-0.05738305518206355,-0.05628710169183293,-0.0018113555556045213,-0.0030534215705486645,-0.002176533660681379,-0.00041008674123776956,-0.0006093737342158789
1999-09-01,0.012167975750227988,0.0014521846994473009,0.002184526023822464,-0.001635666596482288,-0.012768859111311315,0.05861270550504427,0.01814586424691189,0.0017837125871578152,0.006862382296098701,-0.0014390145540801313,-1.0102194748284887e-05,0.0017741613136097456
1999-10-01,0.006286952736235918,-0.00820649215443403,-0.011242510869531763,-0.0016161033646122647,-0.06305847047789293,-0.16953695080001863,-0.011295454717803466,-0.0023941120502941615,-0.0007659740536114512,-0.003437805862359866,-0.0007999277384813652,-0.002982026016547401
1999-11-01,-0.018949275596475523,0.0044571060775053795,0.005967932651703478,0.001590400289109617,0.08002300272515317,0.15127988614611887,-0.003737147283535691,-3.1849878077139238e-06,-0.004572012389881586,-0.004751061774133092,0.0007824023238907074,-0.0005950534818639497
1999-12-01,0.004564092840174894,-0.0014919347295068164,-0.0015025100057632912,-0.0008104949997687072,-0.10480308838204344,-0.054463218189929385,0.005068812459644967,0.0005894189599748856,0.00533624095695906,0.009452683005614304,0.0007750015118830333,0.001771124142367242
2000-01-01,-0.03019093060198852,-0.0022214003951539496,-0.003713885451045229,0.001573421378896711,0.07224794291020231,-0.0021809611022249875,0.01742986585689632,0.0005852266236017201,-0.006867618786174923,-0.006760847247416102,-0.0011884115501272774,0.0005796964281081785
2000-02-01,0.0158372101834523,0.010301783527825847,0.014016646270583522,0.0039067454393073575,0.01584402370868343,0.03549846588656269,-0.021534517293011035,0.0011684409339398627,0.00228218954095194,0.004003972953861457,0.0007725309861346119,0.0005735379178251065
2000-03-01,0.03048244968390801,-0.005190417890590382,-0.006702766045461495,-0.0016308562283446904,-0.01894631032949068,-0.05857970752936703,-0.030772041594969934,0.001738971541225709,0.0015308057758698368,0.017698454291753762,0.001152510940050533,0.0023141869996274878
2000-04-01,-0.029517353016617953,-0.008028946116756863,-0.010217412657079095,-0.007813146291649531,-0.03655287194433221,-0.16770920414960688,-0.010668956349568326,-0.006450085833512809,-0.003077514499056022,-0.03353014806564136,-0.001954798797367374,-0.0070056213964857506
2000-05-01,0.00215981764748463,0.0036477740132427883,0.0036456474938448835,-6.075007510375485e-07,0.050498964933921364,0.26111227341910714,0.026389007909988216,0.0023388399672104043,0.003073966913217596,0.009155943029354852,0.0003785383195449299,0.0017463861320994312
2000-06-01,0.0014194408028593841,0.007266941053400089,0.010897310889165901,0.009323468426263304,0.04733908276115262,-0.010905959456461556,-0.0026188741764237022,0.00407025469989275,-0.0023180925969947808,0.020202274491940564,0.001143654952727502,0.0057924053079858595
2000-07-01,-0.0079862950091103,-0.007273283668798314,-0.01162011540202279,-0.006226243150879718,-0.10278321502615917,-0.16763660610109632,0.029335712588576257,-0.0029247351269861,-9.570288082905165e-06,-0.022128576838895242,-0.000783262120643613,-0.004648412588609929
2000-08-01,0.0015365883162594685,-0.0028969774526368397,-0.0014487490006507286,-0.004634996280724835,-0.015679270833463654,0.11446580632591763,-0.013957341417479618,-0.00289939315900245,0.0030983758326694755,-0.006512898080906382,0.0011320742659011174,-0.002884672245222042
2000-09-01,0.020133549359305114,0.010118274865749122,0.012265366682726153,0.010021696493350163,0.10336456422170404,0.03420821463696688,0.019716773046095426,0.00519781707361755,0.004643971194450813,0.022067229289459256,-0.0011596502353272697,0.006900212336511835
2000-10-01,-0.026196786763363455,-0.004354480200706945,-0.005798888886338283,-0.004639061853611182,-0.029843742829201325,-0.10566195432493108,-0.04221849826991608,-0.003471197939630244,-0.006963260985542341,-0.016197200612726448,-0.0003902566315074907,-0.005178201798510251
2000-11-01,0.012177846462254394,0.0014147052083410827,0.0021130720124507008,-0.003065136499376564,-0.04445390766224211,0.06302369385222528,-0.035994212580465756,-2.976075822225255e-06,0.0023192897910915278,0.005164209510325257,-0.0007644628708538548,0.0011415466542654684
2000-12-01,-0.02322005086857981,-0.0028678591657582686,-0.00428109014082434,0.00458016067857514,0.09736599292804371,-0.2286846659415085,0.08668649556157249,0.0005699359289339512,-0.0007742934959047432,-0.0012924060769803347,0.0011250184392537221,-0.0005751815055186071
2001-01-01,0.007784734175410257,0.006367143749522519,0.009140818691836472,0.0014942695409532192,0.07122482208621861,0.2281558363385936,-0.05691745991123032,0.0034174588084159296,0.0030953777101085933,0.0012874144878072258,0.002611715690989058,0.0051063675855003154
2001-02-01,0.015903598184215717,-0.007094220453471856,-0.008470520225282385,-0.00834801967940102,-0.3159694783469149,-0.037585179790100565,0.02281583427186451,-0.003435723958379988,-0.0007766823628303499,-0.0032201979354820054,-0.0018977082911231236,-0.005686346198093162
2001-03-01,-0.0009573959563278223,-0.006355696576217262,-0.009804941778465803,-0.0038147094073828214,0.08797859206079739,-0.08443934566303524,-0.01705417239531659,-0.0017072933731263618,-0.0023163046299545798,-0.005176316435461459,-1.6809224404390477e-05,-0.0005664110714862503
2001-04-01,-0.006482705447367287,0.010594991648974705,0.013316906350669733,0.005324648581958691,0.07240598791257291,0.08964708986557168,-0.026622647733470117,0.0011341076065223277,-0.009317433874442393,0.010347646646287956,-0.00038642635213825827,0.0011289860430432341
2001-05-01,0.013681182642061529,-0.003539285047573948,-0.0028211991415458826,0.0022903681390964437,-0.023497386177851354,0.03767500274436708,0.0693587319365907,0.003386941436940738,0.0038295353045167957,0.014042716241753794,-0.00038220469646876865,0.003933039860488208
2001-06-01,0.006739187570708793,-0.00563033849232486,-0.009074576760357722,-0.0030534357075993057,-0.06573926327027468,-0.0808850011470903,-0.056295377487748155,-0.0028355474270282954,0.006259801348506677,-0.0198315836276981,0.0007234791143932995,-0.003385323460038947
2001-07-01,0.005425158733639357,-0.008541269757285974,-0.009939463820280992,-0.009998572995254307,0.0280962707297725,-0.005571045049455936,-0.004380266274868205,-0.003943187365570644,-0.0007852375747017248,-0.019296840291056938,-0.0025790029165202455,-0.005045631552472507
2001-08-01,-0.014989905541819226,0.016334671532447054,0.02049238084283722,0.00920420663485011,0.04775358770994487,0.0803979562216699,-0.0019235620261692787,0.001689665285127262,-0.006309786275902063,0.017298494170129075,0.004016120280300406,0.002803478146782723
2001-09-01,0.020362999427110395,-1.8185207243170964e-05,0.0006794350986556452,0.0038690721394187833,-0.03761230681813377,-0.09746237227735621,0.0260038756008818,0.003938120420137636,0.002336886404187055,0.020710831796855622,-0.002207763858620204,0.003922672443797737
2001-10-01,0.01948996416890303,-0.020666682129928837,-0.024829282189203994,-0.014782902792337183,-0.04939242488051576,-0.09330380125188142,-0.025362508488637303,-0.0067494801576843955,0.0047581374464167325,-0.03687901263090243,0.0007134177545520259,-0.007845344887595473
2001-11-01,-0.007100084386809868,0.012807749056491957,0.014149365770993683,0.008521630415024184,0.14885594427423587,0.031479826220995655,0.025098735286841922,0.002248138094947727,-0.0031847160675200215,0.0022555207095384944,-1.584991882275233e-05,0.0033610324402664205
2001-12-01,-0.022692240435692845,-1.3032966889703346e-05,-2.5471157943712797e-05,-0.00239855903561903,-0.1256717757338519,0.10401166632463976,0.02561942444471832,-3.1739739281277934e-07,-0.0008104949997687072,0.011136322044609237,-0.0010935043427480196,-0.0005625872087495765
2002-01-01,0.03724438582373413,0.0014403610475923756,0.0021568825056190732,0.003934716113044523,0.11672780527856208,0.0348726783614568,-0.0013003903002823947,0.002253204325119107,-1.6025759164151054e-05,0.007350068335856719,0.002855011133426899,0.0028100944280931017
2002-02-01,-0.001403901247073236,0.004352558845191368,0.005805519315924101,0.0015847703503100163,-0.05816931508994472,0.03553323121968477,-0.017391742711869718,-2.850153648203957e-06,0.005617662874726648,-0.004696867854518949,-0.003592689812984773,-2.8373655194258163e-06
2002-03-01,-0.004190758713911613,0.0036040834929034204,0.0057553030851522635,0.00873808016528077,0.06755254593279147,0.11036869548076433,0.021791482859168987,0.001118235796129241,0.00399582950039612,0.016059081801856223,0.0014178965907998275,0.0011157405184718527
2002-04-01,0.01575221201841348,-0.006501083667417085,-0.009376711714036645,-0.0008365539476535844,-0.012834412760206249,-0.09031313086628767,-0.03405000505961464,0.0016667284637854607,-0.007199699977826768,0.001169281135715572,0.001049130499402473,0.0022193611540819447
2002-05-01,-0.010933045461516855,-0.0014445633852986361,-0.0021611226376885284,-0.007095641903878125,-0.032299596329393054,-0.044875406180285626,0.014154257365344591,-0.0033569520741476566,-0.0024073666903561275,-0.011236231173582745,-0.00037332123987532384,-0.003351001378456786
2002-06-01,0.0017707422495156777,0.005051289026351213,0.005759543217221719,0.002358800078566148,-0.04472676193021918,-0.08526460289006765,0.010339711593939427,-0.000557879377479864,-0.00162900659874321,-0.0019652806849537185,-0.0017731766025548268,-0.000557252117028284
2002-07-01,0.002542968464803508,-0.004327966206036038,-0.0021611226376885284,0.0015649301071798405,0.04966831161281249,0.1112645865610924,-0.027315845649908077,0.0016677470823447393,0.0024001851511918915,0.003266909145348329,0.0038421272539128637,0.0011061893615496032
2002-08-01,0.001955232948016139,0.002163201881884902,-5.160854819052929e-07,-0.0007907565940090677,0.003527461590890013,-0.0020772117559504366,-0.028594664611591547,0.0005492318606146185,0.009690475015697864,0.0012889073905126835,-0.003515347343160613,0.0010988527737119114
2002-09-01,-0.014486328407775417,0.0028771800145497295,0.0028648161285094176,0.004660145144401717,0.0060614514487742355,-0.007620738178844455,0.03870240283328297,-0.0011132566975851077,-0.013723729494011572,-0.0032579578202618364,0.0003394028288354889,-0.0022123842185237663
2002-10-01,-0.030432016048572486,0.002132254129451283,0.004254640090975315,-4.87517006773075e-05,-0.0067066789138321425,-0.07247820391945625,0.0009766513559963386,0.0005492754656621912,0.00402013094650755,0.00709741177446066,0.00275458287968533,0.0016484974277908293
2002-11-01,0.04414450336156861,-0.005730674708984473,-0.007837589104925158,-0.006187774918283928,0.018792616818394947,-0.06565594790803786,0.043255221764055385,-0.000555685554776808,0.004059433916861366,-0.009038564175801511,-0.001064101360150005,-0.0011040387640681715
2002-12-01,-0.0010760626506174376,-0.0021451563463878998,-0.002131439528070267,-5.926275354894983e-07,-0.015374028430456654,0.20692950073250316,-0.02968059515360366,-2.7320575526346147e-06,-0.004067359291533457,-4.1409316331453283e-07,-0.001733393364784952,-2.708131570550165e-06
2003-01-01,-0.02552260828120989,0.012116748942240463,0.01555445986021109,0.009942128815899842,0.05421393044253531,-0.00023410189964057082,-0.01915723459413954,0.0027392583790168956,-0.0016472891266641199,0.017880010651230016,-0.0010339087670185876,0.0038172235492703877
2003-02-01,0.0011171889597747509,0.0013040730281694835,0.0012062896838180848,0.0073883860486896324,-0.025701620613305387,-0.02779944278150559,0.03710764571798286,0.0010707236080316207,0.002441944759344672,0.00033002084557409717,-0.0010275689849184033,-0.000571524731330264
2003-03-01,0.006054787724219857,-0.0022068905308119113,-0.0036250724249446975,0.00041214936474087693,0.07707350228881893,-0.15207799492119722,-0.025658120485101854,-0.0038288566016362324,-0.006612201331448908,-0.017566323717899124,0.000339841372586136,-0.003265289567189633
2003-04-01,-0.01193869442758988,-0.02164755730007073,-0.02686117101337082,-0.04226980430977978,-0.29672324283941,-0.10507897769874042,-0.04191438937665204,-0.005446332794130981,0.005752722049458647,-0.019466862775873395,0.0006786449379871939,-0.00596309732559952
2003-05-01,-0.006382632783741293,0.010466849003717194,0.01307335472871074,0.018484531403262672,0.1847772801310006,0.1680419999190339,0.06026564382202704,0.0021747825270352905,0.0008226249242646588,-0.001680993602443337,0.0020304237578354645,0.0021621221760019793
2003-06-01,-0.0101053000609026,0.007733873519937262,0.010419853218634145,0.010546163796316677,0.029033337453217456,0.09162326249943487,-0.030763707051649547,0.002731793126854676,0.007484421709627043,0.022442354940962694,-0.0010291830064073082,0.0027207934572857084
2003-07-01,0.006013938306400846,-0.004921414894099918,-0.006944950612214562,-0.003771580114561246,-0.06913429723968889,-0.08642062023525598,0.01726264534354094,0.0021786442569711184,-0.0008501752450778,0.005795444123984694,0.0013366565372798789,0.002716358420007836
2003-08-01,0.007533121902212336,0.005582217756800567,0.0068818620243460416,0.0029895237288668497,0.01855295989631678,0.02532423381857818,0.0122368130715369,0.0010739307188858405,-0.006617731324293885,0.008839033806970598,-0.0013591414238600663,0.0010704824489762288
2003-09-01,0.011135183569762397,-0.004197236688472827,-0.005517686755023732,-0.0052381305154627356,0.03552560976612096,-0.13695769967706806,-0.016144972368000055,-0.0010987151606309808,0.003307837178364359,-0.005240411987246674,0.001994236653145798,-0.0005567481033876831
2003-10-01,0.0032953200617322764,0.003454673884593973,0.004765809668642262,0.003732181846451965,0.0007304941785699626,0.17996116588753175,0.040253722997464436,-0.004327837285243774,0.0008254208182680856,-0.025811726080575248,-0.0030165599263121123,-0.005390551132535393
2003-11-01,0.001132206765213084,-0.0069223506025677395,-0.008862820277714789,-0.0029850768434531716,-0.03005460977883434,-0.044880034016841375,-0.014771231138927199,0.0016217678716188288,-0.0041332579966324445,0.011306363047520307,0.0013240320809337902,0.0010767154165138848
2003-12-01,0.004618811679696577,0.00483402039242975,0.0074763074129329254,0.005943553900848109,0.03428434071293296,0.008777324242793316,0.0017626476015211168,0.0021583702839196306,-0.0024988983412752575,0.0069984747710156725,0.001971153014557636,0.0026944021637191895
2004-01-01,-0.00011725283215202609,0.002046445473120606,0.0013174241313302915,0.0058386147974118785,0.011179640309614491,0.03033165858992337,0.019456983690707474,0.0016043385908881547,0.00414697038443812,0.011951021104556148,-0.0026577346646696753,0.0032125261670197247
2004-02-01,0.00457713026661466,-0.006183931592780745,-0.006752220117286711,-0.0030357572553914025,-0.029267252380487108,-0.050236460276448014,0.018188731692441173,-0.0021586226199197256,0.0008322930151694052,-0.009516457937579048,0.001960924596325242,-0.0032286611662541986
2004-03-01,0.02063724667265543,0.0034253636953032185,0.002688173661800519,-0.004401726838857201,0.0017661996248881096,0.0428971117480863,-0.04685419509819777,-4.590207765886589e-06,0.00249480378878264,-0.0049941554098928975,-0.0003472532826647168,-4.56572011753309e-06
2004-04-01,-0.005267064887632067,0.004076931237976922,0.0053332597227742085,0.007863725555380618,0.003603178366460291,-0.058424595794823286,-0.01350742423254303,-0.0005380462080903925,-0.0008350523704176993,-0.006860407414091441,-1.7989937451723392e-05,-0.0010689423265937137
2004-05-01,0.0021879955422292596,0.0013024654594060436,0.0019157136398781915,-0.0008527168057188561,0.008386584007980424,0.09525688860346682,-0.03779384286722287,0.002657720822680787,0.0008247219092964997,0.0174394361675132,-0.0016367475042313728,0.0031852732231563152
2004-06-01,0.001556803344076485,-0.008119124438503711,-0.011256408429516362,-0.007833322681167765,-0.02219122295702558,-0.1510935602732495,0.029697233652656863,-0.0005473099907735701,-6.1573131944214765e-06,-0.0038028052733762863,0.001285269529426536,-0.0005461154092749609
2004-07-01,0.011446138913841608,-0.0013486178712938113,-1.742750050048869e-06,0.0013881968941760192,-0.00682749868159771,0.12561275574339348,0.03342251919361239,-0.00265434619923699,-0.004129844052939369,-0.010474286529340127,-0.0006582975429836324,-0.0031765654792188514
2004-08-01,0.008516780316826456,0.004044037292966429,0.003301856569074779,0.00553157395622339,0.003715938983445355,0.03147587979026989,-0.038528909505110676,-0.0005295202035817681,-0.004150394577635552,0.001842933268980218,-1.0352380540368245e-05,0.0005272865322432096
2004-09-01,-0.031100424833953255,-0.0013504293063393291,-0.0006624606607026351,-0.0076758880300147325,-0.05126694562132883,-0.07712032269907221,0.01172164527396724,0.0026375486046843477,0.0033050424175202764,0.009220799463187213,0.000309355920976806,0.002629775412238189
2004-10-01,0.042856489285890476,0.014655351231107616,0.018897490708034148,0.009588056008044354,0.09324192674026488,0.12296230961664323,0.05712426464317044,0.0020886432803086663,0.004993760397175251,0.01200685364657339,-1.2358817744306805e-05,0.001555917662920514
2004-11-01,-0.0043973521887394895,-0.010065605826627078,-0.012498802362729045,-0.003525729236731223,0.02569985759733573,-0.2371909167356283,-0.06779774696456986,-0.0005489818009465353,-6.218886135833657e-06,-0.00570014118305906,-0.0012825170713082201,-2.7325995575644413e-05
2004-12-01,0.023681861307940366,-0.010547593781711662,-0.01478879070070338,-0.010181760443622956,-0.10251690467020058,-0.019890454562089488,0.022572689331608053,-0.0047058910374122576,-0.009146259924188271,-0.017848972259905338,0.0012624795890721074,-0.005213776148527138
2005-01-01,-0.0119409544189093,0.00790992686027625,0.010292325302181382,0.006754948884839962,0.01425978086975821,0.1897857826142606,-0.003642148101406839,-0.0005217845148388633,0.010820535911021167,-0.008385934259798944,-1.2132875847115088e-05,-0.0010405828202229017
2005-02-01,0.02013239663796007,0.001955734024480904,0.003828437237372029,0.0013096658825668683,0.01015682222194414,-0.054054026193242954,0.014182789697165354,0.004688457209685026,-0.006661817497872313,0.02328723275964517,0.001245022398020268,0.005714701950597423
2005-03-01,-0.002064971437530261,0.0012746356971042871,0.0005845729176581216,0.0012832782137213172,0.053547462525901146,0.10029427974832572,0.00048289563172598804,-0.0005350214919834784,0.006654890347251197,-0.006607447023831092,-0.0006475851777851815,-0.0005376085785941953
2005-04-01,0.010377494959787015,-0.0032796277352851178,-0.003838553886520657,-0.004021197639848317,-0.019548103915629333,-0.1477945827019287,-0.031308820741870136,-0.0005292702243808733,-0.009149701045904735,0.001740795132623596,-0.000951551462255118,-0.0015598536250518436
2005-05-01,-0.017037203854538774,-0.005195230869073697,-0.007590141937102501,-0.008610820590376989,-0.06034639521892249,-0.03876710741514655,-0.03351468261600399,-0.0036187765489552604,0.004991690897241163,-0.015919738613240142,0.00030107722586070196,-0.0036065231351587457
2005-06-01,0.013470909234072792,0.001947420284395207,0.0044285838183730775,0.007951859341417844,0.012776656931562158,0.18379572435269154,0.0419203846600924,0.0010327911409468982,-0.004178861074966456,0.011807864469332685,-0.0003214260216628517,0.002059732416860527
2005-07-01,-0.011397037372636198,0.007122076074413286,0.008193782804585048,0.00459583670952135,0.07389937774517907,-0.07891066699605798,0.008350063635806038,0.005659640530090826,0.000823153227994311,0.019276334112808158,0.0009164719141967481,0.0056385350088925534
2005-08-01,-0.013813262307740715,0.0012300444337709493,0.0017878524140533258,-0.002018393217047887,-0.012476174427735742,0.05902997428604895,0.006113482890016897,-3.7909411778613844e-05,0.007548586107008148,0.004063756244786276,-0.003710674597633634,0.00046356991994844776
2005-09-01,-0.037259988343221195,0.007516190877420392,0.010282969569156641,0.01988262528324114,0.05865644673684134,-0.09229324867530053,-0.006593778062459421,0.007536434331387731,-0.0075457732703476665,0.03129337380209307,0.003078725023655693,0.007981666672776555
2005-10-01,-0.014638836408230382,-0.005219917628569881,-0.007004810502948544,0.0061529718368236175,-0.03849410943244802,-0.05922653312058479,0.04939068023067428,-0.012166644172496355,0.002512911760587322,-0.07419721062418105,0.0015192560731298599,-0.013614761686311816
2005-11-01,0.0577377547174418,-0.02192670879474168,-0.027786614269336596,-0.04432700943047685,-0.07331797491402359,-0.01744841344408865,-0.021480093410120915,-0.006543174213322622,0.0025192447694442066,-0.025434833165157933,0.0005846866891490166,-0.007507907725357477
2005-12-01,-0.007481595019931397,0.016933372521052092,0.021166066463747413,0.011775389923789348,-0.025112034045777776,0.08667935320370823,0.027965368473852337,0.005035257365645585,-0.00672552958734407,0.03809515811164754,-0.003971178807267606,0.005506645255962894
2006-01-01,0.011117520455193208,-3.1799928983389236e-05,-0.0006522115234899317,0.014263418074566658,0.04428654772850393,0.07820659734309299,-0.035290234256756925,0.006039273514243604,0.00757258520073556,0.021436965967994936,-0.00030565890033873444,0.00701380429293863
2006-02-01,0.00903603878180359,-0.016901572592068703,-0.022949909738138707,-0.018577674733900373,-0.09114644559420526,-0.1584576911348501,0.009041981636581653,-0.005537643205254739,-0.011820849612361961,-0.019699015423665145,0.00362829524338526,-0.0065114179472800515
2006-03-01,-0.03368822079045941,0.015051904421346407,0.021195551583722327,0.0043192782162977394,0.04698829474593946,0.0814514365018777,-0.04772890514881567,0.0010017525850427589,0.020269737623018536,0.0005537936969846058,-0.0006244802280646056,0.0019950131305197516
2006-04-01,-0.0005556268040542989,0.004353995213018713,0.004795721260563823,0.009864061568335636,0.056442532073864626,0.08211327301178883,0.14175085523676945,0.003491632486491092,-0.006785839988490139,0.022805402371838923,-0.0006166997788152884,0.003966256385980138
2006-05-01,0.044780114876838084,-0.008127584596658188,-0.010263053099962782,-0.0006927763287336575,-0.010039643803047227,-0.08473305784898422,-0.003235231374173253,-0.0020099385370686562,-0.0016841446383413228,-0.015623709807178976,-1.2923871576475676e-05,-0.0025002030207090797
2006-06-01,0.024207475417409086,0.004968954323187447,0.0065963639821227105,-0.00369790335051956,-0.040686465628473556,-0.01749572523920051,-0.20571934487251564,-0.0005043015696912789,-0.00083855346446704,-0.003297592183122866,-0.0006078924591932378,-0.0014886792685864236
2006-07-01,-0.013370637843570954,-0.007450345174572881,-0.007790017369919688,-0.0030400447345586556,0.043660886456042824,0.04719211475199803,0.1043317338437939,0.0029553636384971327,-0.010867903026877457,0.019446872162635742,-0.0003056376888350698,0.0039215394615732535
2006-08-01,0.01430790605122656,0.0092904546085526,0.009549084356027748,0.004209780873141611,0.02423566252840814,-0.06592020662030684,-0.04669298407713107,-0.0010102649554042387,0.01590142854422716,-0.013093913939350443,0.0008805688520308053,-0.0014961673410072152
2006-09-01,0.023470261713539387,-0.018599457864538316,-0.023927148025605582,-0.016893786840284974,-0.058640992552276394,-0.11584816741074988,-0.013710109197348608,-0.009344723028451796,-0.0033668561500608263,-0.045305356118102935,-0.0006022198835813342,-0.010265746845695922
2006-10-01,-0.03156624224968052,0.0023829870054754565,0.004633101671530859,0.0004942358600716901,-0.05705326434558078,0.05294607747033453,0.041139785441655086,0.00047110267335970235,-0.0066666728395166075,0.005971706475964567,-0.00030277093913788633,0.0004585816345441529
2006-11-01,2.4822386957445985e-05,0.01756559480335884,0.01944974709756142,0.015271406989039171,0.19664855300042916,0.08963586701483894,-0.005257332575913765,0.0049429184806495385,-1.1148303088681644e-05,0.02563873224243718,-0.00030039113366164827,0.005902380978121791
2006-12-01,0.014785761232576355,-0.001306712752360717,0.0005390649630365729,0.0005834951524184007,-0.08514457632751782,0.035541516840480014,-0.0113936440659419,0.0049355991027209,0.006688969445693971,0.02495441256349462,-0.0011771566825888868,0.005403847869289713
2007-01-01,0.018369234067558082,-0.008093711133693837,-0.010253566254387003,-0.009129104852174663,-0.08642116007230882,-0.17196294848932814,-0.009113439108380028,-0.0037728651289015147,-0.0028437753741563654,-0.026062589792926083,0.005775234383877503,-0.004932075371880451
2007-02-01,-0.013393414506206014,0.012367196411245729,0.014962596345370116,0.010935645818483053,0.14170399901973862,0.21058411873416372,0.01898739731373933,0.002212943077307017,0.0026396906549299715,0.010400034120743307,-0.001806930175025201,0.0024313889465945593
2007-03-01,0.018865863294438512,-0.002556976355601037,-0.0013445981056285916,0.0011477781988356028,-0.07659864932498106,-0.06075019396350312,0.037680718232808275,0.0013157983596601142,-0.00680655140570785,0.014884272685790734,-0.003552895476215845,0.0020623232341598907
2007-04-01,-0.018702475299153143,-0.0012819771401195723,-0.0024621617517208705,0.001118526510242468,-0.007909039311305044,0.03307954734907703,0.04583137657921377,-0.0021904780112009803,-0.00023134776068456375,-0.010508487575962455,0.002511290867461824,-0.0023920500520890897
2007-05-01,0.008076933031695432,-0.0030602232013690056,-0.004129380739009925,-0.0012682403965911249,0.0019511901532878184,-0.06278405163984857,-0.08645895465818931,0.0011283071749250695,0.0025138337386803045,0.003908763862830789,-0.0007338605519304764,0.001094269691965799
2007-06-01,0.0021745303881059996,-0.003623555266859313,-0.005221943981151611,-0.004167628888385622,0.0014428215472550576,0.06942590882971444,-0.01694337078380226,-0.001810404477464722,-0.0035797084116149236,-0.010614214531193156,-0.0004375076371188058,-0.002125268363915467
2007-07-01,0.00038641981381193347,0.005998455768646771,0.008069208048446797,0.004065952999904532,-0.01609901166937533,0.03324184286095999,0.028024978105510634,-0.0005350597127780077,0.0038917568151095594,0.0014072013199264433,0.0033634522862540095,-0.0005127668500106708
2007-08-01,0.007668762376329852,-0.013803596325409728,-0.017876035995434414,-0.018126905303279095,-0.014613280820704233,-0.11908971814007341,-0.059448050825452015,-0.001470779266562694,-0.0035655818962467833,-0.008445421516298346,-0.0015917198310022584,-0.001781858321552754
2007-09-01,-0.005900247204301934,0.01679531198549622,0.023052054697007662,0.0175580169102032,0.04825353571494251,0.12350948708927323,0.03411285930372987,0.003920367045320283,0.0056714303716729475,0.016547613026152597,-0.0014369411358750028,0.00438903609491792
2007-10-01,-0.0037537994786616125,0.0004997013996685951,-0.0018685397679121252,-5.752777291068156e-05,0.030754749399065417,-0.02356415730115735,0.03906776710100868,-0.0011501058443394996,0.0024505346933239025,-0.00756599069104702,0.0018348174958298102,-0.0010650586160503295
2007-11-01,-0.0077515477168867974,0.008052967999396365,0.010995610772425835,0.015341415184065177,0.014406886811633157,0.017679766501633942,-0.06888275149656131,0.004749669681774371,-0.0009380897848387804,0.025103707378384854,-0.0011572925981893079,0.0053648526733951485
2007-12-01,-0.006002990485178827,-0.022213659416666864,-0.02736260475612262,-0.021766172332928768,-0.04182717802712155,-0.12421808321479233,0.010859365289063838,-0.004934340679924709,0.0026027131836654505,-0.02355567844074713,-0.0007089984902854951,-0.005362128981702519
2008-01-01,0.01789506979918709,0.013344019144294172,0.016595853121896376,0.0117866775350004,0.005927375735214291,0.04423162532732672,0.04516771939058195,0.0005479519642248576,-0.004412334050188704,4.963929143286805e-05,0.0010915581919501705,-5.1659935150105696e-05
2008-02-01,0.0006712771957788632,-0.0058192041794544735,-0.008862060174556596,-0.004028951957843141,0.008119509206106379,0.012280383233086667,0.07488368962229419,-0.0010268667297195222,-0.005218018931827828,-0.0006947455897243771,-0.0035273465669138915,-0.0008102992819720711
2008-03-01,-0.021484460014566054,0.005132433939168735,0.008155804512284703,0.01191092669342897,0.0018525278624430541,0.0762325617097197,-0.0169610418895898,0.001156733255291087,0.0002247950567353385,0.0006930985425066538,0.0013722446603710026,0.0016167973773191235
2008-04-01,0.014363391193886521,-0.005742086772415611,-0.00819292886029288,-0.011096293927937317,-0.010099301199512745,-0.03742944085710587,-0.05707960830396086,-0.001259934927237083,0.00703947708108732,-0.008344643378643823,-0.0006783627486823818,-0.002520366272841912
2008-05-01,-0.0043015037335134565,0.011265996596967476,0.014443040475212499,0.015198368811998542,0.019755506134853995,0.043557891104144986,-0.05230383424054352,0.00358834510261552,-0.002892807744778736,0.020592619222221664,0.00012739099014424937,0.004872048085497127
2008-06-01,-0.005680927517543566,0.0014606050605729948,0.002319773789419166,-0.003161962358331216,-0.028055197833842804,-0.04196523463915014,0.009305035377841442,0.004523666729042475,-0.0017031877289479525,0.021380705338105876,0.0011722170372348018,0.004924722326504316
2008-07-01,0.0014189056124074284,-0.0035050072494851037,-0.00498366649787485,0.0050360510087967825,0.0070594165650010865,-0.06955373198517822,0.0444141093241619,-0.003307653403661348,0.006065199421338541,-0.02382074347060481,-0.0014566368771049554,-0.004410719056608059
2008-08-01,-0.007004815226964389,-0.019731038959053926,-0.025329922378627856,-0.03931695946853253,-0.14631187237912524,-0.13115156828960117,-0.06585636600458056,-0.008605650001800136,0.0018628945679051157,-0.03147296605324712,0.0009192561564628221,-0.009231856535228289
2008-09-01,-0.10240339151230238,0.011501649052735097,0.014472299864388027,0.012035998813360038,0.05803471182026332,0.019410769651135418,-0.03848121424448614,0.0023443109079686053,-0.007101394580616649,0.01690354628011903,0.00011248423942422647,0.002616878240059961
2008-10-01,0.14845324143343586,-0.02821671482203225,-0.03836822251686822,-0.0439009269325874,-0.10974731213810607,-0.18877315736029843,-0.05491640160062605,-0.009490342699231213,-0.005884355117518503,-0.051103101541104756,-0.00048291429892621807,-0.010806407055412137
2008-11-01,-0.017449366977825953,-0.006376193664983987,-0.004587506952734799,-0.008166537019906883,0.025128485879154283,0.01567061220950361,-0.006301315047559264,-0.009228477693260295,0.007442574114610245,-0.05736948974071954,0.0006498138535908637,-0.010415942508426923
2008-12-01,0.004550211748214572,0.01207291173078584,0.013367016715566393,0.010520736706834732,0.08384549794632701,-0.048172491517878946,0.06390853307877808,0.009596489038736777,-0.006884861781183638,0.056788609291186454,0.0009703616695668771,0.0114756489366874
2009-01-01,0.006491731689438396,0.025142329563353272,0.035633732049079825,0.04263186495133908,0.03767431298090518,0.35408132110055357,0.07281158082255157,0.01079517938634833,0.0050249636096149075,0.06197122646256492,-0.0005880032247382871,0.012510172541126074
2009-02-01,0.018427527523058096,-0.0076327554111799145,-0.010806050742471207,-0.009318982803756981,-0.03708436261277459,-0.08120423299156476,-0.10321903033371616,0.0011084678991784003,0.017440715822464092,0.0074539959778761045,-0.00013519200164147094,0.0016323329488994176
2009-03-01,-0.010072081847133596,-0.0076597328561529565,-0.011416934557120229,-0.006591720816738089,0.037265717333027304,0.26693252373598364,0.09929616338422331,-0.004623812772718061,-0.01215730608976262,-0.029368126430919794,-0.0004837696336963404,-0.005281587659020204
2009-04-01,0.0001337454180259101,0.014139560298771059,0.019985057641807025,0.015924489536251585,0.03466637014814289,-0.16609853650669582,-0.025683729393144894,0.0019943462934701728,-0.005542199542355242,0.015363735244965149,0.0013895324872521542,0.002248792842760139
2009-05-01,-0.01394293552595638,-0.003545030527346782,-0.004022005891279434,0.00532667979826229,0.016657115812634515,0.13540157394596442,0.08581147681826984,0.00046383658045012766,0.00034755519542972735,0.008756402511046701,-0.00025390633004640506,0.0005587099981774202
2009-06-01,0.008041149317913998,0.016852861099891037,0.020157142110872606,0.0075653052757473915,0.012881699120850243,-0.00876378248685894,-0.013839527593476397,0.006794947522793748,0.0031796436613378276,0.03526361976777537,-0.0012477128508718849,0.007653841055598853
2009-07-01,-0.011397577022106198,-0.030210344499190356,-0.03809550975577736,-0.016986572690758095,-0.08462461717864933,-0.2472926817297605,-0.0032830844758127142,-0.008563369710596902,-0.0044114437820192975,-0.04642398449999874,1.120379385621817e-05,-0.009671922335448002
2009-08-01,-0.006132853315011566,0.025491487535161284,0.03292569115388577,0.0191576189384266,0.08791003061915692,0.1868612321048575,0.05948280050433841,0.00364086964603505,0.004528778804296252,0.014062788229203704,0.0007008463228546091,0.003925727764235276
2009-09-01,0.02601889792140799,-0.01619997672756579,-0.02116654959811015,-0.012784292238460893,-0.058510204826918155,-0.12600978835369858,-0.01693780376129439,-0.0014138343240430729,0.002407873704769692,-0.0067637599776233515,0.0004622080546727858,-0.0015626840921587615
2009-10-01,-0.018166236828115245,0.006903175112384474,0.009392451122079315,0.0011352817028562612,0.08236603641539109,0.11038460604921418,-0.06536533528881172,0.001068409531749026,-0.006818627635663432,0.0045368902032869585,-0.0008967025873749535,0.0010025098933965637
2009-11-01,-0.012095505025849107,0.008508982504823237,0.009749714173879376,0.0067906058446860484,-0.026980744266258405,-0.058239230755612326,0.01937930063480664,0.00034556154634568514,-0.0017870021183590268,0.004996909975652386,0.0005908019915139562,0.0004493630670330262
2009-12-01,-0.019632452900695263,-0.010282079024955593,-0.012053916960772959,-0.005723905328161472,-0.01619057348617492,-0.07899482239777278,0.012446919926774491,-0.0028229553901333304,0.007709610571065895,-0.016772871548584867,-0.001315133473040575,-0.0034279451867993416
2010-01-01,-0.03007042666019899,0.007285189106957191,0.009065085940163975,0.011657402964208252,0.03542667833584545,0.10103740798477912,-0.03218000508449581,0.00012848072104887365,-0.008028477131540868,0.006882760300814361,0.0025345530131684058,-6.454205521411183e-05
2010-02-01,0.02506861230292845,-0.01684270107995367,-0.021934141360918424,-0.01894696520782535,-0.08781003027599166,-0.07469534491226959,-0.08712037953629004,-0.001600751752591556,0.006700985445908358,-0.01422472959286214,-0.00018728019275116026,-0.0014499754233519013
2010-03-01,0.030810196955375346,0.013460510708135587,0.017094121156917552,0.0071913504618352775,0.040770849492687056,0.08444422200204471,0.14172371249738358,0.0012835431226418947,-0.001941354965176778,0.0027643343436531964,-0.00043651890691975836,0.0012153592880927988
2010-04-01,0.007717789135379682,-0.006730255354067793,-0.009079116988988112,0.0027158354908731752,-0.023257309358243106,-0.02205621144766301,-0.009167212024272509,-0.00010129916802092964,-0.0051686896117209,0.002487318108386205,-0.001375526375274383,4.1444996634609765e-05
2010-05-01,-0.0044187580037649,0.0,-2.8323472811564443e-07,-0.0038682491847525924,-0.014016766246253809,-0.1737213130091213,-0.1330994154020031,-0.0007499212424511015,0.00484432004721036,-0.004678510731123353,-0.0009656917894300676,-0.0007969726738181748
2010-06-01,-0.006105281522921224,-0.003359465645578652,-0.004271512667387789,-0.009839974576149935,-0.0019431620791063864,0.15485756464126155,0.02553964754131588,0.00010102428684710674,-0.00022568391371091678,0.001096444551250464,0.0015167563586064858,0.00023930374386793574
2010-07-01,0.01850672784926477,0.004480541996176868,0.006407701894620033,0.003819281977206934,0.05046957721092227,-0.006797311050118715,0.053949596709037984,0.0022863915390862743,-0.0023104414900485537,0.012944884572354987,-0.0029896594240454988,0.0026577975465302828
2010-08-01,-0.005886595801167793,0.004465530358041647,0.005316593262598701,0.007132169656513199,-0.006862081980202106,-0.007570949810323135,0.08011281260685887,-0.0004072119341191893,-0.0005190094388538569,-0.0024178160311443264,0.002576162033970597,-0.0006936466284033216
2010-09-01,-0.0024577373765470867,-0.0022495624550629145,-0.0026853915173621346,-0.001113565021397811,-0.02862444056286151,-0.02572716882196424,-0.04733427330441131,0.0001536495834182361,0.005137760581530593,-0.0009492842430791626,0.0033041552966590615,-0.00018117686175678216
2010-10-01,-0.006613993739877699,0.004957169731706124,0.007841755994271615,0.008095792389459788,0.04229355116084843,0.1037381575502625,0.05142932794408406,0.001861852391138008,-0.004560214539621299,0.012753353260467115,-0.004083673948779953,0.0024827944432619375
2010-11-01,0.0029392821799820723,-0.003898602512244942,-0.00583329068179772,-0.0033386597726527967,-0.022309059537669818,-0.05690297544241307,-0.05575287094456183,-0.0009451618425613262,0.003385460325328715,-0.008293300864491648,-7.652595972373888e-05,-0.0011851985140980403
2010-12-01,0.01609324045737992,0.004338068495716385,0.005102659747616478,0.0020423076738520507,0.03349129968436415,0.029620541501564013,-0.013742227333357171,0.0014778945796152243,0.0007207435426082043,0.00850176228917121,0.0009382813865412842,0.001823474247477641
2011-01-01,-0.0015887738948610064,-0.001153784445985906,-0.0026660095560355757,0.0035408650472703584,-0.01286453901836726,-0.052344964966369645,0.02920360656639076,-0.0007707365580431613,0.0033495967111090152,-0.009555020446584628,-0.0010739517978866076,-0.001597632292364537
2011-02-01,-0.0039134125887612115,0.0031498211497984485,0.004952965301458612,0.0003157053681484001,-0.007577418383053036,-0.002470953865225667,-0.01617768060892466,-2.8475629380686485e-05,-0.004294121661937211,-0.001562262610779186,0.002245676112484496,0.00012271064905267082
2011-03-01,0.02498317487807178,-0.0032868327654878016,-0.004149657014716368,-0.00020662507531987728,-0.007043909736244913,0.13722650347213516,-0.035522432058514575,0.0019508921342312746,-0.002077854532536172,0.011538130625996956,-0.0017126961758151538,0.0017932107522193874
2011-04-01,-0.023837703878467842,0.0015210569482757563,0.001386197118895538,-0.001199312537981001,0.03129705416386308,-0.07231657161368954,0.029070994607077516,-0.00047709533660089676,0.0038627031332252315,-0.002435393755582993,0.0016042319128235505,5.3312337456645764e-05
2011-05-01,5.494065009603588e-05,-0.003728326801410553,-0.00401362187469978,-0.004121251047267016,-0.07726298725491887,-0.1491590604279125,-0.04541073079411451,-0.0015064522579359974,0.006710746649678967,-0.009421689387971277,-0.0009927426866767064,-0.001754475409686762
2011-06-01,0.0136479539964931,-0.0088976636604583,-0.012729782374298004,-0.007961221334919166,0.03081203217865003,0.031443372388113566,0.01970050933923151,-0.0031766637911196938,-0.004551665115692494,-0.014077496142924417,-0.0008199014250580561,-0.003470419483827314
2011-07-01,0.007944890527929793,0.007846156129087234,0.010282262296859912,0.003451552814802028,-7.607018918776021e-06,0.0603214004712207,0.031066313889829722,0.002616610518663798,0.002208727893685314,0.010515188402450804,0.0010661036872505747,0.002755612314029321
2011-08-01,0.008394885215383674,-0.006797120813105906,-0.0073453899580764315,-0.011854094389093461,-0.01779811153661992,-0.1277940175311345,-0.05307286096219954,0.0005328867702472095,0.0013059324367938885,0.0013224271215186434,-0.0006927506287137675,0.0004955452089276946
2011-09-01,0.005402946179744461,0.011469545220750277,0.013663437411953971,0.012360988006494544,0.017832121818229574,0.11011559977491014,-0.015418311456041778,-0.000980303833027385,-0.01064729251539731,-0.0008841889397794844,-8.650836086321334e-05,-0.0010651852665750638
2011-10-01,-0.015884794787175416,-0.010933374875056856,-0.014127115385213607,-0.014370391629659807,-0.031027359850606118,0.01767637459195104,-0.028298229014500187,-0.0014942137789084597,0.006787167145998474,-0.007332825203156368,0.002600329866965012,-0.0011567896225939123
2011-11-01,0.018239097772218216,0.004672225624916315,0.006801075293140002,0.01041835203088759,0.055682276155309296,0.10846886588075666,0.059659418002603104,0.001171165203519564,0.0036432500914660437,0.005767155473427543,-0.00047224031823400736,0.0013643714704061338
2011-12-01,-0.011889612604329969,-0.0036327261714399484,-0.0053422858294807085,-0.004486420958365933,-0.052842677932524396,-0.10387680813530054,-0.009472104109184976,-0.0016084646385259305,-0.007117289850869568,-0.008537599755763736,-0.0005180249048830632,-0.002019047575648081
2012-01-01,-0.016634596682862046,0.004663352090235939,0.005821481468499812,0.004488907269358577,0.033127798709032596,0.0029069860660957403,0.06506843072877988,0.0024828119152928707,0.0034422687114581407,0.013825616778268213,-0.0007842071186292543,0.002754913049143326
2012-02-01,0.01081605258474383,-0.0010440283694608254,-0.000497270529392857,0.002488425238307279,-0.013417087827533258,0.0030531294246332052,-0.009889337004791443,-0.0005853271203939414,-0.006854596314405548,0.003165568157005083,-0.0016404818000648191,-0.00018742351106570965
2012-03-01,-0.01811691767481438,-0.0015510513030543294,-0.0029001864025035573,0.007885259267956357,0.012187564105588855,0.01795566315774444,-0.032992526260247956,-4.3882905469416755e-05,0.008764260518153044,-0.007090991737394248,0.002123844866146918,-0.0004269618076060411
2012-04-01,-0.009992576125026353,-0.0015462590379939911,-0.0014470617637920569,-0.01679492627661272,-0.03649899953880542,-0.06511133968233374,-0.031735455152853476,-0.0004318713653237438,-0.0015632715594007252,-0.0028125482995831064,-0.00037314903797636134,-0.0004986313879573601
2012-05-01,0.005728846859274661,-0.005170908040009081,-0.007273691038938601,-0.003514757986316397,-0.0009279212749433441,-0.05991155784474067,0.0012143944598106415,-0.003729732536356778,-0.0027884906117172648,-0.01726228215645076,0.00040550364075198075,-0.004160105991873664
2012-06-01,0.010787762357511888,0.0015303890144728882,0.0023819443363244375,-0.0010876491923026421,-0.0014315063107543935,-0.051793461382509065,0.0023185233443090425,0.0012436169727081392,-0.0051071918550240625,0.0034134189883694432,0.002486446519545993,0.0012545450032632743
2012-07-01,-0.003448006614571675,0.0057163185942670225,0.00683500577199414,0.005986776668704508,0.06514944559632774,0.2038414660323591,0.013728423351993868,0.0011154730280749092,0.0007994642005950681,0.01107877685114822,-0.001735271829224061,0.001509677523253039
2012-08-01,0.008477258343098093,0.01032290568945271,0.014548281739929614,0.014103880195872165,0.01179283347167459,0.0036201649454916662,0.019197950577240164,0.0055039495126223414,-0.002309380065070421,0.02898158033157827,-0.0028006926075390126,0.006256836184078907
2012-09-01,0.0019461268449960656,-0.0026808552153854137,-0.0026110054177221897,-0.00010030570680097384,-0.03231758021973263,-0.06252471137743587,0.0752224949003848,-0.0010327978796649262,0.013158226624581992,-0.0087122939851767,0.0008278475647243155,-0.0010432844735399627
2012-10-01,0.017926036929851286,-0.008185224845465022,-0.011490910034900104,-0.007984025088988211,-0.01797006302331816,-0.06183443683226564,-0.05926843457014197,-0.0020667551090580716,-0.001231433097661494,-0.012197251730027503,-0.000674912988096743,-0.0026086007276076018
2012-11-01,-0.00486902505959641,-0.006114145078679911,-0.008569428565962767,-0.009430928331148891,0.013034009982503925,0.022876702473250354,-0.0494529761619491,-0.004373920928477659,-0.00792099808571134,-0.024497620303312928,-0.00042638325746224837,-0.005067819333146595
2012-12-01,0.002043333073594944,0.0030508144735854614,0.00427239899527887,0.007948129156196693,-5.3324002742272114e-05,0.05120930567698334,0.046119402497653894,0.0015596672384310395,0.0015561083313535562,0.012472986388808671,0.0008867159033467686,0.0018053435437916932
2013-01-01,0.020738594919849973,0.007662594557129587,0.010513105500274733,0.0039759001204648925,-0.006873041486174181,0.05225342268036037,-0.022236370482047185,0.0020999187021262244,0.005393547856018088,0.008607495419785671,-4.88494840089615e-05,0.0025048584908962113
2013-02-01,0.0010922819556400398,0.0004748313556701689,0.0004140909552239336,0.005397468084232138,-0.003224671109212096,-0.06380344794686987,0.011517196832683041,0.0034364080824751397,-0.005710992336723564,0.02087492182090056,-0.0007290875351158022,0.004258775436988493
2013-03-01,-0.007180193779038113,-0.01167374339785443,-0.015634389397002124,-0.01974349695830746,0.001205851596066232,-0.030733923377415096,-0.040361017062647164,-0.008231117822907308,-0.009578506854719393,-0.04287920712322979,0.0023674013994936516,-0.009759648059424642
2013-04-01,0.007534450044063057,-0.0005432394222308901,-0.0014963902638429616,0.004400459028564008,0.0020204473989604566,0.01351484335377684,-0.027165975455406333,0.0007257178396118391,0.008613690212093239,0.0005893181514888823,-0.003674469516775858,0.000685210592187957
2013-05-01,0.018442657630162174,0.010213488746350308,0.014340202312422612,0.0039739095850857,0.010450092494168395,0.03980807774972739,0.03365310202705629,0.002504231885128938,0.0005987382897805205,0.01463383719521083,-0.0015261501235297459,0.0033718294659221826
2013-06-01,0.005233424759955696,-0.0035780813907049236,-0.004787216398285388,0.0009977545740715854,-0.016065854943734692,-0.018726976245384108,0.024105261638451836,0.0019635097711665495,0.000535590046558454,0.010554494110081691,0.00633133713718248,0.0017832407398117311
2013-07-01,0.0003541534393791679,-0.001529701829708685,-0.0014318670951452006,0.0009992505828648746,0.015209560703071112,0.07748318866301673,-0.018337268255793404,-0.00042204053475902725,0.004482992409118758,-0.0009081963201715837,-0.0029536710273960765,-0.00027269203888469207
2013-08-01,-0.003907815600267206,0.006108957408217819,0.006668955273888777,0.0009977545740715854,-0.02685241523950399,-0.06941356750165895,0.0517016330604676,0.00042890664417516433,-0.0069323008020010235,0.0006909799434104968,0.0033691500618644454,0.00046366757606097764
2013-09-01,0.009564506788674265,-0.007630366936144384,-0.009520205001116722,-0.001996257401418511,0.014423212043162437,-0.021193735564570382,-0.03535735389634542,-0.0020075719652394852,0.0007983535583617751,-0.0107775848718763,-0.002446228441698395,-0.0022065245691766933
2013-10-01,0.010016850280583967,0.004574851764436616,0.006661688639036711,-0.0004996247936750464,-0.010224693417497654,-0.05298471059368648,0.011507161519835662,0.00015821419735839726,-0.0012759573547347358,0.0036172782470504927,-0.0019322759662872002,7.279421043371315e-05
2013-11-01,-0.009486269622975385,0.0010090443603330002,0.0004656890893617316,0.0004988770381570973,-0.007681057295713778,-0.013135798617097016,-0.02566611528230478,0.0013077025820873445,0.005017755215913411,0.003245972027742461,-0.000926568214804746,0.001546861008644207
2013-12-01,-0.014083122375756929,0.0009998524884764493,0.0014044327256410583,0.004987291760820689,0.038617395904761764,0.10813186076946657,0.02371979152865311,0.000797889047788658,0.007009136200810673,0.004839439438358184,0.0005553664688076054,0.000901566315969049
2014-01-01,-0.007891174823817515,0.0034933795041300897,0.004192246734853633,0.002947312018130255,-0.0003281871604867703,-0.07069646590588619,-0.018895542222018946,-0.00021943777579114254,-0.015142227461421243,-0.0044771937585794674,0.0028645352888974074,-0.00034058594294616995
2014-02-01,-0.001026956915323396,-0.005535830022036947,-0.006584430104994432,-0.003984149329785858,0.031742428600829875,0.09478383148606007,0.017396396867247255,-0.0013210685098741237,0.0006935465051824963,-0.006092811379046381,-0.0005179372721491049,-0.0019072067179175534
2014-03-01,0.013330355882121836,0.0009925202697873559,0.0018533030079961321,-0.0019755399794094686,-0.04585451662483564,-0.06366627146869863,0.002046001940594344,0.0009397999325484463,0.0059827278631230385,-0.0012620044298783384,-0.00017828815497011874,0.0010070474251007155
2014-04-01,0.011387677564760779,0.0014795362061388317,0.0013685434903853988,0.000488383519436475,0.006834650721319946,0.012718889795355182,-0.003592773098081814,-0.0001775229726863614,-0.000973843236268479,0.01160698398657356,-6.387514222261359e-05,-3.67230766000759e-05
2014-05-01,-0.01549642776597615,-0.007948594043683421,-0.01018306537664948,-0.005894881691830278,-0.023652182575279568,-0.01144338529089417,0.0005111162659847679,3.8747314177633996e-05,0.002052536876343325,-0.009987781836362508,-0.00011408586249750385,-0.00020596825645036176
2014-06-01,-0.023065000892227516,0.005961010228753061,0.007406561702312686,0.0024530121247599013,0.002938587016521055,0.033642921608786125,0.009150009721015984,-0.000580937202943943,-0.0007006080630977962,0.004712001986446168,-0.00018224371855790622,-5.702705476640091e-05
2014-07-01,0.009577588428783201,-0.0024844733276623288,-0.003241707862532195,0.0024639041940694995,-0.007182866308489189,-0.05573523002470271,0.006887095032257484,-0.0001954078760455502,-0.0019469698168723681,-0.004001370881721478,-0.000573340868911032,-0.00045820420890230196
2014-08-01,-0.016356736414142148,-0.0004964011022758896,-0.0004632842998120168,-0.0004932177802068338,-0.012834799225005078,-0.04946817290899208,-0.0061743151000568375,-0.001284866551711339,-0.004270276881666923,-0.0024352676581109733,-0.001148436771457817,-0.0014670627685751114
2014-09-01,-0.010839612400596721,-0.0024871913646125066,-0.003251383401019936,-0.002957366316308274,0.03614033727113064,0.03538095167838229,-0.019287141962839982,0.00023160259124743732,0.00815696135284849,-0.002832911558434681,0.001999128237428316,0.0001816047891729511
2014-10-01,-0.01345368102094735,-8.928469565461228e-06,-0.0004847037127122533,-0.0074558395149910694,-0.04064109759104273,-0.06418519231187236,-0.026955884010647857,-0.00026952193306950534,-0.0039810188254776335,-0.00014835264637369505,-0.0008803009113265148,-0.00011863301398307158
2014-11-01,0.002114002406995219,-0.0005101096147477335,-2.1836206614445075e-05,0.0019126654834042967,0.019798260690018665,-0.008313433306819995,0.0363849676478889,-0.0016865010937596736,-0.003569314772986054,-0.00961922224646461,0.002237285293047897,-0.002051732458009603
2014-12-01,0.024313607244698332,-0.010123621160563978,-0.013317584206231636,-0.009736394495728717,-0.043849953448308554,-0.13792465632668716,-0.0061770912848553294,-0.001204942073582238,-0.0008841210960115475,-0.011088133950554635,0.0009059899254317827,-0.0016199716868072755
2015-01-01,-0.006657035275754453,-0.004318346692102182,-0.007169304827894685,-0.007114421519974989,-0.041759181100808895,0.017902574042751418,-0.025251322028327472,-0.003301316834362744,0.0008408296721471586,-0.01795034737243295,-0.004924109361827966,-0.0032614906044834413
2015-02-01,0.001371076563826179,0.0189787246594193,0.02566081431813494,0.02118142637315934,0.06643209641209591,0.296361835646362,0.026668321617602686,0.008922130380985216,0.0026787368477467766,0.0578923158599558,-0.00031060379474467936,0.010175950300975067
2015-03-01,-0.004111281131529587,0.002576917131836609,0.0034219094574723385,0.0026242544612289365,0.024098904003837518,-0.12485098879609247,-0.025538039924185796,0.00015889270808333578,0.006614260146422524,-0.001147579244848984,0.004733822498359075,0.0006667046602100157
2015-04-01,0.004092897118699312,-0.010327679332929662,-0.012735572087570368,-0.006350338048906501,0.016061080121773763,0.18595116656043098,0.030919187290297856,-0.0016483937041993357,-0.0071389588527681624,-0.012686012216835074,0.0023114561959074464,-0.0021567032511757844
2015-05-01,-0.01681063752786649,0.018056963662924197,0.02397168965503571,0.013752751712224232,0.024328188025542374,-0.04501846092801376,0.01792767663491368,0.002250383811671419,-0.0025671326430680708,0.020592672991816663,-0.004414959643015415,0.002412483705385604
2015-06-01,-0.0005335237277854787,-0.005718028215185633,-0.008381523287646964,-0.0026640431974769285,-0.02505088528965782,-0.07558364901872183,-0.05464856937267104,-0.0005282225323384182,0.0018783277260139286,-0.010368602542456529,-0.002988612443041383,-0.0009232065316142624
2015-07-01,0.016225344790377072,-0.0066421874029432,-0.008212711558872599,-0.005789340965046463,-0.03639774393917161,-0.17071390704738,-0.0018534364935582914,-0.0011790342677207022,0.003979465280649741,-0.006295533866839342,0.002319751399230796,-0.0010466368477066723
2015-08-01,0.007300546524633411,-0.002557933447137728,-0.0033894675145287323,-0.004765091135018551,-0.0009851016429465176,-0.01021351330126663,-0.0026193155095750598,-0.0015892639933374753,0.0023627332065929707,-0.009155279803033878,-0.0021580898806679016,-0.002101918440197359
2015-09-01,0.01798353687147536,-0.008787096623065871,-0.012275548995650531,-0.0070124488672727026,0.010952331822618788,0.2307910312190411,0.05329692493968352,-0.002245916045929164,-0.005017193808273035,-0.01959691240018202,0.003080235511320417,-0.00272342618573429
2015-10-01,-0.002031987317431927,0.009769536290872516,0.014148183229520939,0.00957134498503276,0.007278898942196577,-0.0429604523085505,-0.010787363183448306,0.003239109937318574,-0.004245504762505625,0.023609055584661753,0.004435562301842388,0.0040957220570936315
2015-11-01,0.0011966566928558464,0.003634342812496527,0.004445545090880465,-1.865958846281046e-05,-0.034205795579218545,-0.10146122706435134,-0.054600850386869126,0.00020491170130476632,0.008669423858347791,0.004655725359921092,-0.003332491443815755,0.000574541253431704
2015-12-01,-0.01083569787392058,-0.007811584050237741,-0.010909590978982031,-0.007124618348290923,0.005446839252541302,-0.04673011470835142,0.04098106048128969,-0.0022700367528676324,-0.0006684670617085331,-0.01080376776289338,-0.002299576079748178,-0.0025949403786134084
2016-01-01,0.012371703243146293,0.004155505485798017,0.005931376997278193,0.00042207796253102003,0.036374160590623816,-0.02830293518195015,0.0005219856292626446,0.0006175835690642728,-0.01083560405406736,-0.000947749209752935,0.002103585266510777,0.0004015481000951837
2016-02-01,0.040443606713653324,-0.004747460830188288,-0.007065188296262015,0.003236411780747517,-0.012908411010777776,0.1164763348186999,0.050674961177859856,-0.0008720114457840822,0.015475765501609118,-0.009522161607594448,0.0027641978337511475,-0.0010695207756947767
2016-03-01,0.006332755827748393,0.009474283686058627,0.014093503256376039,0.010586098804619581,0.03303248622569743,0.2577438236080263,-0.01043725750796387,0.0044604531351639665,-0.007603275068499116,0.034978815869019186,-0.004236778782138906,0.0057335895464287745
2016-04-01,-0.02013620853303877,0.0010465307575877603,-1.2435915381026064e-05,0.0016584364395200168,0.01113750906522526,-0.13208335595924448,-0.034860872933756504,0.0006934339142823376,-4.789145615990975e-05,0.0003471236783658682,0.0015681394030595541,0.00028282694430092903
2016-05-01,0.005457643165382997,0.0005134927075243212,0.0014872767073699222,0.0016363770370269037,0.007448455904972562,0.05471997335041712,0.010105447053464722,-0.0014620211320552912,0.007811933145997152,-0.01002326564809497,-0.0006188506737556665,-0.0013144716612822904
2016-06-01,0.0197753457359946,0.003109958096416676,0.002952719307766749,0.0010590778134940138,-0.008290482049356562,-0.09355040472809106,0.003503031068535556,0.00041080564287998556,-0.010734431524704213,0.003932114274930676,0.0007742637995651336,0.00033835018412720075
2016-07-01,0.0027544424519980737,-0.0067796869853786745,-0.006969651556692824,-0.004410366880466476,-0.021028828954317902,-0.1310080273896168,0.017816020494809237,-0.0032759390773478003,0.00027437556475184977,-0.02215096077266754,0.001595496129184859,-0.0038917574228873875
2016-08-01,0.0076354477300260015,-0.0031233757822679564,-0.004958848657317105,-0.003280782358639378,-0.016280866710096653,0.08962251881489847,-0.02895919882871656,0.002351341723498379,0.005251775889422383,0.01086803636706879,0.004744637513098837,0.0026512259577362585
2016-09-01,0.006390536754041776,0.0072857126969552155,0.00942056512373668,0.004364138218702074,0.007252993910657146,0.008667160668677898,-0.005768965230544154,0.0007722611045837269,-0.003975491167928169,0.010294654866452646,-0.008119468604316893,0.0009330215176088785
2016-10-01,-0.011402625321160542,0.0015327341342379341,0.001935070666808869,-0.0010997077795327215,-0.004619521084080702,0.08672510370657527,0.023546317672371586,-0.0002798275010134077,0.006665854649048342,-0.0009150365784629244,-0.001838336421179143,-0.0003371193631958036
2016-11-01,0.003964846555550849,-0.007762255247590666,-0.010828028817210011,-0.0016329442988389786,0.014878850043452907,-0.18334944173738554,0.015888721872483025,-0.001161694380113154,-0.004145466956202881,-0.006157707685887637,0.0004938089296899761,-0.0012670962545566766
2016-12-01,-0.0005617576213285957,0.010823356548127272,0.01470148111040448,0.0048623836237089435,0.06341360605170365,0.21583464375649797,-0.042467859717473466,0.0013430876020397164,-0.003986620418214848,0.008243113010582448,0.0009779571554764388,0.0015125437869034641
2017-01-01,-0.006901766280195787,-0.0005845232001426837,-0.0006069751108439547,0.005842490619976992,-0.03333343292570312,-0.11929744734147363,0.02163375014751079,0.0015135845179763407,0.00220488756572923,0.0054796293190397805,0.0006771742190370134,0.0015281185748303727
2017-02-01,-0.00040194373328983346,-0.005124414693850277,-0.007287656822081878,-0.0048879900777931695,-0.0372519857674396,0.008161038785834407,0.018824881806572158,-0.0024435350003608747,0.0012290979023248383,-0.01719201600377751,0.0014977258841826213,-0.003036607468886565
2017-03-01,0.006719782888475301,-0.003554462465329422,-0.004326811842530809,-0.0069020714671799155,-0.0316382225962073,-0.09889591307805556,-0.03743696363815552,-0.002058701222171777,0.0025745625997899424,0.0005652800938475977,-0.0023507174228498684,-0.0022869563328766773
2017-04-01,0.004170371469172096,0.005567967555691666,0.006710510919702983,0.005803234434741178,0.0533215949851682,0.1150573302826845,0.024148585561324154,0.001700702680034638,-0.0034454290280736544,0.0006931195442581028,-0.0025856858549317963,0.002076619999047402
2017-05-01,0.008567510053629768,-0.015207960048035929,-0.018250058816597026,-0.008964459406644032,-0.025424522392119897,-0.08631906661996958,-0.029996370987028342,-0.0020076695167965397,-0.0043999241359351515,-0.010120341640460495,0.001377387295612209,-0.0023478126520526388
2017-06-01,-0.004871662954138323,0.01065703443116739,0.012500162764231604,0.003161224971902854,0.006325798637692337,-0.018646760668923346,0.019831260625249314,0.0014256940796917306,0.004021003395340728,0.008590183857640099,0.003244508488258191,0.0020271705476195834
2017-07-01,-0.010944417538204299,-2.597778099300285e-07,0.0009671180637749188,0.0,0.004221642153828142,0.10208643050157429,-0.0016343249746757493,-0.0003238201380506567,2.263167378480091e-05,-0.0030404487148221193,0.0005695194166817075,-0.0007772607729279457
2017-08-01,-0.0147800627744612,0.005078471565813203,0.006256607063939157,0.005263170044274901,-0.010031006260667219,-0.001799713388818791,0.04161109593586332,0.0035136428427833266,0.0012915573207488151,0.01942293203519707,-0.0018292812314681939,0.004158321817065769
2017-09-01,-0.03453455816517348,0.0024846720081450613,0.0037522858032170703,0.0020590384026233366,0.010564987336406872,0.0065926262306978956,-0.0262064828685169,0.0012521573773192074,0.002763028811358481,0.010763342147591892,-0.0019486379227906525,0.0014030312869630635
2017-10-01,0.048154108149929264,-0.005062158572239461,-0.007186333254741051,-0.0016064225556666756,-0.007923524506124657,-0.0016650220030873797,-0.012214399850898339,-0.0043186444789826695,-0.0013335385586552562,-0.030305850572191595,0.0010263368002263462,-0.004911664966140705
2017-11-01,0.0027276584168705043,0.00547042961551103,0.006090430923516799,0.0004825810611075454,0.029780481469369846,0.05886395831310143,-0.020449006080247578,0.0018897025671948953,-0.00907157459114849,0.017803363796701888,-0.0007562891810710681,0.002227565948597743
2017-12-01,-0.01257020625116656,-0.0060001934946196656,-0.006141786489100021,-0.002087364245817014,-0.017896811099542553,-0.07192499655444662,-0.005787275369137923,-0.0005597817481461931,0.0011277815332686458,-0.008737447858663039,0.0020484283384005764,-0.0008742591946298006
2018-01-01,-0.008921357252140716,-0.0005005766069006157,-0.0014089476587892946,0.0035518700390468894,0.007989251106732098,0.07415620843701554,0.06382065078280252,0.002139651595654435,0.011325014756177865,0.009598018118541773,0.0016725137729247663,0.002370479431431427
2018-02-01,-0.01888135009601033,0.0009827664637951372,0.0013863752948291008,0.0004466496496204897,-0.0017570587641291269,-0.11916002481182542,-0.0416321866261109,-0.0015556545756503226,0.00286406820550944,-0.005513334802220271,-0.002303379102595926,-0.0013159057728220347
2018-03-01,0.009958658665906839,-0.0029629651306573024,-0.005107538419469648,-0.008614445405159543,-0.047622393620214254,0.03134996752451613,-0.013717209621471937,-0.0024963259746719757,-0.0026982123927368207,-0.015832837137785383,0.0013954869092298594,-0.003011984141391366
2018-04-01,0.00200506507303988,0.0,0.001391788672822969,0.006547237465932554,0.04030999995084539,0.046593059230154665,0.023029519411160493,0.002408677154569716,0.0014433430467635233,0.012941487860881118,-0.0020318109578489896,0.0025412219908877987
2018-05-01,-0.004176540552649044,0.004918849071596121,0.0060171438200251615,0.002455612214428804,0.019873043522914635,0.00017835931553111806,-0.005943236289312814,-0.0003456166223090307,-0.005512133660829477,0.0006516542104373357,0.0009631946948100989,-9.509576646937745e-05
2018-06-01,0.008158338662205722,-0.003937976016004541,-0.005555782796847097,-0.004523753531113783,-0.03493622652178896,-0.08538939829708614,-0.0010064021671167822,-0.0013546650592184406,-0.009592325497384202,-0.003716948055766167,0.001436772888978588,-0.0017485942054777937
2018-07-01,-0.005295855380750503,0.0009779914297416425,0.0013819574711106952,-0.001992993689868605,0.016826645593124745,0.07541941272655883,-0.06059815330969176,-0.00012022356735386097,0.0028913555230891674,-0.0029287387352372463,-0.005414987698953766,-0.00021599436268981975
2018-08-01,0.012945148114866356,-0.0009808692973560795,-0.0013830192916852724,0.000983249598969671,-0.04447276574479364,-0.08681251464827433,0.028585678937266046,0.0010052095960375595,-0.012245125532049705,0.008239813338492219,-2.4587784250407196e-05,0.0012140625492476076
2018-09-01,0.004643016525823107,0.002437475319384319,0.0032144867425962786,0.00048300110812693475,0.04522095588624353,0.07339437924376035,0.02622932572433445,0.00027443270509319717,0.03147561760413797,-0.002319438338003188,0.003587684342772235,0.0003063516621724105
2018-10-01,0.016794110995735245,0.00434779021924836,0.005907765135796161,0.002923578896278478,0.021159684122839195,-0.024008934745752164,-0.006272890407280407,0.00027668946974124253,-0.006621290931172474,0.00089485589519267,-0.0003174848322249346,0.0006172426663013653
2018-11-01,-0.0031261214078099897,-0.016013732181493268,-0.021460260387788033,-0.014218033133688301,-0.06362391034607295,-0.22418023577204416,-0.00639218653598661,-0.003041287567648432,-0.01433461219285892,-0.018278343370323746,0.0027708240661432626,-0.004019923409210868
2018-12-01,0.007519070518360316,0.004344216487818464,0.005885527284018366,-0.004040188703142711,0.06022115799515859,0.07683063069224705,0.017433297897937905,0.001389099091614554,0.001386132049278288,0.0016327589146678534,-0.0015656785261697337,0.001442390573257235
2019-01-01,0.020182397558196286,-0.005432716815890082,-0.008443458644550539,0.001368708592827339,-0.08139823724509654,0.17684500203277675,-0.014861268122405846,-0.0014999711921515058,0.006841170094411986,-0.0023298091860377568,-0.00012240419715059403,-0.0015349833530509116
2019-02-01,-0.026709611839206282,0.014265090119010893,0.02051468674370671,0.013032963650298157,0.028295901366268694,0.030302325862495927,0.035917934253884454,0.003812072447292536,-0.0004022230444018504,0.022479496117385978,-0.0019539737313669647,0.004364726761761695
2019-03-01,0.005102559425065323,0.0029055418596293237,0.00458648512103732,0.0024955710604581682,0.025729674448992768,-0.01057249105285063,-0.022708001445896464,0.0007778995492548901,-0.007412089558138213,0.003866002763248666,0.0021592258282217003,0.0010713093753924596
2019-04-01,-0.007478104068254332,0.0004228173602536245,0.00034375431094968434,-0.0020160163069320447,0.014236710051055645,0.03706511020692016,-0.006754198042187021,-2.2030441504838905e-05,0.008828622892179006,0.0014344448704379786,0.0006144290548890652,0.0004384681952558367
2019-05-01,-0.001900720087664176,-0.010190586582805139,-0.014207826046585659,-0.008489906137532977,-0.039146726690489686,-0.14227740727598448,-0.024340231577834714,-0.0035058266475829214,-0.003004809802811259,-0.019904110018864607,0.0006591127918227357,-0.004541664248650434
2019-06-01,-0.012107055641710218,-0.002920627086083094,-0.003690120456968593,-0.005587344953053908,-0.002260722751445954,-0.0583408088786701,0.028512732646543526,-0.0005719684981952966,0.009041541533041375,-0.005920991556167543,-0.0020357451291026507,-0.0004512821548292578
2019-07-01,-0.003864914884151638,0.007773607408072536,0.010109275695226572,0.012095895192368644,0.040862683080712614,0.15499157090814997,0.005864833178693019,0.002630382781233287,-0.008087524477304875,0.015192057100767542,0.002175125130207789,0.003050237137903977
2019-08-01,-0.001528251149482962,-0.00583374259024616,-0.006441229400083515,-0.0050694590100013315,-0.031205491507333427,-0.09334084759281236,-0.011196194108960889,-0.0013908652400491661,-0.0014443912229955558,-0.0064313975879928265,0.0019416745992160145,-0.0016793631382938656
2019-09-01,-0.03216614670770834,0.00291687129512308,0.0022985307250733555,0.0020222119978274833,0.016982056973206205,0.08360121535252052,0.018589494395828687,0.0006233114190656863,0.0037063874707694566,0.002283494949880449,-0.003814567028059379,0.0005187575143210665
2019-10-01,-0.008905415376229797,0.00630916919326463,0.00964774209219943,0.004577178422501937,0.002207506415210503,-0.09223168938880244,-0.03240593070062037,0.0012856297646477444,-0.012629987793948416,0.006440847405717598,0.007278730246651932,0.0014827902881791033
2019-11-01,-0.015081684424804287,-0.0034106164392531113,-0.005074353284727273,-0.0015273612111199597,0.02551919498762345,0.10926507238252903,0.02769629379069105,-1.1826327980024587e-05,0.011014156914279205,-0.0006410639365395099,-0.005660471495848363,-3.955010745038123e-05
2019-12-01,-0.0198392528164284,0.002873469043110255,0.0036115505156706362,0.001518342641499082,-0.018121504823597867,-0.00656929944591278,-0.005367195677851377,9.651950158673372e-05,-0.0061024252369197285,0.004824725007352981,0.0013143081694764192,0.00022016599609653298
2020-01-01,-0.0032454233914274155,-0.008172983334659989,-0.010887689403277001,-0.006590371850708543,-0.020820267399376036,-0.08897496052161635,0.013099461094594922,-0.0018413936576049394,0.0032698321469419867,-0.016087707648896554,-0.003087631222663312,-0.0023122999359213026
2020-02-01,-0.03753471579971457,-0.006290546580919987,-0.00962644506608612,-0.004618936293471876,-0.059428694635912827,-0.08915776531410691,-0.03522299151054131,0.00024576383810615,0.006239035085948252,0.0027894731103303982,0.0003042910708002111,0.0003085406631226917
2020-03-01,-0.09980903783266282,-0.012382538145609523,-0.015682143733814158,-0.00734113861219754,-0.01662963171062959,-0.41888637410765517,0.010948295583715684,-0.005548962950630454,-0.015564876258571836,-0.02643985472201482,0.0010913238991889784,-0.006467670113361024
2020-04-01,-0.18061442686742968,-0.00807374585242382,-0.01214507551914945,-0.018962843294742626,-0.0682408953961291,-0.019871029016178987,-0.025705479165661238,-0.0036346938881539614,-0.026284162231481112,-0.03136131700924949,0.0007186729394295099,-0.006014868430210818
2020-05-01,0.023256844821990086,0.049839925795311046,0.07072830092468241,0.03497971889602702,0.24472750530438336,1.113746050224889,0.040873513736704226,0.006785307675836627,0.012371418804966616,0.04047439797118635,0.0006040089255030523,0.009036050895515402
2020-06-01,0.05854007675327111,-0.01720172873905046,-0.024871962596817454,0.011263192278710754,-0.03684522722425676,-0.25191721440713755,0.03313464685025558,0.00559412359100353,0.03863370786066511,0.039136796472896584,-0.0013240838216148632,0.006687099469822044
2020-07-01,0.04568031490135738,0.0019700206405470766,0.0018730159161970406,0.003559736612928077,-0.03906401989095176,-0.232941017438844,-0.0036303397931884973,0.0009399513688856942,-0.004900380574923702,0.008678121992071297,5.2079701766238884e-05,0.002656205532071354
2020-08-01,0.017521256494047677,-0.0039763788078213125,-0.005231409215682881,-0.00436805059900891,0.021939249073935407,-0.02150430061049846,-0.003785689710483986,-0.0017476217988523501,-0.0049788237667005575,-0.012915708546983318,-0.0031183014071860526,-0.002910441651700957
2020-09-01,-0.005186958945996523,0.002462677640144406,0.003768020767287439,-0.004750947868170208,0.016839561403173775,-0.10540436169620682,-0.0290215347513314,-0.0014475002780454105,-0.0005130570121734124,-0.003423514798049254,-0.0006350728952293494,-0.0015240912583438515
2020-10-01,0.0018179737947159325,0.0014547127315864827,0.0018432622662754028,0.0030477341854124873,-0.030969295661126495,0.060325267605919386,-0.000505830609572655,-0.0011072468156312354,-0.005165794892187492,-0.007641607999105737,-0.003013446905264061,-0.0015665569259830647
2020-11-01,-0.014603960535147564,-0.0034444893572640467,-0.004698095086828502,-7.592762078534321e-05,0.038081881188285926,0.04416235482771125,-0.0009850873089227719,0.001333449187141511,0.0064945496618609155,0.0031630624973839616,0.002741227410261615,0.0018465772496103483
2020-12-01,0.02650849885174633,0.008738341329785904,0.011550050184228056,0.009950525139384325,-0.04230841680382458,0.10012369894952489,0.043538395664224794,0.001766397520534646,0.0002385171781300599,0.01186886381850183,-0.0006214861847606556,0.0014511256731983835
2021-01-01,0.036006542924647,-0.0005917631885017371,-0.000643504880075696,-0.003774503992445055,0.03560918421142745,-0.03779478740927633,-0.03539892358921115,-0.0022894964593680456,0.006487531356291321,-0.010590915990315253,0.0048839023682791805,-0.002294218594012243
2021-02-01,-0.0768891433029184,0.001792878945371612,0.0020626488126946896,0.010859092989807806,0.054749401315362434,0.0263007862412854,0.008001912015259016,0.002092594224446742,-0.017545173626213106,0.007444623274309059,-0.000406500248571362,0.002553375867924146
2021-03-01,0.12056809030826621,-0.001543371223714729,-0.0019919605367206827,0.008190700549847385,-0.15194061179500995,-0.07274379118224727,0.0084271613720448,0.0009731789799101165,0.007518574353037266,0.004871482109946257,-0.0022426165886146876,0.0010603652311473866
2021-04-01,0.033081379728320925,-0.005216435851207457,-0.008912323715245307,-0.015097970827430807,0.05351798520377926,-0.06406249385434126,0.001391094374999291,0.001907405385627392,0.008440161555240522,0.0004327109081616598,7.913510237234078e-05,0.001953375945865865
2021-05-01,0.012982071652163363,0.004596966882060904,0.006946381719222572,0.010741988132816793,0.06983187863632168,0.06422603617512834,0.05969270373984781,-0.0005765029438249414,-0.0008951978360043356,0.0008596304542685118,-0.0018902177876825021,-0.0008561393662356309
2021-06-01,0.018168450685555726,0.003554145144317289,0.0037263267359337604,-0.012922264057847244,-0.05960658742799385,0.03662726486839585,-0.09833540791534112,0.0018533330034875561,-0.0032150391589702565,0.01038764857112362,-0.0007476731889370924,0.0015614622693931324
2021-07-01,0.007913535311965703,-0.006374926357218591,-0.007835801026989664,-7.238840247225653e-06,0.01776274715553594,-0.07558757446695274,0.015069588128017841,-0.003304264209635477,-0.003826256702999409,-0.023958253090067494,0.003589621812588817,-0.0035845426040808093
2021-08-01,-0.008921446772845343,0.002893245251486043,0.004797296767836912,-0.006702152434259645,-0.022566144284177803,-0.08335031133674597,0.011639933775711597,-0.0019832126543661843,0.0015452602306122998,-0.006292420915810837,-0.0013487600396677735,-0.001977133661685393
2021-09-01,0.00275113814723138,0.006875599040338187,0.008325378470473765,0.0014159743360551147,0.011505199706905778,0.12418334913334217,0.009331362582944536,0.0010984146428647534,-0.005523717418979501,0.0012335235267473266,-0.0004271924036869379,0.0005832593948928988
2021-10-01,0.021026887974361586,-0.0033922067701182,-0.004828801516326031,0.012099185408831481,0.03950781325742714,0.07230049603705613,0.012290954059150927,0.005239471904188164,0.011180324873625302,0.018799659411357972,0.0051592087136569376,0.005972710341542786
2021-11-01,-0.009622840467156557,-0.0030768053514558247,-0.0036965323833388908,-0.007945791706766236,-0.042162311941985386,-0.15757724211600888,-0.07614151823065551,-0.0007374842728422593,0.0023349126251082097,0.006684998075104254,-0.0017610040121178727,-0.0005998883720099712
2021-12-01,0.008248321031047112,-0.0053697834381045695,-0.007313836369594817,-0.013095549077895008,-0.0742896450842867,-0.06970177340095329,0.04288032573557654,-0.0013389279257758346,-0.0007623411127140045,-0.006524829553288036,-0.0007170927100510482,-0.0012856636645564024
2022-01-01,-0.036373981613877504,0.006293382018236038,0.007044420396273843,0.01624806121456146,0.07925277924296115,0.2475720740928491,0.043577566420767155,-0.0015621372420255852,-0.005520349215717424,-0.01869996014128006,0.003945494556920615,-0.0022071595163737356
2022-02-01,0.02142222080058076,0.007540637431711517,0.010099540901083337,-0.004890168319918509,0.06059353331275563,-0.052477341629811214,0.00025215921332044644,0.001949242166631393,0.00013106438196697212,0.013804526131229622,-0.0038841640693361157,0.002104988691245424
2022-03-01,0.011126277537350404,0.002382008906772093,0.0042732065089392535,0.009077017459986791,-0.06425020445466778,0.07250216136471899,-0.03167885383795088,0.002983747607166798,-0.0015940451572333814,0.01385186051589482,0.0022141436287723693,0.0033842254825353635
2022-04-01,-0.026471175737843744,-0.013639999076870524,-0.020348162801360203,-0.004921860869132821,0.028667699828551108,-0.2328188672150473,-0.009416225488052099,-0.006348367791106924,-0.0053950973205783015,-0.031670870725136524,-0.00045495194839517694,-0.007050525571709265
2022-05-01,-0.0012070799467558402,0.01259983084562144,0.018989584860143793,0.0075466698831601065,0.002776604230552593,0.13750399670061686,-0.1203804433817286,0.004743883848534303,0.006017824685590867,0.01765992654927384,-0.0007078961228117464,0.005010893087140644
2022-06-01,-0.0007371821519059907,0.005140039345777225,0.006564200327566105,-0.006320040738085453,-0.009467172940934354,-0.026408655669400538,0.09166504674887577,0.0034591748484187335,0.0024719973135498563,0.01772101427006323,0.001956345793644232,0.0040685756708578324
2022-07-01,-0.012431285090489297,-0.04292583481884815,-0.05665382939226227,-0.041204746869034636,-0.138781485380993,-0.16945827829866555,-0.07981206566063204,-0.012470022859816687,-0.006034700247672831,-0.05605270464233669,-0.0011099626065469437,-0.014387388933041478
2022-08-01,0.01713041652279923,0.006522042803192463,0.008696090523886646,0.008101200984622636,0.1373208239660597,0.0408370901427304,0.11654135718948488,0.0008506025950882901,0.002102487021670818,-0.0019333696342940243,0.0005447041504700323,0.0012990418726079866
2022-09-01,0.017800433010934036,0.017615807437525888,0.02421495574585908,0.011772065101074425,-0.07801486018900405,-0.024408311725621523,-0.06479478842445818,0.003041045342862425,0.0008864805741275461,0.01991177033073921,0.000726403611694515,0.003686084878074425
2022-10-01,-0.002767284388697,0.003467580465332354,0.004232966469080779,-1.9710240019676917e-05,-0.06636978402500837,0.14417351285115831,0.020906165397991394,0.001295592764975595,-0.0064797823785340825,0.013056604428341778,-0.010163095307843761,0.0015926867903024444
2022-11-01,-0.00957186458623216,-0.00495716915966149,-0.006244565444726291,-0.00473142312014474,0.06887385327971884,-0.07530097273531489,0.08555706314389244,-0.0024908578748998877,0.010124577999715001,-0.012294702151006476,-0.0005439249239085342,-0.002632692163271777
2022-12-01,-0.02946267350211329,-0.015866004024106317,-0.021538401498066406,-0.01590893921939074,0.04649060962528928,-0.061707598251138585,-0.04170554268364679,-0.002082982359578267,-0.004720269586814041,-0.014818495995143621,0.005633157337303629,-0.002270233753539408
2023-01-01,0.009060437468103366,0.023283373948149055,0.02992411251044569,0.0328980018651146,-0.05892376868789029,0.1204457554418692,0.014911773373662562,0.004604833954479304,0.0023516399080767414,0.02153580713646175,-0.00274498106675658,0.0051073229299793965
2023-02-01,0.0064442643217805795,-0.018903816675586604,-0.023283557752146855,-0.014129568392137415,-0.010228202469058978,-0.0383909037653396,-0.016450176761114044,-0.0013223960181925065,0.0016599829323746818,0.0005149350537481112,-0.002130188901349861,-0.0011738865015207267
2023-03-01,0.005459128033579397,-0.002577916596699481,-0.00403578249741976,-0.004115727358437127,0.005798372876675728,-0.030656551384734776,-0.06788246099757078,-0.0030523193754632416,-0.0036976779600541576,-0.008400951979017357,0.0007568318527271245,-0.0031664408897480456
2023-04-01,-0.0006199368722725751,0.01162273520015944,0.016313314272524693,0.001645843221897536,0.05307401796669087,0.12814764113051869,0.06281800193389309,0.003480325421988617,0.0003623641245615872,0.01654203506824281,0.0034434002386829476,0.004141406438018969
2023-05-01,0.0036901932208399657,-0.014418234828458054,-0.019982655566704643,-0.007087238558835196,-0.055923427155804895,-0.18515236026169557,0.019757685257145496,-0.0031611442196961548,-0.0006255839410007624,-0.015549818392801562,0.0003923423110254731,-0.003955861036203601
2023-06-01,-0.0015175768174469084,0.014151450612482463,0.01980670047417643,0.008411870961178458,0.038599452668201195,0.08555679052082166,-0.031347921231516196,0.0010025782759246482,-0.0005226502529902533,0.005414836838387949,-0.0008836998808252616,0.0012517089165191564
2023-07-01,0.0034999300235183384,0.0008160096655309701,0.00046162666521087914,0.0019735368110396223,0.035964143978550744,0.09834905791937842,0.022011607635171515,-4.7078487962259885e-05,-0.0001850449790250508,-0.0020681966965554466,-0.00149078420281068,-0.00010412991412600547
2023-08-01,0.009783048803801542,0.014158810071707606,0.019482321539697978,0.02300371192362949,-0.0032303625693597127,-0.011995214465613913,-0.059376503106716605,0.0030508760479950325,0.00023414728892134917,0.019657977576984287,0.002316739431860171,0.0034452027439657584
2023-09-01,-0.0001950157328156621,-0.0077175208234869785,-0.010429316364500174,-0.014699951369230746,0.008007420198339332,0.026605334689398852,0.05830240083649052,-0.001515274165915237,-0.0050431473113183856,-0.01620892266400986,0.0007458929517225599,-0.0016636768391311563
2023-10-01,0.002990144329196198,-0.026203346248994563,-0.03502913654907314,-0.014586777035243692,-0.045552295857420155,-0.13750751365574754,-0.03908175762715782,-0.0027989155864425186,0.0035816871872222933,-0.010295574391864903,0.0009610215270479117,-0.003395152316001848
2023-11-01,-0.0037170522155998142,0.015992012920223786,0.02123723505755226,0.002105260015533794,-0.00448246121290552,-0.05412218212254416,0.026479385772329778,0.0008113302543995005,-0.00646270711574104,0.004496541217595684,0.002456478271688489,0.0011273252532095768
2023-12-01,0.014677222576570337,0.0026530038610079743,0.0039544619421061356,0.003139949482163118,-0.020837672905896554,0.019975630523823895,-0.02123993582616812,0.0007264678172731465,0.006340279770096657,0.002998118004526873,-0.0010659729765380987,0.0007788753579900387
2024-01-01,-0.026439998553303035,-0.0022795058507538712,-0.004711175474400697,0.003200451390322989,0.05723117531642696,0.10826408809226873,0.020858682572719722,0.0007214005029299031,-0.006946214470988643,-0.006855344237041372,0.0007094946537655744,0.0005615708506123696
2024-02-01,-0.019573276492334202,0.013274640783556002,0.018562025554003547,0.01508555755532548,-0.018730113820191185,0.010143043336973356,0.017695297407015254,0.001361203546848877,0.012500815806448351,0.020172303681796677,-0.004785681195981439,0.0021367983492792675
2024-03-01,0.019963658213888458,-0.013455525408348379,-0.017951883046416484,-0.01914951231942119,-0.011703089205845174,0.009896220858403026,-0.012665505967883739,-0.0006373135432493626,0.0009946321540947878,-0.006014334084961881,0.005095415657725866,-0.0008613536816817202
2024-04-01,-0.023427796356274122,0.00465970117540504,0.006855845563381813,0.010620606199206684,0.039461651046462265,-0.001992602642038932,0.020495270831171197,-0.0006493470764104003,0.005433920438329132,-0.001036902758772662,-0.0003934294789980086,-0.000618982076541208
2024-05-01,0.034760039195997905,-0.012723855119949334,-0.017226650451441117,-0.020349326774566023,-0.04228004927860329,-0.11209540385311012,0.02949144769075307,-0.0030667497611265304,-0.015334216877508133,-0.01741748235761431,0.0006534402339992695,-0.003731682142957382
