Month,RPI,W875RX1,CMRMTSPLx,RETAILx,INDPRO,IPFPNSS,IPFINAL,IPCONGD,IPMAT,IPMANSICS,CUMFNS,CLF16OV,CE16OV,UNRATE,UEMPMEAN,UEMPLT5,UEMP5TO14,UEMP15OV,UEMP15T26,UEMP27OV,CLAIMSx,PAYEMS,USGOOD,CES1021000001,USCONS,MANEMP,DMANEMP,NDMANEMP,SRVPRD,USWTRADE,USTRADE,USFIRE,USGOVT,CES0600000007,AWOTMAN,AWHMAN,HOUST,HOUSTNE,HOUSTMW,HOUSTS,HOUSTW,PERMIT,PERMITNE,PERMITMW,PERMITS,PERMITW,AMDMNOx,ANDENOx,AMDMUOx,BUSINVx,ISRATIOx,M1SL,M2SL,M2REAL,AMBSL,TOTRESNS,NONBORRES,BUSLOANS,REALLN,NONREVSL,CONSPI,S&P 500,S&P: indust,S&P div yield,S&P PE ratio,FEDFUNDS,CP3Mx,TB3MS,TB6MS,GS1,GS5,GS10,AAA,BAA,COMPAPFFx,TB3SMFFM,TB6SMFFM,T1YFFM,T5YFFM,T10YFFM,AAAFFM,BAAFFM,TWEXMMTH,EXSZUSx,EXJPUSx,EXUSUKx,EXCAUSx,PPIFGS,PPIFCG,PPIITM,PPICRM,OILPRICEx,PPICMM,CPIAUCSL,CPIAPPSL,CPITRNSL,CPIMEDSL,CUSR0000SAC,CUSR0000SAD,CUSR0000SAS,CPIULFSL,CUSR0000SA0L2,CUSR0000SA0L5,CES0600000008,CES2000000008,CES3000000008,UMCSENTx,MZMSL,DTCOLNVHFNM,DTCTHFNM,INVEST,VXOCLSx,PCEPI,DDURRG3M086SBEA,DNDGRG3M086SBEA,DSERRG3M086SBEA,ACOGNO,IPDCONGD,IPNCONGD,IPBUSEQ,IPDMAT,IPNMAT,IPB51222S,IPFUELS,USTPU,DPCERA3M086SBEA,NAPMPI,HWI,HWIURATIO,NAPMEI,NAPM,NAPMNOI,NAPMSDI,NAPMII,NAPMPRI,CUUR0000SAD,CUUR0000SA0L2,WPSFD49207,WPSFD49502,WPSID61,WPSID62,BOGMBASE,TWEXAFEGSMTHx,VIXCLSx
1999-08,3836.968312757202,3321.054004106776,434465.87860082305,90583.21765913758,77.7196386036961,76.5462566735113,76.3673388090349,77.83228542094457,79.29524845995893,75.78681519507185,81.61663244353183,102360.51745379876,96116.85626283368,6.013141683778233,13.611088295687884,2620.258726899384,1896.989733059548,1726.971252566735,832.0,894.9691991786448,339.7145790554415,86862.07802874743,23702.23819301848,725.1149897330596,4158.418891170431,18818.70431211499,10956.733059548254,7861.971252566736,63159.839835728955,4919.936344969199,14699.952772073922,4923.831622176592,14788.022587268992,40.0694045174538,3.450308008213552,40.59876796714579,1508.6016427104723,197.9507186858316,312.30800821355234,636.7084188911705,361.6899383983573,1374.492631578947,192.9557894736842,280.5073684210526,539.0589473684211,362.1831578947368,78586.82340862423,23837.21164021164,261117.56468172485,476726.5637860082,1.4988683127572018,501.835523613963,1788.346406570842,1923.4455852156057,182.36221765913757,38.72174948665298,37958.96098562628,485.7200626959248,577.4677115987462,314.05473251028803,0.1310761149485596,240.9168788501027,277.82032854209444,3.4698138526152267,15.946036072206612,6.531663244353183,6.636755646817249,5.9347022587269,6.099178644763861,6.5758932238193015,7.136714579055441,7.296632443531828,7.989466119096509,8.977248459958933,0.1050924024640657,-0.5969609856262834,-0.4324845995893224,0.044229979466119,0.6050513347022587,0.7649691991786448,1.457802874743326,2.4455852156057496,98.81799373040754,2.688368377823408,245.58287741273105,2.079388090349076,1.1640314168377823,78.0669404517454,77.48624229979467,75.0876796714579,71.26694045174538,14.421934291581108,84.14106776180698,82.55667351129364,87.32258726899386,77.6381930184805,95.64640657084188,80.36529774127308,78.63983572895278,84.2071868583162,82.39835728952772,82.37022587268994,81.7663244353183,7.500225872689938,9.264969199178646,7.0247022587269,86.87027027027028,1336.7258726899383,38791.45154639176,99786.98350515464,549.5028213166144,18.5673006741573,,,,,,,,,,,,,,,,,,,,,,,,,,,,,,,,
1999-09,3842.56180698152,3321.054004106776,434465.87860082305,90916.72950819672,77.83833401639345,76.64795491803278,76.47359631147542,77.91118442622951,79.44287704918034,75.91797745901638,81.61270491803279,102436.1393442623,96193.2786885246,6.009426229508197,13.610245901639344,2620.2602459016393,1896.811475409836,1726.4016393442623,831.8217213114754,894.577868852459,339.60655737704917,86948.32172131147,23705.24795081967,724.7151639344262,4162.665983606557,18817.866803278688,10956.803278688523,7861.063524590164,63243.07377049181,4924.2827868852455,14716.772540983606,4929.4057377049185,14799.165983606556,40.07192622950819,3.452459016393442,40.60102459016394,1509.0368852459017,197.9139344262295,312.41803278688525,636.9590163934427,361.80122950819674,1375.0063025210084,192.88025210084032,280.61764705882354,539.4936974789916,362.2268907563025,78850.8668032787,23926.551451187333,261600.75204918033,478039.15811088297,1.498542094455852,503.0661885245902,1793.9735655737704,1925.0608606557375,183.1295081967213,38.72820081967213,37966.272540983606,488.191875,581.8543750000001,314.9792607802875,0.1310160846447638,243.14346311475413,280.5666393442623,3.4698138526152262,15.946036072206612,6.528668032786885,6.633975409836066,5.932213114754099,6.096659836065574,6.573073770491803,7.134057377049181,7.293852459016394,7.988258196721311,8.975553278688524,0.1053073770491803,-0.5964549180327869,-0.4320081967213114,0.044405737704918,0.605389344262295,0.7651844262295082,1.4595901639344262,2.446885245901639,98.80525,2.68595225409836,245.3116559426229,2.07841762295082,1.164705942622951,78.18012295081968,77.59897540983607,75.18852459016394,71.32971311475409,14.435946721311474,84.19016393442624,82.73012295081966,87.40963114754098,77.77827868852458,95.96700819672132,80.49774590163933,78.73668032786885,84.42254098360655,82.57274590163935,82.53073770491804,81.9313524590164,7.515348360655738,9.28110655737705,7.0389959016393435,86.92305389221558,1342.5295081967213,38935.09053497943,100350.38477366256,551.6575,18.58111322869955,,,,,,,,,,,,,,,,,,,,,,,,,,,,,,,,
1999-10,3848.215368852459,3325.6401639344263,435231.81930184807,91250.32719836402,77.95458895705521,76.74834969325153,76.57990184049079,77.99079141104295,79.58599591002046,76.0469754601227,81.60736196319019,102511.70143149284,96269.67280163598,6.005725971370143,13.608588957055211,2620.196319018405,1896.676891615542,1725.717791411043,831.5480572597137,894.1676891615542,339.5112474437628,87034.23517382413,23708.155419222905,724.2965235173824,4166.967280163599,18816.89161554192,10956.79345603272,7860.098159509203,63326.079754601225,4928.6155419222905,14733.366053169731,4934.959100204499,14810.171779141105,40.07423312883436,3.45521472392638,40.60368098159508,1509.2719836400818,197.76687116564415,312.5419222903885,637.1676891615542,361.85071574642126,1375.2809224318655,192.78406708595384,280.72746331236897,539.7547169811321,362.2264150943397,79111.18404907975,24012.21052631579,262089.85071574643,479351.90573770495,1.4981762295081966,504.2740286298568,1799.6721881390597,1926.7032719836404,183.90858895705523,38.734451942740286,37973.38854805726,489.69314641744546,584.4040498442369,315.94856557377057,0.1309620922479508,245.34188139059304,283.3142126789366,3.456015786605317,15.946036072206612,6.5259918200408995,6.631288343558282,5.929652351738242,6.094171779141105,6.570368098159509,7.1313292433537825,7.291042944785277,7.987034764826175,8.9739672801636,0.1052965235173824,-0.5963394683026585,-0.4318200408997954,0.0443762781186094,0.6053374233128834,0.7650511247443763,1.461042944785276,2.447975460122699,98.78791277258568,2.683580572597137,245.02855480572595,2.077489775051125,1.1653447852760737,78.29570552147239,77.71492842535788,75.29018404907976,71.4040899795501,14.45525971370143,84.24580777096114,82.9042944785276,87.499591002045,77.91963190184049,96.2879345603272,80.63169734151327,78.83415132924334,84.63803680981596,82.7480572597137,82.6922290388548,82.09713701431492,7.530613496932515,9.297341513292432,7.053435582822086,86.98358208955224,1348.3910020449896,39077.93429158111,100921.94455852156,554.0068535825545,18.597820805369125,,,,,,,,,,,,,,,,,,,,,,,,,,,,,,,,
1999-11,7120.79696969697,5617.389361702128,435231.81930184807,91578.07959183674,78.14467959183673,76.8782387755102,76.71112857142857,78.22945102040818,79.8821836734694,76.26473673469387,81.61489795918368,102587.51836734694,96346.4612244898,6.001836734693877,13.607755102040814,2619.8918367346937,1896.5877551020408,1725.108163265306,831.3020408163266,893.804081632653,339.40816326530614,87120.68979591837,23711.220408163263,723.9020408163266,4171.342857142857,18815.97551020408,10956.814285714288,7859.161224489796,63409.4693877551,4932.944897959183,14749.936734693878,4940.5142857142855,14821.355102040816,40.07612244897959,3.4575510204081628,40.605918367346945,1509.495918367347,197.6244897959184,312.67551020408166,637.4040816326531,361.8469387755102,1375.7384937238494,192.67782426778243,280.826359832636,540.1966527196653,362.2489539748954,79356.55918367347,24093.35695538058,262568.00204081635,480667.91411042947,1.4978527607361962,505.4865306122449,1805.4108163265305,1928.366326530612,184.7026530612245,38.73847551020409,37978.39183673469,491.5198757763975,587.0034161490682,316.8979550102249,0.129402808803681,247.4942653061225,285.998,3.456015786605317,16.060392928948666,6.523285714285714,6.629857142857143,5.927469387755102,6.091897959183674,6.568040816326531,7.129081632653061,7.288632653061224,7.986142857142857,8.972755102040816,0.1065714285714285,-0.5958163265306123,-0.4313877551020408,0.0447551020408163,0.6057959183673469,0.7653469387755102,1.4628571428571429,2.449469387755102,98.36288819875776,2.6811438775510203,244.74475163265305,2.076632040816327,1.1659820408163266,78.41061224489795,77.82938775510206,75.39204081632653,71.47265306122449,14.471963265306124,84.30510204081632,83.07836734693878,87.59081632653061,78.06102040816327,96.60836734693878,80.76530612244898,78.9308163265306,84.8534693877551,82.9230612244898,82.85367346938774,82.26265306122448,7.545795918367347,9.313632653061225,7.067795918367348,87.03184523809523,1354.3040816326532,39372.298568507154,102074.61554192228,556.158695652174,18.612937276785715,,,,,,,,,,,,,,,,,,,,,,,,,,,,,,,,
1999-12,4191.127291242363,4126.544303797468,435231.81930184807,91914.8716904277,78.2719531568228,76.9879083503055,76.82494093686354,78.31462118126272,80.03929938900204,76.40621792260691,81.61283095723016,102663.36252545824,96423.32179226069,5.997963340122199,13.606313645621182,2619.849287169043,1896.3503054989817,1724.417515274949,831.0794297352343,893.3360488798371,339.30142566191444,87207.25050916497,23714.41955193483,723.5050916496945,4175.877800407332,18815.0366598778,10956.77596741344,7858.260692464359,63492.830957230144,4937.331975560081,14766.598778004074,4946.116089613035,14832.44399185336,40.078615071283096,3.460285132382892,40.60835030549897,1509.7209775967412,197.55193482688392,312.76171079429736,637.5071283095723,361.9551934826884,1376.231732776618,192.61169102296452,280.9749478079332,540.5720250521921,362.2839248434238,79617.15478615071,24173.476439790575,263063.0122199593,481986.7346938776,1.4975102040816326,506.75987780040737,1811.2272912423623,1930.078207739308,185.52505091649695,38.742963340122195,37983.947046843175,493.105572755418,589.6331269349845,317.86183673469384,0.1293410646836734,249.82319755600815,288.8857637474542,3.456015786605317,16.060392928948666,6.521038696537678,6.628268839103868,5.9257230142566195,6.090081466395112,6.565967413441956,7.126720977596741,7.286069246435845,7.984867617107942,8.971079429735235,0.1072301425661914,-0.5953156822810591,-0.4309572301425662,0.0449287169042769,0.6056822810590631,0.765030549898167,1.4638289205702648,2.450040733197556,98.34588235294116,2.678848879837067,244.45942321792265,2.075703054989817,1.1665959266802446,78.52566191446029,77.94460285132384,75.49450101832994,71.55010183299389,14.493344195519349,84.37026476578411,83.2521384928717,87.68044806517311,78.20183299389002,96.92932790224032,80.89796334012219,79.02668024439919,85.06945010183298,83.09796334012218,83.01486761710794,82.42810590631365,7.560835030549898,9.329816700611,7.0818533604887985,87.09169139465875,1360.2857433808554,39372.298568507154,102074.61554192228,558.2006191950464,18.620991982182627,,,,,,,,,,,,,,,,,,,,,,,,,,,,,,,,
2000-01,4198.014837398374,4132.787878787879,514807.06329113926,92257.0650406504,78.39991869918698,77.095331300813,76.9357906504065,78.39816463414635,80.20287398373983,76.54845934959349,81.61117886178862,102739.71951219512,96500.8800813008,5.994308943089431,13.604878048780488,2619.920731707317,1895.8475609756097,1723.7967479674796,830.7865853658536,893.010162601626,339.1910569105691,87294.02235772357,23717.634146341465,723.1077235772358,4180.371951219512,18814.154471544716,10956.80894308943,7857.345528455285,63576.38821138212,4941.674796747968,14783.294715447157,4951.701219512195,14843.560975609756,40.08048780487805,3.46260162601626,40.61056910569106,1510.138211382114,197.46341463414635,312.9349593495935,637.8658536585366,361.9288617886179,1376.74375,192.55625,281.0708333333333,540.9708333333333,362.35625,79887.331300813,24264.27676240209,263559.26422764227,483323.6048879837,1.4971690427698572,508.0164634146341,1817.0225609756096,1931.7695121951224,186.3920731707317,38.748892276422765,37990.76829268293,494.6925925925926,592.3570987654322,318.8429735234215,0.1292820908879837,252.21924796747967,291.9251219512195,3.4422686357743904,16.060392928948666,6.518556910569106,6.626849593495935,5.924247967479674,6.088760162601626,6.564491869918699,7.124817073170733,7.284024390243903,7.983983739837398,8.969491869918699,0.1082926829268292,-0.5943089430894308,-0.4297967479674796,0.0459349593495934,0.606260162601626,0.7654674796747968,1.4654268292682926,2.4509349593495933,98.33009259259258,2.676623780487805,244.17105914634143,2.0747630081300814,1.1672170731707316,78.6410569105691,78.06036585365852,75.59654471544715,71.61930894308942,14.516894308943089,84.43475609756096,83.4260162601626,87.76971544715447,78.34410569105691,97.25081300813008,81.03109756097561,79.12154471544716,85.28495934959349,83.2729674796748,83.1760162601626,82.59349593495935,7.576077235772358,9.346321138211383,7.0961991869918695,87.14585798816567,1366.2951219512197,39663.85743380855,103228.28309572302,560.4271604938272,18.631214888888888,,,,,,,,,,,,,,,,,,,,,,,,,,,,,,,,
2000-02,4204.974036511156,4139.103274559194,515766.4292929293,92605.22515212982,78.52558012170387,77.19666328600405,77.04151318458418,78.47558620689655,80.37170182555782,76.68941582150102,81.60872210953347,102817.14401622718,96579.41987829616,5.99026369168357,13.604056795131845,2619.569979716024,1895.559837728195,1723.083164300203,830.4543610547668,892.6288032454361,339.15618661257605,87381.38336713996,23721.048681541582,722.7180527383367,4185.103448275862,18813.227180527385,10956.805273833672,7856.421906693712,63660.33468559838,4946.079107505071,14800.09939148073,4957.219066937119,14854.762677484789,40.08235294117647,3.464908722109533,40.61257606490872,1510.5882352941176,197.25963488843817,313.2312373225152,638.1987829614604,361.9533468559838,1377.5654885654883,192.55301455301455,281.27442827442826,541.4241164241164,362.5239085239085,80171.10750507099,24374.203125,264078.75253549695,484670.44715447153,1.4968292682926827,509.28722109533464,1823.439959432049,1933.8791075050713,187.24137931034485,38.76048478701826,38003.13995943205,496.2523076923077,595.0784615384615,319.8333333333333,0.1292242525487805,254.59931034482756,294.96129817444216,3.4422686357743904,16.163774120853063,6.516389452332657,6.625192697768762,5.9230223123732255,6.087565922920892,6.563590263691684,7.123711967545639,7.282758620689656,7.983569979716025,8.968194726166328,0.1088032454361054,-0.593367139959432,-0.4288235294117646,0.0472008113590263,0.6073225152129816,0.766369168356998,1.467180527383367,2.4518052738336715,98.31412307692308,2.674420283975659,243.88936531440163,2.0738819472616634,1.1677878296146047,78.75476673427991,78.17423935091279,75.70020283975659,71.69350912778903,14.542580121703857,84.50689655172413,83.60081135902638,87.85659229208926,78.48620689655172,97.5713995943205,81.16288032454362,79.21359026369167,85.50060851926976,83.44807302231236,83.33651115618662,82.75983772819473,7.591277890466531,9.362738336713996,7.110405679513185,87.21917404129792,1372.6904665314405,39815.96341463415,103800.3800813008,562.5849230769231,18.64498824833703,,,,,,,,,,,,,,,,,,,,,,,,,,,,,,,,
2000-03,4204.974036511156,4145.134170854271,516743.3324937027,92955.62955465588,78.65461943319838,77.30493319838057,77.15413157894737,78.55886842105264,80.53679149797571,76.8344898785425,81.6082995951417,102894.77125506072,96657.92712550607,5.986437246963563,13.601821862348176,2619.5364372469635,1895.495951417004,1722.18016194332,830.1356275303643,892.0445344129555,339.0425101214575,87468.27935222672,23724.48987854251,722.3218623481781,4189.763157894737,18812.404858299597,10956.912955465586,7855.491902834008,63743.78947368421,4950.477732793523,14816.732793522267,4962.746963562753,14865.96153846154,40.08522267206477,3.467408906882591,40.61518218623482,1511.1437246963562,197.25506072874495,313.43724696356276,638.3846153846154,362.12145748987854,1378.1369294605809,192.48340248962657,281.4253112033195,541.8132780082988,362.6244813278008,80429.68218623482,24461.231168831167,264600.4858299595,486022.0486815416,1.4964503042596349,510.48825910931174,1829.144939271255,1935.4914979757089,188.06518218623484,38.76685627530364,38010.827935222675,497.78128834355834,598.2944785276073,320.80365111561866,0.1291628004239351,256.8954048582996,297.9073886639676,3.4422686357743904,16.163774120853063,6.514797570850202,6.623724696356275,5.922267206477733,6.086821862348179,6.562894736842106,7.122813765182187,7.281214574898786,7.982955465587044,8.96682186234818,0.1089271255060728,-0.5925303643724698,-0.4279757085020243,0.0480971659919028,0.6080161943319837,0.766417004048583,1.468157894736842,2.4520242914979757,98.30490797546013,2.672315789473684,243.6170963562753,2.0729226720647773,1.1683615384615385,78.87145748987854,78.29190283400808,75.80425101214574,71.77307692307691,14.572554655870444,84.57975708502023,83.7757085020243,87.9423076923077,78.63198380566801,97.89352226720648,81.29777327935221,79.30647773279351,85.7165991902834,83.62429149797569,83.49898785425101,82.92631578947368,7.60661943319838,9.37925101214575,7.124817813765182,87.28999999999999,1378.600809716599,39815.96341463415,103800.3800813008,564.6527607361963,18.66005685840707,,,,,,,,,,,,,,,,,,,,,,,,,,,,,,,,
2000-04,4236.546558704453,4173.477192982456,517698.9924623116,93192.8606060606,78.78104646464647,77.41181818181818,77.264898989899,78.63901616161617,80.69691717171717,76.97588888888889,81.6050505050505,102971.48282828282,96735.70707070708,5.982626262626263,13.60020202020202,2619.949494949495,1895.139393939394,1721.3171717171715,829.7858585858586,891.529292929293,338.8929292929293,87555.61414141415,23727.965656565655,721.9535353535354,4194.581818181819,18811.4303030303,10956.91111111111,7854.519191919192,63827.64848484848,4954.90303030303,14833.19191919192,4968.272727272727,14877.408080808082,40.0870707070707,3.4698989898989896,40.6169696969697,1511.3555555555556,197.1858585858586,313.4949494949495,638.5838383838384,362.1454545454545,1378.6128364389233,192.42857142857144,281.5983436853002,542.1097308488613,362.68530020703935,80705.20808080808,24549.906735751298,265129.73333333334,487378.1983805668,1.4962145748987852,511.7010101010101,1834.9818181818184,1937.149090909091,188.86505050505053,38.76886464646466,38014.0,499.4103975535168,600.891743119266,321.7894736842105,0.1291035656234817,259.2899797979798,300.98383838383836,3.4285269698909095,16.163774120853063,6.513454545454545,6.622525252525252,5.921797979797979,6.086343434343434,6.56220202020202,7.121555555555556,7.279151515151515,7.982343434343435,8.965616161616161,0.1090707070707071,-0.5916565656565657,-0.4271111111111111,0.0487474747474747,0.60810101010101,0.7656969696969697,1.468888888888889,2.452161616161616,98.29675840978594,2.6702779797979797,243.33970303030304,2.0719266666666667,1.1689523232323231,78.98989898989899,78.4121212121212,75.91010101010102,71.85959595959596,14.60349898989899,84.64808080808082,83.95232323232324,88.02848484848487,78.78484848484848,98.2169696969697,81.4351515151515,79.39979797979797,85.93353535353535,83.80262626262626,83.66343434343435,83.09454545454545,7.622060606060605,9.39589898989899,7.139212121212121,87.34809384164222,1384.67797979798,40138.836032388666,104975.23279352229,566.8529051987767,18.673539735099336,,,,,,,,,,,,,,,,,,,,,,,,,,,,,,,,
2000-05,4250.32883064516,4179.753,518670.2506265664,93637.37096774194,78.91146975806453,77.51958467741936,77.37753024193547,78.71978427419354,80.86708870967742,77.12320766129032,81.6054435483871,103048.61693548386,96814.27620967742,5.978427419354839,13.597782258064516,2619.6169354838707,1895.0846774193549,1720.366935483871,829.4637096774194,890.9012096774194,338.77016129032256,87643.60483870968,23731.397177419356,721.5866935483871,4199.258064516129,18810.552419354837,10956.969758064515,7853.582661290323,63912.207661290326,4959.334677419355,14850.104838709678,4973.784274193548,14889.05241935484,40.08971774193548,3.472782258064516,40.62016129032258,1511.719758064516,197.0625,313.63709677419354,638.7701612903226,362.304435483871,1379.8037190082644,192.4917355371901,281.9442148760331,542.5785123966942,362.99793388429754,80966.93951612903,24649.97416020672,265659.1048387097,489112.70707070705,1.4957171717171716,512.9217741935485,1840.8842741935484,1938.8524193548387,189.65907258064516,38.77251814516129,38018.56451612903,501.0716463414634,603.7567073170732,322.78222222222223,0.1290447067151515,261.7135080645161,304.0501209677419,3.4285269698909087,16.271841152754565,6.512459677419354,6.621572580645162,5.921270161290322,6.085786290322581,6.561370967741936,7.119818548387096,7.2765524193548385,7.981653225806451,8.964475806451613,0.1091129032258064,-0.5911895161290323,-0.4266733870967741,0.0489112903225806,0.6073588709677419,0.7640927419354839,1.4691935483870968,2.452016129032258,98.2907012195122,2.668252620967741,243.0620564516129,2.0709395161290325,1.169557056451613,79.10725806451613,78.53064516129032,76.0155241935484,71.93790322580645,14.625951612903226,84.71290322580644,84.12822580645161,88.11310483870967,78.93487903225805,98.5407258064516,81.5711693548387,79.49254032258065,86.15040322580646,83.98024193548386,83.82701612903226,83.26189516129033,7.637439516129033,9.412701612903229,7.153608870967743,87.41198830409357,1390.7995967741936,40302.393939393936,105556.29292929292,569.047256097561,18.69812026431718,,,,,,,,,,,,,,,,,,,,,,,,,,,,,,,,
2000-06,4257.278068410462,4186.0411471321695,519627.05,93982.7907444668,79.04350100603621,77.62814889336015,77.48953521126761,78.79897786720323,81.04042857142858,77.26943863179073,81.60462776659959,103123.94969818911,96890.5352112676,5.974647887323945,13.595774647887325,2619.4386317907447,1895.2012072434609,1719.595573440644,829.1569416498994,890.4366197183099,338.6740442655936,87738.8893360161,23744.863179074448,721.2213279678068,4209.356136820926,18814.285714285714,10961.93360160966,7852.352112676056,63994.02615694165,4960.022132796781,14866.613682092557,4976.533199195171,14901.778672032193,40.09094567404426,3.475452716297786,40.62273641851107,1511.8913480885312,196.9657947686117,313.6861167002012,638.9597585513078,362.33400402414486,1380.0742268041238,192.41030927835052,282.0020618556701,542.8680412371134,363.0020618556701,81245.36016096579,24743.275773195877,266194.2635814889,490486.0282258064,1.4953629032258062,514.1088531187123,1846.8440643863175,1940.5923541247485,190.4593561368209,38.77843460764587,38025.2676056338,502.76534954407293,606.6550151975684,323.7756048387097,0.1289845098487903,264.0410060362173,306.9719315895372,3.4285269698909087,16.271841152754565,6.511971830985915,6.621468812877264,5.921006036217303,6.085814889336016,6.560905432595574,7.118953722334004,7.27486921529175,7.981670020120724,8.964346076458753,0.1094969818913481,-0.5909657947686118,-0.4261569416498994,0.0489336016096579,0.6069818913480886,0.7628973843058351,1.4696981891348089,2.4523742454728374,98.29379939209728,2.666342655935613,242.79094668008048,2.0698088531187127,1.1702132796780684,79.22434607645876,78.64889336016097,76.12052313883301,72.02273641851107,14.654430583501007,84.77404426559356,84.3036217303823,88.19678068410464,79.08289738430582,98.86478873239436,81.70623742454728,79.58571428571429,86.36740442655933,84.15714285714286,83.98993963782696,83.42897384305834,7.653722334004025,9.43128772635815,7.167786720321932,87.4798833819242,1396.9583501006036,40464.88911290323,106138.63911290324,571.275075987842,18.721704615384613,,,,,,,,,,,,,,,,,,,,,,,,,,,,,,,,
2000-07,4257.278068410462,4186.0411471321695,519627.05,94339.80120481928,79.17497991967872,77.73503815261044,77.59979317269077,78.87551004016065,81.21545783132531,77.41725903614457,81.60441767068275,103199.5281124498,96967.41967871484,5.970682730923696,13.593373493975903,2619.389558232932,1894.9277108433737,1718.636546184739,828.6827309236947,889.9518072289156,338.6004016064257,87826.82931726908,23748.83935742972,720.8534136546185,4214.321285140562,18813.664658634538,10962.263052208837,7851.401606425703,64077.98995983936,4964.18875502008,14883.084337349395,4981.769076305221,14913.624497991968,40.092570281124495,3.4777108433734942,40.62469879518072,1511.9759036144578,196.84337349397592,313.6305220883534,639.2369477911647,362.3192771084337,1380.3786008230452,192.3230452674897,282.0617283950617,543.1399176954733,363.0617283950617,81574.74899598393,24863.143958868895,266780.6164658635,491875.3923541247,1.494989939637827,515.2917670682731,1852.7297188755024,1942.263855421687,191.25682730923697,38.77932530120482,38026.70883534136,504.219696969697,609.9542424242424,324.77847082494975,0.1289259015352112,266.44646586345385,309.989859437751,3.4148341104999993,16.271841152754565,6.512008032128513,6.62140562248996,5.920542168674698,6.085582329317269,6.560120481927711,7.117309236947792,7.272510040160642,7.981044176706828,8.963373493975904,0.1093975903614458,-0.5914658634538151,-0.426425702811245,0.0481124497991967,0.6053012048192771,0.7605020080321285,1.469036144578313,2.45136546184739,98.28909090909092,2.664285742971887,242.5165180722892,2.0686831325301207,1.1708293172690762,79.34277108433734,78.76907630522088,76.22751004016065,72.11987951807228,14.68891967871486,84.83433734939759,84.48032128514056,88.27851405622489,79.2359437751004,99.18955823293174,81.84257028112451,79.67811244979919,86.58534136546184,84.33554216867469,84.15441767068272,83.59718875502008,7.669116465863454,9.448092369477912,7.182128514056225,87.53488372093024,1403.046184738956,40464.88911290323,106138.63911290324,573.5275757575757,18.73397653508772,,,,,,,,,,,,,,,,,,,,,,,,,,,,,,,,
2000-08,4270.3829659318635,4198.328784119107,470773.9036751769,94691.71743486974,79.3081142284569,77.84124448897796,77.71124649298596,78.95366733466935,81.39675150300603,77.56667334669338,81.60480961923848,103274.0761523046,97043.13426853708,5.966733466933869,13.592785571142285,2619.0901803607217,1894.761523046092,1717.8597194388778,828.3326653306614,889.5250501002004,338.5130260521042,87914.4128256513,23752.845691382765,720.4949899799599,4219.23246492986,18813.118236472947,10962.6372745491,7850.480961923848,64161.56713426854,4968.428857715431,14899.603206412825,4987.002004008016,14924.92985971944,40.094589178356706,3.4799599198396796,40.62685370741484,1511.9839679358718,196.7234468937876,313.6673346693387,639.2785571142284,362.3687374749499,1380.64681724846,192.24845995893224,282.13141683778235,543.3921971252566,363.08213552361394,81833.48897795592,24958.73846153846,267356.4529058116,493282.2088353414,1.4946385542168674,516.4771543086173,1858.64248496994,1943.945090180361,192.05290581162325,38.78113226452906,38028.88176352705,505.9374622356495,613.1256797583081,325.7989959839358,0.1288642956546185,268.8644088176353,313.0151903807615,3.4148341104999993,16.36658282380645,6.512064128256513,6.62124248496994,5.92062124248497,6.085410821643286,6.559158316633266,7.115430861723446,7.2700601202404815,7.980380761523045,8.962144288577155,0.1091783567134268,-0.591442885771543,-0.4266533066132264,0.0470941883767535,0.6033667334669339,0.7579959919839679,1.4683166332665332,2.4500801603206415,98.28706948640485,2.662256913827655,242.24736973947896,2.0675587174348697,1.1714444889779558,79.46012024048096,78.88777555110221,76.33466933867737,72.21482965931862,14.719142284569136,84.90080160320642,84.65711422845692,88.35731462925852,79.3875751503006,99.51482965931864,81.97855711422847,79.76993987975952,86.80400801603206,84.5138276553106,84.3190380761523,83.76553106212425,7.684669338677355,9.465090180360722,7.196573146292585,87.59507246376812,1409.1885771543086,40803.9859437751,107325.63253012048,575.8643504531723,18.742567396061272,56.471563126252505,70.58589178356713,60.64863727454911,51.79769539078155,,,,,,,,,,,,,,,,,,,,,,,,,,,,
2000-09,4277.4592,4204.787871287129,470773.9036751769,95045.324,79.441992,77.950422,77.826778,79.036904,81.574264,77.71417799999999,81.6042,103349.012,97118.872,5.963,13.591599999999998,2619.04,1894.664,1717.192,828.034,889.156,338.462,88001.788,23756.704,720.13,4224.138,18812.436,10962.956,7849.48,64245.084,4972.582,14916.216,4992.24,14936.08,40.0962,3.482,40.6282,1512.066,196.636,313.666,639.434,362.384,1380.8627049180327,192.14139344262296,282.16803278688525,543.5983606557377,363.16188524590166,82098.5,25063.153452685423,267931.204,494686.8136272545,1.4943086172344686,517.6328,1864.372,1945.4848,192.846,38.782562000000006,38030.658,507.6265060240964,616.1813253012049,326.79699398797595,0.1288042264629258,271.2976,316.00534,3.4148341104999993,16.36658282380645,6.51204,6.62098,5.92096,6.08538,6.5584,7.11332,7.267180000000001,7.97952,8.960740000000001,0.10894,-0.5910799999999999,-0.42666,0.04636,0.60128,0.75514,1.46748,2.4487,98.2898795180723,2.6603622,241.9790358,2.0664014,1.1720672,79.5762,79.00520000000002,76.4408,72.308,14.752144,84.969,84.8348,88.4362,79.5352,99.841,82.1126,79.8608,87.026,84.69279999999999,84.48259999999999,83.93480000000001,7.70022,9.482,7.211120000000001,87.65202312138727,1415.4832,40803.9859437751,107325.63253012048,578.1331325301206,18.74637030567686,56.57332000000001,70.62711999999999,60.74212000000001,51.91608,,,,,,,,,,,,,,,,,,,,,,,,,,,,
2000-10,4284.483632734531,4211.1925925925925,472539.1800604762,95400.54690618762,79.57454491017963,78.05930538922155,77.9422355289421,79.12046506986029,81.74857085828343,77.86166866267465,81.60339321357286,103423.44311377246,97194.80439121756,5.958882235528943,13.588223552894211,2618.7764471057885,1894.309381237525,1716.2115768463077,827.5828343313374,888.626746506986,338.3992015968064,88089.21756487025,23760.327345309383,719.7564870259481,4229.087824351297,18811.483033932134,10963.067864271456,7848.415169660679,64328.890219560875,4976.770459081837,14932.78243512974,4997.4670658682635,14947.21357285429,40.09700598802395,3.4838323353293417,40.629341317365274,1512.0918163672654,196.57085828343313,313.622754491018,639.4870259481038,362.4650698602794,1381.1431492842537,192.07361963190183,282.2269938650307,543.8548057259713,363.1942740286299,82377.55688622754,25170.23214285714,268525.4151696607,496112.1,1.494,518.7840319361277,1870.3518962075848,1947.19001996008,193.64011976047905,38.78351497005987,38032.15968063872,509.345045045045,619.2336336336336,327.81640000000004,0.12874736227,273.68632734530934,318.8993013972056,3.401066060740519,16.36658282380645,6.512055888223553,6.620678642714571,5.921117764471058,6.085169660678643,6.55754491017964,7.110958083832335,7.264251497005988,7.978802395209581,8.959520958083832,0.1086227544910179,-0.590938123752495,-0.4268862275449102,0.0454890219560878,0.5989021956087824,0.7521956087824352,1.466746506986028,2.4474650698602796,98.2972972972973,2.6585622754491016,241.7092922155689,2.0651383233532936,1.172694610778443,79.69441117764471,79.12534930139721,76.54830339321359,72.41297405189621,14.790323353293411,85.04710578842315,85.0119760479042,88.5187624750499,79.68542914171657,100.16786427145708,82.2487025948104,79.95129740518962,87.24530938123752,84.87145708582834,84.64750499001995,84.10339321357286,7.715708582834331,9.498922155688623,7.225548902195609,87.70720461095101,1421.7534930139725,41162.592,108537.89,580.334834834835,18.75419193899782,56.675968063872254,70.66814371257485,60.83742514970061,52.03508982035928,,,,,,,,,,,,,,,,,,,,,,,,,,,,
2000-11,4291.420119521912,4217.49039408867,472539.1800604762,95754.05179282869,79.70934661354582,78.16875498007967,78.0566374501992,79.19910756972112,81.92843027888446,78.01180278884462,81.60338645418327,103498.13346613546,97270.95418326692,5.954780876494024,13.58585657370518,2618.533864541833,1893.9282868525895,1715.422310756972,827.3585657370518,888.0617529880478,338.3486055776892,88176.34462151394,23764.09760956175,719.410358565737,4234.099601593625,18810.58764940239,10963.22908366534,7847.358565737052,64412.24701195219,4980.97609561753,14949.16733067729,5002.719123505976,14958.314741035856,40.098406374502,3.485657370517928,40.63087649402391,1512.1195219123506,196.4820717131474,313.63346613545815,639.6414342629482,362.4163346613546,1381.4795918367347,191.9918367346939,282.31836734693877,544.1326530612245,363.24285714285713,82627.43227091634,25262.52417302799,269100.37051792827,497530.0399201597,1.4936726546906187,519.9426294820717,1876.533466135458,1949.009561752988,194.43565737051796,38.783647410358576,38032.95617529881,511.0649700598803,622.3185628742516,328.82854291417163,0.1286883821297405,275.91033864541834,321.57669322709165,3.401066060740519,16.45055648981563,6.512051792828685,6.620478087649404,5.9214940239043825,6.085079681274901,6.556454183266933,7.108306772908366,7.261215139442231,7.977948207171314,8.95828685258964,0.1084262948207171,-0.5905577689243029,-0.4269721115537848,0.044402390438247,0.5962549800796813,0.7491633466135459,1.4658964143426294,2.446235059760957,98.30934131736528,2.6568011952191233,241.44382131474103,2.063914143426295,1.1733715139442231,79.81394422310757,79.24741035856573,76.65597609561753,72.53207171314742,14.826756972111552,85.11792828685259,85.1890438247012,88.60179282868526,79.83386454183267,100.49501992031873,82.38386454183266,80.04123505976095,87.46513944223108,85.05,84.81195219123504,84.2719123505976,7.731254980079682,9.51585657370518,7.24003984063745,87.75919540229884,1428.223705179283,41340.111776447106,109161.36726546906,582.5889221556887,18.774756739130435,56.778406374502,70.70880478087649,60.93211155378487,52.154163346613544,,,,,,,,,,,,,,,,,,,,,,,,,,,,
2000-12,4298.457256461233,4223.894348894349,473415.81443161296,96103.21073558649,79.99863419483101,78.57703976143141,78.49203578528827,79.51798210735588,82.09005367793242,78.33120477137176,81.64294234592445,103572.79324055664,97346.70377733598,5.95089463220676,13.583499005964216,2618.3916500994037,1893.7077534791256,1714.658051689861,827.1749502982108,887.4811133200795,338.3638170974155,88263.13916500994,23767.940357852884,719.0536779324055,4239.097415506958,18809.789264413517,10963.471172962229,7846.318091451292,64495.19880715706,4985.2027833001985,14965.69184890656,5007.988071570577,14969.24254473161,40.09980119284294,3.487475149105368,40.63220675944334,1512.224652087475,196.3638170974155,313.6500994035785,639.7296222664016,362.5347912524851,1381.9205702647655,191.9429735234216,282.3421588594705,544.4969450101833,363.34419551934826,82876.14711729622,25355.002538071065,269680.95427435386,498961.95219123503,1.493406374501992,521.0894632206758,1879.9538767395627,1948.848906560636,195.2330019880716,38.78366401590457,38033.90258449304,512.7423880597015,625.3794029850745,329.8862549800796,0.1286358331474103,278.10145129224645,324.1921471172962,3.401066060740519,16.45055648981563,6.512047713717694,6.620278330019881,5.921988071570577,6.085029821073559,6.555526838966204,7.105506958250498,7.258151093439364,7.9768986083499,8.956938369781312,0.1082306163021869,-0.5900596421471173,-0.4270178926441352,0.0434791252485089,0.5934592445328033,0.7461033797216701,1.464850894632207,2.4448906560636186,98.32397014925373,2.6550538767395624,241.18053240556665,2.062645526838966,1.1741055666003977,79.93359840954274,79.36938369781312,76.76322067594434,72.64214711729622,14.865669980119282,85.17534791252484,85.36600397614313,88.68349900596422,79.98270377733598,100.82186878727636,82.51888667992047,80.13121272365805,87.68489065606362,85.22882703777337,84.97634194831012,84.44055666003977,7.747097415506959,9.533081510934394,7.254831013916502,87.81604584527221,1433.3632206759444,41520.31075697211,109817.4203187251,585.2716417910449,18.79739696312365,56.87978131212724,70.74948310139165,61.026759443339955,52.27139165009939,,,,,,,,,,,,,,,,,,,,,,,,,,,,
2001-01,4298.457256461233,4223.894348894349,474279.96420366154,96450.62698412698,80.13007341269841,78.69051587301587,78.61176388888889,79.60200992063493,82.25475992063492,78.47595238095238,81.63710317460318,103648.39484126984,97423.34722222222,5.94781746031746,13.58095238095238,2617.9821428571427,1893.7242063492065,1713.8511904761904,826.7876984126984,887.063492063492,338.3988095238095,88349.71230158731,23771.48611111111,718.6944444444445,4244.039682539683,18808.751984126982,10963.585317460318,7845.166666666667,64578.22619047619,4989.3650793650795,14982.099206349209,5013.253968253968,14980.037698412698,40.09920634920635,3.4884920634920635,40.63194444444444,1512.3670634920634,196.30753968253967,313.54563492063494,639.8571428571429,362.7103174603174,1382.1747967479675,191.84756097560975,282.3028455284553,544.7459349593496,363.4837398373984,82876.49900596422,25354.167512690354,269680.4910536779,500398.8270377734,1.4931411530815109,522.2170634920635,1886.0113095238096,1950.5908730158728,196.0295634920635,38.78318452380952,38034.494047619046,514.453869047619,628.4288690476191,330.94254473161027,0.1285829474552683,280.19039682539676,326.6449206349206,3.3879219210555553,16.45055648981563,6.5118253968253965,6.619702380952381,5.921686507936508,6.0842261904761905,6.553630952380953,7.101666666666667,7.254146825396826,7.975376984126984,8.955079365079365,0.1078769841269841,-0.5901388888888888,-0.4275992063492063,0.0418055555555555,0.5898412698412698,0.7423214285714286,1.4635515873015872,2.4432539682539685,98.33303571428571,2.6531301587301583,240.92463650793653,2.0614555555555563,1.174795634920635,80.05238095238096,79.49007936507937,76.87023809523811,72.76805555555555,14.892642857142857,85.2375,85.54285714285714,88.76388888888887,80.13055555555556,101.14920634920634,82.65337301587302,80.22123015873017,87.90496031746032,85.40714285714286,85.14067460317459,84.60892857142859,7.762738095238096,9.550099206349206,7.269444444444445,87.8462857142857,1439.7660714285716,41691.840954274354,110473.84691848909,587.5005952380952,18.821871212121213,56.879781312127236,70.74948310139165,61.02675944333996,52.27139165009941,,,,,,,,,,,,,,,,,,,,,,,,,,,,
2001-02,4305.374206349206,4230.176715686274,475128.53882751113,96801.43762376238,80.26314257425743,78.80155049504951,78.72778613861387,79.68255049504951,82.42889702970297,78.62287326732672,81.63188118811883,103724.2495049505,97499.73465346536,5.944356435643565,13.579009900990098,2617.9722772277228,1893.889108910891,1713.1722772277228,826.5980198019802,886.5742574257425,338.41980198019803,88436.2099009901,23775.174257425744,718.3544554455445,4249.19603960396,18807.62376237624,10963.5801980198,7844.043564356436,64661.035643564355,4993.489108910891,14998.588118811882,5018.548514851485,14990.78415841584,40.099603960396045,3.48970297029703,40.63247524752475,1512.6158415841585,196.17029702970297,313.6554455445545,640.0554455445545,362.7881188118812,1382.868154158215,191.75862068965515,282.4259634888438,545.1805273833671,363.7079107505071,83376.13663366337,25575.760101010103,270877.4712871287,501827.1428571429,1.492876984126984,523.2134653465346,1891.9980198019805,1952.0697029702972,196.83227722772276,38.7851900990099,38037.837623762374,516.3454005934718,631.4899109792285,331.9974206349207,0.1285306404761904,282.28037623762367,329.0981188118812,3.3879219210555553,16.523810556191233,6.510772277227723,6.61750495049505,5.920158415841585,6.081980198019801,6.550178217821783,7.097227722772277,7.25,7.973742574257426,8.953049504950497,0.1067326732673267,-0.5906138613861386,-0.4287920792079208,0.0394059405940594,0.5864554455445544,0.7392277227722772,1.4629702970297032,2.4422772277227724,98.33875370919884,2.651105148514851,240.6785914851485,2.0602992079207927,1.1754459405940594,80.1750495049505,79.61623762376237,76.97881188118812,72.93326732673268,14.921726732673267,85.29762376237625,85.72,88.84376237623762,80.28732673267328,101.47762376237624,82.79049504950494,80.31168316831683,88.12475247524752,85.58732673267328,85.30851485148514,84.77742574257427,7.778475247524754,9.56750495049505,7.283920792079208,87.86581196581194,1446.1374257425744,41852.1746031746,111136.00198412698,589.679525222552,18.841327213822893,56.98200396825397,70.79,61.120734126984125,52.39045634920635,,,,,,,,,,,,,,,,,,,,,,,,,,,,
2001-03,4319.310079051384,4242.753658536585,476832.5901588873,97154.74308300397,80.39322924901187,78.91419367588934,78.84504347826086,79.76631225296443,82.59126086956522,78.76706126482213,81.62529644268777,103799.40118577077,97575.45652173914,5.940909090909091,13.577667984189722,2618.3260869565215,1893.4446640316205,1712.7312252964427,826.5316205533596,886.199604743083,338.4525691699605,88522.75296442688,23778.715415019764,718.0296442687747,4254.446640316206,18806.239130434784,10963.446640316206,7842.792490118577,64744.03754940711,4997.583003952569,15014.881422924902,5023.808300395257,15001.857707509882,40.09940711462451,3.490118577075098,40.63241106719368,1512.903162055336,196.08893280632412,313.7667984189723,640.3083003952569,362.79249011857706,1383.4595141700404,191.7591093117409,282.52024291497975,545.5688259109312,363.8157894736842,83600.93280632411,25658.91687657431,271464.33399209485,503258.0792079208,1.4926336633663366,524.3498023715415,1898.5725296442688,1954.2782608695652,197.64288537549405,38.786675889328066,38040.71146245059,518.1576923076924,634.6257396449704,333.1142574257426,0.1284848071920792,284.3030434782608,331.4543873517786,3.3879219210555553,16.523810556191233,6.508754940711463,6.614683794466403,5.918102766798419,6.079268774703556,6.546482213438735,7.092865612648221,7.245750988142293,7.97201581027668,8.950909090909091,0.1059288537549407,-0.5906521739130434,-0.4294861660079051,0.0377272727272727,0.5841106719367589,0.7369960474308299,1.4632608695652176,2.4421541501976285,98.3474852071006,2.6491634387351772,240.4326529644269,2.059098023715415,1.1761300395256915,80.29703557312254,79.74209486166008,77.08695652173913,73.05750988142292,14.950754940711462,85.36146245059288,85.898814229249,88.92450592885375,80.43715415019764,101.80830039525692,82.92569169960476,80.4013833992095,88.34782608695652,85.76778656126483,85.47509881422926,84.94762845849803,7.794189723320159,9.5848023715415,7.298458498023717,87.87357954545455,1453.1719367588933,42001.97227722773,111798.10891089108,592.0,18.85709892241379,57.18683794466403,70.8695256916996,61.31,52.629110671936765,,,,,,,,,,,,,,,,,,,,,,,,,,,,
2001-04,4326.348717948717,4249.1211678832115,477666.2332613401,97504.66469428009,80.52181854043394,79.0247120315582,78.9635798816568,79.85314990138069,82.75335108481262,78.91019132149901,81.61794871794872,103874.48717948716,97650.81065088758,5.93767258382643,13.57652859960552,2618.4358974358975,1893.6390532544376,1712.34516765286,826.5069033530572,885.8382642998027,338.5285996055227,88609.20907297831,23782.069033530577,717.698224852071,4259.629191321499,18804.741617357,10963.205128205129,7841.536489151874,64827.14003944773,5001.668639053254,15031.39842209073,5029.092702169625,15012.984220907298,40.099999999999994,3.4909270216962525,40.632741617357006,1513.1104536489152,196.01972386587772,313.8895463510848,640.396449704142,362.85798816568047,1383.9575757575758,191.66666666666663,282.6020202020202,545.9494949494949,363.9434343434343,83840.2761341223,25748.91959798995,272063.83037475345,504671.6403162055,1.492391304347826,525.5067061143984,1904.835305719921,1956.0998027613416,198.44930966469423,38.784566074950696,38039.96055226825,519.9221238938053,637.7106194690265,334.20000000000005,0.1284346963339921,286.0812426035503,333.5060552268244,3.3753466202958577,16.523810556191233,6.506390532544378,6.61112426035503,5.915147928994083,6.075719921104536,6.542051282051283,7.088027613412228,7.241104536489152,7.970059171597634,8.948717948717949,0.1047337278106509,-0.5912426035502958,-0.4306706114398422,0.0356607495069033,0.58163708086785,0.7347140039447732,1.4636686390532545,2.44232741617357,98.36401179941004,2.6472731755424057,240.19808165680476,2.057885798816568,1.1768846153846155,80.41834319526627,79.86686390532545,77.19408284023669,73.1785009861933,14.974994082840237,85.42268244575938,86.07712031558185,89.00591715976331,80.5836291913215,102.1396449704142,83.05956607495068,80.49013806706114,88.57120315581855,85.94753451676527,85.64063116370808,85.11715976331361,7.810078895463512,9.602347140039448,7.313076923076924,87.88385269121812,1459.9968441814597,42153.15415019763,112462.7371541502,594.219174041298,18.886273118279572,57.289368836291914,70.90836291913213,61.40406311637081,52.74923076923077,,,,,,,,,,,,,,,,,,,,,,,,,,,,
2001-05,4333.382283464567,4255.486650485437,478493.9211641777,97854.23228346456,80.64457874015747,79.13121259842521,79.07744488188978,79.936812992126,82.90616535433071,79.04458858267716,81.60688976377953,103949.05905511812,97725.02952755906,5.93484251968504,13.574606299212595,2619.1043307086616,1893.8031496062993,1711.9251968503936,826.3740157480315,885.5511811023622,338.65944881889766,88694.72637795276,23785.17125984252,717.3858267716536,4264.744094488189,18803.041338582676,10962.826771653545,7840.214566929134,64909.555118110235,5005.736220472441,15047.75590551181,5034.38779527559,15024.086614173228,40.1005905511811,3.4915354330708666,40.63287401574803,1511.8248031496064,196.0275590551181,312.9271653543307,640.1555118110236,362.76771653543307,1385.1975806451612,191.74395161290323,282.7883064516129,546.6935483870968,364.17540322580646,82366.74928783464,25746.01256281407,268408.9467996063,506070.9072978304,1.4921499013806705,526.6714566929135,1911.2187007874013,1957.9807086614176,199.2505905511811,38.78418110236221,38040.94094488189,521.6647058823529,640.7897058823529,335.26528599605524,0.1283817693313609,287.8602952755905,335.54966535433067,3.3753466202958577,16.5795278176396,6.5030314960629925,6.606909448818898,5.9111220472440955,6.071338582677165,6.537007874015749,7.083444881889764,7.236968503937008,7.968543307086614,8.946988188976377,0.1038779527559055,-0.5919094488188975,-0.4316929133858267,0.0339763779527559,0.5804133858267716,0.7339370078740158,1.465511811023622,2.4439566929133862,98.3835588235294,2.6454342519685032,239.968894488189,2.056659251968504,1.1776344488188977,80.53976377952756,79.99173228346457,77.3001968503937,73.303937007874,14.99947244094488,85.47637795275591,86.25570866141733,89.08366141732283,80.73228346456695,102.47185039370078,83.19429133858267,80.5781496062992,88.79448818897639,86.1277559055118,85.80649606299212,85.28700787401576,7.825905511811024,9.619507874015746,7.327775590551181,87.8822033898305,1467.007874015748,42305.01972386588,113130.74556213018,596.4544117647059,18.914939914163092,57.39177165354331,70.94663385826772,61.49864173228346,52.86889763779528,110093.2818181818,,,,,,,,,,,,,,,,,,,,,,,,,,,
2001-06,4333.382283464567,4255.486650485437,478493.9211641777,103711.49611856582,80.76554027504912,79.2347583497053,79.18764440078586,80.01624361493124,83.05943614931239,79.17845383104125,81.59489194499018,104022.38506876228,97798.46365422398,5.931827111984283,13.571905697445974,2619.222003929273,1894.066797642436,1711.4774066797645,826.4243614931238,885.0530451866405,338.7976424361493,88794.4931237721,23790.178781925344,717.3005893909627,4270.426326129666,18802.451866404714,10964.520628683693,7837.931237721022,65004.31434184676,5008.64047151277,15071.096267190567,5037.159135559921,15039.673870333989,40.10294695481336,3.4952848722986247,40.63654223968566,1512.092337917485,195.9056974459725,313.0294695481336,640.3064833005894,362.90373280943027,1385.6720321931589,191.64989939637823,282.85915492957747,547.1006036217303,364.26559356136823,82571.20557607072,30885.4523249275,269008.06871159136,499788.7999895078,1.5437866975767718,527.8318271119844,1917.824754420432,1959.977996070727,200.06444007858545,38.78535559921414,38043.15520628683,523.259530791789,643.8337243401759,336.34763779527555,0.1283310978976378,289.7905697445972,337.7815127701375,3.3753466202958577,16.5795278176396,6.498526522593321,6.601709233791749,5.906620825147348,6.066522593320235,6.531591355599214,7.079214145383103,7.233339882121808,7.967210216110019,8.945265225933204,0.1031827111984283,-0.5919056974459724,-0.4320039292730844,0.0330648330058939,0.5806876227897839,0.7348133595284871,1.4686836935166996,2.446738703339882,98.40275659824046,2.643680550098231,239.7366730844794,2.0554212180746565,1.1783485265225933,80.66090373280943,80.11669941060904,77.4064833005894,73.43379174852653,15.026271119842828,85.53005893909628,86.43497053045186,89.15874263261296,80.88408644400788,102.80432220039296,83.32946954813359,80.66502946954813,89.01846758349704,86.30864440078587,85.97288801571709,85.45756385068762,7.841375245579568,9.636129666011788,7.341748526522593,87.8938028169014,1475.0064833005897,42471.38188976378,113776.03346456694,598.708504398827,18.9303147751606,57.39177165354331,70.94663385826772,61.49864173228346,52.86889763779528,110242.90990990993,,,,,,,,,,,,,,,,,,,,,,,,,,,
2001-07,4349.2956862745095,4270.290579710146,478493.9211641777,104084.761812451,80.88706274509805,79.33925098039217,79.29945882352942,80.09929019607844,83.2125,79.31337058823529,81.58352941176472,104095.58431372549,97871.27450980392,5.929019607843138,13.570784313725492,2619.5941176470587,1894.4392156862743,1711.1411764705883,826.3803921568627,884.7627450980392,338.9372549019608,88880.08039215686,23792.996078431373,717.0019607843137,4275.550980392157,18800.4431372549,10964.001960784311,7836.441176470588,65087.08431372549,5012.588235294118,15087.77843137255,5042.252941176471,15050.964705882352,40.10352941176471,3.4962745098039214,40.63666666666667,1512.349019607843,195.79019607843136,313.10196078431375,640.521568627451,362.98823529411766,1386.0763052208836,191.55020080321285,282.97791164658634,547.4317269076305,364.3192771084337,82768.32085925489,30958.301571,269604.40387098043,501155.065608389,1.5435435017072692,529.0000000000001,1924.2792156862745,1961.8766666666668,200.87549019607843,38.78423921568627,38043.0431372549,524.8111111111111,646.9061403508773,337.4353634577603,0.1282539719390963,291.6511960784313,339.9231176470588,3.3630277451960784,16.5795278176396,6.493568627450981,6.596,5.901882352941176,6.061392156862745,6.525803921568627,7.074764705882353,7.229509803921569,7.965666666666667,8.943352941176471,0.1024313725490196,-0.5916862745098039,-0.4321764705882353,0.032235294117647,0.5811960784313724,0.7359411764705883,1.4720980392156862,2.44978431372549,98.42447368421053,2.641998039215686,239.50650509803924,2.0541400000000003,1.1790272549019607,80.78039215686276,80.23941176470588,77.51176470588237,73.5443137254902,15.05092549019608,85.57980392156863,86.61431372549019,89.2327450980392,81.03470588235295,103.13745098039216,83.46392156862746,80.75117647058825,89.24333333333334,86.48960784313725,86.13921568627451,85.62823529411764,7.857156862745098,9.653039215686274,7.3563921568627455,87.90702247191011,1482.28568627451,42638.80746561886,114439.89587426328,600.9549707602339,18.93965256410257,57.60027450980392,71.01876470588233,61.68690196078431,53.116137254901965,110428.90178571428,,,,,,,,,,,,,,,,,,,,,,,,,,,
2001-08,4356.484931506849,4276.743373493976,478493.9211641777,104448.91883434444,81.01142074363992,79.44572798434442,79.41336399217221,80.18661448140901,83.37002544031313,79.44975146771037,81.57299412915852,104169.31898238749,97944.67514677104,5.926223091976517,13.568688845401176,2619.5792563600785,1894.9393346379647,1710.8982387475537,826.5929549902153,884.3072407045009,339.04696673189824,88965.40704500978,23795.608610567513,716.706457925636,4280.590998043052,18798.311154598825,10963.375733855186,7834.93542074364,65169.79843444227,5016.514677103718,15104.45988258317,5047.293542074364,15062.36203522505,40.10371819960861,3.4968688845401177,40.636790606653626,1512.6007827788649,195.7299412915851,313.0919765166341,640.812133072407,363.01956947162427,1386.4468937875752,191.48897795591185,283.06012024048096,547.7434869739479,364.3567134268538,82962.09518242661,31030.60181584826,270189.2406540118,502500.69096994115,1.543320867390196,530.1818003913895,1930.8084148727987,1963.8409001956948,201.69510763209396,38.785273972602745,38044.97651663405,526.3871720116618,650.0492711370263,338.5109803921568,0.1282013653607843,293.4374951076321,341.9696281800391,3.3630277451960784,16.620848658874014,6.488238747553815,6.590176125244618,5.89720156555773,6.056281800391389,6.520117416829746,7.070234833659491,7.225616438356164,7.964031311154599,8.941448140900196,0.1019373776908023,-0.5910371819960861,-0.4319569471624266,0.0318786692759295,0.5819960861056751,0.7373776908023483,1.4757925636007827,2.45320939334638,98.44650145772596,2.64026614481409,239.2814397260274,2.0528888454011747,1.1797156555772994,80.89686888454013,80.3577299412916,77.61389432485323,73.6275929549902,15.07323287671233,85.6228962818004,86.79197651663405,89.30489236790606,81.17769080234834,103.46986301369864,83.59549902152642,80.83659491193738,89.46771037181996,86.66849315068494,86.30332681017613,85.79726027397261,7.872974559686889,9.669921722113504,7.371076320939334,87.91960784313724,1489.6771037181995,42638.80746561886,114439.89587426328,603.241690962099,18.952273773987205,57.70160469667319,71.05592954990216,61.779608610567514,53.23587084148728,110726.23684210528,,,,,,,,,,,,,,,,,,,,,,,,,,,
2001-09,4356.484931506849,4276.743373493976,459604.41583606985,104818.5478991211,81.128599609375,79.5461015625,79.51844921875,80.26353515625,83.518365234375,79.57883789062501,81.558984375,104241.9375,98015.86328125,5.92421875,13.5681640625,2620.330078125,1895.33984375,1711.10546875,826.896484375,884.2109375,339.162109375,89050.189453125,23797.865234375,716.412109375,4285.66796875,18795.78515625,10962.4765625,7833.30859375,65252.32421875,5020.416015625,15121.015625,5052.306640625,15073.978515625,40.1044921875,3.4984374999999996,40.637109375,1512.58203125,195.640625,313.154296875,640.83203125,363.0078125,1386.816,191.41,283.11,548.05,364.448,83151.62819964843,31100.109007372204,270761.9940902344,503833.7541970058,1.543079534968689,531.3792968749999,1937.3599609375,1965.8208984375,202.5265625,38.786912109374995,38047.703125,527.9715116279069,653.0662790697673,339.59745596868885,0.1281495205988258,295.1661328125,343.952890625,3.3630277451960784,16.620848658874017,6.482695312500001,6.5840234375,5.89224609375,6.05087890625,6.51416015625,7.065351562499999,7.2212109375,7.962187500000001,8.93931640625,0.1013281249999999,-0.5904492187499999,-0.43181640625,0.0314648437499999,0.58265625,0.738515625,1.4794921875,2.45662109375,98.46171511627908,2.6383921875,239.0511380859375,2.051686328125,1.180419140625,81.014453125,80.477734375,77.71503906250001,73.70429687500001,15.0974453125,85.6591796875,86.969140625,89.375390625,81.31875,103.80390625,83.7255859375,80.92109375000001,89.6927734375,86.846875,86.46640624999999,85.9658203125,7.88884765625,9.686796875,7.385859375,87.92960893854749,1497.06015625,42972.996086105675,115771.76516634053,605.6517441860466,18.963567659574466,57.70160469667319,71.05592954990216,61.77960861056752,53.23587084148728,110726.23684210528,,,,,,,,,,,,,,,,,,,,,,,,,,,
2001-10,4363.637890624999,4283.20264423077,460364.3895819875,105173.82558352826,81.24473684210527,79.64420662768032,79.62147953216375,80.34013645224171,83.66806432748537,79.70654580896687,81.54433528265108,104315.91033138402,98088.30994152046,5.9222222222222225,13.567251461988304,2620.610136452242,1896.2475633528263,1711.4424951267056,827.4074074074074,884.0370370370371,339.3879142300195,89134.3118908382,23799.93372319688,716.1325536062378,4290.643274853801,18793.157894736843,10961.491228070176,7831.666666666667,65334.37816764133,5024.2397660818715,15137.43469785575,5057.339181286549,15085.666666666666,40.10448343079922,3.4988304093567253,40.63664717348927,1512.7797270955166,195.5185185185185,313.0974658869396,641.0506822612085,363.1656920077973,1387.0978043912176,191.30938123752497,283.1576846307385,548.3213572854291,364.5109780439122,83312.45738444444,31150.982499928217,271311.6627177388,505155.6843645898,1.5428391452519532,532.6424951267056,1944.0797270955163,1967.878947368421,203.40721247563351,38.82341910331383,38079.05068226121,529.4788405797102,656.4814492753623,340.666015625,0.1280967365488281,296.6270955165692,345.6294736842105,3.3514407877387917,16.620848658874017,6.476042884990253,6.57672514619883,5.885906432748539,6.044210526315789,6.506959064327485,7.059610136452242,7.216354775828461,7.9606432748538,8.937543859649123,0.100682261208577,-0.5901364522417154,-0.4318323586744639,0.0309161793372319,0.5835672514619883,0.7403118908382066,1.4846003898635478,2.461500974658869,98.47547826086956,2.6364339181286547,238.81636335282653,2.0505403508771933,1.1811744639376218,81.13255360623782,80.59863547758285,77.81598440545808,73.77212475633529,15.118463937621836,85.69824561403509,87.14697855750488,89.44697855750488,81.46413255360625,104.13820662768032,83.8578947368421,81.0046783625731,89.91656920077972,87.02592592592592,86.63040935672515,86.13489278752436,7.904697855750487,9.70374269005848,7.40056530214425,87.9125348189415,1504.7058479532163,43149.03125,116437.498046875,608.0953623188408,19.01384819532909,57.80248046875,71.09171875,61.87148437500001,53.3549609375,110888.82608695651,,,,,,,,,,,,,,,,,,,,,,,,,,,
2001-11,4370.784405458089,4289.621822541966,461127.4278835852,105565.90763492216,81.32235992217899,79.63996692607003,79.6417412451362,80.36091245136187,83.76676848249026,79.80916926070039,81.50724124513617,104389.81517509728,98159.27042801556,5.921206225680934,13.56614785992218,2621.6692607003893,1897.558365758755,1712.1245136186772,828.0817120622568,884.0447470817121,339.6809338521401,89217.34435797666,23801.653696498055,715.8385214007782,4295.589494163424,18790.22568093385,10960.289883268482,7829.93579766537,65415.6906614786,5028.009727626459,15153.591439688716,5062.34046692607,15097.278210116732,40.10428015564202,3.4996108949416347,40.6363813229572,1512.8735408560312,195.40077821011673,313.1575875486381,641.2665369649806,363.1011673151751,1387.2928286852589,191.23306772908367,283.17330677290835,548.5756972111553,364.5119521912351,83506.21524945524,31206.75538264444,271866.457148249,506458.22689019487,1.5426581722592592,533.8867704280156,1950.8324902723737,1969.9821011673152,204.26517509727628,38.83461284046693,38091.44552529183,530.9846820809249,659.6034682080924,341.76218323586744,0.1280478149337232,298.1445330739299,347.3779766536965,3.3514407877387917,16.669089511483367,6.46828793774319,6.568385214007782,5.878657587548639,6.036575875486382,6.498832684824903,7.053482490272373,7.211206225680935,7.958832684824903,8.935544747081714,0.1000972762645914,-0.5896303501945526,-0.4317120622568093,0.030544747081712,0.585194552529183,0.7429182879377432,1.490544747081712,2.4672568093385214,98.49190751445086,2.6344869649805447,238.58803112840468,2.0493721789883272,1.181934241245136,81.24571984435798,80.7136186770428,77.91245136186771,73.81536964980546,15.132260700389104,85.7330739299611,87.32295719844358,89.51964980544747,81.6023346303502,104.47354085603114,83.98735408560312,81.08793774319065,90.1398832684825,87.20272373540855,86.7920233463035,86.30214007782102,7.920603112840467,9.720603112840468,7.415408560311285,87.89805555555556,1512.5340466926068,43309.75438596491,117150.29044834308,610.2468208092487,19.04654533898305,57.90263157894736,71.12674463937621,61.96539961013645,53.47192982456141,111005.83620689657,,,,,,,,,,,,,,,,,,,,,,,,,,,
2001-12,4384.73436893204,4302.07923627685,462609.56824201485,105926.62820262134,81.43292427184466,79.73303106796116,79.73968737864077,80.44035533980582,83.90731844660195,79.93183495145632,81.49202718446602,104463.31844660194,98229.02718446602,5.920776699029126,13.567961165048544,2622.7087378640776,1898.9223300970873,1713.4563106796118,828.8621359223301,884.5961165048544,339.91650485436895,89299.39611650485,23803.287378640776,715.5572815533981,4300.6135922330095,18787.11650485437,10958.93786407767,7828.1786407766995,65496.10873786408,5031.745631067961,15169.590291262137,5067.335922330097,15108.633009708738,40.10446601941747,3.5,40.63592233009709,1513.095145631068,195.37864077669903,313.2699029126214,641.3941747572816,363.104854368932,1387.7057654075547,191.1590457256461,283.26441351888667,548.9562624254473,364.5268389662028,83684.30026838834,31268.339728992607,272408.08538679616,507723.6758651167,1.5423611719241246,535.1132038834951,1956.7753398058253,1971.6153398058252,205.12,38.8367495145631,38094.858252427184,382.4994174757282,461.9891262135923,344.89941634241245,0.1282539484241245,299.75916504854365,349.25052427184465,3.3514407877387917,16.669089511483367,6.45978640776699,6.559514563106796,5.870873786407767,6.028504854368932,6.4904466019417475,7.047495145631067,7.206233009708738,7.956912621359223,8.933359223300972,0.0997281553398058,-0.5889126213592232,-0.4312815533980583,0.0306601941747572,0.5877087378640777,0.7464466019417477,1.4971262135922332,2.47357281553398,98.51201729106629,2.6325770873786407,238.36243398058255,2.0481803883495147,1.1827308737864075,81.35611650485437,80.82504854368932,78.00679611650486,73.87242718446602,15.141071844660194,85.76543689320388,87.49825242718447,89.58970873786407,81.73553398058253,104.81029126213592,84.11417475728156,81.17106796116506,90.36407766990293,87.37883495145631,86.95223300970873,86.4685436893204,7.936543689320388,9.737650485436896,7.430116504854369,87.88698060941829,1520.7003883495147,43619.46303501946,118013.8112840467,444.69728155339806,19.06601183932347,58.10452427184466,71.19658252427185,62.14728155339807,53.7118640776699,111123.33333333331,,,,,,,,,,,,,,,,,,,,,,,,,,,
2002-01,4391.791666666667,4308.377142857143,463365.2797599915,106295.77233401162,81.53875968992249,79.82205232558138,79.83354844961241,80.51436240310078,84.04186821705426,80.04961627906977,81.47447480620154,104536.49031007753,98298.43992248064,5.920736434108528,13.5703488372093,2623.048449612403,1900.4457364341083,1714.734496124031,829.7364341085271,884.9980620155038,340.05232558139534,89380.76744186046,23804.521317829454,715.2635658914729,4305.552325581395,18783.705426356588,10957.35465116279,7826.350775193799,65576.24612403101,5035.428294573643,15185.434108527132,5072.325581395349,15120.21511627907,40.10426356589147,3.5007751937984497,40.63604651162791,1513.1608527131782,195.27325581395348,313.2984496124031,641.453488372093,363.1879844961241,1388.234126984127,191.1071428571429,283.43055555555554,549.3670634920635,364.5297619047619,83858.75511282946,31330.87697781572,272935.1472368217,508955.5658148932,1.5420653249883496,536.3662790697674,1963.5511627906976,1973.7546511627909,205.97887596899227,38.84209302325581,38101.51162790698,383.7213178294574,464.518992248062,346.09728155339803,0.1282181095495145,301.39709302325576,351.16046511627906,3.3401535255387595,16.669089511483367,6.450794573643411,6.55031007751938,5.862771317829457,6.020271317829457,6.482170542635659,7.0423449612403095,7.202131782945737,7.954612403100775,8.931647286821704,0.0995155038759689,-0.5880232558139534,-0.4305232558139535,0.031375968992248,0.5915503875968993,0.7513372093023257,1.5038178294573643,2.4808527131782943,98.53408045977012,2.6306856589147283,238.14776744186048,2.0470042635658916,1.183498449612403,81.46434108527131,80.93372093023257,78.09883720930233,73.91356589147287,15.14918992248062,85.80251937984495,87.67228682170543,89.65794573643412,81.86589147286823,105.146511627907,84.23837209302326,81.25406976744188,90.58817829457364,87.55368217054263,87.11046511627907,86.63372093023256,7.952596899224806,9.75484496124031,7.445019379844961,87.88950276243094,1528.7325581395348,43850.36310679612,118709.1417475728,446.66647286821706,19.077559282700424,58.204360465116274,71.2312015503876,62.23534883720931,53.83149224806202,111249.48305084746,,,,,,,,,,,,,,,,,,,,,,,,,,,
2002-02,4391.791666666667,4308.377142857143,463365.2797599915,106665.93911866537,81.64575628626693,79.913166344294,79.93009671179884,80.59377176015474,84.17574661508704,80.1692243713733,81.4582243713733,104607.77369439072,98366.42940038684,5.920116054158607,13.572340425531914,2623.73500967118,1901.7717601547388,1716.3423597678916,830.8742746615087,885.4661508704062,340.1392649903288,89461.72147001934,23805.49323017408,714.9671179883945,4310.353965183753,18780.172147001933,10955.647969052225,7824.52417794971,65656.22823984527,5039.0754352030945,15201.46421663443,5077.272727272727,15131.676982591876,40.10464216634429,3.501353965183753,40.63558994197292,1513.4796905222438,195.2127659574468,313.3423597678917,641.7852998065764,363.1914893617021,1388.8930693069308,191.06534653465343,283.6178217821782,549.639603960396,364.5722772277228,84038.87937760154,31387.83806365441,273441.08505647973,510168.52402067825,1.541770624746124,537.6369439071567,1970.332688588008,1976.4605415860735,206.8491295938105,38.85105415860735,38111.80657640232,385.0421663442941,467.1773694390716,347.28992248062013,0.1281815018585271,303.01955512572533,353.04352030947774,3.3401535255387595,16.715013709256812,6.441663442940039,6.540967117988395,5.854622823984527,6.0119729206963255,6.473810444874275,7.037117988394584,7.197949709864604,7.951895551257254,8.929593810444874,0.0993036750483559,-0.5870406189555126,-0.4296905222437137,0.0321470019342359,0.5954545454545455,0.7562862669245648,1.5102321083172148,2.487930367504835,98.56223495702008,2.6288292069632493,237.9437742746615,2.045815087040619,1.1843034816247582,81.5725338491296,81.04352030947776,78.1916827852998,73.96073500967118,15.15793423597679,85.84255319148936,87.81334622823984,89.73094777562862,81.96112185686654,105.41237911025146,84.34990328820116,81.33539651837525,90.80212765957448,87.74352030947776,87.25996131528046,86.84235976789168,7.968588007736942,9.771702127659577,7.459864603481625,87.90358126721763,1536.804448742747,45407.34689922481,121826.73449612405,448.9342359767892,19.08711221052632,58.204360465116274,71.2312015503876,62.23534883720931,53.83149224806202,111364.93277310923,,,,,,,,,,,,,,,,,,,,,,,,,,,
2002-03,4405.93667953668,4320.915165876777,464906.6152348078,107032.35043310808,81.75552123552124,80.00395945945945,80.02509845559847,80.67169305019304,84.31842277992278,80.29101158301158,81.44311776061775,104680.3667953668,98435.8359073359,5.9193050193050185,13.575096525096525,2624.1293436293436,1902.9555984555984,1717.972972972973,831.9401544401544,886.030888030888,340.2046332046332,89542.43629343629,23806.30694980695,714.6602316602317,4315.177606177606,18776.469111969112,10953.830115830116,7822.638996138996,65736.12934362935,5042.7316602316605,15217.374517374516,5082.2027027027025,15143.171814671814,40.1054054054054,3.502123552123552,40.63590733590734,1514.100386100386,195.1061776061776,313.4980694980695,642.2162162162163,363.33204633204633,1389.6541501976285,191.07114624505928,283.75494071146244,550.1739130434783,364.65612648221344,84218.47227455598,31448.12696814425,273952.2895254826,511383.5655602901,1.5414770645435203,538.8801158301159,1977.161776061776,1978.6183397683396,207.7372586872587,38.8578861003861,38120.00965250965,386.2444015444016,469.7239382239382,348.500580270793,0.1281470998181818,304.5594208494208,354.8381274131274,3.3401535255387595,16.715013709256812,6.432586872586873,6.531814671814672,5.846660231660231,6.003880308880309,6.465617760617761,7.031833976833976,7.193532818532819,7.94911196911197,8.927586872586872,0.0992277992277992,-0.5859266409266409,-0.4287065637065637,0.033030888030888,0.5992471042471041,0.7609459459459461,1.5165250965250967,2.4949999999999997,98.59165714285714,2.627030308880309,237.74242065637063,2.0446121621621622,1.1850990347490349,81.6818532818533,81.15424710424709,78.2833976833977,74.00733590733591,15.168710424710424,85.87779922779922,87.98745173745172,89.79826254826254,82.0903474903475,105.75019305019303,84.47355212355211,81.41467181467182,91.0272200772201,87.91853281853281,87.41776061776062,87.00791505791507,7.984536679536679,9.788610038610038,7.474710424710425,87.91126373626373,1544.880694980695,45659.34622823985,122595.51450676985,450.9220077220077,19.098837605042014,58.40368725868726,71.29685328185327,62.41318532818534,54.07021235521236,111501.08333333331,,,,,,,,,,,,,,,,,,,,,,,,,,,
2002-04,4413.061657032756,4327.236406619385,465660.74532122706,107400.38251319843,81.8663063583815,80.09572639691714,80.12112524084779,80.75096917148362,84.46222736030829,80.41539306358382,81.42970712909441,104752.28323699422,98504.15606936417,5.91888246628131,13.578612716763004,2625.003853564547,1903.9344894026976,1719.8420038535646,832.9479768786127,886.8921001926782,340.3121387283237,89622.76685934489,23806.982658959536,714.3564547206166,4319.936416184971,18772.68978805395,10951.94026974952,7820.749518304431,65815.78420038536,5046.341040462427,15233.233140655106,5087.088631984586,15154.709055876689,40.10616570327553,3.5034682080924857,40.63680154142582,1514.3699421965318,195.03660886319847,313.5664739884393,642.383429672447,363.4354527938343,1390.128205128205,190.97633136094672,283.8284023668639,550.5936883629191,364.7317554240631,84221.67304675675,31448.60618574816,273952.9246606178,512579.3270167374,1.5411460277393825,540.1223506743738,1984.0285163776489,1980.784200385356,208.62003853564548,38.86058959537572,38123.98265895954,387.5512524084779,472.4599229287091,349.69826254826256,0.1281102439903475,306.19570327552987,356.723429672447,3.32888658899422,16.715013709256812,6.4235260115606945,6.522832369942196,5.838843930635838,5.996184971098266,6.4581117533718695,7.027418111753372,7.189845857418113,7.946917148362235,8.926011560693642,0.0993063583815028,-0.5846820809248555,-0.4273410404624277,0.0345857418111753,0.6038921001926782,0.7663198458574182,1.5233911368015414,2.502485549132948,98.61797720797722,2.6251946050096335,237.53686878612717,2.0434144508670524,1.185874759152216,81.79306358381503,81.26763005780346,78.37687861271677,74.05626204238922,15.18653564547206,85.91714836223507,88.16204238921001,89.86820809248555,82.22254335260115,106.08863198458576,84.59845857418111,81.49248554913297,91.25202312138728,88.09402697495182,87.57630057803469,87.17379576107899,8.000616570327553,9.80578034682081,7.489633911368016,87.93260273972602,1553.029287090559,45893.16602316602,123346.12162162164,453.0429672447014,19.10285262054507,58.50335260115607,71.3283429672447,62.50308285163778,54.18946050096339,111582.09090909093,,,,,,,,,,,,,,,,,,,,,,,,,,,
2002-05,4420.093653846154,4333.43679245283,466413.227507506,107687.15141853844,81.9766326923077,80.18868461538462,80.21797692307692,80.83091153846154,84.60229423076923,80.5369173076923,81.414925,104825.0096153846,98572.37115384616,5.919038461538461,13.584423076923075,2625.326923076923,1905.6923076923076,1722.0230769230768,833.9615384615385,888.0596153846154,340.4942307692308,89702.62115384615,23807.46923076923,714.0615384615385,4324.488461538462,18768.919230769232,10950.08653846154,7818.832692307692,65895.15192307692,5049.909615384616,15249.098076923075,5091.986538461539,15166.176923076922,40.10673076923077,3.505,40.637307692307694,1514.303846153846,194.90576923076924,313.41346153846155,642.5673076923077,363.42884615384617,1391.3031496062993,191.0688976377953,284.09055118110234,551.0846456692914,365.0610236220472,82151.16103234616,31568.86844275182,269792.8254254231,511070.7603268979,1.541798925566474,541.3457692307692,1990.7598076923075,1982.8505769230767,209.5046153846154,38.8645,38129.175,388.7738461538461,474.9899999999999,350.9468208092486,0.1280790694315992,307.7451923076923,358.48401923076926,3.32888658899422,16.79166944372921,6.414538461538462,6.513807692307693,5.830923076923077,5.988365384615384,6.450461538461538,7.022846153846153,7.1860384615384625,7.944634615384615,8.92428846153846,0.0992692307692307,-0.5836153846153846,-0.4261730769230769,0.0359230769230769,0.6083076923076923,0.7715000000000001,1.5300961538461535,2.5097500000000004,98.64207386363636,2.6233273076923074,237.33155134615387,2.0422596153846153,1.186635576923077,81.90384615384616,81.38057692307692,78.4725,74.12096153846154,15.20785,85.95423076923076,88.33769230769231,89.93653846153846,82.35923076923078,106.42826923076925,84.725,81.56961538461539,91.47730769230768,88.27096153846153,87.73596153846154,87.34076923076923,8.016615384615383,9.823,7.504461538461539,87.94644808743169,1561.0315384615385,46135.815028901736,124101.12138728324,455.07499999999993,19.10852552301255,58.60374999999999,71.3595,62.59473076923077,54.30921153846154,111787.82113821138,,,,,,,,,,,,,,,,,,,,,,,,,,,
2002-06,4427.180422264875,4339.714117647059,467187.5597622993,108048.74421811898,82.08703262955854,80.27813051823416,80.31169673704414,80.90953742802303,84.74968138195779,80.659,81.40056238003838,104897.83877159307,98641.1708253359,5.918809980806142,13.591170825335892,2625.8080614203454,1906.8925143953936,1724.3838771593091,834.8867562380038,889.4952015355086,340.6314779270633,89770.12092130518,23801.234165067177,713.8579654510556,4322.241842610365,18765.13435700576,10948.186180422264,7816.948176583493,65968.886756238,5043.998080614204,15265.191938579654,5100.380038387716,15180.2226487524,40.107101727447215,3.5059500959692897,40.637044145873325,1514.7792706333971,194.85988483685225,313.48176583493284,642.9462571976967,363.5028790786948,1391.8624754420432,191.03339882121807,284.1846758349705,551.483300589391,365.1630648330059,83167.69412326295,31422.053228084947,269548.07898589247,512165.1332787115,1.5419685430173078,542.5790786948177,1996.8113243761995,1984.4925143953935,210.4,38.86724376199616,38133.11516314779,389.9790786948176,477.58560460652586,352.1755769230769,0.1280448077153846,309.2260076775432,360.1606717850288,3.32888658899422,16.79166944372921,6.405585412667947,6.504760076775432,5.823051823416508,5.980441458733205,6.442591170825336,7.017984644913628,7.182149712092132,7.942341650671785,8.922687140115162,0.0991746641074856,-0.5825335892514395,-0.4251439539347408,0.0370057581573896,0.6123992322456814,0.7765642994241844,1.5367562380038386,2.5171017274472165,98.65762039660056,2.6213418426103643,237.11858291746643,2.041141650671785,1.18733339731286,82.0126679462572,81.49117082533589,78.56602687140115,74.19059500959693,15.230522072936662,85.99232245681382,88.5126679462572,90.00326295585413,82.49424184261038,106.76909788867562,84.84971209213052,81.64625719769674,91.70326295585411,88.44740882917466,87.89500959692899,87.5071017274472,8.032072936660269,9.841036468330136,7.519251439539347,87.9708446866485,1569.1602687140114,46371.49615384615,124854.02115384616,457.1017274472169,19.115877244258872,58.70449136276392,71.39049904030709,62.684683301343576,54.430499040307105,110615.20325203252,,,,,,,,,,,,,,,,,,,,,,,,,,,
2002-07,4427.180422264875,4339.714117647059,467187.5597622993,108415.0895357088,82.19862835249042,80.36799042145594,80.40592720306513,80.9865766283525,84.89990421455938,80.78272030651341,81.38723563218392,104969.8275862069,98709.00957854406,5.918773946360154,13.598275862068965,2626.0057471264367,1908.572796934866,1727.0249042145597,836.0344827586207,890.9885057471264,340.7318007662835,89848.47126436782,23801.327586206895,713.5555555555555,4326.513409961686,18761.258620689656,10946.25478927203,7815.003831417624,66047.14367816092,5047.139846743295,15280.538314176243,5105.425287356322,15191.8122605364,40.107854406130265,3.5072796934865904,40.63793103448276,1515.1091954022988,194.81992337164752,313.5383141762452,643.1532567049809,363.6091954022989,1392.4666666666667,190.9823529411765,284.28823529411767,551.9509803921569,365.2470588235294,83327.94949850574,31470.997409130745,269968.82021388883,513326.0082628215,1.5416000813224568,543.82030651341,2003.680842911877,1986.6427203065136,211.2965517241379,38.866676245210726,38133.681992337166,391.0716475095785,480.1683908045977,353.41880998080615,0.1280129734145873,310.57618773946365,361.68473180076626,3.3183384140689656,16.79166944372921,6.396666666666667,6.495708812260537,5.815153256704981,5.972413793103448,6.434463601532567,7.012567049808429,7.177835249042145,7.939827586206896,8.920823754789271,0.0990421455938697,-0.5815134099616858,-0.4242528735632184,0.0377969348659003,0.6159003831417624,0.7811685823754789,1.54316091954023,2.5241570881226054,98.6654802259887,2.6192701149425286,236.90052145593873,2.040073754789272,1.187993295019157,82.12145593869732,81.6015325670498,78.65938697318008,74.25172413793103,15.250233716475096,86.03333333333333,88.68735632183908,90.0676245210728,82.62892720306515,107.10977011494252,84.97394636015326,81.72241379310346,91.92892720306511,88.62337164750959,88.05344827586207,87.67298850574713,8.048103448275862,9.858275862068966,7.534157088122606,87.9828804347826,1577.3553639846743,46605.604606525914,125602.8905950096,459.243295019157,19.13563375,58.70449136276392,71.39049904030709,62.684683301343576,54.430499040307105,110719.65322580644,,,,,,,,,,,,,,,,,,,,,,,,,,,
2002-08,4441.895602294455,4351.71943793911,467567.43200843694,108791.7968214914,82.3100707456979,80.45911854684512,80.50141108986615,81.06646271510515,85.04708795411089,80.90508413001913,81.37337476099427,105041.37667304015,98776.57361376673,5.918738049713193,13.603632887189292,2626.5219885277247,1909.6347992351816,1729.2351816443595,837.0152963671128,892.2160611854684,340.8183556405354,89926.7724665392,23801.397705544932,713.2428298279159,4330.728489483748,18757.42638623327,10944.286806883363,7813.139579349904,66125.37476099427,5050.263862332696,15295.934990439771,5110.437858508604,15203.332695984704,40.10764818355641,3.508413001912046,40.63804971319312,1515.4225621414914,194.75334608030593,313.6673040152964,643.397705544933,363.6156787762906,1393.1037181996087,190.95107632093936,284.39334637964777,552.4442270058709,365.3170254403131,83509.46584745697,31531.866980606275,270387.495509847,514485.23813204974,1.5412521884463604,545.07017208413,2010.6313575525812,1988.8372848948377,212.19789674952196,38.86767495219885,38135.715105162526,392.1963671128107,482.84206500956026,354.6568965517242,0.1279732066340996,311.71005736137664,362.96114722753344,3.3183384140689656,16.89513981286154,6.38774378585086,6.4866539196940725,5.8072466539196945,5.964244741873805,6.425908221797323,7.006443594646271,7.17300191204589,7.9371319311663475,8.918871892925429,0.0989101338432122,-0.5804971319311664,-0.4234990439770554,0.0381644359464626,0.6186998087954112,0.7852581261950288,1.5493881453154876,2.53112810707457,98.66645070422534,2.6170760994263857,236.67298527724665,2.0391491395793495,1.1886770554493309,82.22887189292543,81.71089866156788,78.75258126195028,74.31567877629064,15.272585086042064,86.07189292543022,88.86175908221799,90.12944550669216,82.76405353728491,107.4527724665392,85.09770554493308,81.7980879541109,92.15468451242828,88.79923518164436,88.21185468451243,87.83862332695986,8.064091778202675,9.87562141491396,7.549043977055448,87.98319783197832,1585.6279158699808,46841.06896551724,117480.85632183908,461.4439770554493,19.175886486486487,58.903250478011465,71.44462715105163,62.866042065009566,54.66835564053538,110813.816,,,,,,,,,,,,,,,,,,,,,,,,,,,
2002-09,4448.738549618321,4357.548130841121,468319.43309654336,109166.8124764122,82.42118320610686,80.55044847328244,80.59706679389312,81.14574236641221,85.19289503816795,81.02828053435115,81.3601106870229,105113.08396946565,98844.69847328243,5.918320610687022,13.60858778625954,2627.0057251908397,1910.6297709923665,1731.246183206107,837.9160305343512,893.3263358778626,340.9293893129771,90004.84923664122,23801.341603053435,712.9332061068702,4334.946564885497,18753.461832061068,10942.259541984731,7811.202290076336,66203.50763358778,5053.3511450381675,15311.211832061068,5115.4599236641225,15214.92175572519,40.107824427480914,3.5095419847328246,40.63835877862596,1515.587786259542,194.70992366412213,313.62404580152673,643.6278625954199,363.6374045801527,1393.63671875,190.87890625,284.50390625,552.857421875,365.3984375,83689.718775229,31600.276939689153,270806.551816126,515652.0828010133,1.5408865054856595,546.2912213740458,2018.0652671755724,1991.3045801526716,213.099427480916,38.86957061068702,38138.37404580152,393.3353053435115,485.543893129771,355.89483747609944,0.1279430610344168,312.8566984732825,364.2494847328245,3.3183384140689656,16.89513981286154,6.378874045801527,6.477538167938931,5.79925572519084,5.955916030534351,6.417003816793893,6.999351145038168,7.167442748091604,7.934141221374046,8.91631679389313,0.0986641221374045,-0.5796183206106871,-0.4229580152671756,0.0381297709923663,0.6204770992366412,0.7885687022900764,1.5552671755725191,2.537442748091603,98.67137640449438,2.6149389312977096,236.4484045801527,2.038190458015267,1.1894036259541985,82.33606870229008,81.81984732824428,78.84618320610687,74.38034351145039,15.297599236641224,86.10057251908397,89.03664122137405,90.19351145038168,82.89980916030534,107.79561068702289,85.22156488549618,81.87347328244275,92.381106870229,88.97576335877862,88.37041984732825,88.00477099236642,8.080019083969466,9.892729007633587,7.563854961832061,87.98216216216215,1594.130152671756,46841.122605363984,126374.85823754789,463.6698473282442,19.213390248962657,59.00383587786259,71.47412213740456,62.95585877862596,54.78988549618321,110931.55555555556,,,,,,,,,,,,,,,,,,,,,,,,,,,
2002-10,4448.738549618321,4357.548130841121,469082.7783487488,109536.49473836189,82.53231428571428,80.6403638095238,80.6901542857143,81.22233523809523,85.34169714285714,81.15082095238094,81.34667428571429,105185.77714285714,98913.9180952381,5.917714285714286,13.616571428571428,2627.16,1911.7733333333333,1733.472380952381,838.8247619047619,894.6438095238095,341.0857142857143,90082.73714285716,23801.226666666666,712.6342857142857,4339.1695238095235,18749.422857142858,10940.137142857142,7809.285714285715,66281.51047619048,5056.426666666666,15326.401904761904,5120.5085714285715,15226.495238095238,40.108380952380955,3.5106666666666664,40.639047619047616,1516.2590476190476,194.68,313.80380952380955,644.0057142857142,363.7809523809524,1394.298245614035,190.85185185185185,284.6198830409357,553.2417153996101,365.5867446393762,83848.89454899047,31646.867620122594,271215.2136221905,516811.5635590267,1.5405222182614504,547.5222857142857,2025.0348571428572,1993.4925714285712,214.0024761904762,38.869659047619045,38139.41714285714,394.444,488.4573333333333,357.1538167938931,0.127914235120229,313.9137523809524,365.4448380952381,3.3095170261942854,16.89513981286154,6.370057142857143,6.468514285714286,5.791314285714286,5.947619047619048,6.4080571428571425,6.991619047619047,7.161161904761906,7.930742857142856,8.91342857142857,0.0984571428571428,-0.5787428571428572,-0.4224380952380952,0.0379999999999999,0.6215619047619048,0.791104761904762,1.5606857142857142,2.5433714285714286,98.67722689075632,2.6128020952380946,236.22865142857145,2.0372725714285713,1.1901401904761904,82.44304761904762,81.92857142857143,78.94133333333333,74.44438095238095,15.32497523809524,86.12552380952381,89.21142857142856,90.2575238095238,83.03580952380953,108.13885714285712,85.34552380952381,81.94819047619048,92.60742857142856,89.15219047619048,88.52914285714286,88.17085714285713,8.095980952380954,9.909961904761904,7.578685714285713,87.97708894878706,1602.4220952380952,47319.024809160306,127926.54007633588,466.10266666666666,19.259855279503103,59.00383587786259,71.47412213740456,62.95585877862596,54.78988549618321,111038.3937007874,,,,,,,,,,,,,,,,,,,,,,,,,,,
2002-11,4462.540684410646,4369.445581395349,469846.2997641138,109902.23904494297,82.64017490494297,80.72865019011407,80.78071863117873,81.2968041825095,85.48390304182509,81.26993726235742,81.33165969581748,105257.9011406844,98982.35931558936,5.917300380228137,13.623954372623574,2627.3269961977185,1912.8365019011408,1735.842205323194,839.7471482889733,896.0912547528517,341.1996197718631,90160.44486692017,23801.091254752853,712.3288973384031,4343.38783269962,18745.37452471483,10938.00950570342,7807.365019011407,66359.3536121673,5059.460076045628,15341.566539923955,5125.615969581749,15238.104562737642,40.10817490494297,3.5117870722433464,40.63916349809886,1516.3688212927757,194.56463878326997,313.787072243346,644.074144486692,363.95437262357416,1395.0330739299611,190.7996108949416,284.7431906614786,553.6887159533073,365.8035019455253,84021.40235403042,31704.301990338125,271619.4565620723,517982.5967712952,1.5401974140361905,548.7657794676805,2032.1433460076044,1995.7469581749049,214.90855513307983,38.86932319391635,38140.19771863118,395.4756653992396,491.1254752851711,358.35600000000005,0.1278793909733333,314.94173003802285,366.6146577946768,3.3095170261942854,17.001280096229447,6.361273764258556,6.459467680608364,5.783307984790874,5.939277566539924,6.399011406844107,6.983935361216729,7.155038022813689,7.927680608365019,8.911178707224336,0.0981939163498098,-0.5779657794676806,-0.4219961977186311,0.0377376425855513,0.6226615969581749,0.793764258555133,1.566406844106464,2.5499049429657794,98.68466480446928,2.6106735741444864,236.01511349809888,2.0363604562737643,1.190877566539924,82.55247148288973,82.04049429657793,79.03764258555132,74.51501901140685,15.350688212927755,86.14980988593156,89.38650190114068,90.3212927756654,83.17300380228137,108.48422053231936,85.469391634981,82.0222433460076,92.83403041825096,89.32889733840304,88.68802281368822,88.33707224334601,8.112015209125476,9.927262357414447,7.593631178707224,87.95725806451613,1610.7891634980988,47319.024809160306,127926.54007633588,468.4994296577946,19.305593801652893,59.20429657794677,71.53266159695818,63.13591254752853,55.03152091254754,111138.7265625,,,,,,,,,,,,,,,,,,,,,,,,,,,
2002-12,4469.489563567362,4375.442691415314,471324.4412098776,110269.37900880454,65.72535673624289,64.63648007590133,64.81504174573055,69.55020872865275,66.78812713472486,63.143290322580654,81.21891081593928,105329.01138519924,99049.23339658444,5.917457305502846,13.63168880455408,2627.8519924098673,1913.931688804554,1738.2827324478178,840.5977229601518,897.6812144212523,341.26944971537,90237.60531309298,23800.747628083493,712.022770398482,4347.546489563568,18741.178368121444,10935.76660341556,7805.411764705882,66436.85768500948,5062.481973434535,15356.58064516129,5130.759013282733,15249.764705882351,40.108159392789375,3.512903225806452,40.63908918406073,1516.8102466793168,194.45351043643265,313.9316888045541,644.3036053130929,364.13282732447817,1395.6990291262136,190.73009708737865,284.8407766990291,554.0912621359223,366.0388349514563,84180.00500611005,31757.471124332533,272004.3797944023,519155.35799416347,1.5398738448079847,549.9998102466792,2039.2622390891845,1998.0056925996205,215.8169506641366,38.87014421252372,38141.882352941175,396.4823529411765,493.9092979127134,359.56977186311786,0.1278458000931559,316.0707400379507,367.90022770398485,3.3095170261942854,17.001280096229447,6.3517457305502845,6.449810246679317,5.774667931688804,5.930417457305503,6.389696394686907,6.976470588235294,7.149146110056927,7.924611005692599,8.908728652751423,0.0980645161290322,-0.57707779886148,-0.4213282732447818,0.0379506641366223,0.6247248576850095,0.7974003795066414,1.572865275142315,2.5569829222011387,98.68785515320334,2.6085011385199244,235.79802201138523,2.0354776091081592,1.1915998102466792,82.66034155597723,82.15104364326375,79.1337760910816,74.5977229601518,15.371407969639469,86.1831119544592,89.56129032258063,90.38387096774191,83.30948766603417,108.83130929791272,85.59259962049336,82.09487666034155,93.0609108159393,89.50531309297912,88.84648956356737,88.50284629981024,8.128064516129031,9.944573055028464,7.608519924098671,87.94718498659518,1619.3728652751422,47797.57604562738,129394.87642585552,470.92941176470583,19.3317781443299,59.30415559772295,71.56102466793168,63.22557874762809,55.15216318785579,111246.98449612405,58.151278937381406,74.18711954459204,52.08010246679317,55.7121669829222,72.75455977229602,78.36304872389792,88.5664199535963,,,,,,,,,,,,,,,,,,,,
2003-01,4476.444318181818,4381.405092592592,472075.97547703143,110645.2646546212,65.81029166666667,64.7091553030303,64.87188068181818,69.59228219696969,66.85328409090909,63.23478977272727,81.20447159090908,105399.49053030302,99115.33712121211,5.917613636363637,13.64090909090909,2628.1458333333335,1915.034090909091,1741.0984848484848,841.5984848484849,899.4962121212121,341.41477272727275,90314.10037878789,23800.257575757576,711.717803030303,4351.700757575758,18736.839015151516,10933.426136363636,7803.412878787879,66513.8428030303,5065.44696969697,15371.318181818182,5135.806818181818,15261.399621212122,40.10814393939393,3.5140151515151516,40.63939393939394,1517.5132575757575,194.4185606060606,314.10795454545456,644.6666666666666,364.3314393939394,1396.6511627906978,190.69767441860463,285.0755813953488,554.6666666666666,366.21317829457365,84342.64893602273,31816.978353152743,272394.33362054924,520323.2927987286,1.5395325282144212,551.2736742424242,2046.347727272727,2000.25,216.7253636363636,38.87261931818182,38145.58901515151,397.5138257575758,496.80075757575753,360.7846299810247,0.1278121089127134,317.1751136363637,369.1542803030304,3.3009430670814397,17.001280096229447,6.342064393939394,6.440094696969696,5.765984848484848,5.92153409090909,6.380340909090909,6.968996212121212,7.143238636363637,7.921363636363636,8.90596590909091,0.098030303030303,-0.5760795454545454,-0.420530303030303,0.0382765151515151,0.6269318181818182,0.8011742424242424,1.5792992424242425,2.563901515151515,98.68861111111111,2.6062857954545455,235.5822926136364,2.034626893939394,1.1922960227272728,82.76799242424242,82.26174242424241,79.22916666666667,74.68503787878788,15.398015151515152,86.2189393939394,89.73560606060605,90.44507575757576,83.44450757575757,109.17878787878789,85.71477272727272,82.16647727272728,93.28787878787878,89.68124999999999,89.00435606060607,88.66818181818181,8.144166666666667,9.962026515151514,7.62344696969697,87.94385026737967,1627.9310606060603,48011.022770398486,130131.75142314992,473.2992424242424,19.357496502057614,59.40393939393939,71.58852272727272,63.31460227272727,55.273276515151515,111349.84615384616,58.27913257575757,74.22078409090909,52.152170454545455,55.82915340909091,72.80399431818182,69.75403787878787,82.36764015151516,,,,,,,,,,,,,,,,,,,,
2003-02,4476.444318181818,4381.405092592592,472075.97547703143,111020.31141330813,65.89524385633271,64.79327977315691,64.95113232514178,69.66425519848772,66.94059735349717,63.32500945179583,81.18935160680529,105612.96786389414,99319.97353497164,5.915879017013233,13.650283553875235,2630.406427221172,1917.9981096408317,1745.531190926276,843.6899810964084,901.8336483931948,341.4990548204159,90390.56332703214,23799.792060491494,711.413988657845,4355.899810964083,18732.478260869564,10931.056710775048,7801.421550094518,66590.77126654064,5068.415879017013,15386.211720226844,5140.8601134215505,15272.905482041588,40.10888468809073,3.515122873345936,40.639697542533085,1518.1909262759923,194.29489603024575,314.2173913043478,645.0510396975425,364.63894139886577,1397.3907156673115,190.6286266924565,285.2379110251451,555.119922630561,366.4061895551257,84512.4548926654,31876.65697612143,272781.28384054825,521502.5611835795,1.5391925044867425,552.5251417769376,2053.481474480151,2002.5170132325145,217.6416880907373,38.87989792060492,38154.189035916825,398.58487712665413,499.7404536862003,362.06060606060606,0.1277850447670454,318.2689981096408,370.3882608695653,3.3009430670814397,17.091709573627377,6.33241965973535,6.430321361058601,5.757296786389414,5.912608695652174,6.370850661625709,6.961587901701324,7.137391304347827,7.91805293005671,8.903024574669189,0.0979017013232514,-0.5751228733459357,-0.4198109640831758,0.0384310018903591,0.6291682419659735,0.8049716446124765,1.585633270321361,2.5706049149338375,98.67883656509694,2.6039610586011337,235.3615572778828,2.0338383742911157,1.1929559546313795,82.87977315689982,82.37712665406427,79.32287334593572,74.78941398865784,15.431175803402647,86.25519848771266,89.90982986767486,90.50434782608696,83.58185255198488,109.52419659735352,85.83648393194707,82.23724007561437,93.5141776937618,89.85708884688091,89.1625708884688,88.83383742911153,8.160151228733458,9.979017013232514,7.638374291115312,87.92906666666666,1636.4663516068051,48223.44696969697,130864.16098484848,475.6638941398866,19.380722381930184,59.40393939393939,71.58852272727272,63.31460227272727,55.273276515151515,111450.38167938932,58.3977920604915,74.27556143667296,52.25155009451796,55.96792438563327,72.84693761814745,69.85888846880907,82.42257466918714,,,,,,,,,,,,,,,,,,,,
2003-03,4489.78037735849,4392.609677419354,473594.527554623,111384.29950498111,65.97985849056603,64.87629245283019,65.0295962264151,69.7349641509434,67.02875849056603,63.41474716981131,81.17406037735849,105688.9,99391.83773584904,5.915660377358491,13.659622641509436,2630.6301886792453,1919.218867924528,1748.1905660377358,844.5150943396227,903.667924528302,341.6283018867924,90466.44339622642,23799.175471698112,711.1037735849056,4359.988679245283,18728.083018867925,10928.654716981133,7799.428301886793,66667.2679245283,5071.3792452830185,15400.952830188678,5145.901886792452,15284.435849056605,40.10830188679245,3.516415094339622,40.64,1518.2905660377355,194.20943396226417,314.12075471698114,645.1811320754717,364.79056603773586,1398.1891891891892,190.58687258687257,285.2992277992278,555.5714285714286,366.73359073359075,84669.42761928301,31926.451140073634,273159.63424839627,522684.032712533,1.5388537662930055,553.8005660377358,2060.7260377358493,2004.804716981132,218.5779830188679,38.88557547169811,38161.188679245286,399.62,502.71415094339625,363.31795841209833,0.1277621456200378,319.2477924528302,371.5030188679245,3.3009430670814397,17.091709573627377,6.322849056603773,6.420547169811321,5.748641509433963,5.903679245283018,6.3612830188679235,6.953924528301887,7.131283018867925,7.91433962264151,8.89954716981132,0.0976981132075471,-0.5742075471698113,-0.4191698113207547,0.0384339622641509,0.6310754716981132,0.808433962264151,1.591490566037736,2.5766981132075473,98.66812154696132,2.601614339622641,235.14264471698112,2.0330347169811325,1.193558113207547,82.9933962264151,82.49584905660377,79.42584905660377,74.90509433962265,15.469739622641509,86.29905660377358,90.08603773584906,90.56301886792453,83.72471698113209,109.87037735849056,85.96169811320755,82.30773584905661,93.74169811320756,90.03509433962265,89.32320754716982,89.0011320754717,8.176207547169811,9.99632075471698,7.653358490566038,87.90771276595746,1645.0532075471697,48223.44696969697,130864.16098484848,478.12320754716984,19.415885860655735,59.60375471698113,71.64183018867924,63.49454716981132,55.51532075471699,111573.6893939394,58.51062452830189,74.33042075471698,52.35188301886792,56.1068433962264,72.8919962264151,69.95860754716982,82.45447547169812,,,,,,,,,,,,,,,,,,,,
2003-04,4496.560451977401,4398.379540229884,474317.2925969728,112070.04423457629,65.94339359698682,64.78423540489644,64.90060640301319,69.77910922787194,67.07281732580037,63.36928625235405,81.15849905838041,105764.42561205271,99463.31826741996,5.915442561205273,13.667796610169493,2630.9114877589454,1920.261770244821,1750.743879472693,845.4030131826742,905.3333333333334,341.7080979284369,90541.63841807908,23798.4934086629,710.819209039548,4364.088512241055,18723.585687382296,10926.126177024482,7797.459510357816,66743.1450094162,5074.340866290019,15415.43691148776,5151.001883239172,15295.828625235405,40.10866290018832,3.5171374764595105,40.64048964218456,1518.8474576271187,194.14312617702447,314.20527306967983,645.5612052730697,364.9491525423729,1398.7552986512524,190.504816955684,285.3757225433526,556.0019267822736,366.8747591522158,84837.51909269302,31983.566184765405,273549.7403985876,523500.27472856606,1.5387615893754716,555.0881355932204,2067.9644067796607,2007.0757062146893,219.50880602636536,38.88874199623352,38165.679849340864,400.37532956685504,505.8048964218456,364.5749056603774,0.1277340333754716,320.24097928436913,372.6384934086629,3.29292849206968,17.091709573627377,6.313295668549905,6.410734463276835,5.739943502824858,5.894689265536723,6.351638418079096,6.946064030131827,7.125028248587571,7.910527306967984,8.89587570621469,0.0974387947269303,-0.5733521657250471,-0.4186064030131827,0.0383427495291901,0.632768361581921,0.8117325800376647,1.5972316384180791,2.5825800376647834,98.65553719008268,2.599278719397363,234.92333107344632,2.032186252354049,1.1940902071563086,83.11054613935971,82.61845574387948,79.53333333333333,75.05009416195857,15.503789077212808,86.34199623352166,90.26271186440678,90.620527306968,83.87005649717514,110.2161958568738,86.08757062146893,82.37758945386064,93.969868173258,90.21374764595105,89.484934086629,89.16911487758946,8.192372881355931,10.01370998116761,7.668342749529191,87.88037135278513,1653.6237288135592,48643.48867924528,132316.78490566037,480.6024482109228,19.44815337423313,59.70457627118643,71.66790960451978,63.58634651600753,55.63721280602637,111686.3909774436,58.550849340866286,74.38401506591336,52.10794915254237,56.15459887005649,72.932802259887,70.04646892655367,82.5017438794727,,,,,,,,,,,,,,,,,,,,
2003-05,4503.387030075189,4404.183944954128,475064.23743200675,112441.39753488723,66.02543984962406,64.86559962406014,64.97856390977444,69.84881203007518,67.157,63.457481203007525,81.1422857142857,105840.9454887218,99535.16729323308,5.915601503759398,13.678947368421053,2631.2556390977443,1921.595864661654,1753.6447368421052,846.4304511278195,907.2086466165414,341.8966165413534,90616.44736842104,23797.665413533836,710.5432330827068,4368.193609022556,18718.928571428572,10923.520676691727,7795.407894736843,66818.78195488722,5077.25,15429.8984962406,5156.063909774436,15307.287593984962,40.10827067669173,3.517857142857143,40.64022556390978,1518.9774436090229,194.07894736842104,314.1898496240602,645.6672932330827,365.05263157894734,1400.046153846154,190.6153846153846,285.53076923076924,556.7442307692307,367.1576923076923,84995.95044778194,32041.62158385579,273932.45329257514,525188.4402573258,1.53846260333145,556.3676691729324,2075.206578947368,2009.374812030075,220.43793421052632,38.893007518797,38171.246240601504,401.39642857142854,508.8063909774436,365.8203389830508,0.1277044584237288,321.3120112781955,373.84998120300753,3.29292849206968,17.183344065950852,6.303796992481203,6.400996240601503,5.731278195488722,5.885751879699248,6.342086466165413,6.938515037593985,7.119078947368422,7.906447368421052,8.89203007518797,0.0971992481203007,-0.5725187969924812,-0.4180451127819549,0.0382894736842105,0.634718045112782,0.8152819548872181,1.6026503759398496,2.588233082706767,98.64211538461538,2.5969836466165415,234.70711240601503,2.0313248120300753,1.1945866541353385,83.22161654135338,82.73345864661654,79.63515037593984,75.146992481203,15.527748120300751,86.37575187969925,90.4375939849624,90.6765037593985,84.00977443609023,110.56184210526315,86.21015037593986,82.4466165413534,94.19755639097744,90.3904135338346,89.64417293233082,89.33515037593986,8.20830827067669,10.031033834586466,7.68312030075188,87.8753968253968,1662.1674812030076,48643.48867924528,132316.78490566037,483.0161654135338,19.46385571428571,59.80422932330827,71.69342105263158,63.676071428571426,55.75823308270676,111823.14179104478,58.65986842105262,74.43869360902255,52.207984962406016,56.28803383458646,72.97758270676692,70.13483834586465,82.54550187969924,,,,,,,,,,,,,,,,,,,,
2003-06,4509.843714821764,4409.515102974829,475798.85728645785,112808.39303669796,66.10662664165103,64.94755347091933,65.05719699812383,69.9188780487805,67.23809756097562,63.54510318949343,81.12639212007504,105917.20075046904,99606.37148217636,5.91594746716698,13.689305816135086,2632.0525328330205,1922.878048780488,1756.452157598499,847.3208255159475,909.127579737336,342.0656660412758,90791.68480300187,22535.243902439022,682.0375234521576,4470.998123827392,17300.915572232647,10534.341463414634,6766.574108818011,68256.44090056285,4343.151782363977,10335.42645403377,5086.470919324578,15458.0,40.112007504690425,3.569606003752345,40.55966228893059,1519.3696060037523,193.98686679174483,314.26641651031895,645.9268292682926,365.2007504690432,1400.8195777351248,190.56813819577735,285.6410748560461,557.2476007677543,367.3646833013436,85152.0049497561,32097.20502351651,274314.8914665103,526402.1424372932,1.538202335280075,557.6463414634146,2082.752157598499,2011.8577861163224,221.38120450281423,38.899105065666035,38178.59287054409,402.4193245778612,511.8900562851783,367.08966165413534,0.1276828093533834,322.4651969981239,375.1521951219512,3.29292849206968,17.183344065950852,6.294333958724203,6.3912382739212,5.722532833020638,5.87673545966229,6.3324015009380865,6.930225140712945,7.112420262664165,7.901407129455912,8.887317073170733,0.0969043151969981,-0.5718011257035647,-0.4175984990619137,0.0380675422138836,0.635891181988743,0.8180863039399624,1.6070731707317072,2.592983114446529,98.61698630136983,2.5945711069418382,234.48696416510316,2.0305575984990623,1.1949420262664163,83.33095684803003,82.84615384615384,79.73433395872419,75.24915572232646,15.551410881801123,86.40863039399625,90.61181988742965,90.73151969981238,84.14521575984989,110.90825515947466,86.33020637898687,82.5142589118199,94.42626641651032,90.56622889305817,89.80206378986867,89.50037523452158,8.082720450281426,9.581275797373358,7.599268292682927,87.88654353562005,1670.9532833020637,49061.39473684211,133735.49812030076,485.5491557223265,19.470138085539716,59.903527204502815,71.71789868667918,63.76422138836773,55.879793621013135,111907.7851851852,58.76874296435272,74.49388742964352,52.30765103189493,56.41763789868668,73.0200206378987,70.22109005628518,82.59115947467167,18379.457786116323,,,,,,,,,,,,,,,,,,,
2003-07,4509.843714821764,4409.515102974829,475798.85728645785,113178.93349917604,66.18835393258428,65.02919662921349,65.1351011235955,69.98832771535581,67.32104119850187,63.63377528089888,81.11103558052436,105994.31460674158,99677.77902621723,5.916853932584269,13.700749063670411,2632.758426966292,1924.7752808988764,1759.8520599250935,848.6104868913858,911.2378277153558,342.2247191011236,90864.85580524344,22534.440074906368,681.7080524344569,4475.3707865168535,17296.0936329588,10531.659176029963,6764.434456928839,68330.41573033707,4345.451123595505,10344.069662921347,5091.91011235955,15469.19850187266,40.11142322097378,3.5702247191011236,40.55898876404494,1519.9026217228463,193.90823970037457,314.3352059925094,646.2303370786517,365.44007490636704,1401.6283524904215,190.50574712643677,285.8199233716475,557.7950191570882,367.5095785440613,85316.65100790262,32156.959835225884,274694.50590196624,527603.9508004503,1.5379430438442774,558.9700374531835,2090.163108614232,2014.2505617977524,225.23624531835205,38.90467415730337,38185.20599250936,403.2923220973783,514.7353932584269,368.33714821763607,0.1276545440281425,323.7115168539326,376.55880149812725,3.284141620758427,17.183344065950852,6.284831460674157,6.3811797752808985,5.713539325842697,5.867453183520599,6.322434456928838,6.921498127340824,7.105337078651686,7.895917602996255,8.882265917602998,0.0963483146067415,-0.5712921348314607,-0.417378277153558,0.0376029962546816,0.6366666666666666,0.8205056179775281,1.6110861423220972,2.597434456928839,98.58920765027322,2.5921835205992507,234.26943988764043,2.0298653558052435,1.1952370786516853,83.44157303370787,82.96067415730337,79.83408239700374,75.36292134831461,15.579816479400748,86.43970037453184,90.78595505617976,90.787265917603,84.28089887640449,111.25505617977528,86.45037453183521,82.5810861423221,94.65468164794008,90.74176029962548,89.96011235955055,89.66554307116105,8.099007490636703,9.598913857677902,7.614438202247192,87.89131578947368,1679.6722846441949,49296.41275797373,134441.2851782364,488.2447565543071,19.47598943089431,59.903527204502815,71.71789868667918,63.76422138836773,55.879793621013135,112006.71323529413,58.87879400749063,74.54796816479401,52.40746441947566,56.55112734082396,73.0628127340824,70.29837453183521,82.6386235955056,18392.294007490636,,,,,,,,,,,,,,,,,,,
2003-08,4523.482429906541,4421.049430523917,477289.7435887558,113564.328016,66.26985981308411,65.11157757009346,65.21335140186916,70.05757757009347,67.40229158878505,63.72143364485981,81.09519252336449,106070.10093457944,99748.43364485982,5.917383177570094,13.711214953271028,2632.940186915888,1926.222429906542,1763.2766355140186,850.0766355140187,913.196261682243,342.3439252336449,90937.661682243,22533.371962616824,681.3727102803739,4479.719626168225,17291.044859813082,10528.822429906542,6762.222429906542,68404.28971962616,4347.7082242990655,10352.641682242993,5097.306542056075,15480.40186915888,40.110093457943925,3.571214953271028,40.55831775700935,1520.652336448598,193.93831775700937,314.42429906542054,646.7065420560748,365.5943925233645,1402.3900573613766,190.4493307839388,285.96940726577435,558.2772466539197,367.69598470363286,83973.79085857944,32239.86207230751,275325.33831680374,531553.856169588,1.537235285335206,560.3132710280373,2097.6216822429906,2016.6654205607476,226.20099626168223,38.913441121495325,38195.07476635514,404.2848598130841,517.8740186915888,369.58689138576784,0.127625927988764,324.96166355140184,377.9642803738318,3.284141620758427,17.257426075616543,6.274971962616822,6.371177570093458,5.704542056074767,5.858261682242991,6.312710280373832,6.913925233644861,7.0994953271028045,7.891420560747664,8.87803738317757,0.0962056074766355,-0.5704299065420559,-0.4167102803738318,0.0377383177570093,0.6389532710280373,0.8245233644859813,1.616448598130841,2.603065420560748,98.56634877384198,2.5898824299065417,234.05341457943925,2.029103177570094,1.1955863551401869,83.55196261682244,83.07514018691589,79.93401869158878,75.46785046728972,15.608190654205607,86.47028037383177,90.95999999999998,90.84280373831776,84.41663551401868,111.60317757009344,86.57046728971962,82.64654205607476,94.88317757009344,90.91719626168224,90.11813084112148,89.83065420560747,8.115327102803738,9.61644859813084,7.629644859813085,87.8992125984252,1688.5328971962615,49537.24344569288,135142.11235955055,490.7168224299066,19.479500202839755,60.10213084112149,71.76521495327103,63.94119626168223,56.12310280373832,111985.91240875912,58.99410654205608,74.6003046728972,52.50851214953272,56.682538317757,73.10187289719627,70.38472710280374,82.68272336448598,18404.940186915886,,,,,,,,,,,,,,,,,,,
2003-09,4530.037686567164,4426.5,478068.0393951319,113946.34606074628,66.35159328358209,65.19275559701492,65.2911026119403,70.12686940298508,67.48595335820895,63.80899440298507,81.07947201492536,106145.58582089552,99819.098880597,5.9177238805970145,13.72108208955224,2633.115671641791,1927.4701492537313,1766.6511194029852,851.544776119403,915.1026119402984,342.45522388059703,91010.04291044777,22532.39552238806,681.0389925373134,4484.0914179104475,17286.059701492537,10526.026119402984,6760.0335820895525,68477.6473880597,4349.950932835821,10361.276492537314,5102.647388059701,15491.557835820897,40.109701492537305,3.5722014925373133,40.55746268656717,1521.2462686567164,193.83582089552235,314.5858208955224,647.0858208955224,365.75,1403.3416030534352,190.44656488549617,286.14312977099235,558.8645038167939,367.8893129770992,84142.0076666791,32297.56028759485,275724.68096919777,532764.546158056,1.5369226960168223,561.6649253731342,2105.1453358208955,2019.102052238806,227.1694067164179,38.9268395522388,38209.19962686567,405.2296641791045,521.0964552238806,370.88766355140183,0.1276056119476635,326.2015298507463,379.3675746268657,3.284141620758427,17.257426075616543,6.2651865671641795,6.361268656716418,5.695671641791045,5.849253731343283,6.303376865671641,6.907313432835821,7.094552238805971,7.887667910447761,8.87455223880597,0.0960820895522388,-0.5695149253731343,-0.4159328358208955,0.0381902985074626,0.6421268656716418,0.829365671641791,1.622481343283582,2.609365671641791,98.5465489130435,2.5876272388059696,233.8381328358209,2.0282912313432835,1.1959608208955224,83.66380597014926,83.19160447761193,80.03451492537313,75.57070895522388,15.638007462686566,86.505223880597,91.13451492537314,90.8983208955224,84.55503731343283,111.95111940298509,86.69160447761193,82.71100746268657,95.1115671641791,91.09309701492536,90.27667910447762,89.99626865671642,8.131585820895522,9.633861940298509,7.644813432835821,87.90287958115184,1697.45223880597,49721.57943925234,135824.62242990654,493.1455223880597,19.48223198380567,60.2020895522388,71.78824626865672,64.03069029850745,56.24559701492537,112122.34782608696,59.1056921641791,74.65376492537312,52.60715298507463,56.81762686567164,73.14258395522388,70.4766697761194,82.71971268656716,18417.611940298502,,,,,,,,,,,,,,,,,,,
2003-10,4536.797020484171,4432.1927437641725,478838.1941723798,114333.25044424582,66.43416759776537,65.27428119180632,65.36885102420857,70.19540409683427,67.57119925512103,63.89751582867784,81.06457541899441,106220.8175046555,99889.40409683426,5.918063314711359,13.73221601489758,2633.3128491620114,1929.0633147113597,1769.9236499068902,852.6052141527002,917.3128491620112,342.5679702048417,91082.48789571694,22531.335195530726,680.6975791433891,4488.476722532589,17280.964618249534,10523.180633147114,6757.783985102421,68551.15270018623,4352.185102420856,10369.815270018622,5108.042830540037,15502.588454376164,40.109310986964616,3.5733705772811915,40.557355679702056,1521.9366852886403,193.80819366852887,314.83054003724396,647.4357541899441,365.8733705772812,1404.24,190.39619047619047,286.32952380952383,559.4019047619048,368.1142857142857,84316.78232651768,32361.32533365187,276126.89757819363,533959.854840597,1.5365739596436567,563.0186219739293,2112.664059590317,2021.5258845437615,228.13470391061452,38.937027932960895,38220.39106145251,406.1646182495345,524.3310986964618,396.0154850746269,0.1309607288451492,327.4924767225326,380.837877094972,3.274980733001862,17.257426075616543,6.255400372439479,6.351396648044693,5.686815642458101,5.84024208566108,6.293947858472998,6.900372439478585,7.089292364990689,7.883631284916201,8.870670391061452,0.0959962756052141,-0.568584729981378,-0.4151582867783985,0.0385474860335195,0.644972067039106,0.8338919925512104,1.6282309124767225,2.6152700186219735,98.52184281842818,2.5853677839851024,233.6164603351955,2.0275225325884545,1.196272625698324,83.7756052141527,83.30837988826815,80.13463687150838,75.6806331471136,15.661567970204842,86.5437616387337,91.30931098696465,90.95474860335196,84.69553072625699,112.30037243947858,86.81340782122905,82.7731843575419,95.34003724394783,91.26945996275605,90.43594040968344,90.16219739292364,8.147932960893854,9.651340782122906,7.660111731843575,87.90234986945171,1706.379143389199,49965.235074626864,136768.46641791044,495.53333333333336,19.484656363636365,60.30188081936685,71.8104469273743,64.12126629422718,56.36752327746741,112233.1654676259,59.2238398510242,74.70441340782124,52.709162011173184,56.95630353817505,73.18264432029795,70.55793668528864,82.76089013035381,18430.322160148975,,,,,,,,,,,,,,,,,,,
2003-11,4543.601486988847,4437.937104072397,479609.75619440514,114710.6291608922,66.0351059479554,65.5850501858736,65.50679368029739,70.42471189591079,66.23050557620819,63.62945167286246,81.06810223048328,106296.23048327136,99960.26765799256,5.9182156133829,13.742193308550188,2633.4944237918216,1930.267657992565,1773.07063197026,853.7044609665428,919.3624535315984,342.64126394052045,91155.47955390337,22530.302973977698,680.3657992565056,4492.871747211896,17275.897769516727,10520.343866171004,6755.553903345725,68625.17657992565,4354.411710037175,10378.508921933086,5113.382899628253,15513.808550185871,40.10910780669145,3.574721189591078,40.55743494423792,1522.7918215613383,193.72490706319704,314.96840148698885,647.9182156133829,366.1914498141264,1405.3365019011408,190.3897338403042,286.5114068441065,560.0209125475285,368.4163498098859,84317.94619988826,32361.94916542757,276126.9646172998,535159.8700084916,1.5362451440763498,564.3635687732342,2120.056505576208,2023.8869888475836,229.11174907063196,38.94493680297397,38229.4312267658,407.0109665427509,527.5139405204461,397.5947858472998,0.1309665246331471,328.81447955390337,382.3278996282529,3.274980733001862,17.344071774631775,6.2456505576208174,6.341561338289964,5.6779553903345725,5.831245353159852,6.28457249070632,6.893475836431227,7.084089219330856,7.87957249070632,8.866691449814128,0.0959107806691449,-0.5676951672862453,-0.4144052044609665,0.0389219330855018,0.647825278810409,0.8384386617100372,1.633921933085502,2.6210408921933084,98.48794594594597,2.583019888475836,233.3857522304833,2.0268750929368027,1.1965065055762083,83.88903345724907,83.4271375464684,80.23550185873606,75.79628252788105,15.688832713754648,86.58661710037174,91.48345724907064,91.01152416356878,84.83085501858736,112.65018587360592,86.93308550185874,82.83364312267658,95.56895910780668,91.4446096654275,90.59368029739775,90.32732342007436,8.16418215613383,9.668828996282528,7.6752416356877315,87.90677083333333,1715.128810408922,49965.235074626864,136768.46641791044,497.9745353159853,19.48405080645161,60.4010594795539,71.83191449814126,64.21070631970261,56.48914498141264,112345.54285714286,60.32733828996282,74.90764126394052,52.70774535315985,56.369382899628256,72.41668029739776,70.29762453531599,82.84858178438662,18443.10594795539,,,,,,,,,,,,,,,,,,,
2003-12,8753.5,7436.487499999999,479609.75619440514,115097.7022051206,66.12212987012987,65.66544341372912,65.58671799628942,70.4914322820037,66.3277866419295,63.72356029684602,81.05593506493507,106372.26159554732,100031.96103896105,5.918181818181817,13.753988868274584,2633.4230055658627,1931.413729128015,1776.2356215213358,854.7922077922078,921.4397031539888,342.6790352504638,91227.79406307978,22529.30055658627,680.0294990723562,4497.254174397031,17270.877551020407,10517.582560296843,6753.2949907235625,68698.49350649351,4356.656400742115,10387.062152133582,5118.664192949907,15524.838589981448,40.108905380333944,3.576437847866419,40.55807050092765,1523.8923933209649,193.721706864564,315.16883116883116,648.4025974025974,366.6103896103896,1406.2049335863378,190.37001897533207,286.68500948766604,560.4990512333966,368.6527514231499,84687.40094497216,32490.902890239533,276964.3766224304,536366.353521487,1.5358989635111524,565.6940630797773,2127.472912801484,2026.2853432282,230.08677736549168,38.9518293135436,38237.52690166976,407.9703153988869,530.7076066790353,399.1689591078067,0.1168570967919708,330.1523005565862,383.8387569573284,3.274980733001862,17.344071774631775,6.2359183673469385,6.331799628942487,5.669146567717997,5.822319109461966,6.275398886827458,6.886790352504638,7.078923933209648,7.875435992578851,8.862597402597403,0.0958812615955473,-0.5667717996289425,-0.4135992578849722,0.0394805194805194,0.6508719851576994,0.8430055658627087,1.6395176252319108,2.6266790352504636,98.82506738544475,2.5806985157699445,233.1553107606679,2.0262495361781077,1.1967226345083488,84.0012987012987,83.54452690166976,80.3352504638219,75.91187384044527,15.717406307977738,86.63877551020407,91.65621521335808,91.0669758812616,84.96178107606679,113.00037105751392,87.05102040816327,82.89276437847866,95.79684601113172,91.61799628942484,90.74990723562152,90.49090909090908,8.180352504638218,9.686196660482372,7.690333951762524,87.92181818181818,1724.02133580705,50214.60335195531,137535.66666666666,500.4868274582561,19.480740643863182,105.3725,91.36,104.15375,109.17375,112472.98581560283,60.43816141001855,74.95696474953617,52.82092207792208,56.528285714285715,72.45979777365491,70.37872912801484,82.88785899814471,18455.766233766233,,,,,,,,,,,,,,,,,,,
2004-01,4834.912987012987,4252.122448979592,478981.782262668,115486.61942325928,66.20955555555557,65.74726666666666,65.66794444444444,70.5599962962963,66.42391851851852,63.81803888888889,81.0441962962963,106447.17592592593,100103.1648148148,5.917037037037037,13.765,2633.5314814814815,1932.1166666666663,1779.201851851852,855.9333333333333,923.2666666666668,342.7037037037037,91299.66111111113,22528.18888888889,679.7001851851851,4501.657407407408,17265.725925925926,10514.746296296296,6750.97962962963,68771.47222222222,4358.88574074074,10395.407222222222,5123.896296296296,15535.8,40.10888888888888,3.578518518518518,40.55833333333333,1524.901851851852,193.7277777777778,315.3074074074074,648.987037037037,366.89074074074074,1407.2405303030305,190.38636363636363,286.8162878787879,561.1628787878788,368.87689393939394,84868.89464692592,32550.673417176335,277391.2870360926,537574.4975780334,1.5355540674749537,567.010925925926,2134.651851851852,2028.537222222222,231.05480740740745,38.959214814814814,38246.15,408.87611111111113,533.8151851851852,400.8100185528757,0.1312947339257885,331.54209259259255,385.414537037037,3.265791942975926,17.344071774631775,6.2261851851851855,6.322055555555555,5.660314814814815,5.81337037037037,6.266203703703703,6.880092592592592,7.073722222222223,7.871259259259259,8.858407407407409,0.0958703703703703,-0.5658703703703704,-0.4128148148148148,0.0400185185185185,0.6539074074074074,0.847537037037037,1.645074074074074,2.6322222222222225,98.79150537634408,2.578260740740741,232.92305592592592,2.025740925925926,1.1969375925925925,84.11425925925926,83.66277777777778,80.4361111111111,76.03277777777778,15.747837037037035,86.69555555555556,91.82907407407409,91.1212962962963,85.09166666666667,113.3524074074074,87.16888888888892,82.95129629629629,96.0248148148148,91.7912962962963,90.90611111111112,90.65462962962962,8.196703703703704,9.703666666666663,7.705629629629629,87.9339378238342,1732.4425925925923,50448.35687732342,138202.00185873607,503.07888888888886,19.47450502008032,56.784378478664195,78.32018552875695,59.57020408163265,51.726975881261595,112591.93661971833,60.5527037037037,75.00755925925925,52.93405925925926,56.68330185185184,72.50461481481481,70.44626111111111,82.93322962962964,18468.17962962963,56.76087569573284,,,,,,,,,,,,,,,,,,
2004-02,4842.305555555556,4258.090185185186,479754.1219229523,115867.15062580408,66.29634750462107,65.8274695009242,65.74708133086877,70.62716266173751,66.52090757855822,63.91101848428836,81.03165434380776,106521.88170055451,100174.2606284658,5.91645101663586,13.77615526802218,2633.49168207024,1932.970425138632,1782.1330868761552,857.0628465804067,925.0683918669132,342.7097966728281,91368.27726432533,22519.80406654344,679.3942698706101,4503.902033271719,17255.32347504621,10508.24214417745,6747.081330868761,68848.47319778189,4362.222181146026,10401.99944547135,5129.678373382625,15549.149722735674,40.107024029574866,3.5818853974121994,40.557670979667286,1525.561922365989,193.6173752310536,315.35120147874306,649.4879852125694,367.11645101663584,1408.209829867675,190.3648393194707,286.94896030245746,561.7599243856333,369.13799621928166,85051.68042391866,32621.280654636575,277812.9075776155,538783.7929528889,1.5352104488314815,568.3406654343808,2141.9177449168205,2030.8353049907575,232.02634195933456,38.97118299445471,38259.24029574861,409.7667282809611,536.9926062846579,402.41425925925927,0.1313035825592592,333.0226432532348,387.0981146025878,3.265791942975926,17.42578242382528,6.21652495378928,6.312292051756007,5.651478743068392,5.80441774491682,6.256913123844732,6.873142329020332,7.068317929759704,7.866950092421442,8.853937153419594,0.0957670979667282,-0.5650462107208872,-0.4121072088724584,0.0403881700554528,0.6566173752310536,0.8517929759704252,1.650425138632163,2.637412199630314,98.75281501340484,2.5757853974121994,232.68894399260628,2.0253707948243993,1.1971203327171904,84.11425925925926,83.66277777777778,80.4361111111111,76.03277777777778,15.78207393715342,86.69555555555556,92.00203327171904,91.17375231053605,85.2271719038817,113.70425138632164,87.28817005545288,83.01035120147874,96.2521256931608,91.96580406654344,91.06321626617375,90.8195933456562,8.212994454713494,9.721164510166355,7.720961182994454,87.9749354005168,1741.0075785582253,50840.01669758813,139053.6345083488,506.235674676525,19.467209418837676,56.87468888888889,78.34173703703703,59.6529925925926,51.83450555555556,112747.4055944056,60.66872643253235,75.05589463955639,53.04394454713493,56.83903696857671,72.54784103512014,70.52420702402958,82.98127911275417,18481.15896487985,56.86178703703704,,,,,,,,,,,,,,,,,,
2004-03,4857.481734317344,4270.503136531364,480355.3562972574,116197.59868738009,66.38528782287823,65.91060885608857,65.82971955719557,70.69759040590405,66.61884686346863,64.0069483394834,81.02116236162362,106595.5885608856,100244.60516605168,5.915867158671586,13.78819188191882,2633.1863468634688,1933.8542435424351,1784.8856088560883,858.070110701107,926.8136531365312,342.72878228782287,91439.77859778596,22518.239852398525,679.0918819188192,4508.0904059040595,17249.90774907749,10505.232472324724,6744.675276752768,68921.53874538746,4364.508487084871,10410.3426199262,5134.944649446495,15560.269372693729,40.107380073800734,3.583210332103321,40.55848708487085,1526.2121771217712,193.6070110701107,315.4169741697417,649.8653136531366,367.3339483394834,1409.177358490566,190.36415094339625,287.0415094339623,562.3849056603774,369.388679245283,85231.64226815497,32678.47169238568,278241.9354234133,539588.1704636229,1.5345353833068391,569.7149446494465,2149.438376383764,2033.2514760147603,233.00609963099632,38.98022509225092,38269.5221402214,410.6547970479705,540.1581180811809,403.99722735674675,0.1313027671756007,334.51773062730626,388.7884317343174,3.265791942975926,17.42578242382528,6.206918819188192,6.302546125461253,5.642767527675277,5.795535055350554,6.247656826568265,6.8661254612546125,7.062804428044281,7.862583025830259,8.849169741697416,0.0956273062730627,-0.5641512915129151,-0.4113837638376383,0.0407380073800737,0.6592066420664207,0.8558856088560886,1.6556642066420664,2.6422509225092248,98.71596256684494,2.573329704797048,232.45650664206644,2.025079151291513,1.1973653136531366,84.22402957486136,83.78170055452865,80.53881700554527,76.16062846580407,15.817051660516606,86.76155268022181,92.1760147601476,91.22638376383765,85.36328413284131,114.05774907749075,87.40830258302583,83.06974169741697,96.48044280442804,92.14059040590404,91.22158671586718,90.98450184501846,8.229243542435425,9.73850553505535,7.7361992619926205,87.99149484536082,1749.6964944649446,51369.99260628466,140526.76894639558,508.8332103321033,19.4601244,57.0579963099631,78.38531549815498,59.82270110701107,52.0520553505535,113021.75862068964,60.784721402214025,75.1084926199262,53.158603321033205,56.99816605166052,72.59349630996309,70.60994833948341,83.03243357933579,18493.658671586716,57.06592066420664,,,,,,,,,,,,,,,,,,
2004-04,4865.021731123389,4276.6535911602205,481893.1501854594,116600.77438040516,66.47490423572744,65.99479189686924,65.91383241252302,70.76855801104973,66.7169005524862,64.1023370165746,81.01040331491714,106669.35359116022,100314.68508287292,5.915469613259669,13.799815837937386,2633.1049723756905,1934.7384898710864,1787.7127071823204,858.9429097605894,928.767955801105,342.6758747697974,91512.07550644568,22516.85635359116,678.7821362799265,4512.4456721915285,17244.50276243094,10502.250460405156,6742.252302025783,68995.21915285451,4366.835359116022,10418.84732965009,5140.2209944751385,15571.290976058932,40.10773480662984,3.585267034990792,40.55930018416206,1527.1675874769796,193.5598526703499,315.548802946593,650.4732965009208,367.5966850828729,1410.2448210922787,190.39359698681733,287.1694915254237,563.0527306967984,369.6308851224105,85434.15121425413,32750.182587103685,278678.9318590976,540797.1498539115,1.534194912119926,571.1195211786371,2156.854143646409,2035.5830570902397,233.98413627992633,38.989587476979736,38280.099447513814,411.4445672191528,543.3782688766114,405.5536900369004,0.1313023661199261,335.971620626151,390.41896869244937,3.256432093257827,17.42578242382528,6.197329650092081,6.292836095764272,5.634106813996317,5.786685082872928,6.238342541436464,6.858618784530387,7.0568508287292815,7.85791896869245,8.844125230202579,0.0955064456721915,-0.5632228360957643,-0.4106445672191529,0.041012891344383,0.6612891344383057,0.8595211786372008,1.6605893186003682,2.6467955801104974,98.68333333333334,2.5709438305709025,232.22825469613255,2.0247127071823203,1.1976069981583797,84.45211786372008,84.02136279926334,80.74953959484345,76.42891344383057,15.855620626151014,86.93241252302025,92.3510128913444,91.28084714548802,85.50220994475137,114.41307550644568,87.52983425414364,83.12854511970535,96.70939226519336,92.31657458563537,91.3806629834254,91.15027624309393,8.245580110497238,9.75598526703499,7.7514180478821375,88.01156812339332,1758.3953959484345,51646.33763837638,141249.83210332104,511.464640883978,19.456677045908183,57.1501197053407,78.40724861878452,59.90903314917127,52.16087845303867,113021.75862068964,60.897176795580116,75.16288581952118,53.27821731123389,57.15635174953959,72.63773848987108,70.71273664825047,83.08112338858196,18506.475138121543,57.16800736648251,,,,,,,,,,,,,,,,,,
2004-05,4872.8505514705885,4283.100367647058,482709.3174963518,116995.97148632354,66.56443198529412,66.07953492647059,65.99840073529411,70.84075367647058,66.81387132352941,64.19904963235294,81.00052573529412,106743.01470588236,100385.01838235294,5.914889705882352,13.810661764705882,2633.3970588235293,1935.5367647058824,1789.8841911764705,859.5147058823529,930.3694852941176,342.67463235294116,91584.67279411764,22515.60477941177,678.4928308823529,4516.775735294118,17239.240808823528,10499.34375,6739.89705882353,69069.06801470589,4369.168014705883,10427.33455882353,5145.479779411765,15582.306985294115,40.10753676470589,3.586948529411764,40.559375,1528.0900735294117,193.5128676470588,315.74816176470586,651.1066176470588,367.7334558823529,1412.6184210526317,190.69172932330827,287.5996240601504,564.187969924812,370.140977443609,85636.70792158088,32823.75917885747,279129.3694843566,542022.2950659669,1.5337636139392266,572.5091911764707,2164.324816176471,2037.9367647058823,234.96523161764705,39.00241727941176,38294.07720588235,412.2944852941177,546.6994485294117,407.1456721915285,0.1313025860478821,337.43740808823526,392.08294117647057,3.256432093257827,17.502490101456562,6.187775735294117,6.283216911764705,5.625477941176471,5.778051470588235,6.229503676470589,6.852242647058823,7.051875000000001,7.854007352941176,8.839742647058825,0.0954411764705882,-0.562297794117647,-0.4097242647058823,0.0417279411764706,0.6644669117647058,0.8640992647058823,1.6662316176470586,2.6519669117647062,98.65343085106385,2.5686018382352938,231.99926231617647,2.0243053308823526,1.1978724264705882,84.56819852941176,84.14411764705882,80.85863970588235,76.57444852941177,15.89391911764706,87.02463235294118,92.52610294117648,91.33511029411764,85.64080882352943,114.76911764705883,87.65091911764705,83.18676470588235,96.93897058823528,92.49283088235292,91.53952205882354,91.31617647058825,8.261930147058823,9.77330882352941,7.766764705882353,88.0274358974359,1767.163970588235,51924.15101289134,142039.06077348065,514.1038602941177,19.449369123505974,57.24139338235294,78.42904963235294,59.9951893382353,52.26835294117648,113187.89726027397,61.015909926470584,75.21696323529413,53.39469485294118,57.31671139705883,72.67929595588235,70.79892647058824,83.11390073529412,18519.242647058825,57.270134191176474,,,,,,,,,,,,,,,,,,
2004-06,4880.415963302753,4289.319266055046,483508.962133307,117399.28346524772,66.65804770642201,66.16760366972477,66.0849633027523,70.91401651376145,66.91607155963302,64.29911009174312,80.99294678899084,106816.83302752294,100455.45321100915,5.914311926605505,13.822018348623851,2633.532110091743,1936.3449541284403,1792.245871559633,860.3009174311927,931.9449541284404,342.6733944954128,91657.57064220184,22514.54128440367,678.2128440366972,4521.155963302752,17234.106422018347,10496.557798165137,6737.548623853211,69143.02935779816,4371.49889908257,10435.856880733943,5150.816513761468,15593.22752293578,40.10770642201835,3.5891743119266053,40.5605504587156,1528.897247706422,193.48807339449544,315.8073394495413,651.5009174311926,368.1119266055046,1413.9024390243903,190.7016885553471,287.72607879924954,564.9943714821763,370.48217636022514,85829.00387034862,32893.99826330963,279580.146788055,543254.0978323898,1.533333901413603,573.9188990825689,2171.357247706422,2040.0425688073392,235.94428073394496,39.015249541284405,38307.998165137615,413.3950458715596,550.0603669724771,408.7672794117648,0.131307020367647,338.8417064220184,393.68388990825696,3.256432093257827,17.502490101456562,6.178256880733945,6.273816513761467,5.61702752293578,5.769853211009174,6.221339449541285,6.846733944954128,7.047596330275229,7.85067889908257,8.835908256880735,0.0955596330275229,-0.5612293577981652,-0.4084036697247706,0.0430825688073394,0.6684770642201835,0.8693394495412843,1.6724220183486236,2.6576513761467893,98.62790450928382,2.566244587155963,231.77943981651376,2.0238680733944956,1.1982045871559637,84.68605504587156,84.26935779816515,80.97045871559634,76.7308256880734,15.938664220183488,87.1097247706422,92.702752293578,91.38990825688072,85.78403669724771,115.12550458715596,87.7748623853211,83.2445871559633,97.168623853211,92.6702752293578,91.70036697247706,91.48366972477064,8.278146788990826,9.790605504587155,7.781981651376148,88.03299232736573,1776.0563302752294,52198.893382352944,142810.07536764705,516.7042201834862,19.446638767395623,57.33446055045872,78.4507871559633,60.083211009174306,52.37804587155964,113348.56462585034,61.1285376146789,75.27429357798167,53.51629357798165,57.481122935779815,72.72666788990826,70.89886972477065,83.16915045871559,18532.078899082568,57.371625688073394,,,,,,,,,,,,,,,,,,
2004-07,4880.415963302753,4289.319266055046,483508.962133307,117789.96243326008,66.74752564102563,66.25148534798535,66.1679761904762,70.98220695970697,67.01421428571429,64.39655494505494,80.98365934065933,106890.93956043955,100526.1043956044,5.913736263736265,13.833150183150185,2633.631868131868,1937.2032967032967,1794.576923076923,861.1172161172161,933.459706959707,342.6703296703297,91730.07326007326,22513.335164835164,677.9304029304029,4525.53663003663,17228.8315018315,10493.705128205129,6735.126373626374,69216.73809523809,4373.80695970696,10444.312087912089,5156.104395604396,15604.10805860806,40.10750915750915,3.590659340659341,40.56098901098902,1529.3699633699634,193.42307692307693,315.7875457875458,651.8571428571429,368.3131868131868,1414.8970037453184,190.7134831460674,287.82209737827714,565.625468164794,370.7378277153558,86024.48921124541,32966.11497208924,280035.28754485346,544497.398570312,1.5329057658146787,575.3217948717949,2179.1738095238093,2042.5388278388275,236.9321007326007,39.02721978021978,38320.93406593407,414.25989010989014,553.4968864468865,410.4438532110091,0.1313172986807339,340.2957692307692,395.3415201465202,3.2475471974487182,17.502490101456562,6.168827838827838,6.2648717948717945,5.609065934065934,5.762216117216117,6.2138278388278385,6.841391941391941,7.043351648351648,7.847307692307693,8.832142857142857,0.096043956043956,-0.5597619047619048,-0.4066117216117216,0.045,0.6725641025641025,0.8745238095238096,1.6784798534798533,2.6633150183150183,98.59865079365078,2.563834432234432,231.55536318681317,2.023509157509158,1.1984968864468866,84.80274725274725,84.39285714285715,81.08333333333333,76.889010989011,15.979106227106229,87.19249084249086,92.87985347985348,91.4448717948718,85.92912087912089,115.48223443223443,87.89945054945055,83.3018315018315,97.39871794871794,92.84835164835164,91.8620879120879,91.65164835164836,8.29445054945055,9.807820512820513,7.797271062271061,88.05229591836735,1785.1800366300365,52484.4,143548.0385321101,519.2631868131867,19.437905753968252,57.33446055045872,78.4507871559633,60.083211009174306,52.37804587155964,113528.56756756756,61.23555860805861,75.32676007326008,53.63819230769231,57.64157692307692,72.77296703296703,70.96997435897435,83.21273992673993,18544.836996336995,57.371625688073394,,,,,,,,,,,,,,,,,,
2004-08,4892.269835466179,4300.0919561243145,484993.12161267217,118195.48901016454,66.83623217550273,66.33449177330897,66.24889396709322,71.04743875685557,67.11176416819013,64.4942760511883,80.97458500914077,106965.82998171846,100597.64716636196,5.912979890310787,13.841864716636197,2633.945155393053,1938.1882998171843,1796.5575868372944,861.7568555758684,934.800731261426,342.6654478976234,91802.20109689214,22512.28336380256,677.6574040219379,4529.9049360146255,17223.71297989031,10490.90310786106,6732.80987202925,69289.91773308958,4376.143510054844,10452.680438756855,5161.318098720292,15614.92138939671,40.107861060329064,3.592504570383912,40.56160877513712,1530.2504570383912,193.43875685557583,315.83912248628883,652.3400365630713,368.6435100548446,1416.1140186915889,190.71028037383175,287.95327102803736,566.3700934579439,371.0822429906542,86226.06052895795,33049.425211878995,280498.34186378424,545761.9289758608,1.532497513496337,576.6903107861061,2186.6775137111517,2044.873126142596,237.9253857404022,39.04031078610603,38334.866544789766,415.0756855575869,556.8866544789763,412.0681318681319,0.1313559259413919,341.6953199268739,396.9315904936015,3.2475471974487182,17.560887832588236,6.159853747714807,6.256179159049361,5.6012431444241315,5.754716636197441,6.206307129798904,6.83563071297989,7.038702010968922,7.843601462522853,8.828098720292505,0.0963254113345521,-0.5586106032906764,-0.4051371115173675,0.046453382084095,0.6757769652650822,0.8788482632541134,1.6837477148080435,2.6682449725776967,98.56662269129288,2.5614237659963437,231.33220365630712,2.0231806215722123,1.1987235831809873,84.91937842778792,84.51627056672761,81.19798903107862,77.04862888482633,16.024281535648996,87.28702010968921,93.0561243144424,91.49780621572212,86.07111517367458,115.83948811700184,88.02212065813528,83.35831809872029,97.62906764168189,93.0255941499086,92.02266910420474,91.81882998171848,8.310676416819014,9.825009140767824,7.81254113345521,88.07430025445292,1793.9561243144424,52764.60805860806,144318.95054945056,521.7829981718464,19.430441584158416,57.529276051188305,78.51817550274222,60.2578957952468,52.609038391224864,113718.04697986576,61.34262888482632,75.3753912248629,53.761078610603285,57.804243144424134,72.81827422303475,71.01553382084096,83.24950822669105,18557.508226691043,57.56534734917734,,,,,,,,,,,,,,,,,,
2004-09,4899.703284671534,4306.200182481753,485793.9623409854,118589.4534462774,66.92747810218978,66.42068065693431,66.33282481751824,71.11467335766423,67.21084124087592,64.59593430656935,80.96807664233577,107040.1697080292,100668.96715328468,5.912043795620439,13.851277372262771,2633.890510948905,1939.2518248175184,1798.5766423357663,862.4452554744526,936.131386861314,342.66058394160586,91874.73722627736,22511.218978102188,677.3771897810218,4534.28102189781,17218.58394160584,10488.180656934306,6730.403284671533,69363.51824817518,4378.478284671533,10461.04215328467,5166.673357664234,15625.799270072992,40.10784671532846,3.5943430656934305,40.56222627737227,1531.109489051095,193.4270072992701,315.95620437956205,652.7992700729927,368.9379562043796,1417.1455223880596,190.68097014925377,288.06716417910445,567.0111940298508,371.3880597014925,86427.15348419707,33122.973218230065,280964.5036487044,547043.0625609141,1.5321090354095064,578.0906934306571,2194.140693430657,2047.1854014598537,238.91700729927007,39.05283394160584,38348.220802919706,415.9410583941606,560.3729927007299,413.6661791590494,0.1313599554771481,343.05890510948905,398.4638503649635,3.2475471974487182,17.560887832588236,6.151222627737226,6.247773722627737,5.593722627737226,5.74735401459854,6.198667883211678,6.829489051094891,7.033667883211678,7.839598540145986,8.823777372262775,0.0965510948905109,-0.5575,-0.4038686131386861,0.0474452554744525,0.6782664233576642,0.8824452554744524,1.688375912408759,2.6725547445255473,98.53544736842106,2.5590531021897807,231.1112208029197,2.0228104014598545,1.1989315693430658,85.035401459854,84.63868613138688,81.31478102189782,77.20237226277371,16.077047445255477,87.37627737226278,93.23193430656934,91.55,86.2116788321168,116.19671532846716,88.14397810218978,83.41459854014599,97.85912408759124,93.2021897810219,92.18266423357666,91.98540145985402,8.326989051094891,9.842171532846717,7.827901459854015,88.09416243654822,1802.7981751824816,53054.50822669104,145070.42961608776,524.3766423357665,19.424833399209486,57.62116423357664,78.53888868613137,60.3446897810219,52.71765875912409,113898.02,61.45501642335767,75.42502919708029,53.89045620437956,57.96946532846715,72.86850729927008,71.06255839416059,83.29381204379561,18570.15875912409,57.66776277372263,,,,,,,,,,,,,,,,,,
2004-10,4899.703284671534,4306.200182481753,485793.9623409854,118999.96628153008,67.01834426229507,66.50725500910747,66.41873041894354,71.18588888888888,67.30836429872495,64.69405464480874,80.95931329690346,107113.83606557376,100739.6612021858,5.9111111111111105,13.86174863387978,2634.1748633879783,1939.8269581056463,1800.6812386156648,863.0728597449909,937.608378870674,342.6666666666667,91947.0510018215,22510.081967213115,677.1072859744992,4538.642987249545,17213.384335154828,10485.387978142076,6727.99635701275,69436.96903460838,4380.8285974499095,10469.354826958108,5172.016393442623,15636.883424408015,40.10765027322404,3.5961748633879784,40.562477231329694,1531.808743169399,193.3479052823315,316.0200364298725,653.2604735883424,369.1912568306011,1418.227188081937,190.68156424581005,288.23091247672255,567.6387337057728,371.6778398510242,86626.30803158469,33196.10509727954,281433.92167484516,548336.2887241241,1.5316854787755474,579.4870673952643,2201.681056466303,2049.538069216758,239.9136484517304,39.066304189435336,38362.366120218576,416.6071038251366,563.8295081967213,415.2799270072993,0.1313651770237226,344.46983606557376,400.0481785063752,3.2391917613260475,17.560887832588236,6.14295081967213,6.239690346083788,5.586539162112933,5.7402914389799635,6.191238615664846,6.823169398907104,7.0283788706739525,7.835264116575591,8.819125683060111,0.0967395264116575,-0.5564116575591985,-0.4026593806921675,0.048287795992714,0.6802185792349726,0.8854280510018215,1.6923132969034609,2.676174863387978,98.50320209973754,2.5566921675774132,230.8907839708561,2.0223930783242263,1.199093989071038,85.15063752276866,84.76010928961749,81.43114754098362,77.34462659380692,16.13146083788707,87.46429872495446,93.40765027322404,91.60200364298726,86.35227686703097,116.5544626593807,88.26575591985429,83.47140255009109,98.08943533697632,93.37887067395263,92.3424408014572,92.15191256830602,8.343369763205828,9.859326047358833,7.843424408014572,88.10962025316456,1811.5814207650271,53349.425182481755,145822.10401459853,526.6384335154827,19.413897633136095,57.62116423357664,78.53888868613137,60.3446897810219,52.71765875912409,114094.3774834437,61.564,75.48085792349725,54.0154918032787,58.131513661202185,72.91400910746812,71.15749726775957,83.33606193078323,18582.819672131147,57.66776277372263,,,,,,,,,,,,,,,,,,
2004-11,4907.0591985428055,4312.232058287795,486608.6284681004,119405.13179738182,67.11085272727273,66.59433636363637,66.50476545454545,71.2568509090909,67.40926,64.79462181818182,80.95214909090909,107187.90181818182,100810.64,5.910363636363636,13.872181818181817,2634.3836363636365,1940.46,1802.94,863.7818181818182,939.1581818181818,342.66545454545457,92020.23818181816,22509.236363636363,676.8307272727274,4543.189090909091,17208.3,10482.674545454543,6725.625454545455,69511.00181818182,4383.161272727273,10477.772545454543,5177.289090909091,15648.036363636364,40.107454545454544,3.597818181818182,40.56272727272727,1532.7181818181818,193.3309090909091,316.1618181818182,653.7436363636364,369.4927272727273,1419.3420074349442,190.65241635687732,288.36059479553904,568.368029739777,371.9628252788104,86626.90366,33197.30964273409,281434.9034599089,549629.8965770856,1.5313181099617486,580.876181818182,2209.2107272727276,2051.852545454545,240.91727636363632,39.07832727272728,38375.343636363636,417.48727272727274,567.3398181818183,416.904189435337,0.1313723885428051,345.87481818181817,401.63514545454547,3.2391917613260475,17.5970742770713,6.134981818181818,6.2319272727272725,5.579581818181818,5.733490909090909,6.184036363636364,6.816854545454546,7.023054545454546,7.830963636363638,8.814381818181818,0.0969454545454545,-0.5553999999999999,-0.4014909090909091,0.0490545454545454,0.6818727272727273,0.8880727272727271,1.695981818181818,2.6794,98.46607329842932,2.5542854545454543,230.66877072727272,2.0220027272727275,1.1991809090909091,85.2701818181818,84.88727272727274,81.54945454545455,77.49581818181818,16.19873090909091,87.5729090909091,93.58490909090908,91.65418181818184,86.49909090909092,116.91327272727273,88.39072727272728,83.52872727272728,98.31927272727272,93.55709090909092,92.50418181818182,92.31981818181818,8.359636363636364,9.8766,7.8586909090909085,88.11868686868686,1820.2950909090907,53660.68670309654,146598.22950819673,529.1598181818182,19.405572440944884,57.713029143898,78.55945173041894,60.43136794171219,52.82634790528233,114266.75,61.672389090909085,75.53654727272726,54.14216181818182,58.29735272727273,72.9631,71.23698545454546,83.3789509090909,18595.585454545453,57.77039162112933,,,,,,,,,,,,,,,,,,
2004-12,4922.054083484573,4324.632667876587,488220.0389100346,119814.5852786933,67.22824319419239,66.79631397459165,66.78646460980038,71.66205989110708,67.41338838475498,64.92450090744101,80.902555353902,107262.49546279492,100882.23774954629,5.9094373865698735,13.883121597096189,2634.359346642468,1941.250453720508,1805.1615245009075,864.5553539019963,940.6079854809436,342.65880217785843,92092.79854809438,22508.441016333934,676.5682395644283,4547.745916515427,17203.241379310344,10479.943738656988,6723.297640653357,69584.35753176044,4385.502359346643,10485.984754990925,5182.609800362977,15658.883847549909,40.10689655172414,3.5994555353902,40.562431941923776,1533.1724137931035,193.26134301270417,316.13248638838473,654.0943738656987,369.6950998185118,1420.4712430426716,190.67717996289423,288.46938775510205,569.0204081632653,372.3061224489796,87031.41399154265,33355.898739373304,282399.37930941925,550918.3713105818,1.5308793497618185,582.3059891107079,2216.7181488203264,2054.1488203266786,241.92029038112528,39.09018874773139,38388.14700544465,418.3584392014519,570.8780399274046,418.4858181818182,0.1313709510454545,347.3685843920145,403.3240471869329,3.2391917613260475,17.5970742770713,6.127350272232305,6.224609800362976,5.573212341197823,5.727205081669691,6.177350272232306,6.810889292196007,7.017912885662431,7.82676950998185,8.809637023593467,0.0972595281306715,-0.5541379310344827,-0.4001451905626134,0.05,0.6835390199637024,0.8905626134301269,1.6994192377495465,2.6822867513611617,98.42073107049607,2.5517751361161523,230.4401504537205,2.021709981851179,1.1991765880217786,85.39056261343012,85.01524500907442,81.66860254083485,77.67114337568057,16.257281306715065,87.6736842105263,93.76206896551724,91.70635208711433,86.64519056261345,117.27205081669692,88.51506352087114,83.58602540834846,98.54954627949184,93.73520871143376,92.66606170598912,92.48765880217786,8.375952813067151,9.893756805807625,7.873974591651543,88.13047858942066,1829.0689655172416,53978.81272727273,147384.62545454546,531.6938294010888,19.39505068762279,57.89800181488203,78.60109074410163,60.60852268602541,53.04389110707804,114456.24183006537,62.73361161524501,75.67931578947369,54.13514700544464,58.28842286751362,72.93286206896552,71.28224682395646,83.7448729582577,18608.154264972774,57.97765154264973,,,,,,,,,,,,,,,,,,
2005-01,4930.148550724638,4331.398550724638,489030.7430136461,120233.78349376812,67.31908152173914,66.88352536231884,66.87427898550725,71.73499637681158,67.50990217391305,65.02401811594203,80.89720833333334,107336.76449275362,100953.82971014491,5.908333333333334,13.891847826086956,2634.786231884058,1941.7228260869565,1807.1141304347825,865.3423913043479,941.7717391304348,342.6449275362319,92165.65398550723,22507.547101449276,676.3077898550725,4552.221014492754,17198.159420289856,10477.231884057972,6720.927536231884,69658.10688405797,4387.888224637682,10494.317391304348,5187.927536231884,15669.860507246376,40.10670289855073,3.6010869565217387,40.562318840579714,1534.1376811594205,193.23007246376812,316.2626811594203,654.6521739130435,370.0036231884058,1421.6037037037038,190.70555555555555,288.5962962962963,569.675925925926,372.6277777777778,87236.79548793478,33434.46330203838,282885.12137588765,552236.8025786207,1.5304784797985482,583.7192028985509,2224.289311594203,2056.490760869565,242.90957608695655,39.10406884057971,38403.186594202896,419.2420289855072,574.426811594203,420.09509981851176,0.1313734571433757,348.91177536231885,405.069963768116,3.2306444664221012,17.5970742770713,6.120163043478261,6.217644927536232,5.567083333333334,5.721231884057971,6.170996376811595,6.8050724637681155,7.012862318840579,7.822500000000001,8.80481884057971,0.097481884057971,-0.5530797101449274,-0.3989311594202899,0.0508333333333333,0.684909420289855,0.8926992753623189,1.702336956521739,2.6846557971014495,98.37325520833332,2.5492293478260866,230.21074873188405,2.0215413043478265,1.19921231884058,85.50887681159419,85.14057971014492,81.78677536231885,77.83840579710144,16.306326086956524,87.7802536231884,93.93840579710144,91.75742753623187,86.78804347826087,117.63115942028988,88.6376811594203,83.64347826086957,98.77971014492752,93.91231884057972,92.8268115942029,92.65471014492752,8.392300724637682,9.910869565217393,7.8894021739130435,88.15301507537689,1837.790217391304,54301.0889292196,148130.76588021778,534.2329710144927,19.382538823529412,57.990230072463774,78.62189673913043,60.695601449275365,53.15300181159421,114672.96753246752,62.85026268115942,75.73472463768115,54.26164311594203,58.448936594202905,72.9774927536232,71.340625,83.80649094202899,18620.869565217392,58.0825561594203,,,,,,,,,,,,,,,,,,
2005-02,4938.007414104882,4337.933273056057,489860.0351458678,120643.1057659313,67.40988065099458,66.97136528028933,66.96269801084992,71.80914647377938,67.60539602169982,65.12374502712477,80.89209222423148,107410.25858951177,101024.87341772152,5.9070524412296574,13.901627486437611,2634.721518987342,1942.4484629294757,1808.9529837251357,865.9493670886076,943.003616636528,342.622061482821,92244.20795660037,22506.267631103074,676.084267631103,4557.773960216999,17191.48643761302,10473.80650994575,6717.679927667269,69737.94032549729,4390.453707052442,10502.880108499094,5193.368896925859,15681.44122965642,40.10650994575045,3.6012658227848102,40.563291139240505,1535.370705244123,193.20795660036163,316.28209764918626,655.5569620253165,370.3345388788427,1422.8669131238448,190.71903881700555,288.68761552680223,570.5231053604437,372.93900184842886,87445.2171959132,33518.41270901576,283371.1139231284,553555.1543855435,1.5300609463206525,585.1099457504521,2231.91609403255,2058.8566003616634,243.90469258589508,39.124526220614825,38424.79746835443,420.17631103074143,578.0132007233274,421.7291666666667,0.1313672391702898,350.41719710669076,406.77,3.2306444664221012,17.619067942341818,6.113218806509945,6.211030741410488,5.56122965641953,5.715605786618445,6.16500904159132,6.799475587703435,7.007811934900542,7.818047016274865,8.79978300180832,0.0978119349005424,-0.5519891500904159,-0.3976130198915009,0.0517902350813743,0.6862567811934901,0.8945931283905966,1.7048282097649186,2.6865641952983728,98.32844155844155,2.546751898734177,229.98132784810127,2.0212848101265823,1.1992585895117542,85.63001808318263,85.26889692585895,81.90813743218807,77.99728752260398,16.361540687160943,87.89421338155515,94.11482820976492,91.80922242314648,86.92839059674503,117.99059674502712,88.75913200723326,83.70162748643762,99.01012658227847,94.08951175406872,92.98716094032548,92.82206148282096,8.408173598553345,9.92741410488246,7.904249547920434,88.17142857142858,1846.5575045207956,54614.938405797104,148959.1992753623,536.8054249547921,19.37105048923679,58.082515370705245,78.64327848101266,60.782940325497286,53.26194032549729,114868.33548387096,62.96151537070524,75.79354430379747,54.388853526220615,58.60733815551537,73.02672513562386,71.41733996383363,83.85961482820976,18634.607594936708,58.18546654611212,,,,,,,,,,,,,,,,,,
2005-03,4945.622563176896,4344.218411552347,490699.62459406693,117715.24614037904,67.50312996389891,67.06101263537906,67.0532761732852,71.88561010830324,67.70426714801444,65.22540974729242,80.88830144404332,107483.76353790614,101095.4855595668,5.906137184115524,13.91101083032491,2634.938628158845,1943.1245487364624,1810.9007220216608,866.6516245487364,944.2490974729242,342.5758122743682,92317.54512635378,22505.54512635379,675.8427797833936,4562.451263537906,17186.351985559566,10471.106498194946,6715.245487364621,69812.0,4392.76046931408,10511.189711191337,5198.729241877257,15692.425992779785,40.10613718411553,3.6028880866425994,40.5629963898917,1536.5920577617328,193.22743682310468,316.4657039711191,656.2436823104694,370.66606498194943,1425.020295202952,190.7250922509225,289.25830258302585,571.6642066420665,373.3376383763838,87649.99478220216,33603.5376242764,283863.7725622563,552917.0928624232,1.521524256607595,586.7642599277978,2239.7846570397114,2061.337364620939,244.91324007220217,39.140801444043326,38442.261732851985,421.134476534296,581.6595667870038,423.350452079566,0.1313684842495479,351.95007220216604,408.5054332129964,3.2306444664221012,17.619067942341818,6.106696750902526,6.20471119133574,5.5557761732851985,5.71028880866426,6.159350180505416,6.794007220216606,7.00268953068592,7.813321299638989,8.794404332129965,0.0980144404332129,-0.5509205776173285,-0.3964079422382672,0.0526534296028881,0.6873104693140795,0.8959927797833935,1.706624548736462,2.687707581227437,99.82082901554404,2.5443061371841154,229.75562906137185,2.0210425992779784,1.199332310469314,85.75108303249097,85.39765342960288,82.02996389891698,78.15090252707581,16.418595667870036,88.01750902527075,94.29151624548736,91.86010830324908,87.07220216606498,118.3528880866426,88.88194945848375,83.75956678700362,99.24097472924188,94.26714801444044,93.1481949458484,92.9893501805054,8.424476534296028,9.944440433212996,7.919584837545126,88.18625,1855.6138989169672,54912.48824593129,149710.85714285713,539.4212996389892,19.355799609375,58.17504332129964,78.66393321299638,60.87037003610108,53.37146209386282,115254.6433121019,63.07882129963899,75.85344945848375,54.51599277978339,58.77531588447653,73.07212996389893,71.49573285198555,83.92446209386281,18647.25812274368,58.29017509025272,,,,,,,,,,,,,,,,,,
2005-04,4953.261081081082,4350.492252252253,491511.3563186264,118113.8691203063,67.59469909909909,67.14998918918918,67.14262882882883,71.95999459459459,67.79998738738738,65.32363963963964,80.88234774774774,107557.04864864863,101166.48648648648,5.904864864864865,13.92108108108108,2634.7513513513513,1943.8018018018015,1812.7135135135136,867.1891891891892,945.5243243243244,342.5657657657658,92390.65045045046,22504.76936936937,675.6243243243243,4567.124324324324,17181.142342342344,10468.374774774777,6712.767567567567,69885.88108108108,4395.126846846848,10519.488288288288,5204.072072072072,15703.293693693691,40.10558558558558,3.604324324324325,40.56306306306306,1537.2054054054054,193.2234234234234,316.5009009009009,656.5315315315315,370.9603603603604,1426.1252302025782,190.71454880294655,289.37016574585635,572.3830570902394,373.6593001841621,87839.37136818017,33673.08126189013,284345.354954036,554243.8634529242,1.521142443870036,588.1738738738738,2247.4138738738743,2063.660900900901,245.914827027027,39.153218018018016,38455.84684684685,422.4709909909909,585.3767567567569,424.9579422382671,0.1313681359404332,353.46890090090096,410.2396576576577,3.2222359592864867,17.619067942341818,6.100432432432432,6.198774774774774,5.550702702702703,5.705405405405405,6.154198198198198,6.789279279279279,6.99818018018018,7.808972972972972,8.789477477477478,0.0983423423423423,-0.5497297297297297,-0.395027027027027,0.0537657657657657,0.6888468468468468,0.8977477477477478,1.7085405405405405,2.689045045045045,99.77191214470284,2.54184,229.53130234234231,2.0208322522522524,1.1993623423423423,85.87351351351352,85.5282882882883,82.1536936936937,78.31423423423422,16.48686846846847,88.14666666666666,94.46972972972972,91.91243243243244,87.2210810810811,118.7165765765766,89.00684684684684,83.81675675675676,99.4727927927928,94.44666666666669,93.3108108108108,93.1581981981982,8.44073873873874,9.961423423423422,7.934918918918919,88.19725685785536,1864.261981981982,55207.82671480144,150485.13898916967,542.0517117117116,19.343176998050684,58.26793333333334,78.68462882882882,60.959380180180176,53.48081801801802,115254.6433121019,63.19292252252252,75.91166126126126,54.64382162162161,58.9323081081081,73.11625225225227,71.58768468468469,83.97356756756757,18660.02162162162,58.394668468468474,,,,,,,,,,,,,,,,,,
2005-05,4961.795863309352,4357.676258992806,492320.117838773,118523.71467944243,67.6857464028777,67.23812589928058,67.23124100719426,72.032595323741,67.89565467625899,65.42343165467626,80.87747122302157,107631.1582733813,101238.30755395684,5.903597122302158,13.931294964028776,2634.8075539568345,1944.3848920863309,1814.3057553956835,867.5773381294964,946.7284172661872,342.53057553956836,92464.4856115108,22504.158273381297,675.4138489208633,4571.924460431655,17175.973021582733,10465.647482014389,6710.325539568345,69960.3273381295,4397.494784172662,10527.844424460432,5209.4604316546765,15714.122302158274,40.10575539568346,3.606115107913669,40.562769784172666,1538.0827338129495,193.25539568345323,316.50359712230215,657.2194244604317,371.1151079136691,1427.9448529411766,190.77205882352945,289.49632352941177,573.5404411764706,374.1378676470589,88046.41026859712,33760.933429089484,284833.3758983633,555579.3645998558,1.5207800250522523,589.5519784172662,2255.0073741007195,2065.9408273381296,246.91519604316545,39.16680215827338,38470.44784172662,423.35899280575546,589.264928057554,426.5836036036037,0.1313583323711711,354.927464028777,411.90987410071943,3.2222359592864867,17.64014123247378,6.0944784172661866,6.193057553956834,5.545719424460432,5.700629496402878,6.14910071942446,6.7842625899280575,6.99339928057554,7.804514388489208,8.784550359712233,0.0985791366906474,-0.5487589928057555,-0.3938489208633093,0.0546223021582734,0.6897841726618705,0.8989208633093524,1.7100359712230215,2.690071942446043,99.72670103092784,2.539418345323741,229.31127086330935,2.020607913669065,1.1994280575539569,86.00179856115108,85.66061151079136,82.2794964028777,78.48471223021583,16.55261151079137,88.27751798561151,94.64910071942448,91.96330935251798,87.37482014388489,119.08021582733814,89.13399280575541,83.87338129496402,99.70503597122304,94.6273381294964,93.47535971223022,93.32823741007196,8.45705035971223,9.978327338129496,7.950287769784174,88.19601990049752,1872.8714028776976,55499.27747747748,151256.0972972973,544.8089928057553,19.332892801556422,58.36124820143885,78.70526978417266,61.05001978417266,53.59012410071943,115455.22784810126,63.30161151079136,75.96928417266187,54.77486510791366,59.089956834532366,73.16250179856114,71.65012410071942,84.04066007194244,18672.88309352518,58.49967985611511,,,,,,,,,,,,,,,,,,
2005-06,4969.657450628367,4364.173249551167,493143.0582743148,118927.23763333932,67.77697666068222,67.32731597845601,67.32087073608619,72.106078994614,67.99025493716337,65.52276481149012,80.87254219030521,107705.64811490124,101310.54578096948,5.902154398563734,13.940035906642729,2634.9228007181327,1944.955116696589,1815.8366247755837,868.0538599640934,947.78276481149,342.5152603231598,92537.79712746858,22503.508078994615,675.2021543985637,4576.682226211849,17170.806104129264,10462.937163375223,6707.86894075404,70034.28904847396,4399.869658886895,10536.194793536804,5214.78276481149,15724.94434470377,40.105206463195685,3.607360861759425,40.5624775583483,1538.8635547576305,193.23698384201077,316.61759425493716,657.6175942549372,371.4021543985637,1429.108256880734,190.7724770642202,289.61467889908255,574.2642201834863,374.45871559633025,88265.9158156912,33866.141166970985,285333.78096856375,556917.4808505755,1.5203829386762588,590.8202872531418,2261.9328545780972,2067.8517055655293,247.90889946140032,39.17997845601436,38484.62657091562,424.40951526032313,593.1247755834829,428.2390287769784,0.1313587062769784,356.4056552962298,413.5942010771994,3.2222359592864867,17.64014123247378,6.088922800718132,6.187594254937163,5.5408617594254945,5.695924596050269,6.144039497307002,6.77899461400359,6.988276481149013,7.799748653500898,8.779569120287254,0.0986714542190305,-0.5480610412926391,-0.3929982046678635,0.0551166965888689,0.6900718132854579,0.8993536804308796,1.7108258527827649,2.6906463195691206,99.68457583547558,2.537044524236984,229.09095475763016,2.020312208258528,1.1995287253141833,86.1229802513465,85.78922800718132,82.40251346499103,78.64847396768401,16.612355475763017,88.39281867145422,94.82764811490124,92.01400359066427,87.52495511669659,119.44452423698384,89.25960502692998,83.93034111310594,99.93698384201076,94.80700179533214,93.63913824057452,93.49748653500896,8.473375224416516,9.995170556552962,7.965709156193896,88.19280397022332,1881.3357271095151,55499.27747747748,151256.0972972973,547.6251346499101,19.32094349514563,58.45378635547577,78.72619389587074,61.1394488330341,53.69861400359066,115663.64779874214,63.41210592459605,76.02750628366249,54.90620466786355,59.24920287253141,73.20660682226212,71.72837522441652,84.10001077199281,18685.770197486538,58.60400179533213,,,,,,,,,,,,,,,,,,
2005-07,4969.657450628367,4364.173249551167,493143.0582743148,119346.96659815412,67.87020430107526,67.41896953405019,67.41386379928316,72.18382437275984,68.08617741935484,65.62293906810035,80.86814516129033,107779.87275985663,101382.81720430109,5.900537634408602,13.94569892473118,2634.978494623656,1945.6666666666667,1816.793906810036,868.3637992831541,948.431899641577,342.47849462365593,92611.3835125448,22502.817204301075,675.0043010752688,4581.435483870968,17165.58781362007,10460.209677419354,6705.378136200717,70108.56630824372,4402.223476702509,10544.523655913978,5220.139784946236,15735.756272401431,40.104838709677416,3.608781362007168,40.56218637992832,1539.7275985663082,193.247311827957,316.6594982078853,658.2204301075269,371.6111111111111,1430.3956043956043,190.8131868131868,289.74542124542126,575.1025641025641,374.7362637362637,88497.18657587814,33972.14530691091,285862.36917471327,558248.3561093716,1.5200052314254937,592.2082437275986,2269.460215053763,2070.1064516129036,248.90687455197127,39.1924247311828,38497.87455197133,425.4405017921147,596.9302867383514,429.86032315978457,0.1313562050089766,357.92150537634404,415.32369175627247,3.214329290596774,17.64014123247378,6.0834587813620065,6.18241935483871,5.536254480286738,5.691326164874552,6.13905017921147,6.773602150537634,6.982921146953405,7.794659498207886,8.774336917562724,0.0989605734767025,-0.5472043010752687,-0.3921326164874552,0.0555913978494623,0.6901433691756272,0.8994623655913978,1.7112007168458785,2.690878136200717,99.64679487179488,2.534767562724014,228.875285125448,2.0199491039426527,1.199601612903226,86.24372759856631,85.91774193548387,82.5252688172043,78.80340501792114,16.68340860215054,88.49838709677418,95.00555555555556,92.06290322580644,87.67437275985664,119.80896057347672,89.384229390681,83.98673835125447,100.16863799283156,94.98602150537636,93.80215053763442,93.66612903225806,8.489713261648745,10.012043010752688,7.981164874551971,88.21212871287128,1889.8419354838709,56084.84380610413,152789.95332136445,550.474193548387,19.30528624031008,58.45378635547577,78.72619389587074,61.1394488330341,53.69861400359066,115872.4875,63.52571326164874,76.0903494623656,55.03894982078853,59.40287813620071,73.25231362007167,71.81892473118279,84.1634211469534,18698.60035842294,58.60400179533213,,,,,,,,,,,,,,,,,,
2005-08,4976.608422939068,4369.143548387096,493559.2035915961,119770.997069356,67.96131663685152,67.50921466905187,67.5052665474061,72.25865474060822,68.1789785330948,65.72190339892666,80.8630518783542,107854.63685152055,101455.6135957066,5.898926654740608,13.952236135957063,2634.86404293381,1946.5330948121648,1817.9033989266547,868.6833631484794,949.2200357781752,342.43291592128804,92685.1556350626,22502.171735241503,674.8030411449016,4586.1556350626115,17160.449016100178,10457.511627906975,6702.937388193202,70182.9838998211,4404.608586762076,10552.99266547406,5225.538461538462,15746.579606440073,40.10429338103757,3.610375670840787,40.5618962432916,1540.7656529516994,193.24865831842575,316.77638640429336,658.9016100178891,371.84973166368513,1431.7495429616088,190.82998171846435,289.908592321755,575.8976234003657,375.1151736745887,88666.40085694096,33864.793000193335,285632.4404988909,557995.4533316308,1.5250423698369178,593.55313059034,2277.0497316636847,2072.374060822898,249.90327012522351,39.20545438282648,38511.38819320215,426.483542039356,600.8261180679787,431.50161290322575,0.1313472618691756,359.4676923076923,417.0839534883721,3.214329290596774,17.655728714438848,6.078407871198569,6.177602862254025,5.532110912343471,5.68726296958855,6.134579606440072,6.76860465116279,6.977906976744185,7.789767441860464,8.76928443649374,0.0991949910554561,-0.5462969588550984,-0.3911449016100179,0.0561717352415027,0.6901967799642218,0.8994991055456171,1.7113595706618965,2.69087656529517,99.61135549872122,2.532548837209302,228.6661227191413,2.0194674418604657,1.199643291592129,86.36708407871198,86.0495527728086,82.65026833631487,78.97871198568873,16.758572450805012,88.61663685152057,95.1846153846154,92.10966010733452,87.82790697674419,120.1742397137746,89.51019677996423,84.04239713774598,100.4010733452594,95.16636851520572,93.96636851520572,93.83577817531304,8.505992844364938,10.029033989266546,7.996440071556351,88.23259259259258,1898.4,56346.96594982079,153570.56272401434,553.1765652951699,19.2882334622824,58.56309498207886,78.76498924731183,61.22706272401434,53.8345394265233,117155.34567901236,63.63337567084079,76.15127191413238,55.17330590339892,59.56122719141323,73.2939642218247,71.90721109123434,84.21166905187835,18711.55992844365,58.6639247311828,,,,,,,,,,,,,,,,,,
2005-09,4991.68875,4381.462142857143,495186.8737039696,120186.3470745893,68.05389464285714,67.59902321428572,67.59585357142858,72.33178035714286,68.27596785714286,65.82171964285715,80.85859285714287,107929.6125,101528.81607142858,5.897142857142858,13.961071428571428,2634.698214285714,1947.1142857142856,1819.4535714285712,869.3517857142857,950.1035714285714,342.38928571428573,92759.025,22501.530357142856,674.6108928571429,4590.941071428571,17155.244642857142,10454.780357142858,6700.464285714285,70257.49464285714,4406.99375,10561.431428571428,5230.921428571429,15757.4625,40.10410714285714,3.6119642857142855,40.56196428571429,1541.625,193.25357142857143,316.81964285714287,659.3535714285714,372.20892857142854,1433.0383211678832,190.82116788321167,290.02372262773724,576.7883211678832,375.4069343065693,88883.38942683928,33955.152660946784,286178.3147122857,559269.4328426655,1.524568233218247,595.5728571428572,2285.472142857143,2075.070714285714,250.9088517857143,39.21520892857143,38521.73928571429,427.57625,604.7017857142857,433.1890876565295,0.1313529092486583,361.0119821428572,418.8513214285714,3.214329290596774,17.655728714438848,6.073803571428571,6.173160714285714,5.5283750000000005,5.683642857142857,6.130535714285714,6.763875,6.973053571428571,7.784946428571428,8.764267857142856,0.0993571428571428,-0.5454285714285714,-0.3901607142857143,0.0567321428571428,0.6900714285714287,0.8992500000000001,1.711142857142857,2.6904642857142855,99.57219387755104,2.530281607142857,228.4553019642857,2.0190655357142857,1.1996516071428571,86.49125,86.18285714285713,82.77624999999999,79.1605357142857,16.844664285714288,88.73571428571428,95.36482142857142,92.15839285714286,87.98767857142859,120.53839285714284,89.63875,84.09750000000001,100.63339285714284,95.34821428571428,94.13267857142856,94.00678571428573,8.522375000000002,10.045982142857143,8.011892857142858,88.23472906403941,1907.60125,56346.96594982079,153570.56272401434,555.8855357142858,19.27413494208494,58.75190535714286,78.80479642857144,61.408253571428574,54.057589285714286,117155.34567901236,63.750907142857145,76.20677857142857,55.308553571428575,59.72223571428572,73.33551607142856,71.98061964285715,84.26415357142857,18724.505357142854,58.87397142857143,,,,,,,,,,,,,,,,,,
2005-10,4999.085026737968,4387.446524064171,495991.43107235536,120599.25198176473,68.1426577540107,67.68824242424242,67.68685561497327,72.4082816399287,68.36454367201426,65.92054010695188,80.85356862745098,108004.77005347594,101601.72727272728,5.89572192513369,13.968805704099822,2634.8770053475937,1947.716577540107,1820.8645276292336,869.8181818181819,951.048128342246,342.4866310160428,92832.8110516934,22500.91800356506,674.4263814616755,4595.739750445633,17150.046345811053,10452.071301247772,6697.97504456328,70331.89304812835,4409.360784313726,10569.644563279857,5236.31550802139,15768.438502673796,40.10374331550802,3.6133689839572183,40.56185383244207,1542.73440285205,193.28342245989305,316.9447415329768,659.9429590017826,372.57397504456327,1434.4699453551912,190.85245901639345,290.1548269581057,577.624772313297,375.83970856102,89094.47429417112,34028.23418160841,286725.68491778965,560554.3963554464,1.524077932801786,596.9463458110517,2293.152406417112,2077.293226381462,251.90875401069516,39.22662210338681,38533.79500891265,428.6465240641711,608.6527629233511,434.8176785714286,0.1313536530160714,362.5537076648842,420.6156506238859,3.2064436133368983,17.655728714438848,6.069429590017825,6.1689126559714795,5.524616755793227,5.680053475935829,6.126470588235294,6.758966131907308,6.968110516934047,7.780213903743314,8.759393939393938,0.0994830659536541,-0.5448128342245989,-0.3893761140819964,0.0570409982174688,0.6895365418894831,0.898680926916221,1.71078431372549,2.6899643493761145,99.53229007633588,2.528029946524064,228.24636024955436,2.0186864527629234,1.19961247771836,86.62067736185384,86.32281639928699,82.90891265597146,79.37076648841355,16.93151871657754,88.86363636363636,95.54866310160428,92.2067736185383,88.16310160427808,120.90285204991088,89.77379679144384,84.15276292335115,100.86648841354724,95.53422459893048,94.30445632798576,94.18146167557931,8.538591800356505,10.062941176470588,8.027147950089125,88.20687960687962,1916.269875222816,56882.56428571429,155006.35535714286,558.5992869875223,19.260040269749517,58.84795543672014,78.82398217468806,61.50401604278074,54.16953297682709,117387.03067484662,63.87242067736185,76.26546524064172,55.43745098039216,59.88432976827094,73.37191443850267,72.07152584670233,84.3125953654189,18737.19429590018,58.97754545454545,,,,,,,,,,,,,,,,,,
2005-11,4999.085026737968,4387.446524064171,495991.43107235536,121011.7123874911,61.27429893238435,62.38972241992882,62.555830960854095,66.68112277580072,59.460339857651235,58.73220996441281,80.86607473309608,108079.63523131672,101674.75978647686,5.894128113879003,13.976156583629892,2634.9839857651245,1948.2811387900356,1822.0658362989325,870.1298932384342,951.9395017793594,342.5,92905.99466192172,22500.366548042704,674.2512455516013,4600.571174377224,17144.870106761566,10449.398576512456,6695.47153024911,70405.62811387901,4411.711209964413,10577.757117437724,5241.772241992882,15779.270462633453,40.104092526690394,3.615124555160142,40.56281138790036,1543.6957295373666,193.23309608540924,317.0071174377224,660.6138790035587,372.8523131672598,1435.6854545454546,190.8490909090909,290.29818181818183,578.4090909090909,376.1309090909091,89318.14960681493,34110.547130434876,287290.1320976512,561840.7646328877,1.5236072056488414,598.3181494661922,2300.864234875445,2079.5256227758005,252.9126512455516,39.23532206405693,38543.222419928825,429.5055160142349,612.8016014234876,436.49732620320856,0.1313561114812834,364.02951957295386,422.28918149466193,3.2064436133368983,17.668657012089447,6.06535587188612,6.165142348754449,5.521387900355872,5.677046263345196,6.123007117437723,6.7546441281138785,6.963647686832741,7.775889679715301,8.755017793594305,0.0997864768683274,-0.5439679715302492,-0.3883096085409253,0.0576512455516014,0.6892882562277581,0.8982918149466192,1.7105338078291814,2.6896619217081854,99.4959390862944,2.525823487544484,228.0446220640569,2.018235231316726,1.1995729537366548,86.75160142348754,86.46512455516013,83.05,79.60800711743772,17.012370106761566,89.01637010676156,95.73256227758009,92.2540925266904,88.33345195729538,121.2690391459075,89.90693950177935,84.20800711743773,101.10160142348754,95.7202846975089,94.47597864768684,94.35622775800712,8.555,10.079875444839857,8.042633451957293,88.17254901960784,1924.9649466192168,57141.30659536542,155778.26024955435,561.2932384341636,19.251044615384615,58.84795543672014,78.82398217468806,61.50401604278074,54.16953297682709,117622.06707317074,53.55928469750889,73.01089145907473,51.297871886120994,45.72766548042705,74.84761387900356,64.1369644128114,76.85666725978648,18749.813167259785,58.97754545454545,,,,,,,,,,,,,,,,,,
2005-12,5013.759325044405,4399.374245115453,497600.7693959413,121429.2954915986,61.359790408525754,62.476539964476025,62.642641207815274,66.74981882770871,59.54457726465363,58.82604085257549,80.86410479573712,108154.40674955596,101747.4404973357,5.892539964476021,13.98277087033748,2635.229129662522,1948.8632326820605,1823.2859680284191,870.5701598579041,952.7193605683836,342.46536412078154,92979.56660746004,22500.026642984016,674.0836589698046,4605.486678507993,17139.811722912968,10446.793960923624,6693.017761989343,70479.53996447602,4414.107282415631,10586.008348134992,5247.218472468917,15790.0621669627,40.10479573712256,3.616873889875666,40.56341030195382,1544.7761989342807,193.2113676731794,317.1154529307282,661.2238010657194,373.23623445825933,1437.005444646098,190.8747731397459,290.46098003629766,579.2141560798548,376.4573502722323,89554.70351515096,34224.25077111674,287884.1709393961,563131.8522403025,1.5231203600871888,599.6937833037301,2308.594493783304,2081.80621669627,253.91409769094136,39.24376909413854,38552.67673179396,430.5502664298401,616.9287744227353,438.1414590747331,0.1313616405925267,365.58074600355246,424.0308170515097,3.2064436133368983,17.668657012089447,6.061687388987566,6.16170515097691,5.518472468916519,5.674333925399644,6.119822380106572,6.7505506216696265,6.959342806394316,7.771705150976908,8.750817051509767,0.1000177619893428,-0.5432149200710479,-0.3873534635879219,0.0581349911190053,0.6888632326820605,0.8976554174067496,1.7100177619893429,2.6891296625222023,99.46417721518988,2.5236657193605683,227.8499673179396,2.017731971580817,1.1995408525754885,86.87992895204263,86.60408525754886,83.18738898756659,79.83623445825933,17.08570515097691,89.17424511545295,95.9138543516874,92.30159857904084,88.48756660746005,121.63747779751334,90.03321492007105,84.26252220248668,101.3380106571936,95.90301953818827,94.64351687388988,94.52806394316164,8.571403197158084,10.09683836589698,8.058046181172292,88.15647921760392,1933.647246891652,57401.5871886121,156533.85231316727,563.9525754884547,19.236371017274475,59.038909413854356,78.86277797513321,61.68885790408527,54.394804618117234,117855.93333333332,53.65850444049733,73.06547602131438,51.430877442273534,45.85955772646537,74.88901776198934,64.20390586145648,76.91005328596803,18762.595026642983,59.184067495559496,,,,,,,,,,,,,,,,,,
2006-01,5021.462234042554,4405.752659574468,498410.661457405,121849.92440030145,61.44641843971631,62.56406560283688,62.73039893617021,66.81967907801419,59.63051418439717,58.920553191489354,80.86260460992908,108229.20035460991,101820.92730496454,5.890070921985815,13.988120567375889,2635.526595744681,1949.3652482269504,1824.113475177305,870.7641843971631,953.3475177304964,342.42198581560285,93053.21985815602,22499.53546099291,673.9271276595744,4610.258865248227,17134.73404255319,10444.161347517733,6690.572695035461,70553.68439716312,4416.486347517731,10594.122163120568,5252.652482269504,15800.875886524822,40.10478723404255,3.6184397163120567,40.563652482269504,1545.521276595745,193.2198581560284,317.10283687943263,661.9148936170212,373.29432624113474,1438.161231884058,190.9039855072464,290.54891304347825,580.0108695652174,376.6992753623188,89804.53028196807,34344.70736282857,288505.1068065248,564431.7619166075,1.5226530059840144,601.0609929078014,2316.406914893617,2084.137765957447,254.90909929078012,39.25399290780142,38563.83156028369,431.6264184397163,620.9955673758865,439.7845470692717,0.1313596191047957,367.170265957447,425.81812056737584,3.198890149430851,17.668657012089447,6.058315602836879,6.158528368794326,5.515585106382979,5.67168439716312,6.11668439716312,6.74636524822695,6.954929078014185,7.7674468085106385,8.74650709219858,0.1002127659574468,-0.5427304964539007,-0.3866312056737588,0.0583687943262411,0.6880496453900711,0.896613475177305,1.7091312056737589,2.688191489361702,99.42974747474749,2.5215054964539005,227.65601773049644,2.0172498226950357,1.1994734042553192,87.01046099290781,86.74609929078015,83.32482269503545,80.05851063829788,17.160783687943265,89.35567375886527,96.09432624113477,92.3482269503546,88.6386524822695,122.00531914893617,90.1581560283688,84.31648936170212,101.57393617021276,96.0849290780142,94.80975177304964,94.69893617021276,8.58767730496454,10.113847517730497,8.073351063829785,88.16463414634147,1942.4679078014187,57656.404973357014,157278.85257548845,566.5813829787235,19.220446551724137,59.13377482269504,78.88158865248226,61.77862765957447,54.507891843971635,118058.2048192771,53.75862411347518,73.1213244680851,51.56339893617021,45.9940195035461,74.93285638297873,64.28260992907802,76.94018617021277,18775.189716312056,59.28998936170212,,,,,,,,,,,,,,,,,,
2006-02,5021.462234042554,4405.752659574468,498410.661457405,122280.18471109736,61.535270796460175,62.65336991150443,62.82000000000001,66.89176283185841,59.71926371681417,59.0177592920354,80.8629646017699,108303.33274336284,101893.94159292035,5.887964601769911,13.993097345132744,2635.3858407079647,1949.9203539823009,1824.8513274336285,871.1522123893806,953.6973451327434,342.3185840707965,93121.8371681416,22499.05132743363,673.7221238938054,4616.575221238938,17128.189380530974,10441.61238938053,6686.576991150442,70622.78584070796,4419.672566371682,10604.586017699114,5255.713274336284,15811.68849557522,40.1058407079646,3.6210619469026546,40.56495575221239,1546.9380530973451,193.24778761061947,317.2230088495575,662.9309734513274,373.54690265486727,1439.5678119349006,190.9439421338155,290.7251356238698,580.9113924050633,376.98915009041593,90016.66208677874,34430.97774141886,289116.1898033274,565743.8669486702,1.52216957866844,602.4438938053097,2324.241592920354,2086.4454867256636,255.91850265486724,39.26822300884955,38579.086725663714,432.77575221238936,625.081946902655,441.40496453900704,0.1313551740460992,368.7836460176992,427.63530973451327,3.198890149430851,17.678223562683275,6.055185840707964,6.155557522123894,5.513327433628319,5.669274336283186,6.113734513274336,6.74212389380531,6.950442477876107,7.763061946902654,8.742070796460176,0.1003716814159292,-0.5418584070796459,-0.3859115044247788,0.0585486725663716,0.6869380530973452,0.8952566371681416,1.7078761061946903,2.6868849557522125,99.3941813602015,2.519303362831858,227.4574699115044,2.016809734513274,1.1993985840707966,87.13893805309735,86.88601769911506,83.4612389380531,80.27398230088497,17.246357522123894,89.54814159292035,96.27646017699116,92.3962831858407,88.79610619469027,122.37256637168144,90.28566371681416,84.37150442477878,101.80938053097346,96.26902654867256,94.97840707964602,94.87044247787613,8.604176991150444,10.130141592920353,8.088920353982301,88.17201946472021,1951.2543362831857,57898.66843971631,158034.75,569.2037168141594,19.206089101338435,59.13377482269504,78.88158865248226,61.77862765957447,54.507891843971635,118287.06586826348,53.86129203539823,73.17929557522123,51.69894513274336,46.13288318584071,74.97747079646018,64.35520884955753,76.9985610619469,18790.038938053098,59.28998936170212,,,,,,,,,,,,,,,,,,
2006-03,5037.092579505301,4418.63409893993,500085.1936292372,122905.23740535334,61.6218074204947,62.74056183745584,62.90859363957596,66.96207597173145,59.80542579505301,59.11372614840989,80.8623816254417,108377.79505300352,101967.02120141344,5.886042402826855,13.99946996466431,2635.3144876325086,1950.1395759717311,1826.012367491166,871.6024734982332,954.4081272084806,342.26325088339223,93195.43109540635,22498.90636042403,673.5651943462897,4621.713780918728,17123.097173144877,10439.047703180211,6684.049469964664,70696.52473498233,4422.105477031802,10612.842049469964,5261.028268551237,15822.376325088338,40.10618374558304,3.622791519434629,40.56590106007068,1548.0,193.26325088339223,317.2190812720848,663.6024734982332,373.9257950530035,1440.9025270758125,190.96750902527077,290.87906137184115,581.7184115523465,377.3393501805054,90243.90826683745,34514.74584264114,289747.05695915193,567313.9532512035,1.5224666236619468,603.804593639576,2332.026325088339,2088.7321554770315,256.93579858657245,39.277883392226144,38589.86749116608,433.9075971731449,629.1897526501767,442.9446017699115,0.1313382401504425,370.3876501766785,429.4402473498233,3.198890149430851,17.678223562683275,6.052420494699647,6.152862190812721,5.511413427561838,5.667243816254417,6.111201413427561,6.738286219081272,6.946236749116608,7.758798586572437,8.737703180212014,0.1004416961130742,-0.5410070671378092,-0.3851766784452297,0.0587809187279151,0.6858657243816255,0.8938162544169612,1.706378091872791,2.6852826855123673,99.35856783919598,2.5171583038869256,227.26383568904592,2.01633480565371,1.1993093639575971,87.26448763250885,87.02102473498232,83.6,80.45742049469965,17.324773851590106,89.75265017667844,96.45812720848058,92.44134275618374,88.9517667844523,122.74187279151946,90.41219081272084,84.42526501766784,102.0464664310954,96.452296819788,95.14611307420496,95.04257950530037,8.620459363957597,10.14708480565371,8.104151943462897,88.16844660194175,1959.9768551236748,58138.906194690266,158783.9238938053,571.8950530035336,19.192083778625957,59.324574204947,78.91947173144875,61.9608445229682,54.73456537102474,118735.11834319528,53.96044346289754,73.23615017667846,51.83492402826855,46.26659717314487,75.02253886925796,64.4074628975265,77.04916784452297,18802.83215547703,59.50039575971732,,,,,,,,,,,,,,,,,,
2006-04,5037.092579505301,4418.63409893993,500085.1936292372,123328.71494079364,61.7084467372134,62.827465608465616,62.99612733686067,67.03077425044093,59.89220582010581,59.208805996472655,80.86110952380953,108452.35273368609,102040.52028218696,5.883950617283951,14.00458553791887,2635.386243386243,1950.2469135802469,1826.9065255731923,871.9065255731922,954.9964726631392,342.2045855379189,93269.01234567902,22498.620811287477,673.4292768959435,4626.751322751323,17117.94003527337,10436.463844797176,6681.476190476191,70770.39153439153,4424.5894179894185,10621.240035273368,5266.352733686067,15833.084656084657,40.10670194003527,3.6241622574955903,40.56666666666667,1548.7442680776014,193.27513227513228,317.16402116402116,664.1922398589065,374.12345679012344,1442.0792792792793,191.0,290.96576576576575,582.5477477477477,377.5675675675675,90494.1394691887,34623.881768748906,290404.89460119925,568631.5134044699,1.5220205695565372,605.1827160493826,2339.8712522045857,2091.03315696649,257.9510194003527,39.28401587301587,38596.91710758377,435.0514991181658,633.4663139329805,444.54805653710247,0.1313304190229682,372.0161375661377,431.27052910052913,3.191284624276896,17.678223562683275,6.04984126984127,6.150458553791887,5.509647266313934,5.665396825396825,6.1088359788359785,6.734726631393299,6.94231040564374,7.754867724867725,8.733597883597882,0.1006172839506172,-0.5401940035273369,-0.3844444444444445,0.0589947089947089,0.6848853615520283,0.8924691358024692,1.7050264550264551,2.683756613756614,99.32300751879698,2.5150204585537916,227.06985679012345,2.015854850088183,1.1992352733686067,87.39065255731923,87.15731922398588,83.73703703703703,80.63192239858907,17.405153439153437,89.95890652557318,96.64038800705468,92.48835978835976,89.10970017636686,123.11234567901236,90.53985890652557,84.47883597883597,102.28359788359788,96.6363315696649,95.31446208112877,95.21534391534392,8.636596119929452,10.163703703703703,8.119329805996472,88.17021791767556,1968.7128747795416,58138.906194690266,158783.9238938053,574.5971781305115,19.17684323809524,59.324574204947,78.91947173144875,61.9608445229682,54.73456537102474,118735.11834319528,54.05988871252204,73.29070582010581,51.971029629629626,46.40196437389771,75.06848289241623,64.47919858906526,77.08677142857142,18815.770723104055,59.50039575971732,,,,,,,,,,,,,,,,,,
2006-05,5052.0114436619715,4430.812323943663,501763.1135811623,123748.88621730632,61.79868626760563,62.91718626760564,63.08526109154929,67.10054507042253,59.983623239436625,59.305825176056345,80.86115598591549,108526.9278169014,102113.84330985916,5.881866197183099,14.009507042253524,2635.385563380282,1950.536971830986,1827.8679577464789,872.2130281690141,955.6514084507044,342.15669014084506,93342.49471830986,22498.526408450703,673.312852112676,4631.81514084507,17112.926056338027,10433.99295774648,6678.933098591549,70843.96830985915,4427.076232394365,10629.344014084509,5271.732394366197,15843.75704225352,40.107922535211266,3.6260563380281687,40.56778169014085,1549.2992957746478,193.237676056338,317.27992957746477,664.5052816901408,374.2869718309859,1443.703237410072,191.13309352517985,290.68345323741005,583.9154676258993,377.9730215827338,90143.1422958979,34237.92026622004,288571.7538914261,569441.3685765079,1.5215937255185188,606.5697183098591,2347.726056338028,2093.3089788732395,258.97075176056336,39.29354577464788,38607.22183098592,436.18485915492965,637.5799295774648,445.36878306878305,0.1312472324038801,373.6537323943663,433.1122711267606,3.1912846242768955,17.688750420014163,6.04762323943662,6.148327464788732,5.508045774647887,5.663732394366197,6.106707746478873,6.73149647887324,6.93887323943662,7.75149647887324,8.729982394366196,0.1007042253521126,-0.5395774647887325,-0.3838908450704225,0.0590845070422535,0.6838732394366197,0.89125,1.7038732394366198,2.6823591549295775,99.284975,2.512851408450704,226.87619419014084,2.0154184859154927,1.1991382042253522,87.51919014084507,87.29647887323945,83.87640845070422,80.80492957746479,17.497204225352114,90.18679577464788,96.82411971830986,92.53644366197184,89.27464788732395,123.4836267605634,90.67024647887324,84.53204225352113,102.52077464788734,96.82200704225352,95.48450704225353,95.38961267605634,8.652852112676056,10.18044014084507,8.134595070422534,88.16835748792272,1977.4559859154929,58368.842756183745,160596.92932862192,577.4047535211268,19.16160893536122,59.516242957746485,78.95629929577464,62.14632922535211,54.96139436619718,117667.34705882354,54.15922658450704,73.34673257042253,52.11090651408451,46.544336443661976,75.11271725352113,64.5460389084507,77.13423538732394,18828.45422535211,59.71142077464789,,,,,,,,,,,,,,,,,,
2006-06,5059.5532513181015,4436.9467486818985,502597.2348600687,124173.4892292267,61.886813181019335,63.00563321616872,63.17493743409489,67.17023444639719,60.07181810193321,59.40173216168718,80.86034200351493,108601.55711775045,102187.41476274164,5.8796133567662565,14.01493848857645,2635.175746924429,1951.04920913884,1828.6924428822497,872.3813708260105,956.3075571177504,342.1353251318102,93415.78383128296,22498.370826010545,673.2084358523725,4636.869947275923,17107.85237258348,10431.488576449912,6676.363796133568,70917.4130052724,4429.584007029876,10637.405623901584,5277.079086115993,15854.439367311072,40.108084358523726,3.6277680140597535,40.5688927943761,1549.9982425307558,193.18453427065023,317.22847100175744,665.0562390158173,374.53954305799647,1444.6050269299822,191.08258527827647,290.721723518851,584.6068222621185,378.1956912028725,90347.77824968367,34315.70739607608,289133.9212835325,570746.7746177465,1.5211331731848594,607.9537785588752,2355.545166959578,2095.546397188049,259.9867891036907,39.30429701230228,38618.871704745165,437.3652021089631,641.9152899824253,446.9848591549296,0.1312413528116197,375.26420035149386,434.9096660808435,3.1912846242768955,17.688750420014163,6.04567662565905,6.146397188049209,5.506660808435853,5.662249560632689,6.104762741652021,6.728453427065027,6.935659050966609,7.748330404217925,8.726502636203865,0.1007205623901581,-0.5390158172231986,-0.3834270650263621,0.0590861159929701,0.6827768014059755,0.8899824253075571,1.7026537785588751,2.6808260105448154,99.23882793017458,2.510577504393673,226.67382917398945,2.015160632688928,1.198981546572935,87.64780316344464,87.43585237258348,84.01792618629173,80.98260105448153,17.591128295254833,90.45166959578208,97.00878734622144,92.5847100175747,89.44376098418279,123.85553602811952,90.80210896309312,84.58506151142356,102.7585237258348,97.00896309314588,95.65553602811951,95.56485061511424,8.669138840070298,10.19738137082601,8.149841827768013,88.1465060240964,1986.1625659050967,58821.54401408451,164418.9559859155,580.3337434094904,19.15084326375711,59.61283128295255,78.9745957820738,62.241149384885766,55.075112478031635,117886.76023391812,54.25574305799648,73.4037351493849,52.25298910369069,46.6812014059754,75.15725940246045,64.61926713532513,77.18817961335677,18841.11950790861,59.81651318101933,,,,,,,,,,,,,,,,,,
2006-07,5059.5532513181015,4436.9467486818985,502597.2348600687,124594.19187970174,61.977004912280705,63.09475684210527,63.264774912280714,67.24021052631579,60.163902280701755,59.49993912280702,80.86108859649123,108676.50350877192,102261.40701754384,5.8773684210526325,14.01877192982456,2635.242105263158,1951.2263157894736,1829.2263157894736,872.640350877193,956.580701754386,342.0754385964912,93489.12280701754,22498.240350877193,673.0929824561404,4641.8859649122805,17102.85087719298,10429.049122807017,6673.801754385965,70990.88245614035,4432.06298245614,10645.426842105264,5282.405263157894,15865.215789473685,40.10894736842105,3.629473684210527,40.570350877192986,1550.463157894737,193.1561403508772,317.20526315789476,665.4614035087719,374.6508771929825,1445.3655913978494,191.05376344086025,290.752688172043,585.2043010752689,378.2921146953405,90570.85758608772,34395.27636050976,289718.7477374211,572074.8945217575,1.520656664971881,609.3542105263157,2362.0826315789473,2097.0763157894735,260.9988280701754,39.32026140350877,38635.591228070174,438.5678947368421,646.1922807017545,448.5912126537786,0.1312335488207381,376.80438596491234,436.6225614035088,3.184027854968421,17.688750420014163,6.043824561403509,6.144824561403509,5.50540350877193,5.6610350877192985,6.103105263157895,6.7255438596491235,6.932456140350878,7.745070175438597,8.723087719298245,0.1009999999999999,-0.5384210526315789,-0.3827894736842105,0.0592807017543859,0.6817192982456141,0.8886315789473684,1.7012456140350878,2.679263157894737,99.19512437810944,2.5083345614035086,226.47725228070175,2.0148594736842105,1.198831929824561,87.7778947368421,87.57701754385967,84.16035087719298,81.15719298245614,17.68475789473684,90.70368421052632,97.1935087719298,92.63280701754388,89.61175438596491,124.22771929824562,90.93350877192982,84.63771929824561,102.99666666666668,97.1957894736842,95.8261403508772,95.74,8.685543859649123,10.21477192982456,8.165,88.13870192307694,1993.6336842105263,59032.96836555361,165224.08435852372,583.1487719298246,19.144669886363637,59.61283128295255,78.9745957820738,62.241149384885766,55.075112478031635,118123.81395348837,54.35802228070175,73.4590094736842,52.39538947368421,46.821411052631575,75.20416298245613,64.68331263157894,77.24158438596491,18853.750877192982,59.81651318101933,,,,,,,,,,,,,,,,,,
2006-08,5075.842556917688,4450.642732049037,502728.0533342439,125019.63637728544,62.0667415061296,63.1834108581436,63.354039229422064,67.30858301225919,60.255548161120835,59.597197723292474,80.86110858143607,108751.56042031525,102335.08056042032,5.875481611208406,14.024518388791591,2635.3625218914185,1951.6182136602451,1830.1173380035027,872.8598949211909,957.2521891418564,342.0245183887916,93562.47460595449,22498.099824868652,673.007880910683,4646.868651488617,17097.844133099825,10426.586690017512,6671.2574430823115,71064.37478108582,4434.540805604202,10653.439229422069,5287.697022767075,15875.782837127848,40.110157618213655,3.6309982486865153,40.571978984238186,1550.8756567425569,193.10858143607703,317.16637478108584,665.8563922942207,374.7548161120841,1445.9338103756709,191.0035778175313,290.7602862254025,585.7495527728086,378.3577817531306,90782.87885126096,34476.97489652597,290315.07917746063,573427.0315489123,1.5201993725771932,610.6901926444833,2369.9448336252185,2099.3087565674255,262.0038669001751,39.32996672504378,38645.880910683016,439.7758318739055,650.5192644483362,450.20175438596493,0.1312030317982456,378.3515586690018,438.33945709281966,3.184027854968421,17.696732154661976,6.042416812609457,6.143467600700525,5.504430823117338,5.6599824868651485,6.101558669001751,6.722591943957969,6.929229422066551,7.741751313485114,8.719649737302978,0.1010507880910683,-0.5379859894921191,-0.3824343257443082,0.0591418563922942,0.6801751313485115,0.8868126094570928,1.699334500875657,2.67723292469352,99.15267990074442,2.5061091068301224,226.2833639229422,2.014560770577934,1.1987103327495623,87.9077057793345,87.71786339754817,84.30490367775832,81.3416812609457,17.784101576182135,90.99772329246936,97.37915936952714,92.67828371278458,89.78441330998248,124.599649737303,91.06654991243433,84.69071803852891,103.2352014010508,97.38388791593697,95.99789842381789,95.91628721541156,8.701856392294221,10.231961471103329,8.18017513134851,88.13045563549161,2002.3709281961471,59253.084210526315,166045.0403508772,585.9676007005254,19.13593137996219,59.817112084063055,79.0141050788091,62.428600700525394,55.32209632224168,118577.0,54.451894746059544,73.5151942206655,52.540146584938704,46.96228371278459,75.24974938704028,64.74785744308231,77.28523520140105,18866.3765323993,60.01364448336252,,,,,,,,,,,,,,,,,,
2006-09,5083.711363636365,4457.132692307692,503509.1635735885,125442.38176823426,62.15810192307693,63.27511328671329,63.44702342657344,67.38084073426573,60.3469437062937,59.69528531468532,80.86165472027973,108826.6416083916,102408.93356643357,5.873426573426574,14.03041958041958,2635.3304195804194,1952.0786713286711,1831.1031468531469,873.1975524475524,957.9003496503497,341.9807692307692,93635.84090909093,22497.982517482516,672.9181818181818,4651.898601398601,17092.81818181818,10424.087412587412,6668.7307692307695,71137.85839160839,4437.011888111888,10661.413811188811,5293.045454545455,15886.527972027972,40.11118881118881,3.632517482517483,40.573076923076925,1551.020979020979,193.01573426573427,317.06468531468533,666.1416083916084,374.80944055944053,1446.4357142857143,190.96428571428572,290.73571428571427,586.2803571428572,378.3928571428572,90989.92626585666,34549.45659221382,290910.8587593182,574780.8616162522,1.5197436819071806,612.0143356643357,2377.8183566433563,2101.5377622377623,263.00496153846154,39.33567657342657,38652.14160839161,441.0557692307692,654.8664335664336,461.0283712784589,0.1321342736917688,379.9403671328671,440.1094755244755,3.184027854968421,17.696732154661976,6.041031468531469,6.141975524475525,5.503479020979022,5.658776223776223,6.099772727272727,6.7192657342657345,6.925646853146854,7.738146853146852,8.715926573426573,0.1009440559440559,-0.5375524475524476,-0.3822552447552447,0.0587412587412587,0.6782342657342657,0.8846153846153846,1.6971153846153846,2.674895104895105,99.10856435643564,2.5038812937062938,226.09042849650348,2.014350174825174,1.1985695804195804,88.03723776223777,87.85891608391609,84.45052447552447,81.53723776223775,17.880720279720283,91.32202797202795,97.56503496503495,92.7255244755245,89.95699300699302,124.97272727272728,91.19982517482516,84.74353146853147,103.47412587412587,97.5722027972028,96.16993006993007,96.0928321678322,8.718111888111888,10.249178321678322,8.195192307692308,88.11578947368422,2011.116258741259,65350.15411558669,177573.057793345,588.8241258741259,19.123524716981137,59.91426573426573,79.03182867132867,62.5242465034965,55.43658916083916,118577.0,54.54899667832168,73.57551748251748,52.69050017482517,47.101925174825176,75.29378793706293,64.83405786713287,77.3402027972028,18878.874125874125,60.1188444055944,,,,,,,,,,,,,,,,,,
2006-10,5091.649214659686,4463.723734729494,504299.5094414668,125863.17865869107,62.247111343804534,63.36360017452007,63.5372485165794,67.45008184991275,60.43712146596859,59.793063350785346,80.86192879581152,108901.6369982548,102483.0017452007,5.871204188481675,14.03630017452007,2635.2356020942407,1952.301919720768,1831.910994764398,873.4659685863875,958.4397905759164,341.9319371727749,93709.21116928446,22497.865619546246,672.8179755671902,4656.940663176265,17087.794066317627,10421.614310645724,6666.179755671902,71211.34554973822,4439.511518324607,10669.3184991274,5298.364746945898,15897.205933682371,40.11134380453752,3.6335078534031418,40.57399650959861,1551.4013961605583,192.91623036649216,316.9528795811518,666.7225130890052,374.8202443280977,1446.777183600713,190.91622103386808,290.67914438502675,586.6934046345812,378.42602495543673,91227.45693554977,34658.102159903014,291547.8659866143,576148.3618581818,1.5192721020437063,613.2726003490402,2384.5397905759164,2103.171727748691,264.00184816753926,39.339837696335074,38656.79406631763,442.09930191972074,659.1956369982547,462.8064685314685,0.1321372669108391,381.5770157068063,441.93357766143106,3.1770636090506104,17.696732154661976,6.039650959860384,6.140418848167539,5.502268760907505,5.657434554973822,6.097801047120419,6.715689354275742,6.921797556719023,7.734258289703315,8.711937172774869,0.1007678883071553,-0.5373821989528796,-0.3822164048865619,0.0581500872600349,0.6760383944153578,0.8821465968586388,1.6946073298429318,2.672286212914485,99.0657037037037,2.501685165794066,225.9004181500873,2.0141225130890055,1.1984256544502618,88.16247818499127,87.9935427574171,84.5914485165794,81.72006980802792,17.96098080279232,91.6588132635253,97.74851657940664,92.7738219895288,90.11553228621293,125.34642233856894,91.32757417102968,84.79511343804539,103.71378708551484,97.75759162303666,96.33839441535775,96.26684118673649,8.734467713787087,10.266596858638742,8.21026178010471,88.109307875895,2019.669284467714,65708.42832167832,178669.56643356645,591.6361256544502,19.10897382297552,60.01067888307155,79.0486317626527,62.61658115183246,55.55174345549738,118791.78285714284,54.64385445026178,73.63254886561955,52.83706596858639,47.2443109947644,75.33817678883072,64.89362530541013,77.39484153577662,18891.431064572425,60.22448865619546,,,,,,,,,,,,,,,,,,
2006-11,5098.686062717769,4469.387456445994,505071.1612574503,126275.77416625434,62.33747351916377,63.45263763066202,63.626893031358875,67.51799128919862,60.52970104529616,59.89107839721255,80.8623137630662,108976.71777003484,102557.5731707317,5.868641114982579,14.040592334494772,2635.1480836236933,1952.493031358885,1832.3310104529617,873.6794425087108,958.6463414634146,341.8780487804878,93782.93205574912,22497.59756097561,672.7439024390244,4661.820557491289,17082.752613240416,10419.135888501742,6663.616724738676,71285.33449477352,4441.985888501742,10677.21881533101,5303.726480836237,15908.127177700348,40.112369337979096,3.6346689895470385,40.57508710801394,1551.205574912892,192.8606271777003,316.81881533101046,666.7439024390244,374.7926829268293,1446.9661921708184,190.8629893238434,290.5925266903915,587.0551601423488,378.3932384341637,91438.88471092336,34746.00946708602,292204.5543733972,577520.8114884468,1.5188894282181502,614.5890243902438,2392.475261324042,2105.501393728223,265.00162195121953,39.34403658536585,38661.783972125435,443.3843205574913,663.7547038327526,464.3022687609075,0.132121958982548,383.2874738675959,443.8373170731707,3.1770636090506104,17.69805678582837,6.038275261324042,6.138850174216028,5.501254355400698,5.656149825783972,6.095905923344947,6.712160278745645,6.917979094076656,7.730383275261324,8.70794425087108,0.100574912891986,-0.537020905923345,-0.3821254355400696,0.0576306620209059,0.6738850174216028,0.8797038327526132,1.6921080139372822,2.6696689895470382,99.02495073891627,2.499522299651568,225.71349930313588,2.0138827526132403,1.1983038327526132,88.28292682926828,88.12264808362369,84.72839721254356,81.86585365853658,18.03226829268293,91.98205574912892,97.92961672473868,92.8205574912892,90.26376306620207,125.7205574912892,91.45087108013936,84.84616724738676,103.95296167247386,97.94006968641116,96.50331010452962,96.4383275261324,8.750923344947736,10.283885017421602,8.22554006968641,88.12238095238095,2028.4813588850177,66060.8132635253,179820.9092495637,594.3933797909408,19.093350187969925,60.106137630662026,79.06541114982579,62.70599128919861,55.666721254355394,118945.03409090907,54.73215714285714,73.69017003484322,52.985063066202095,47.38636620209059,75.38616149825783,64.96676358885017,77.4427637630662,18903.93379790941,60.3299181184669,,,,,,,,,,,,,,,,,,
2006-12,5106.667304347827,4476.028,505846.43275351747,126699.8406459652,61.69730904347826,62.51488608695653,62.415400869565225,67.70115739130433,60.254829391304355,59.15853060869565,80.84656939130434,109052.20347826088,102632.36695652174,5.866260869565218,14.044695652173912,2634.9408695652173,1952.84,1832.9008695652176,873.9269565217392,958.968695652174,341.8504347826087,93856.55304347826,22497.27304347826,672.683304347826,4666.666086956522,17077.678260869565,10416.61043478261,6661.067826086956,71359.28,4444.490260869565,10685.169739130435,5309.059130434783,15919.020869565218,40.11286956521739,3.6356521739130434,40.576,1551.2452173913043,192.80869565217392,316.63652173913044,667.0521739130435,374.7582608695652,1447.0834813499112,190.78152753108347,290.4955595026643,587.4245115452931,378.31971580817054,91652.86578099131,34831.00515492489,292877.73949622613,578891.9930015331,1.518542930956446,615.8991304347825,2400.447478260869,2107.8551304347825,266.00229739130435,39.34905217391304,38667.70782608695,444.68504347826087,668.3702608695652,466.16515679442506,0.1321327389163763,385.0359130434783,445.7901217391304,3.1770636090506104,17.69805678582837,6.036904347826088,6.13728695652174,5.500278260869565,5.654921739130435,6.094017391304348,6.708452173913043,6.913947826086957,7.726208695652174,8.703582608695651,0.1003826086956521,-0.5366260869565217,-0.3819826086956521,0.0571130434782608,0.6715478260869566,0.8770434782608695,1.6893043478260872,2.666678260869565,98.98218673218672,2.4973241739130434,225.52498973913043,2.0137064347826086,1.1981953043478262,88.40765217391304,88.25669565217392,84.86608695652173,82.0544347826087,18.10416,92.28469565217392,98.11008695652174,92.8664347826087,90.40869565217392,126.0944347826087,91.57252173913042,84.896,104.19252173913044,98.12208695652173,96.66695652173914,96.60921739130436,8.767304347826089,10.301460869565217,8.240573913043479,88.13182897862232,2037.3299130434784,66414.86759581881,180941.47735191637,597.2660869565217,19.077197936210133,60.20125217391305,79.08155478260869,62.7944,55.78180695652175,119089.56497175142,54.82127982608696,73.88415808695652,49.98424417391304,46.90565060869565,75.58114956521739,65.030332,78.36483252173912,18916.518260869565,60.4370452173913,,,,,,,,,,,,,,,,,,
2007-01,5106.667304347826,4476.027999999999,505846.43275351747,127118.86175595487,61.78491302083333,62.60193142361111,62.503841666666666,67.77104236111111,60.34378072916666,59.25337378472222,80.84513923611111,109128.68402777778,102708.27256944444,5.864409722222223,14.046701388888888,2634.921875,1952.9166666666667,1833.123263888889,873.9756944444445,959.1319444444443,341.8072916666667,93930.15277777778,22496.927083333332,672.6159722222222,4671.5,17072.597222222223,10414.085069444443,6658.512152777777,71433.22569444444,4446.9977430555555,10693.127083333333,5314.375,15929.760416666666,40.1140625,3.636805555555556,40.576388888888886,1551.357638888889,192.78993055555551,316.4861111111111,667.3125,374.7795138888889,1447.377659574468,190.75531914893617,290.3989361702128,587.8351063829788,378.3262411347518,91881.00837512151,34930.62184624197,293577.8979346007,580261.1843180521,1.5181454649895652,617.2258680555556,2408.4741319444443,2110.2086805555555,266.99509375,39.35645486111111,38675.963541666664,444.6397569444445,674.0769097222222,467.9012173913043,0.13213131008,386.8265104166666,447.7886631944445,3.1697459769878473,17.69805678582837,6.035520833333333,6.135729166666668,5.499149305555555,5.653576388888889,6.092013888888889,6.704670138888889,6.909861111111112,7.722031249999999,8.699270833333332,0.1002083333333333,-0.5363715277777777,-0.3819444444444444,0.0564930555555555,0.6691493055555556,0.8743402777777778,1.686510416666667,2.6637500000000003,98.93666666666668,2.4950890625,225.3371373263889,2.0136182291666667,1.1981171874999998,88.53541666666666,88.39427083333334,85.00503472222222,82.25260416666667,18.180420138888888,92.57413194444445,98.29184027777777,92.91336805555557,90.55868055555555,126.46753472222224,91.69618055555556,84.94513888888888,104.43246527777778,98.30555555555556,96.83211805555555,96.78142361111112,8.78390625,10.319270833333334,8.255746527777779,88.14028436018957,2046.2842013888892,66764.25739130435,182034.0417391304,600.0947916666667,19.06113389513108,60.20125217391305,79.08155478260869,62.79440000000001,55.78180695652174,119247.02247191012,54.91046510416666,73.94409079861111,50.12516145833334,47.041131597222225,75.62739791666667,65.09575121527777,78.42784548611111,18929.197916666668,60.437045217391315,,,,,,,,,,,,,,,,,,
2007-02,5114.5725694444445,4482.540451388889,506617.74156612,127540.30740282495,61.87147573656846,62.688342634315426,62.59169046793762,67.84068960138649,60.43113934142114,59.34683379549393,80.8427,109204.67244367418,102783.22703639515,5.862218370883882,14.05043327556326,2634.934142114385,1953.4887348353552,1833.6169844020797,874.1698440207972,959.4332755632582,341.74523396880414,94026.8232235702,22502.204506065857,672.6871750433276,4682.225303292894,17067.02253032929,10411.6568457539,6655.36568457539,71524.61871750433,4450.941594454072,10703.252512998266,5320.887348353553,15940.526863084922,40.113691507798954,3.636568457538995,40.57677642980936,1551.0987868284228,192.7625649913345,316.28076256499133,667.3431542461005,374.72270363951475,1447.596460176991,190.7575221238938,290.3362831858407,588.1132743362832,378.3274336283186,92073.4537678856,34998.08419272436,294273.43017388217,581625.5954563889,1.517732018001736,618.5332755632581,2416.573136915078,2112.638474870017,267.994287694974,39.36559618717504,38685.91854419411,445.978856152513,679.1890814558059,469.74236111111105,0.1321401071388889,388.6243154246101,449.79362218370886,3.1697459769878473,17.70043995980488,6.034159445407279,6.134176776429809,5.498249566724437,5.652357019064125,6.090225303292894,6.701282495667244,6.906135181975737,7.718006932409012,8.695181975736567,0.1000173310225303,-0.5359098786828423,-0.3818024263431542,0.0560658578856152,0.6671230502599654,0.8719757365684575,1.6838474870017333,2.66102253032929,98.8957946210269,2.4929192374350087,225.15535216637784,2.0135230502599653,1.198079376083189,88.65979202772964,88.52772963604853,85.1419410745234,82.4259965337955,18.243487001733104,92.84904679376083,98.47293414211435,92.96062391681107,90.7085979202773,126.8451403812825,91.82025996533795,84.9931247833622,104.67486655112651,98.48890641247834,96.99710571923744,96.9544766031196,8.800398613518198,10.336655112651648,8.270277296360486,88.16099290780141,2055.287868284229,67088.92013888889,183175.63368055556,602.8722703639515,19.045369158878504,60.29694965277778,79.0970138888889,62.88445833333334,55.89728645833333,119438.12849162013,54.99416100519931,74.00551767764297,50.26329878682842,47.17214003466205,75.67385771230502,65.1681417677643,78.49723396880415,18946.41767764298,60.54408333333335,,,,,,,,,,,,,,,,,,
2007-03,5130.315743944636,4495.454844290657,508170.00589344715,127832.66500247408,61.95974238754325,62.775912629757784,62.68245830449827,67.91432837370242,60.5209392733564,59.44258529411764,80.84183114186851,109280.06920415226,102857.85640138408,5.859861591695502,14.054498269896191,2634.8737024221455,1953.901384083045,1834.1384083044984,874.2231833910034,959.901384083045,341.7335640138408,94102.01038062284,22502.183391003466,672.6401384083046,4687.339100346021,17061.960207612457,10409.157439446366,6652.80276816609,71599.82698961938,4453.554844290657,10711.3723183391,5326.314878892734,15951.326989619378,40.1136678200692,3.637543252595156,40.57716262975778,1551.0207612456747,192.64359861591697,315.99134948096884,667.5899653979238,374.8062283737024,1447.7455830388692,190.6696113074205,290.19257950530033,588.422261484099,378.39929328621906,92271.35609700692,35073.054162462686,294979.9121285986,582457.518167903,1.5166440942270365,619.8150519031142,2424.6965397923873,2115.017647058824,268.99650346020763,39.37130968858131,38692.75605536332,447.3005190311419,683.8472318339101,471.58821490467943,0.13215170547487,390.4516089965398,451.8296366782007,3.1697459769878473,17.70043995980488,6.032820069204153,6.132612456747404,5.497439446366781,5.651159169550173,6.088425605536331,6.6978373702422145,6.9023529411764715,7.713979238754326,8.691003460207611,0.0997923875432526,-0.5353806228373702,-0.3816608996539792,0.0556055363321799,0.6650173010380622,0.8695328719723184,1.681159169550173,2.65818339100346,98.85434146341464,2.490750346020761,224.9742956747405,2.013428546712803,1.1980325259515572,88.78875432525952,88.6666089965398,85.28044982698961,82.63287197231834,18.31444982698962,93.12439446366784,98.65534429065744,93.00879757785468,90.85572664359862,127.22375778546711,91.94392214532871,85.04124394463666,104.91630968858132,98.6725242214533,97.16288235294118,97.12712629757786,8.8169723183391,10.354515570934256,8.285380622837371,88.1683962264151,2064.312456747405,67413.85441941074,184302.4939341421,605.6873702422145,19.030210820895523,60.48834775086505,79.1278598615917,63.06537370242214,56.12784083044983,119592.21666666666,55.08067698961937,74.07132975778548,50.40102387543252,47.3101062283737,75.72199705882353,65.25919031141868,78.54869896193772,18959.332179930796,60.758522491349495,,,,,,,,,,,,,,,,,,
2007-04,5138.4,4502.10725388601,508932.40380712633,128255.99718727118,62.04534766839378,62.86125958549223,62.77026563039724,67.98464127806564,60.60747823834197,59.53684559585492,80.83987720207254,109355.54231433506,102932.80656303972,5.857340241796201,14.060103626943006,2634.3419689119173,1954.2556131260792,1834.7305699481865,874.3609671848013,960.3557858376512,341.6977547495682,94177.2573402418,22502.26597582038,672.6029360967184,4692.587219343696,17056.858376511227,10406.618307426595,6650.240069084629,71674.99136442141,4456.1569948186525,10719.53609671848,5331.709844559586,15962.139896373055,40.114680483592394,3.638687392055268,40.57841105354059,1550.9309153713298,192.50777202072535,315.86528497409324,667.7512953367876,374.81692573402415,1447.9506172839506,190.62257495590828,290.10758377425043,588.710758377425,378.4479717813051,92486.08259770292,35172.89447275532,295714.4131439206,583817.5743648442,1.5162519764169549,621.1069084628671,2433.93402417962,2117.9865284974094,269.9968652849741,39.373986183074265,38696.51122625216,448.6283246977548,688.4112262521588,473.30605536332183,0.1321464540069204,392.20721934369607,453.7966839378239,3.162516165535406,17.70043995980488,6.031485319516408,6.1310362694300515,5.496476683937824,5.649844559585492,6.086407599309153,6.694006908462867,6.898307426597583,7.709810017271156,8.686822107081175,0.0995509499136442,-0.5350086355785837,-0.3816407599309154,0.0549222797927461,0.6625215889464594,0.8668221070811745,1.6783246977547497,2.655336787564767,98.8110705596107,2.4885518134715023,224.78826062176168,2.0133145077720207,1.1979810017271155,88.91934369602762,88.80829015544042,85.42141623488773,82.839896373057,18.387412780656305,93.39671848013818,98.83926597582038,93.05462176165804,91.01069775474956,127.60159930915373,92.07060794473227,85.08935924006909,105.15773402417962,98.8578445595855,97.3310103626943,97.30136442141624,8.83364421416235,10.372297063903282,8.30056994818653,88.1689411764706,2074.8547495682215,67726.18166089966,185332.56574394464,608.5740932642487,19.022559217877095,60.584899827288424,79.14305181347152,63.15783937823835,56.24368566493956,119744.36464088398,55.16691554404145,74.13283091537134,50.53747029360967,47.441720552677026,75.76989188255612,65.31168756476684,78.60843454231433,18972.30051813471,60.8662176165803,,,,,,,,,,,,,,,,,,
2007-05,5138.4,4502.10725388601,508932.40380712633,128677.7023645345,62.13248793103448,62.94720172413795,62.85752051724138,68.05356120689655,60.6968224137931,59.63198603448276,80.83849948275862,109430.07931034482,103006.69137931034,5.855,14.065344827586204,2633.993103448276,1954.5775862068965,1835.4775862068968,874.701724137931,960.7620689655172,341.6655172413793,94252.18448275862,22502.127586206894,672.5696551724138,4697.672413793103,17051.69482758621,10404.03103448276,6647.663793103448,71750.05689655173,4458.787586206896,10727.514827586208,5337.043103448276,15972.925862068963,40.115344827586206,3.63948275862069,40.579482758620685,1550.703448275862,192.48620689655172,315.61206896551727,667.8310344827586,374.7844827586207,1448.161971830986,190.5475352112676,289.7676056338028,589.2007042253521,378.6478873239437,92849.90561729312,35260.09353796178,295834.80336222413,585565.0577810018,1.515308536043178,622.4099999999999,2442.1843103448273,2120.3768965517243,270.99507241379314,39.37945517241379,38703.010344827584,449.94396551724145,693.2458620689655,475.1587219343696,0.1321526797789291,394.05451724137936,455.8775862068965,3.162516165535406,17.70598324753553,6.030137931034483,6.12948275862069,5.495396551724138,5.648482758620689,6.084413793103448,6.690379310344828,6.894500000000001,7.7059482758620685,8.682862068965516,0.0993448275862069,-0.5347413793103448,-0.3816551724137931,0.0542758620689655,0.6602413793103449,0.8643620689655173,1.6758103448275865,2.6527241379310342,98.76468446601942,2.4863515517241375,224.6057505172414,2.0132706896551724,1.1978724137931034,89.05120689655172,88.95189655172415,85.5653448275862,83.03999999999999,18.46600344827586,93.72137931034484,99.02402413793102,93.0996396551724,91.16901551724138,127.9804172413793,92.19871896551724,85.13698793103447,105.3994120689655,99.0440051724138,97.50008275862068,97.47643103448276,8.850327586206896,10.39001724137931,8.315965517241379,88.16643192488263,2084.107931034483,68048.10880829016,186459.69602763385,611.4724137931034,19.009963382899628,60.584899827288424,79.14305181347152,63.15783937823835,56.24368566493956,121388.52197802198,55.256563275862064,74.19137293103448,50.67621810344828,47.57539103448275,75.82172465517242,65.37426482758622,78.65965620689654,18985.108620689654,60.8662176165803,,,,,,,,,,,,,,,,,,
2007-06,5154.650602409638,4515.558864027538,510479.55413882586,129107.29668060242,62.21895008605852,63.03248089500861,62.94502512908778,68.12383166953528,60.78546901893287,59.72577418244405,80.83646506024097,109504.660929432,103080.59208261616,5.852667814113597,14.06987951807229,2633.6764199655768,1955.0068846815832,1836.156626506024,875.0963855421687,961.0464716006884,341.60413080895006,94327.1703958692,22501.98623063683,672.5394148020655,4702.776247848537,17046.51118760757,10401.438898450946,6645.0722891566265,71825.18416523236,4461.4153184165225,10735.53717728055,5342.38726333907,15983.716006884682,40.11583476764199,3.640275387263339,40.5802065404475,1550.5335628227194,192.47160068846816,315.4991394148021,667.8898450946643,374.68330464716007,1448.2882249560632,190.47100175746925,289.67662565905096,589.5202108963093,378.62214411247805,93059.14502242686,35339.175966906776,296575.3820139243,586970.2335434483,1.5148855902913794,623.8068846815836,2451.0901893287432,2123.120137693632,271.9910895008606,39.385881239242686,38710.423407917384,451.50791738382094,697.8123924268502,477.0025862068965,0.1321536977965517,395.97721170395863,458.0473493975904,3.162516165535406,17.70598324753553,6.0287951807228914,6.127934595524957,5.494079173838209,5.646987951807229,6.082392426850258,6.686901893287436,6.890808950086059,7.702099827882961,8.678915662650601,0.0991394148020654,-0.5347160068846815,-0.3818072289156626,0.0535972461273666,0.6581067125645439,0.862013769363167,1.673304647160069,2.6501204819277104,98.71694915254236,2.4841738382099825,224.42703700516353,2.0132206540447504,1.1976955249569707,89.1853700516351,89.09879518072289,85.71204819277108,83.24939759036144,18.54344578313253,94.05559380378658,99.21053528399312,93.14382616179002,91.33546987951809,128.3599122203098,92.33018072289155,85.18397074010328,105.64118588640277,99.23211531841652,97.67154905335627,97.65327882960412,8.86710843373494,10.40815834767642,8.331222030981069,88.16674473067916,2093.6247848537005,68368.63448275861,187573.61379310343,614.0502581755595,18.99874823747681,60.779380378657486,79.17227538726334,63.347060240963856,56.47596901893287,121614.15846994537,55.343018072289155,74.25276764199656,50.81140499139415,47.70900963855422,75.87133356282273,65.45538123924268,78.72346024096386,18997.96213425129,61.081585197934594,,,,,,,,,,,,,,,,,,
2007-07,5165.990206185566,4525.3886597938135,511660.29328832874,129526.19307805844,62.30756323024055,63.12014054982817,63.033119759450166,68.1941737113402,60.87595549828179,59.8215297250859,80.83561529209622,109579.51890034364,103154.57731958762,5.850343642611684,14.074570446735397,2633.426116838488,1955.298969072165,1836.929553264605,875.5962199312714,961.319587628866,341.56529209621993,94402.47594501718,22501.917525773195,672.5061855670102,4707.890034364261,17041.384879725087,10398.878006872852,6642.506872852234,71900.55841924399,4464.080927835052,10743.517010309277,5347.810996563574,15994.60824742268,40.11683848797251,3.6415807560137456,40.58161512027491,1550.2852233676977,192.3659793814433,315.36426116838487,667.9226804123712,374.6426116838488,1448.2263157894736,190.41052631578947,289.5684210526316,589.698245614035,378.55087719298245,93273.7530206701,35427.28341729387,297331.8590207732,588380.8596475043,1.514446888759036,625.0886597938144,2459.0310996563576,2125.282817869416,272.9916718213059,39.393211340206186,38718.591065292094,452.8841924398626,702.4893470790379,478.8382099827882,0.1321046150860585,397.8985395189003,460.2397079037801,3.155152950207904,17.70598324753553,6.02745704467354,6.126426116838488,5.492560137457044,5.645463917525773,6.080463917525773,6.6840549828178695,6.887731958762887,7.698814432989691,8.675515463917526,0.0989690721649484,-0.5348969072164949,-0.3819931271477663,0.0530068728522336,0.6565979381443299,0.8602749140893472,1.6713573883161512,2.6480584192439864,98.66876811594202,2.482024054982818,224.2522286941581,2.013175085910653,1.1974676975945018,89.31821305841923,89.24364261168385,85.85876288659793,83.45910652920962,18.627529209621994,94.3795532646048,99.39708762886598,93.18664604810996,91.50085910652922,128.7394862542955,92.46126288659794,85.23066666666665,105.88344673539515,99.4200945017182,97.842706185567,97.83016838487973,8.883986254295532,10.426408934707904,8.346563573883163,88.16004672897196,2103.0037800687287,68689.03786574872,188693.60585197937,616.9202749140893,18.991124444444445,60.88344158075601,79.1758969072165,63.444432989690725,56.60507731958763,121852.21739130437,55.43428195876289,74.31268109965636,50.94936048109965,47.84624381443299,75.92025017182131,65.52527439862543,78.78019432989691,19010.78178694158,61.147565292096225,,,,,,,,,,,,,,,,,,
2007-08,5174.165694682675,4532.140480274443,512437.5161520945,129952.13614310464,62.39658490566037,63.20854168096056,63.12423756432247,68.26673962264151,60.966390394511144,59.918966037735835,80.83593396226416,109654.39279588337,103228.25728987993,5.84819897084048,14.079931389365353,2633.1509433962265,1955.7409948542024,1837.917667238422,875.9897084048027,961.9142367066896,341.50600343053173,94477.44939965697,22501.76500857633,672.4881646655231,4712.88679245283,17036.283018867925,10396.32590051458,6639.957118353344,71975.68439108062,4466.753516295025,10751.50291595197,5353.193825042882,16005.19382504288,40.11766723842195,3.642195540308748,40.5828473413379,1550.0102915951973,192.3018867924528,315.24699828473416,667.8987993138936,374.5728987993139,1448.122591943958,190.35026269702277,289.446584938704,589.8598949211909,378.4676007005254,93510.05533109778,35527.164675907174,298116.86612365354,589797.1279298969,1.5140268769226803,626.3641509433963,2467.282675814751,2127.631560891938,273.9849245283019,39.398943396226414,38725.03087478559,454.2852487135507,707.1644939965695,480.70051546391744,0.1321086466786941,399.8244596912522,462.4719039451115,3.155152950207904,17.70888656058276,6.02614065180103,6.1249228130360205,5.491406518010291,5.644065180102915,6.078542024013722,6.680960548885078,6.884493996569469,7.695437392795884,8.672041166380788,0.0987821612349914,-0.5347341337907375,-0.3820754716981132,0.0524013722126929,0.654819897084048,0.858353344768439,1.6692967409948545,2.64590051457976,98.61742168674698,2.4798368782161235,224.07583516295028,2.0132133790737567,1.1972150943396227,89.45231560891939,89.390051457976,86.00737564322469,83.67032590051456,18.722816466552317,94.72967409948544,99.58341852487136,93.23021097770156,91.66466895368782,129.12149399656948,92.5917615780446,85.2772281303602,106.12579759862776,99.60776329331048,98.0134819897084,98.00673756432248,8.900703259005144,10.444305317324186,8.36188679245283,88.16526806526807,2112.436192109777,68999.81958762887,189834.28178694157,619.7861063464836,18.98790166358595,60.98084905660377,79.18993825042882,63.539691252144095,56.72132418524871,122341.09139784946,55.52889828473414,74.37445283018867,51.09311886792453,47.98195986277873,75.9704,65.5882013722127,78.84069656946826,19023.65180102916,61.25353859348198,,,,,,,,,,,,,,,,,,
2007-09,5182.533047945205,4539.067808219178,513228.4209271338,130375.32084148974,62.48659349315068,63.29696113013699,63.21427294520548,68.33831267123287,61.05913458904109,60.016968664383555,80.83664143835615,109728.42808219178,103301.14383561644,5.8460616438356166,14.084760273972602,2633.0856164383563,1956.10102739726,1838.8544520547944,876.4383561643835,962.402397260274,341.4760273972603,94551.801369863,22501.51883561644,672.4827054794521,4717.88698630137,17031.070205479453,10393.67808219178,6637.392123287671,72050.28253424658,4469.402568493151,10759.482534246576,5358.542808219178,16015.609589041096,40.11832191780822,3.6431506849315065,40.58424657534246,1549.6078767123288,192.13013698630135,315.12157534246575,667.9657534246576,374.4006849315069,1447.902097902098,190.27447552447552,289.291958041958,589.9248251748252,378.4125874125874,93725.99188018836,35600.699066063156,298914.7190926199,591219.7263382504,1.513591153291595,627.6333904109589,2475.615068493151,2130.033047945205,274.97720719178085,39.4078801369863,38733.45205479452,455.7582191780823,711.9988013698631,481.1030874785593,0.1319574332229845,401.6306164383562,464.57356164383555,3.155152950207904,17.708886560582762,6.024417808219178,6.123510273972603,5.489195205479452,5.641900684931507,6.075787671232877,6.677106164383561,6.880702054794521,7.692174657534246,8.668578767123286,0.0990924657534246,-0.535222602739726,-0.3825171232876712,0.0513698630136986,0.6526883561643835,0.8562842465753425,1.6677568493150683,2.6441609589041097,98.5663221153846,2.47765,223.89202979452057,2.013209589041096,1.1969765410958904,89.58236301369863,89.53116438356165,86.15205479452054,83.87876712328767,18.81471232876712,95.05753424657536,99.7686147260274,93.27251541095892,91.8239794520548,129.50520547945206,92.72029794520547,85.32389041095891,106.36782363013698,99.79397602739726,98.18272773972603,98.18207705479452,8.917499999999999,10.462414383561644,8.377191780821919,88.15418604651164,2122.07294520548,69320.21612349914,190967.9245283019,622.7371575342465,18.99921549815498,61.07792465753425,79.20335445205481,63.63367123287672,56.83781164383563,122341.09139784946,55.61882859589041,74.43646900684931,51.23551797945206,48.1252352739726,76.02038253424656,65.66148715753424,78.9027676369863,19036.44006849315,61.36022602739727,,,,,,,,,,,,,,,,,,
2007-10,5182.533047945205,4539.067808219178,513228.4209271338,130804.18695970942,62.57501623931624,63.38340495726495,63.30234136752136,68.40762769230768,61.15082017094017,60.11236495726495,80.83553264957266,109803.18974358974,103374.57264957266,5.844102564102564,14.088888888888889,2632.8888888888887,1956.7435897435896,1839.801709401709,876.8461538461538,962.9401709401708,341.4273504273504,94626.76923076923,22501.19829059829,672.4711111111111,4722.82905982906,17025.85128205128,10391.08376068376,6634.767521367521,72125.57094017095,4472.072307692308,10767.40222222222,5363.772649572649,16026.6,40.119316239316234,3.643931623931623,40.58581196581196,1548.994871794872,192.03760683760683,314.8752136752137,667.8632478632478,374.22905982905985,1447.5759162303666,190.1884816753927,289.14485165794065,589.9738219895288,378.2705061082024,93929.86539834188,35682.85936214286,299719.68709417095,592639.3004369864,1.5131740451523972,628.906324786325,2483.791282051282,2132.2676923076924,275.96275042735044,39.41300341880342,38737.05299145299,457.3049572649573,716.6817094017093,482.92859589041103,0.131956441864726,403.50324786324785,466.772,3.14816184317265,17.708886560582762,6.022564102564103,6.1219145299145294,5.486461538461539,5.639179487179487,6.0724786324786315,6.672871794871795,6.876666666666667,7.688837606837605,8.66502564102564,0.0993504273504273,-0.5361025641025641,-0.3833846153846153,0.0499145299145299,0.6503076923076924,0.854102564102564,1.6662735042735042,2.642461538461539,98.51160671462829,2.4754406837606835,223.70596393162396,2.013218461538462,1.19668547008547,89.71452991452992,89.67521367521367,86.29760683760684,84.08461538461539,18.919182905982904,95.3634188034188,99.95412478632478,93.3151811965812,91.98308205128204,129.88963418803422,92.8490188034188,85.36992136752136,106.61027008547008,99.98035726495726,98.35217264957264,98.35771282051284,8.934358974358975,10.480564102564102,8.39259829059829,88.14315545243619,2132.3745299145303,69665.74657534246,192131.6815068493,625.7635897435898,19.005077163904236,61.07792465753425,79.20335445205481,63.63367123287672,56.83781164383563,122552.95721925132,55.705040170940165,74.49672649572649,51.376787521367525,48.26338905982906,76.06893743589744,65.73418974358974,78.95849572649573,19049.25299145299,61.36022602739727,,,,,,,,,,,,,,,,,,
2007-11,5198.624573378839,4552.299829351536,514813.2605137077,131226.72077035837,62.66328293515358,63.469084982935144,63.38984829351536,68.47611399317407,61.24317866894197,60.20769368600681,80.8343709897611,109877.3361774744,103447.32423208193,5.842150170648464,14.094027303754268,2632.6279863481227,1957.6006825938568,1840.660409556314,877.1092150170648,963.5358361774744,341.401023890785,94701.49317406144,22500.82081911263,672.4610921501707,4727.716723549488,17020.62627986348,10388.445392491469,6632.180887372014,72200.67235494881,4474.762116040956,10775.16928327645,5369.047781569966,16037.356655290105,40.120136518771325,3.644709897610922,40.58668941979522,1548.486348122867,191.9692832764505,314.6877133105802,667.6774744027304,374.16211604095565,1447.0923344947737,190.10627177700349,288.9668989547038,589.8780487804878,378.1428571428572,94137.03457001707,35761.392151740045,300539.44872029015,594073.2759917949,1.5127583630239314,630.1715017064846,2492.1732081911264,2134.6701365187714,276.95337030716723,39.41650511945392,38741.2747440273,458.8744027303755,722.258361774744,484.8035897435898,0.1319638251931624,405.44208191126273,469.0591638225257,3.14816184317265,17.712774043975987,6.020409556313993,6.119846416382253,5.483754266211603,5.636399317406143,6.069112627986348,6.668651877133105,6.872662116040956,7.685375426621159,8.661296928327644,0.0994368600682594,-0.5366552901023891,-0.3840102389078498,0.0487030716723549,0.6482423208191126,0.8522525597269623,1.6649658703071673,2.6408873720136516,98.4527990430622,2.473219965870307,223.52193686006828,2.01327252559727,1.1963078498293516,89.84726962457339,89.82013651877133,86.44266211604095,84.30085324232083,19.03399658703071,95.68566552901024,100.14004436860068,93.35772696245732,92.14303071672354,130.2761023890785,92.97816894197952,85.41553924914675,106.8531433447099,100.16716040955632,98.5223276450512,98.53369453924915,8.95112627986348,10.498600682593857,8.40788395904437,88.12638888888888,2142.346928327645,69995.51282051283,193329.40854700856,629.0334470989761,19.004809558823528,61.27297781569966,79.22967064846416,63.822851535836186,57.07194539249147,122793.0,55.789169795221845,74.55658293515359,51.51951058020478,48.40300273037543,76.11839539249146,65.80578890784983,79.0196199658703,19061.911262798636,61.57120819112628,,,,,,,,,,,,,,,,,,
2007-12,5206.744804088586,4559.022146507667,515616.765188599,131664.6752494549,62.74911686541738,63.55310800681431,63.47590170357751,68.54350085178876,61.33203867120954,60.30082129471891,80.83167461669505,109952.2810902896,103521.0136286201,5.840204429301533,14.099488926746169,2632.5536626916523,1957.9420783645655,1841.5741056218055,877.2964224872231,964.2623509369676,341.396933560477,94775.8807495741,22500.373083475297,672.4577512776832,4732.500851788756,17015.42930153322,10385.8398637138,6629.589437819421,72275.50766609881,4477.462862010221,10783.07887563884,5374.195911413969,16048.056218057922,40.12095400340716,3.6454855195911415,40.58790459965928,1547.8568994889267,191.8603066439523,314.4923339011925,667.5928449744464,373.9216354344123,1446.5965217391304,189.9930434782609,288.7913043478261,589.8782608695652,377.935652173913,94342.46892339012,35846.53149870293,301369.4189950426,595500.6594798635,1.5123270347593856,631.4207836456559,2500.5764906303234,2137.040885860307,277.94239011925043,39.42065076660988,38745.9471890971,460.4959114139693,727.105451448041,486.644709897611,0.1319639945904437,407.2443781942078,471.2308858603066,3.14816184317265,17.712774043975987,6.017802385008518,6.1175127768313455,5.479982964224872,5.6326916524701875,6.06473594548552,6.663543441226576,6.868023850085179,7.681550255536626,8.657444633730835,0.0997103918228279,-0.5378194207836456,-0.3851107325383305,0.0469335604770017,0.645741056218058,0.8502214650766611,1.663747870528109,2.639642248722317,98.3901431980907,2.4709202725724015,223.3303712095401,2.01336933560477,1.1959175468483816,89.98875638841568,89.97683134582623,86.59829642248722,84.544804088586,19.162763202725724,96.01294718909712,100.3281618398637,93.40163884156728,92.31150085178876,130.66360477001706,93.11106814310052,85.46112436115843,107.09663543441226,100.3564667802385,98.69539693356047,98.71190289608178,8.967887563884156,10.516984667802385,8.42298126064736,88.0986143187067,2152.4294718909714,70315.51877133106,194493.96757679185,631.8548551959113,19.01885045871559,61.37194207836457,79.24245315161839,63.92028790459966,57.19022316865417,123031.15873015871,55.87427717206133,74.61466524701873,51.6590206132879,48.540182623509374,76.16050902896082,65.86698160136287,79.08710442930153,19074.742759795572,61.67898126064737,,,,,,,,,,,,,,,,,,
2008-01,5214.884863945578,4565.754421768707,516405.9683143424,132089.5125364456,62.8362294217687,63.638824319727895,63.56376938775511,68.61286734693877,61.42161428571429,60.39510051020407,80.82976377551022,110026.62585034012,103592.82653061223,5.838945578231293,14.10561224489796,2632.9625850340135,1958.6615646258504,1842.87925170068,877.8996598639455,964.9642857142856,341.3979591836735,94850.231292517,22499.678571428572,672.462074829932,4737.1292517006805,17010.132653061224,10383.15306122449,6626.9795918367345,72350.55272108843,4480.118367346939,10790.875170068026,5379.377551020408,16058.872448979591,40.12159863945578,3.645918367346939,40.58877551020408,1546.9829931972788,191.7125850340136,314.22278911564626,667.406462585034,373.6513605442177,1445.9600694444443,189.90277777777777,288.5729166666667,589.8003472222222,377.6857638888889,94568.265744949,35943.1921845094,302233.61726205784,596934.201797615,1.5118631045468482,632.6549319727891,2508.927210884354,2139.384693877551,278.9111649659864,39.42645578231293,38726.66156462585,462.1566326530612,731.9642857142857,488.4896081771721,0.1319643818398637,409.06746598639455,473.44297619047614,3.141488193884354,17.712774043975987,6.014778911564626,6.115204081632653,5.475765306122449,5.6286054421768705,6.059965986394558,6.658146258503401,6.8633163265306125,7.6778231292517,8.654030612244897,0.1004251700680272,-0.5390136054421769,-0.3861734693877551,0.0451870748299319,0.6433673469387756,0.8485374149659864,1.6630442176870748,2.6392517006802723,98.33133333333332,2.468657142857143,223.1417974489796,2.0133739795918366,1.1955879251700678,90.12942176870747,90.13248299319729,86.75255102040816,84.78996598639456,19.286176870748296,96.29166666666669,100.51665136054422,93.44587414965986,92.4810918367347,131.05166156462587,93.24411394557823,85.50642517006804,107.3407142857143,100.54627891156464,98.86882823129253,98.8904761904762,8.98469387755102,10.53530612244898,8.438146258503401,88.06958525345621,2162.2852040816324,70315.51877133106,194493.96757679185,634.9624149659863,19.02631868131868,61.4706649659864,79.25469217687076,64.01811394557824,57.30802891156463,123314.58421052631,55.958407653061215,74.67571445578231,51.79991802721088,48.677636224489795,76.20624166666667,65.94327704081633,79.14147397959184,19087.39455782313,61.78393537414966,,,,,,,,,,,,,,,,,,
2008-02,5222.746179966043,4572.227164685908,517174.0193886378,132514.43187000003,62.92349405772495,63.724587266553485,63.65164906621393,68.68120424448217,61.51148522920205,60.48969728353141,80.8280611205433,110100.98471986418,103665.24617996604,5.837351443123938,14.11137521222411,2632.9643463497455,1959.4040747028864,1844.0,878.3174872665535,965.6689303904924,341.38200339558574,94914.6027164686,22494.516129032258,672.5621392190152,4741.514431239389,17000.59932088285,10378.770797962648,6621.828522920204,72420.08658743634,4483.428353140916,10801.831069609509,5380.801358234296,16067.97623089983,40.12292020373514,3.6456706281833617,40.58964346349745,1546.0797962648558,191.6213921901528,313.9490662139219,667.1629881154499,373.3565365025467,1445.2928942807623,189.79722703639516,288.3882149046794,589.7088388214904,377.3795493934142,94765.58447882852,36023.92095079167,303100.2426996435,598375.6878489796,1.5114517727363943,633.897453310696,2517.3984719864175,2141.7173174872664,279.88309168081497,39.43432088285229,38658.1935483871,463.8263157894737,736.6721561969438,490.38469387755106,0.131970466,410.71380305602713,475.4475382003395,3.141488193884354,17.714040216139935,6.01125636672326,6.111103565365026,5.471137521222411,5.623718166383701,6.05427843803056,6.651901528013582,6.858013582342955,7.673837011884549,8.650441426146008,0.0998471986417657,-0.5401188455008489,-0.3875382003395585,0.0430220713073005,0.6406451612903227,0.8467572156196944,1.6625806451612903,2.6391850594227506,98.27130641330166,2.4663344651952457,222.9460016977929,2.013300679117148,1.1952726655348047,90.26893039049236,90.28590831918504,86.90780984719864,85.04906621392189,19.411242784380303,96.58488964346353,100.70828862478778,93.4913599320883,92.66019185059425,131.44226994906623,93.38193887945673,85.55154838709676,107.58463157894738,100.73851273344653,99.04646349745332,99.07183701188454,9.002512733446519,10.553803056027164,8.454550084889645,88.04735632183908,2172.4932088285227,70952.98979591837,196837.5136054422,637.9689303904922,19.042936197440586,61.570298811544994,79.26728862478778,64.11893718166384,57.425828522920206,123583.76439790576,56.04260594227504,74.735382852292,51.94442071307301,48.81473837011884,76.25136078098473,66.01562614601019,79.19879779286927,19104.001697792868,61.88931748726656,,,,,,,,,,,,,,,,,,
2008-03,5230.884576271186,4578.909322033898,517944.6271655671,132932.1294431017,63.706901016949146,64.27316677966103,64.16491711864407,68.91808779661017,62.58920033898305,61.31388932203389,80.77753186440677,110174.32881355932,103736.98813559322,5.835593220338983,14.11593220338983,2632.9745762711864,1960.1440677966104,1844.9033898305088,878.6576271186441,966.2338983050848,341.3593220338983,94987.46949152542,22493.349152542374,672.5735593220339,4745.9915254237285,16994.974576271186,10375.862711864407,6619.11186440678,72494.12033898305,4486.09779661017,10809.650847457628,5385.6,16078.794915254235,40.123220338983046,3.6462711864406785,40.59050847457627,1545.357627118644,191.4881355932203,313.6779661016949,666.9864406779661,373.21525423728815,1444.4948096885814,189.64878892733563,288.1332179930796,589.5640138408304,377.1505190311418,94964.27501361018,36101.46581367983,303979.6033052373,600156.9617235994,1.5114832637843802,635.140847457627,2526.017796610169,2144.149152542373,280.8611491525424,39.44005084745762,38563.2779661017,465.4913559322034,741.5642372881356,492.2317487266553,0.1319707643718166,412.3140677966101,477.39093220338987,3.141488193884354,17.714040216139935,6.006118644067797,6.105881355932204,5.465457627118644,5.6176440677966095,6.0474915254237285,6.645338983050848,6.852728813559322,7.670203389830508,8.647338983050846,0.0997627118644067,-0.5406610169491526,-0.3884745762711864,0.0413728813559322,0.6392203389830509,0.8466101694915255,1.664084745762712,2.641220338983051,98.21040284360188,2.4639999999999995,222.7495338983051,2.0132181355932204,1.1949393220338982,90.41067796610167,90.44203389830508,87.06677966101695,85.32559322033897,19.539952542372877,96.90898305084748,100.89788644067796,93.53519152542374,92.8326152542373,131.83163559322034,93.5169033898305,85.59596271186442,107.82907118644069,100.92916101694917,99.22151694915256,99.25150508474576,9.019559322033896,10.5724406779661,8.469949152542373,88.00779816513761,2183.078474576271,71288.37860780985,198063.93887945672,641.062033898305,19.05774197080292,61.66885084745762,79.2798559322034,64.21803220338984,57.54262542372882,123847.140625,56.28283440677966,74.97657915254237,52.72774508474576,50.05862525423729,76.58907406779662,66.03516254237289,79.24493711864407,19116.662711864406,61.995754237288125,,,,,,,,,,,,,,,,,,
2008-04,5230.884576271186,4578.909322033898,517944.6271655671,133238.82634759732,63.788811505922176,64.35336379018614,64.24875685279187,68.98300710659898,62.67401692047377,61.402092724196265,80.77374686971235,110248.11844331642,103808.4467005076,5.834348561759729,14.119458544839256,2633.201353637902,1961.0998307952625,1845.8426395939089,879.0626057529611,966.7681895093062,341.414551607445,95059.7834179357,22492.021996615906,672.6148900169205,4750.333333333333,16989.299492385788,10372.957698815568,6616.34179357022,72567.7614213198,4488.743993231811,10817.366666666669,5390.411167512691,16089.456852791878,40.12402707275803,3.647038917089678,40.59187817258883,1544.3824027072758,191.34686971235195,313.34010152284264,666.7343485617597,372.97123519458546,1443.6027633851468,189.51295336787564,287.85146804835927,589.4093264248704,376.8307426597582,95167.18486976312,36187.05198419087,304874.1386634349,601397.9211105085,1.5110231226593218,636.3900169204737,2533.873434856176,2146.143654822335,281.8421928934011,39.44467681895093,38409.448392554994,467.2000000000001,746.5143824027073,494.15847457627126,0.1319774190423728,413.8447377326564,479.28385786802033,3.1361145935076142,17.714040216139935,6.000372250423013,6.100118443316413,5.458341793570219,5.6106429780033835,6.039864636209813,6.638291032148899,6.847072758037226,7.666548223350254,8.644365482233502,0.099746192893401,-0.5420304568527918,-0.3897292724196277,0.039492385786802,0.6379187817258883,0.8467005076142131,1.666175972927242,2.6439932318104904,98.14446808510638,2.4615441624365477,222.5431153976311,2.013198307952623,1.1946143824027071,90.55532994923855,90.6020304568528,87.231641285956,85.6263959390863,19.685502538071063,97.25262267343489,101.08807783417934,93.57628087986464,93.0068358714044,132.22057868020303,93.65236548223348,85.64030118443317,108.07420473773266,101.12046869712351,99.39747546531304,99.43180203045684,9.03668358714044,10.591150592216582,8.48532994923858,87.9654462242563,2194.040439932318,71597.36610169492,199222.10677966103,644.3891708967851,19.075868123861568,61.66885084745762,79.2798559322034,64.21803220338984,57.54262542372882,124089.11917098446,56.353447038917096,75.0360771573604,52.86253688663282,50.18732622673435,76.63179983079526,66.10396074450084,79.30617157360408,19129.172588832487,61.995754237288125,,,,,,,,,,,,,,,,,,
2008-05,5247.28277027027,4592.444932432432,519432.47783505754,133652.14083011824,63.86866858108108,64.43095962837837,64.32902601351351,69.04463209459459,62.75747027027026,61.48656942567567,80.7674375,110321.95101351352,103880.27533783784,5.832939189189189,14.124155405405403,2632.949324324324,1962.0016891891892,1847.160472972973,879.7263513513514,967.420608108108,341.4543918918919,95131.9847972973,22490.52364864865,672.6342905405406,4754.58277027027,16983.56418918919,10369.967905405403,6613.596283783784,72641.46114864865,4491.3690878378375,10825.07787162162,5395.2027027027025,16100.06081081081,40.1241554054054,3.647297297297297,40.592060810810814,1543.4864864864865,191.17736486486487,313.0912162162162,666.4425675675676,372.78547297297297,1443.2051724137932,189.36896551724135,287.55689655172415,589.601724137931,376.6793103448276,95284.69450398648,36085.66366800207,304845.3085283952,602798.681921709,1.5102430496937396,637.6253378378377,2542.560472972973,2148.585304054054,282.8113952702703,39.45148986486487,38189.27702702703,468.93209459459456,751.4155405405404,496.0414551607445,0.1319768717986464,415.46065878378374,481.27513513513514,3.1361145935076142,17.713124626397285,5.994087837837838,6.094408783783783,5.451300675675674,5.603783783783784,6.032601351351351,6.631874999999999,6.841722972972973,7.662972972972972,8.641537162162162,0.1003209459459459,-0.5427871621621623,-0.390304054054054,0.0385135135135135,0.6377871621621622,0.8476351351351351,1.6688851351351353,2.647449324324324,98.07919811320755,2.459098648648649,222.3406400337838,2.013144932432432,1.1943087837837838,90.69949324324324,90.76131756756756,87.39999999999999,85.94307432432433,19.842402027027028,97.61824324324326,101.27837331081082,93.61815033783782,93.17824831081082,132.60913006756755,93.78761148648648,85.6838429054054,108.3197820945946,101.3114527027027,99.57380067567568,99.61222297297296,9.053648648648648,10.609712837837838,8.50070945945946,87.90753424657534,2204.9538851351354,71910.0524534687,200397.81895093064,647.6875,19.08214254545455,61.86741385135135,79.30464527027029,64.41704054054055,57.77849662162163,124863.62886597938,56.416542567567575,75.09358783783783,52.99225692567568,50.31371486486486,76.6711650337838,66.18239341216217,79.36394239864866,19141.675675675677,62.20615033783783,,,,,,,,,,,,,,,,,,
2008-06,5255.53220910624,4598.993423271501,520190.872298174,134084.0174897639,63.947559527824616,64.50807183811129,64.40928145025295,69.10663946037099,62.83933541315346,61.572764080944346,80.7624408094435,110396.50758853288,103951.38111298482,5.832377740303541,14.1283305227656,2633.9797639123103,1962.8566610455312,1848.7217537942663,880.3052276559865,968.4030354131536,341.5008431703204,95203.82293423272,22489.03541315346,672.6738617200675,4758.841483979764,16977.80775716695,10366.966273187183,6610.841483979764,72714.78752107926,4493.982462057335,10832.63676222597,5399.9949409780775,16110.703204047217,40.12462057335581,3.6477234401349072,40.5929173693086,1542.5446880269817,191.12816188870153,312.79426644182126,666.1298482293423,372.5025295109612,1442.4044750430292,189.2788296041308,287.3149741824441,589.3786574870912,376.43373493975906,95483.1199769983,36162.1684951343,305695.46989681275,604273.3463103548,1.5098034499476352,638.8494097807757,2551.231871838111,2150.9858347386175,283.7842107925801,39.46107082630691,37938.28836424958,470.6372681281619,756.3156829679593,497.91722972972974,0.1319787110810811,417.1263575042159,483.34386172006754,3.1361145935076142,17.713124626397285,5.987318718381113,6.088532883642496,5.445025295109612,5.597403035413153,6.0259021922428335,6.626003372681281,6.8367284991568305,7.659443507588533,8.638650927487353,0.1012141652613828,-0.5422934232715009,-0.3899156829679595,0.03858347386172,0.6386846543001687,0.8494097807757166,1.67212478920742,2.651332209106239,98.01489411764706,2.4567136593591905,222.1416836424958,2.013063743676222,1.1939799325463742,90.8477234401349,90.92630691399664,87.57655986509273,86.29139966273188,20.02039123102867,97.9912310286678,101.47036930860034,93.6593389544688,93.3557976391231,132.99731197301855,93.9250337268128,85.7269173693086,108.56653288364252,101.5043305227656,99.75250927487352,99.79440978077572,9.07070826306914,10.628364249578416,8.516172006745363,87.84350797266515,2215.909949409781,72221.56081081081,201538.5912162162,650.7794266441822,19.081615789473688,61.96769139966273,79.31632546374368,64.51806745362565,57.897612141652615,125171.28717948718,56.481514671163566,75.15104620573355,53.121712984822935,50.43893811129848,76.71417554806071,66.2458286677909,79.42481028667791,19153.98145025295,62.313018549747056,,,,,,,,,,,,,,,,,,
2008-07,5255.53220910624,4598.993423271501,520190.872298174,134502.26325156566,64.030181986532,64.58843417508417,64.49249158249158,69.172468013468,62.925547306397306,61.65902087542088,80.7573457912458,110470.57070707071,104021.98653198652,5.831818181818182,14.134006734006734,2634.1111111111113,1964.6010101010104,1850.5185185185185,881.0589225589225,969.4444444444443,341.5791245791246,95275.11111111112,22487.353535353537,672.7388888888889,4762.929292929293,16972.011784511786,10363.957912457912,6608.053872053872,72787.75757575757,4496.580303030303,10840.18468013468,5404.722222222223,16121.451178451178,40.12474747474747,3.648316498316498,40.59309764309765,1541.7390572390573,191.15824915824916,312.516835016835,665.8838383838383,372.1902356902357,1441.881443298969,189.46048109965636,287.07560137457045,589.1546391752578,376.192439862543,95685.1534450505,36234.62794153608,306557.21994749154,605748.9157094941,1.5093484694249577,640.1240740740742,2560.159090909091,2153.4772727272725,284.7595101010101,39.46851851851852,37659.95117845118,472.43939393939394,761.1367003367003,499.785328836425,0.131975975015177,418.6821212121213,485.3227946127946,3.130800490772727,17.713124626397285,5.9806060606060605,6.082828282828283,5.438989898989898,5.591565656565656,6.01983164983165,6.620723905723906,6.832121212121213,7.656111111111111,8.6360101010101,0.1022222222222222,-0.5416161616161617,-0.389040404040404,0.0392255892255892,0.6401178451178452,0.8515151515151514,1.6755050505050506,2.6554040404040404,97.9524647887324,2.454323737373737,221.9476996632997,2.012985185185185,1.193681313131313,91.00084175084174,91.09814814814814,87.75976430976432,86.65757575757577,20.21215824915825,98.34377104377106,101.66554208754208,93.70049663299662,93.54529124579126,133.38556228956227,94.0675,85.76989898989899,108.81452188552188,101.7005606060606,99.93548148148147,99.97986531986533,9.087895622895624,10.647053872053872,8.531750841750842,87.77204545454545,2226.89898989899,72531.59021922428,202685.69139966273,653.6343434343435,19.08906105072464,61.96769139966273,79.31632546374368,64.51806745362565,57.897612141652615,125489.86734693876,56.5514361952862,75.21201245791246,53.25030067340067,50.567912626262626,76.7551473063973,66.3406127946128,79.48426346801347,19166.23400673401,62.313018549747056,,,,,,,,,,,,,,,,,,
2008-08,5270.2178151260505,4611.267563025211,521607.9097651835,134925.30986794957,64.10989243697479,64.66569663865546,64.57340100840337,69.23481966386554,63.00908537815126,61.74431428571428,80.75184016806722,110544.74285714286,104092.23361344538,5.831596638655462,14.138991596638656,2634.4487394957982,1966.0436974789916,1852.6487394957985,881.9983193277311,970.635294117647,341.6873949579832,95346.33949579833,22485.613445378152,672.829243697479,4766.969747899159,16966.178151260505,10360.921008403362,6605.257142857143,72860.72605042017,4499.131428571429,10847.69294117647,5409.436974789916,16132.30756302521,40.12521008403361,3.648403361344538,40.59428571428571,1540.8084033613443,191.16134453781513,312.2638655462185,665.5008403361345,371.8924369747899,1441.0154373927958,189.3156089193825,286.8353344768439,588.9794168096055,375.8867924528302,95894.19688463864,36317.39208157407,307427.80445178144,607238.471406953,1.508878185806397,641.4026890756302,2568.8405042016807,2155.7818487394957,285.743112605042,39.47640672268908,37392.45042016807,474.19815126050423,765.9063865546218,501.66952861952865,0.1319883464057239,420.0916134453782,487.13902521008407,3.130800490772727,17.710944477986487,5.973932773109244,6.077176470588236,5.432588235294117,5.585411764705882,6.013546218487396,6.615142857142858,6.827378151260505,7.652773109243697,8.633529411764707,0.1032436974789916,-0.541344537815126,-0.3885210084033613,0.0396134453781512,0.6412100840336135,0.8534453781512604,1.678840336134454,2.659596638655462,97.8891569086651,2.4519270588235296,221.75426117647055,2.012944537815126,1.1933776470588235,91.15663865546216,91.2729411764706,87.95142857142855,87.0381512605042,20.40245714285714,98.69781512605044,101.86304705882354,93.74398151260505,93.73993445378152,133.77290084033612,94.21302857142857,85.81301680672269,109.06402521008404,101.89905714285716,100.12173277310924,100.16775462184874,9.105075630252102,10.665848739495798,8.547260504201683,87.71179138321996,2237.8848739495797,72834.48316498316,203836.19696969696,656.5983193277312,19.1008931283906,62.17488403361344,79.33389411764706,64.7336386554622,58.142618487394955,125831.28934010152,56.618456470588235,75.26933966386555,53.38040151260504,50.695535798319334,76.79464218487394,66.39934672268909,79.55174789915966,19178.352941176472,62.496551260504205,,,,,,,,,,,,,,,,,,
2008-09,5278.194463087249,4617.775503355705,522337.0763033933,135333.44525407717,64.1872639261745,64.74183406040268,64.65258456375838,69.29448120805368,63.088737919463085,61.8277870805369,80.74519093959731,110619.0855704698,104161.6711409396,5.832046979865772,14.144463087248322,2635.4563758389263,1967.4781879194632,1855.248322147651,883.1375838926175,972.0956375838928,341.8540268456376,95416.8422818792,22483.734899328854,672.9293624161074,4770.998322147651,16960.206375838927,10357.73489932886,6602.471476510067,72933.10738255034,4501.661409395973,10855.133053691276,5414.125838926175,16142.825503355703,40.125335570469794,3.648489932885906,40.59479865771812,1539.7147651006712,191.10738255033556,311.96140939597313,665.0453020134228,371.61073825503354,1440.015410958904,189.1318493150685,286.5890410958904,588.7294520547945,375.5667808219178,96082.14789657715,36381.05452083162,308299.9826322315,608751.2773373614,1.5084262896957985,642.659731543624,2577.4778523489936,2158.080201342282,286.72559395973155,39.484197986577186,37121.72818791946,475.9406040268456,770.7479865771811,503.5146218487395,0.1319856978252101,421.5368791946309,488.99761744966446,3.130800490772727,17.710944477986487,5.96726510067114,6.071610738255034,5.426359060402684,5.579261744966443,6.007114093959732,6.609312080536912,6.822449664429531,7.649395973154363,8.631040268456376,0.1043456375838926,-0.5409060402684563,-0.3880033557046979,0.0398489932885905,0.6420469798657719,0.8551845637583891,1.6821308724832216,2.663775167785235,97.83352803738318,2.4496320469798656,221.56568422818793,2.0127323825503356,1.1931429530201343,91.30939597315438,91.4436241610738,88.13942953020133,87.36040268456377,20.56387919463087,99.03489932885908,102.05938422818792,93.78829865771812,93.92879865771812,134.16037919463088,94.35644127516778,85.85551174496644,109.31331711409398,102.09595469798656,100.30653523489934,100.35444127516776,9.12246644295302,10.685100671140942,8.56270134228188,87.65588235294118,2248.8167785234905,73140.26722689076,204971.08571428573,659.7424496644296,19.107290433212995,62.27736744966443,79.34529865771812,64.83954194630873,58.2632634228188,126179.73737373736,56.67785117449664,75.32544563758388,53.51284093959732,50.81989597315437,76.8332365771812,66.46701610738255,79.60835469798658,19190.38087248322,62.59661744966443,,,,,,,,,,,,,,,,,,
2008-10,5285.928810720268,4624.053266331658,523034.10637670977,135735.01067241206,64.25920234505864,64.81151055276382,64.72453551088778,69.34916147403685,63.164255778894464,61.90512596314907,80.73424489112229,110692.97654941374,104230.50418760467,5.83249581239531,14.151591289782244,2635.820770519263,1969.2931323283085,1858.182579564489,884.3350083752093,973.8308207705192,342.07705192629817,95487.02345058626,22481.73701842546,673.0356783919599,4774.922948073702,16954.21105527638,10354.541038525964,6599.670016750419,73005.2864321608,4504.177889447236,10862.45108877722,5418.748743718593,16153.678391959798,40.1251256281407,3.648408710217755,40.59497487437186,1538.4572864321608,190.9564489112228,311.65159128978223,664.6130653266332,371.2462311557789,1438.9299145299146,188.96752136752136,286.3282051282051,588.4205128205128,375.2153846153846,96265.10577279732,36448.281868125,309172.24061777216,610266.3121069296,1.5080262455855704,644.0432160804021,2582.777219430486,2158.675041876047,287.81367169179225,39.58980904522613,36745.36180904523,477.6721943048576,775.6427135678392,505.3588926174497,0.1319846128422818,422.86922948073703,490.6984087102178,3.126634795760469,17.710944477986487,5.960301507537689,6.066314907872697,5.419162479061975,5.572613065326633,6.000251256281407,6.603065326633166,6.817202680067003,7.646046901172531,8.628827470686767,0.1060134003350083,-0.5411390284757119,-0.3876884422110552,0.0399497487437185,0.6427638190954774,0.8569011725293131,1.6857453936348408,2.6685259631490785,97.78149184149184,2.447388442211055,221.37306968174207,2.012371524288107,1.192916917922948,91.4606365159129,91.61189279731992,88.32227805695142,87.64204355108878,20.703470686767165,99.29128978224456,102.2549514237856,93.83221273031825,94.11490787269685,134.548445561139,94.4991105527638,85.89681407035175,109.56180737018428,102.2917269681742,100.4900837520938,100.54031658291456,9.139698492462312,10.704053601340036,8.578140703517587,87.61670428893905,2258.053936348409,73450.68959731543,206101.06040268455,662.9432160804021,19.13354990990991,62.37934338358459,79.35631658291459,64.94567001675043,58.38302177554439,126466.97487437188,56.736643216080395,75.3752514237856,53.62638743718593,50.93984137353435,76.8669445561139,66.52130737018425,79.64418576214406,19202.286432160803,62.69655443886097,,,,,,,,,,,,,,,,,,
2008-11,5293.382943143813,4630.01856187291,523697.5065335327,136114.89359770902,64.32810434782608,64.88114799331105,64.79732859531772,69.40670117056855,63.23296806020066,61.97760819397993,80.72002157190636,110767.1321070234,104298.61036789298,5.833612040133779,14.160869565217393,2636.5384615384614,1971.0217391304348,1861.8678929765888,885.8745819397993,975.9765886287626,342.30434782608694,95555.8846153846,22479.459866220735,673.1515050167225,4778.735785953178,16948.041806020068,10351.188963210703,6596.852842809364,73076.42474916388,4506.651672240803,10869.67525083612,5423.311036789298,16164.13712374582,40.124916387959864,3.648327759197324,40.59481605351171,1537.195652173913,190.73745819397993,311.36622073578593,664.2090301003344,370.8929765886288,1437.7201365187714,188.7730375426621,286.06313993174064,588.0358361774744,374.84982935153585,96423.12566280935,36505.06452279141,310030.0378742642,611767.5795908376,1.5076610424941377,645.4290969899665,2591.6341137123745,2161.145150501672,289.2424648829431,40.05022575250836,36126.391304347824,479.5505016722408,780.6909698996654,507.2276381909548,0.1319906132211055,423.7821571906355,491.8891304347826,3.126634795760469,17.714675210887396,5.95195652173913,6.061505016722408,5.411220735785952,5.565301003344482,5.9925919732441475,6.596588628762542,6.812173913043479,7.64376254180602,8.629247491638797,0.1095484949832776,-0.5407357859531773,-0.3866555183946488,0.0406354515050167,0.6446321070234114,0.8602173913043478,1.6918060200668896,2.6772909698996656,97.74111627906976,2.445207023411371,221.17004765886287,2.011826086956522,1.192903177257525,91.60284280936456,91.76739130434784,88.49214046822743,87.83846153846153,20.79702675585284,99.51204013377928,102.44634782608696,93.87403678929766,94.281991638796,134.93627424749164,94.63428595317724,85.93689966555183,109.80960033444816,102.48260033444816,100.668,100.72191304347824,9.157107023411372,10.72324414715719,8.593678929765886,87.54909909909911,2268.851672240802,73450.68959731543,206101.06040268455,666.3789297658864,19.219912230215822,62.479536789297654,79.36697324414715,65.04730769230771,58.50199331103679,126713.595,56.78736956521738,75.43120418060201,53.73449732441472,51.05269147157192,76.88047775919732,66.58145668896321,79.70286187290971,19213.956521739132,62.79414214046823,,,,,,,,,,,,,,,,,,
2008-12,5301.313188647747,4636.443238731219,524357.5408035435,136482.1625566444,64.39500300500833,64.94769315525876,64.86650534223706,69.46124741235393,63.30104156928213,62.04768831385642,80.70421619365611,110840.33555926544,104365.36560934893,5.835058430717863,14.168614357262104,2637.5642737896496,1972.8914858096828,1865.3756260434056,887.3288814691152,978.0300500834724,342.6110183639399,95623.15191986645,22476.68447412354,673.2462437395659,4782.272120200334,16941.66444073456,10347.697829716191,6593.966611018364,73146.4674457429,4509.037228714524,10876.503672787978,5427.7612687813025,16174.893155258764,40.1237061769616,3.6474123539232055,40.59398998330551,1535.6327212020033,190.5025041736227,310.97996661101837,663.6711185308848,370.4891485809683,1436.3185689948891,188.56729131175467,285.75127768313456,587.5315161839864,374.4701873935264,96567.5561708848,36554.7990849898,310869.4351399165,613246.0150764716,1.507397395265886,646.8936560934892,2600.5545909849748,2163.7547579298835,291.2317846410685,41.00090150250418,35917.028380634394,481.41035058430725,785.7018363939899,508.9157190635451,0.1319777274849498,424.5488647746243,492.9308013355592,3.126634795760469,17.714675210887396,5.9426711185308845,6.053956594323872,5.402504173622703,5.557228714524206,5.984373956594324,6.589398998330552,6.806694490818031,7.641218697829716,8.630217028380635,0.1112854757929883,-0.5401669449081803,-0.3854424040066778,0.041702838063439,0.6467278797996662,0.8640233722871452,1.6985475792988316,2.6875459098497494,97.70628770301624,2.4431131886477457,220.9626946577629,2.0110262103505843,1.1929435726210351,91.73806343906512,91.91385642737896,88.64791318864773,87.98931552587645,20.858200333889812,99.67913188647746,102.63101168614357,93.91625876460766,94.41692320534224,135.3242203672788,94.7568814691152,85.97580968280467,110.05669616026712,102.66564774624374,100.836449081803,100.89657929883138,9.174474123539232,10.74237061769616,8.60924874791319,87.47662921348314,2279.7994991652754,74022.82775919733,208213.79598662208,669.8383973288815,19.303155475763013,62.57703505843072,79.37675459098499,65.14132220367279,58.620287145242074,126905.33333333331,56.83238747913188,75.48496828046744,53.83675125208681,51.1549712854758,76.90447996661102,66.64073338898163,79.75699015025042,19225.013355592655,62.893131886477455,,,,,,,,,,,,,,,,,,
2009-01,5301.313188647747,4636.443238731219,524357.5408035435,136823.39561905,64.46026716666667,65.0141745,64.93765,69.51630733333333,63.365502333333325,62.11498866666667,80.68658033333332,110912.445,104428.24333333332,5.838500000000001,14.1795,2638.838333333333,1975.8366666666664,1870.225,889.1816666666666,981.04,342.9433333333333,95689.16666666669,22473.43833333333,673.373,4785.635,16934.968333333334,10343.958333333334,6591.01,73215.72833333333,4511.3488333333335,10883.288166666667,5432.241666666667,16185.351666666667,40.122166666666665,3.6463333333333336,40.592666666666666,1534.0266666666666,190.29166666666663,310.6166666666667,663.0383333333333,370.09,1434.8061224489795,188.35034013605443,285.40816326530614,587.0221088435375,374.02721088435374,96692.00524393332,36591.24552269858,311686.06608134997,614703.3756523039,1.5072347952737897,648.4738333333335,2609.665166666666,2166.4235000000003,293.5282133333333,42.30121333333333,36136.52333333333,483.2985000000001,790.8818333333334,510.73388981636054,0.1319767184841402,425.3038833333333,493.97350000000006,3.126717595551667,17.714675210887396,5.933033333333333,6.045683333333333,5.393549999999999,5.5484,5.975216666666667,6.58095,6.799383333333333,7.636899999999999,8.629883333333334,0.11265,-0.5394833333333333,-0.3846333333333333,0.0421833333333333,0.6479166666666668,0.86635,1.7038666666666666,2.69685,97.6669212962963,2.440942,220.7465485,2.0101501666666666,1.1930115,91.8675,92.05183333333332,88.78866666666666,88.12216666666667,20.891803333333336,99.82233333333332,102.81244333333332,93.95647,94.5385,135.71259666666666,94.87356833333334,86.01387500000001,110.30332666666666,102.84508666666666,101.00059000000002,101.06790833333334,9.191966666666666,10.761900000000002,8.6248,87.4152466367713,2290.405833333333,74321.0450751252,209293.3222036728,673.5106666666667,19.36437437275986,62.57703505843072,79.37675459098499,65.14132220367279,58.620287145242074,127039.4603960396,56.87095983333333,75.54131316666665,53.95021616666667,51.250499000000005,76.92263066666666,66.706384,79.82566650000001,19235.978333333333,62.89313188647747,,,,,,,,,,,,,,,,,,
2009-02,5309.124333333333,4642.706333333333,524985.9622713173,137167.54803898503,64.52076955074875,65.07396139767054,65.00146156405991,69.56460698835274,63.42762562396006,62.17502928452579,80.66428968386023,110983.66555740433,104490.9234608985,5.841430948419301,14.188851913477537,2640.5341098169715,1978.404326123128,1874.8236272878537,891.0083194675541,983.811980033278,343.3261231281198,95750.01331114808,22470.339434276208,673.5552412645592,4790.003327787022,16927.41264559068,10339.196339434277,6588.216306156406,73279.67387687188,4512.3241264559065,10892.553410981696,5435.344425956739,16197.28618968386,40.12146422628952,3.645424292845257,40.591014975041595,1532.2728785357738,190.03826955074877,310.17970049916806,662.351081530782,369.71381031613976,1433.2716468590831,188.1290322580645,285.062818336163,586.4889643463497,373.5925297113752,96796.1766162396,36616.85884480691,312467.87961532443,616109.2933595501,1.507106070615,650.0151414309483,2619.0404326123125,2169.2803660565723,295.91484359401,43.66291680532446,36570.88685524127,485.08768718802,795.9198003327787,512.5504999999999,0.1319786100166666,426.036455906822,495.02647254575714,3.126717595551667,17.71763565218729,5.923410981697172,6.037454242928452,5.384792013311147,5.5396672212978375,5.966006655574044,6.572662229617305,6.7922628951747095,7.632595673876871,8.629068219633943,0.1140432612312812,-0.5386189683860233,-0.3837437603993344,0.0425956738768718,0.6492512479201332,0.8688519134775373,1.7091846921797005,2.705657237936772,97.62845265588916,2.4387552412645586,220.5292006655574,2.009211813643927,1.1930643926788689,92.00515806988354,92.1953410981697,88.91880199667222,88.24608985024958,20.9264925124792,99.95973377703828,102.9944608985025,93.9967237936772,94.6626306156406,136.1019683860233,94.99046755407656,86.05171381031613,110.55010149750416,103.02451913477536,101.16454242928452,101.23962728785357,9.210116472545756,10.781730449251253,8.640815307820299,87.35659955257269,2302.1532445923463,74613.435,210368.5,676.9113144758736,19.410772271914137,62.67339333333332,79.38581500000001,65.23095333333335,58.738978333333336,127112.6551724138,56.89739267886855,75.59244858569052,54.05030216306156,51.33158169717139,76.94224875207986,66.78397570715474,79.88617653910148,19248.319467554076,62.98937166666666,,,,,,,,,,,,,,,,,,
2009-03,5324.594186046512,4654.981561461795,526186.7693852229,137521.528856196,64.5641441860465,65.03712126245846,64.86423073089702,69.36992607973423,63.57268488372093,62.21252607973422,80.61525880398672,111055.47674418605,104552.8122923588,5.845182724252492,14.19817275747508,2641.8023255813955,1981.7109634551496,1880.453488372093,893.4269102990033,987.0232558139536,343.7940199335548,95812.72591362128,22465.825581395347,673.6277408637874,4792.990033222592,16919.87707641196,10334.76245847176,6585.114617940199,73346.90033222591,4514.421428571429,10899.302823920263,5439.425249169435,16207.913621262458,40.11993355481727,3.643355481727575,40.589368770764125,1530.7109634551496,189.83056478405317,309.80730897009965,661.8205980066446,369.2624584717608,1431.7983050847458,187.93559322033897,284.72542372881355,586.0033898305085,373.135593220339,96904.1514059136,36642.62383700811,313233.05755616276,617707.0349679368,1.5076433317287854,651.524584717608,2628.4405315614613,2172.1325581395345,298.0592591362127,44.755234219269106,36707.37873754153,486.8450166112957,800.9591362126246,514.3841930116473,0.1319802173677204,426.66634551495014,495.9740199335548,3.126717595551667,17.71763565218729,5.913936877076413,6.028538205980065,5.376345514950165,5.531212624584717,5.957126245847177,6.5648504983388705,6.785747508305649,7.628671096345515,8.628156146179402,0.1146013289036545,-0.5375913621262458,-0.3827242524916943,0.0431893687707641,0.6509136212624586,0.871810631229236,1.7147342192691029,2.71421926910299,97.59499999999998,2.436637541528239,220.31721827242524,2.0082699335548173,1.1931509966777407,92.1373754152824,92.33671096345516,89.05382059800664,88.37093023255814,20.95678073089701,100.07857142857142,103.17720598006645,94.0399833887043,94.79235880398672,136.49245514950167,95.11041528239204,86.08982225913621,110.79612126245848,103.20564285714283,101.33093189368772,101.41223255813954,9.22764119601329,10.80093023255814,8.656495016611295,87.28727678571428,2313.96146179402,74880.78868552412,211333.53244592345,680.1999999999999,19.458828214285717,62.86885215946844,79.40470764119601,65.41781727574751,58.97719102990033,127197.23529411764,56.98082823920265,75.2682292358804,54.01207126245846,51.31457358803986,77.51993405315615,66.83068289036545,79.9440215946844,19258.86877076412,63.18301495016612,,,,,,,,,,,,,,,,,,
2009-04,5332.2147595356555,4660.95903814262,526780.4956819253,137589.72200900497,64.61862520729686,65.09266782752903,64.92581409618573,69.41702769485904,63.62649303482587,62.26795771144279,80.59053001658376,111126.7744610282,104613.0679933665,5.849585406301824,14.207960199004978,2643.011608623549,1985.126036484245,1886.8126036484248,896.1475953565506,990.6633499170812,344.3150912106136,95874.14262023216,22460.867330016583,673.6577114427861,4795.7147595356555,16912.213930348258,10330.286898839138,6581.927031509121,73413.27529021559,4516.4610281923715,10905.880762852405,5443.437810945274,16218.32504145937,40.11791044776119,3.64212271973466,40.58706467661692,1529.0182421227198,189.62520729684908,309.4792703150912,661.1492537313433,368.7744610281924,1430.248730964467,187.7140439932318,284.38578680203045,585.4653130287649,372.6852791878173,97004.22246494197,36669.01528673077,313970.05414396344,618994.0548434054,1.5077967481212624,653.0358208955223,2637.1475953565505,2174.630016583748,300.342655058043,45.97160364842455,36921.99004975124,488.5752902155888,806.0409618573797,516.2018272425249,0.1319824721943521,427.2143781094527,496.81830845771145,3.128187352091211,17.71763565218729,5.904427860696517,6.019568822553897,5.367777777777777,5.5227363184079605,5.948308457711444,6.55698175787728,6.779170812603649,7.6251409618573796,8.627810945273632,0.1151409618573797,-0.5366500829187397,-0.3816915422885572,0.0438805970149253,0.652553897180763,0.874742951907131,1.7207131011608623,2.7233830845771143,97.56337931034484,2.434512935323383,220.11413001658377,2.007289386401327,1.193269320066335,92.26517412935324,92.47247097844112,89.18291873963516,88.49237147595356,21.00159535655058,100.18706467661691,103.35885903814264,94.0826102819237,94.91857877280266,136.88285240464344,95.22914262023218,86.12782587064677,111.04121890547266,103.38568822553896,101.49607296849088,101.58372139303482,9.24524046434494,10.820663349917082,8.672056384742952,87.22048997772829,2325.1134328358207,75143.09302325582,212309.646179402,683.6359867330017,19.50709180035651,62.96566832504145,79.41422388059702,65.50983250414595,59.0952504145937,127273.64390243904,57.01437429519071,75.31584577114428,54.11318258706468,51.38309170812603,77.54274693200664,66.90934626865672,80.00354029850746,19269.213930348255,63.281169154228856,,,,,,,,,,,,,,,,,,
2009-05,5332.2147595356555,4660.95903814262,526780.4956819253,137921.48074740067,64.6730178807947,65.14851937086094,64.98705331125828,69.46663625827814,63.679601655629135,62.3230178807947,80.5658546357616,111198.96688741722,104673.32284768212,5.854635761589404,14.219867549668871,2644.1754966887415,1988.432119205298,1893.971854304636,898.8543046357615,995.115894039735,344.7880794701987,95934.48013245034,22455.48675496689,673.6930463576159,4798.25,16904.312913907284,10325.596026490066,6578.7168874172185,73478.99337748345,4518.387748344371,10912.319370860929,5447.324503311258,16228.923841059604,40.11622516556291,3.6403973509933776,40.585596026490066,1527.2350993377484,189.3841059602649,309.0927152317881,660.3956953642385,368.3725165562914,1428.9949324324325,187.5185810810811,284.06418918918916,585.1368243243244,372.27702702702703,97105.25852046355,36691.64353867677,314685.16332584433,620296.5522648923,1.507700899451078,654.591059602649,2646.46440397351,2177.4634105960263,302.8044966887417,47.35548013245033,37396.68874172185,490.3084437086093,811.0504966887418,518.0145936981758,0.1319853194079602,427.9112913907284,497.829238410596,3.128187352091211,17.715817399247918,5.894900662251656,6.010397350993377,5.359155629139072,5.514172185430463,5.939370860927153,6.549205298013246,6.772798013245034,7.621440397350994,8.627417218543046,0.1154966887417218,-0.5357450331125828,-0.380728476821192,0.0444701986754966,0.6543046357615895,0.8778973509933775,1.7265397350993377,2.7325165562913907,97.52830275229356,2.4323831125827815,219.91347748344373,2.006401821192053,1.1933205298013243,92.3935430463576,92.608940397351,89.31076158940397,88.62036423841059,21.049258278145697,100.2730132450331,103.53983940397352,94.12475331125827,95.04331456953643,137.27420033112583,95.34731125827814,86.1660298013245,111.28551986754968,103.56516059602647,101.66027814569536,101.7544834437086,9.262814569536424,10.840066225165565,8.687781456953642,87.17133333333334,2336.9061258278143,75403.03814262024,213263.00829187396,687.033774834437,19.540953736654803,62.96566832504145,79.41422388059702,65.50983250414595,59.0952504145937,127342.43203883494,57.04452748344371,75.36778112582782,54.20387698675497,51.45124238410595,77.56148344370861,66.98023509933776,80.06522897350993,19279.206953642384,63.281169154228856,,,,,,,,,,,,,,,,,,
2009-06,5347.601157024794,4672.730082644628,527915.727484303,138257.94606847933,64.72432545454545,65.20106743801652,65.04435669421488,69.51346809917356,63.72992809917354,62.37556099173553,80.5397720661157,111271.49917355372,104732.6561983471,5.860495867768596,14.233553719008263,2645.2181818181816,1992.287603305785,1902.414876033058,902.4165289256198,999.996694214876,345.26115702479336,95994.55537190085,22449.823140495868,673.6947107438017,4800.780165289256,16896.15867768595,10320.651239669422,6575.507438016529,73544.73223140495,4520.341983471074,10918.79917355372,5451.181818181818,16239.540495867768,40.11404958677686,3.6388429752066114,40.58330578512397,1525.5768595041322,189.1504132231405,308.70578512396696,659.7322314049587,367.998347107438,1427.4586846543002,187.29679595278247,283.7335581787521,584.5986509274874,371.83136593591905,97214.84487001652,36725.10998315524,315401.4556178677,621559.7334697517,1.5075722555778146,656.1471074380165,2655.855041322314,2180.3305785123966,305.27848760330573,48.76968429752067,37958.84462809917,491.9719008264464,816.0014876033058,519.776821192053,0.1319848954486755,428.6955867768595,498.9352396694215,3.128187352091211,17.715817399247918,5.885454545454545,6.001074380165289,5.350595041322314,5.5055537190082635,5.9303801652892565,6.541900826446281,6.76704132231405,7.617999999999999,8.626479338842977,0.1156198347107438,-0.5348595041322315,-0.379900826446281,0.0449256198347107,0.6564462809917356,0.8815867768595042,1.7325454545454546,2.7410247933884295,97.4854462242563,2.430193388429752,219.70972710743803,2.0056338842975205,1.193253553719008,92.52231404958678,92.74661157024794,89.44033057851239,88.76165289256198,21.112251239669423,100.39421487603305,103.72056033057852,94.16643966942148,95.16991239669424,137.666147107438,95.4656776859504,86.20472396694215,111.52907603305783,103.74457520661156,101.82419338842976,101.92495867768596,9.280314049586776,10.859603305785129,8.703305785123966,87.13037694013303,2348.843305785124,75656.13079470198,214195.1274834437,690.3304132231406,19.562814209591476,63.15927603305784,79.43298842975206,65.69405619834711,59.33154214876033,127406.69565217392,57.07354561983471,75.41648462809917,54.28548446280991,51.51554347107438,77.57993123966943,67.04291107438017,80.12207801652892,19289.219834710744,63.47246611570249,,,,,,,,,,,,,,,,,,
2009-07,5347.601157024794,4672.730082644628,527915.727484303,138594.1540782673,64.77476402640264,65.25161699669968,65.09876089108911,69.55666138613861,63.78093976897689,62.427079702970296,80.51331815181518,111343.53630363036,104791.17656765676,5.866501650165017,14.250495049504948,2646.1402640264027,1995.709570957096,1912.2013201320133,906.6237623762376,1005.5759075907592,345.7013201320132,96053.4504950495,22443.864686468645,673.6800330033004,4803.1897689768975,16887.851485148516,10315.605610561057,6572.245874587459,73609.58580858086,4522.270462046205,10925.21798679868,5454.978547854786,16249.892739273928,40.11221122112211,3.637623762376237,40.58184818481848,1524.1105610561056,188.9917491749175,308.3960396039604,659.1419141914191,367.5907590759076,1426.0151515151515,187.07912457912457,283.4107744107744,584.1279461279461,371.3989898989899,97312.98208970296,36752.24054656942,316100.37235777226,622796.0744061653,1.5074440369735538,657.9770627062705,2668.366831683168,2184.7592409240924,307.5858943894389,50.04395874587459,38526.99339933993,491.9592409240924,811.0958745874588,521.5439669421488,0.131980936122314,429.5164191419142,500.09173267326736,3.1272356540363035,17.715817399247918,5.87608910891089,5.991765676567656,5.342062706270626,5.496980198019802,5.921435643564357,6.535577557755776,6.7620132013201335,7.614686468646864,8.624620462046206,0.1156765676567656,-0.534026402640264,-0.3791089108910891,0.0453465346534653,0.6594884488448846,0.885924092409241,1.7385973597359734,2.7485313531353137,97.4388812785388,2.427966831683168,219.506599669967,2.005025412541254,1.1931432343234325,92.65511551155116,92.88960396039604,89.57524752475247,88.91072607260725,21.19239603960396,100.50445544554456,103.90329702970296,94.20937128712872,95.30798679867986,138.0581221122112,95.5885396039604,86.24391914191418,111.77206435643564,103.9264092409241,101.99113201320132,102.09750825082509,9.297673267326733,10.87881188118812,8.718811881188119,87.09424778761061,2363.898679867987,75902.45123966942,215113.06776859504,631.6790429042903,19.57723546099291,63.15927603305784,79.43298842975206,65.69405619834711,59.33154214876033,127469.6346153846,57.09795544554456,75.46185544554454,54.36645792079208,51.577634653465346,77.60223399339934,67.10389801980199,80.17426452145216,19299.095709570956,63.47246611570249,,,,,,,,,,,,,,,,,,
2009-08,6020.978253706755,5264.428830313014,576729.5301286482,138929.54921158153,64.82649522240527,65.30341878088961,65.15468467874794,69.60200411861615,63.83333113673806,62.480463920922574,80.488494892916,111414.64085667217,104849.24876441516,5.872322899505766,14.268369028006592,2647.1070840197694,1998.2817133443164,1922.03294892916,909.9341021416805,1012.0988467874794,346.05107084019767,96111.92915980233,22437.690280065897,673.6917627677101,4805.3640856672155,16879.538714991762,10310.57495881384,6568.963756177925,73674.23887973641,4524.160955518946,10931.480065897857,5458.752883031301,16260.298187808896,40.11087314662274,3.63657331136738,40.58056013179572,1522.5469522240528,188.7825370675453,308.06095551894566,658.5238879736409,367.1894563426689,1424.566386554622,186.85882352941175,283.1109243697479,583.6117647058824,370.9865546218487,97433.60155907742,36797.191870773095,316800.0817937561,623998.2426002146,1.507233733282178,659.6186161449752,2677.7227347611197,2187.5721581548596,309.86943657331136,51.273797364085674,39171.25700164745,493.5973640856671,816.0917627677101,523.2430693069307,0.1315728799438943,430.3505271828666,501.26540362438226,3.1272356540363035,17.73395685895364,5.86667215815486,5.9824382207578255,5.333558484349258,5.4883690280065895,5.912471169686985,6.528863261943987,6.75673805601318,7.611054365733113,8.622092257001647,0.1157660626029654,-0.5331136738056014,-0.3783031301482701,0.0457990115321252,0.6621911037891269,0.8900658978583196,1.7443822075782536,2.7554200988467876,97.391138952164,2.4257428336079077,219.3004388797364,2.004420428336079,1.1930275123558485,92.78566721581548,93.02965403624384,89.70906095551894,89.04579901153213,21.26306754530478,100.61779242174627,104.08544810543656,94.2532850082372,95.44616144975288,138.44987314662274,95.71092257001648,86.28293410214168,112.01433937397034,104.10781054365732,102.1578401976936,102.2694662273476,9.315255354200987,10.898237232289953,8.734629324546953,87.04768211920529,2375.8232289950574,76140.58580858086,216007.6600660066,634.3599670510707,19.588475044247787,56.76970345963756,88.72657990115322,60.00564909390445,51.16070510708403,127560.46411483252,57.134186161449755,75.50628912685337,54.446757825370675,51.64437891268533,77.62412850082373,67.15785238879735,80.23128945634268,19308.767710049426,54.54827512355847,,,,,,,,,,,,,,,,,,
2009-09,6020.978253706755,5264.428830313015,576729.5301286482,139279.2078477467,64.88266875,65.35955049342105,65.21501036184209,69.6489759868421,63.89031052631579,62.53964391447368,80.46802138157895,111485.63157894736,104906.48519736844,5.878618421052631,14.285855263157892,2647.7302631578946,2001.7713815789473,1931.7269736842104,913.0888157894736,1018.6381578947368,346.42269736842104,96169.56414473684,22431.376644736843,673.6363486842106,4807.5098684210525,16871.177631578947,10305.478618421052,6565.699013157895,73738.1875,4526.003782894736,10937.745065789471,5462.429276315789,16270.402960526317,40.109703947368416,3.635197368421052,40.57927631578948,1521.0444078947369,188.5953947368421,307.75,657.9095394736842,366.7993421052632,1423.1493288590605,186.6493288590604,282.8036912751678,583.1308724832214,370.5671140939598,97544.22721440787,36827.876857004005,317490.9435013322,625169.4646058155,1.5070076480543655,661.247697368421,2686.9674342105263,2190.3098684210527,312.20209375,52.55259375,39924.81085526316,495.1664473684211,821.0425986842105,524.9624382207578,0.1315719226177924,431.3034539473685,502.56330592105263,3.1272356540363035,17.733956858953643,5.857286184210526,5.973075657894737,5.325065789473685,5.479769736842105,5.903503289473684,6.522351973684211,6.751529605263158,7.6071875,8.618733552631578,0.1157894736842105,-0.532220394736842,-0.377516447368421,0.0462171052631579,0.6650657894736842,0.8942434210526317,1.7499013157894738,2.7614473684210528,97.34065909090909,2.423510197368421,219.095828125,2.003842763157895,1.1928534539473683,92.92105263157896,93.1764802631579,89.84917763157895,89.18930921052632,21.34497039473684,100.76299342105264,104.26857730263156,94.296875,95.59067763157894,138.84209210526316,95.83514144736844,86.32068914473683,112.25665789473686,104.29040131578948,102.3260625,102.4424144736842,9.332697368421051,10.91748355263158,8.750279605263158,87.00066079295155,2387.6050986842106,76371.08401976936,216892.1054365733,637.1269736842105,19.596823498233217,56.76970345963756,88.72657990115322,60.00564909390445,51.16070510708403,127635.41904761904,57.17068453947368,75.55278453947368,54.5426125,51.712271875,77.66003552631578,67.20973963815788,80.28597549342105,19318.353618421053,54.54827512355848,,,,,,,,,,,,,,,,,,
2009-10,6036.92380952381,5276.444006568145,577870.9889111198,139612.71489561576,64.93850591133007,65.41506896551725,65.27605582922824,69.69864170771757,63.94742643678161,62.59787520525452,80.44725467980295,111555.45155993431,104962.2446633826,5.885057471264368,14.305418719211822,2648.2528735632186,2004.904761904762,1942.3152709359608,916.4203612479474,1025.894909688013,346.7487684729064,96226.6026272578,22424.88998357964,673.6121510673235,4809.551724137931,16862.71921182266,10300.293924466338,6562.425287356322,73801.71264367815,4527.867159277504,10943.91937602627,5466.121510673235,16280.372742200329,40.10821018062397,3.633825944170771,40.57832512315271,1519.504105090312,188.39080459770116,307.41050903119867,657.3316912972085,366.3809523809524,1421.7286432160804,186.4438860971524,282.4958123953099,582.643216080402,370.1474036850921,97543.7864249342,36827.23757844689,317490.3448171217,626304.5510127138,1.5067329644226974,662.88013136289,2696.292610837438,2193.07947454844,314.67875041050905,53.981210180623975,40870.34811165846,496.9632183908046,825.4182266009851,526.6685855263158,0.1315713754440789,432.3104269293924,503.9318062397372,3.1239572024975373,17.733956858953643,5.847914614121511,5.963645320197044,5.316518883415435,5.47111658456486,5.894466338259441,6.515533661740558,6.746026272577996,7.603119868637108,8.614942528735632,0.1157307060755336,-0.5313957307060755,-0.3767980295566502,0.046551724137931,0.6676190476190477,0.8981116584564861,1.7552052545155994,2.767027914614122,97.28916099773244,2.421236945812808,218.88594137931037,2.0032326765188837,1.1926707717569789,93.05418719211822,93.32036124794745,89.99014778325125,89.32594417077176,21.42397701149425,100.92577996715929,104.45170114942528,94.34060919540232,95.73708045977013,139.23570935960592,95.95965845648604,86.35910180623974,112.4986288998358,104.47314614121512,102.4945763546798,102.61530870279144,9.34991789819376,10.936288998357965,8.765944170771757,86.97098901098902,2399.478325123153,76602.7072368421,217772.9490131579,637.7717569786536,19.60417848324515,56.94357963875205,88.74236781609196,60.172290640394095,51.36206075533661,127718.11374407585,57.21298407224958,75.60099031198686,54.63070410509031,51.784142857142854,77.68960623973727,67.26676600985222,80.34696962233168,19327.847290640395,54.71526600985221,,,,,,,,,,,,,,,,,,
2009-11,6046.066229508197,5283.513278688525,578435.4634777681,139950.32192037703,64.99428704918033,65.47004836065574,65.33682081967213,69.7495118032787,64.00519524590163,62.65593475409835,80.4267255737705,111624.9918032787,105016.85573770491,5.892131147540983,14.326065573770494,2649.070491803279,2007.711475409836,1953.6131147540984,920.2295081967212,1033.383606557377,347.03934426229506,96283.58524590165,22418.203278688525,673.562131147541,4811.42131147541,16854.260655737704,10295.124590163934,6559.136065573771,73865.38196721312,4529.726885245902,10949.932950819672,5469.786885245901,16290.604918032786,40.10672131147541,3.6336065573770497,40.57754098360656,1517.8737704918033,188.1688524590164,307.04918032786884,656.7,365.9655737704918,1420.272575250836,186.2391304347826,282.1973244147157,582.123745819398,369.7140468227425,97770.20679731146,36896.532039211575,318848.8190964098,627420.3251489819,1.5064099217881772,664.5377049180328,2705.577049180328,2195.8177049180326,317.4012590163934,55.625204918032786,42101.31639344263,498.4183606557378,830.1609836065574,528.4274220032842,0.1315640567914614,433.35198360655744,505.3502622950819,3.1239572024975373,17.82433611444481,5.838524590163934,5.954229508196721,5.307918032786885,5.462409836065574,5.885409836065573,6.508672131147541,6.7405245901639335,7.599098360655738,8.611131147540984,0.1157049180327868,-0.5306065573770491,-0.3761147540983606,0.0468852459016393,0.6701475409836065,0.902,1.7605737704918034,2.772606557377049,97.23547511312218,2.4189419672131147,218.67525475409835,2.002606393442623,1.1924445901639344,93.18754098360655,93.4655737704918,90.12934426229508,89.47754098360654,21.51315081967213,101.08737704918032,104.63519836065574,94.38350163934426,95.88714426229508,139.62914098360656,96.0851819672131,86.39930327868852,112.7404,104.65639180327868,102.6638950819672,102.78859508196722,9.36744262295082,10.955852459016391,8.781754098360656,86.93508771929827,2411.2283606557376,76828.10344827586,218648.65681444993,640.5145901639344,19.611107218309854,57.03055573770492,88.75052950819673,60.255813114754105,51.46268360655738,127796.25943396226,57.25594655737704,75.65057032786885,54.71345737704918,51.85682639344262,77.71806540983606,67.32461295081968,80.39950147540983,19337.139344262298,54.797554098360656,,,,,,,,,,,,,,,,,,
2009-12,6054.300327332242,5289.843862520459,579017.6004228865,140297.38031330606,65.05114631751228,65.52564353518822,65.39787855973813,69.79860654664485,64.06472225859247,62.715186088379696,80.40737610474632,111694.14402618658,105071.65957446808,5.898854337152209,14.349263502454994,2649.327332242226,2010.1963993453355,1965.227495908347,923.9001636661212,1041.3273322422258,347.2569558101473,96340.78887070376,22411.561374795416,673.5193126022913,4813.360065466449,16845.76923076923,10289.918166939444,6555.851063829788,73929.22749590834,4531.545335515549,10955.959738134205,5473.399345335515,16300.847790507363,40.10589198036006,3.6333878887070377,40.57757774140753,1516.315875613748,187.95908346972175,306.72995090016366,656.1063829787234,365.5302782324059,1418.8848080133555,186.04173622704508,281.9015025041736,581.661101836394,369.2821368948247,97884.5387010802,36929.69631801793,319511.53461343696,628533.8393700491,1.506071544867213,666.2135842880524,2714.883633387889,2198.5459901800327,320.2280212765957,57.4024402618658,43545.02782324059,499.8242225859247,835.2641571194762,530.3170491803279,0.131575528709836,434.4235351882161,506.8258265139116,3.1239572024975373,17.82433611444481,5.829165302782324,5.944795417348609,5.299312602291326,5.453715220949264,5.876284779050736,6.501669394435352,6.735057283142389,7.595155482815056,8.607381342062192,0.1156301145662847,-0.5298527004909984,-0.3754500818330605,0.0471194762684124,0.6725040916530278,0.9058919803600656,1.7659901800327331,2.778216039279869,97.18110609480811,2.4166410801963996,218.46345793780688,2.0020454991816696,1.1922266775777417,93.32487725040916,93.61603927986906,90.27168576104746,89.64762684124386,21.605731587561372,101.259410801964,104.81951063829788,94.4255859247136,96.0437643207856,140.02301145662847,96.21277741407528,86.44008346972176,112.98166612111292,104.84064975450082,102.83501963993452,102.962705400982,9.384909983633388,10.975237315875615,8.797512274959082,86.89234135667397,2422.921767594108,77048.5131147541,219475.9,643.0821603927988,19.61614833040422,57.11736333878888,88.75859083469723,60.340538461538465,51.562675941080194,127898.5117370892,57.29970687397708,75.69756530278234,54.80419836333879,51.92979132569558,77.75112127659575,67.37762062193127,80.45562111292962,19346.443535188217,54.879955810147294,,,,,,,,,,,,,,,,,,
2010-01,6054.300327332242,5289.843862520459,579017.6004228865,140645.16890756536,65.11078235294119,65.58407058823529,65.46195816993463,69.85054411764705,64.12694624183005,62.77547320261437,80.38909215686274,111761.07026143793,105122.94281045752,5.905555555555555,14.377287581699346,2649.222222222222,2012.6339869281048,1977.0882352941176,926.7957516339868,1050.2908496732025,347.4330065359477,96397.24673202616,22404.77614379085,673.4964052287581,4815.14705882353,16837.266339869282,10284.700980392156,6552.565359477124,73992.4705882353,4533.309803921568,10961.967973856206,5477.049019607844,16310.885620915033,40.105228758169936,3.6328431372549015,40.57728758169935,1514.7532679738565,187.73202614379085,306.37581699346407,655.5343137254902,365.12091503267976,1417.6083333333331,185.88166666666663,281.62166666666667,581.225,368.88166666666666,97984.02965091502,36956.52793567594,320147.3441974019,629644.7725298363,1.5056851757266774,667.9496732026143,2729.0709150326797,2203.576470588235,323.00068300653595,59.176214052287584,45063.78104575163,501.1993464052288,840.1338235294118,532.0515548281505,0.1315735033142389,435.5280392156863,508.35223856209154,3.118963140854575,17.82433611444481,5.81983660130719,5.935408496732026,5.290735294117647,5.445081699346406,5.867287581699346,6.494869281045752,6.729918300653593,7.591339869281045,8.603725490196078,0.1155718954248365,-0.5291013071895425,-0.3747549019607843,0.0474509803921568,0.6750326797385621,0.9100816993464051,1.771503267973856,2.783888888888889,97.12885135135136,2.4143754901960786,218.2534700980392,2.001425490196078,1.1920003267973858,93.4625816993464,93.76699346405228,90.41486928104575,89.82091503267974,21.69183333333333,101.45228758169937,105.00369607843136,94.46823039215688,96.20118300653594,140.41631699346405,96.3405343137255,86.48124509803921,113.2224705882353,105.02474836601309,103.00620424836602,103.13670751633984,9.40233660130719,10.994575163398691,8.813218954248367,86.86091703056769,2434.7455882352942,77048.5131147541,219475.9,645.8933006535949,19.615972807017545,57.11736333878888,88.75859083469723,60.340538461538465,51.562675941080194,128000.7289719626,57.34003431372548,75.74942075163399,54.89817875816994,52.00602450980392,77.78514509803921,67.45550163398693,80.5142179738562,19355.625816993463,54.879955810147294,,,,,,,,,,,,,,,,,,
2010-02,6062.539379084968,5296.137418300655,579609.4685073008,140995.88804474715,65.16791305057097,65.64150473083198,65.52525171288742,69.90104290375203,64.18441908646004,62.83364518760196,80.36965089722676,111828.62153344208,105177.11908646004,5.911745513866232,14.403099510603589,2649.8075040783033,2014.8352365415988,1988.4551386623168,929.5774877650896,1058.8760195758564,347.62969004893966,96423.80097879282,22389.280587275694,672.8021207177813,4811.507340946167,16826.19902120718,10278.133768352363,6548.065252854813,74034.52039151713,4533.209624796084,10961.27259380098,5480.226753670473,16321.376835236542,40.10538336052202,3.6326264274061986,40.57862969004894,1513.274061990212,187.54812398042415,306.0309951060359,654.973898858075,364.7308319738988,1416.284525790349,185.69384359401,281.30948419301166,580.7770382695508,368.50582362728784,98115.15684561174,37000.6042691369,320799.99616445345,630752.9738819117,1.5052673894918298,669.5947797716151,2738.4267536704733,2206.3505709624797,325.75297716150084,60.894251223491025,46572.95921696574,502.53132137031,844.9230016313213,533.7658496732028,0.1315692565049019,436.6504730831975,509.89812398042415,3.118963140854575,18.06070509845574,5.8105220228385,5.926019575856444,5.2822022838499185,5.436443719412725,5.858287112561174,6.488319738988581,6.725024469820554,7.587536704730832,8.599885807504078,0.1154975530179445,-0.5283197389885808,-0.3740783034257748,0.0477650897226753,0.6777977161500816,0.9145024469820556,1.7770146818923327,2.789363784665579,97.07804494382025,2.412124469820555,218.04604371941272,2.0007964110929852,1.1917585644371942,93.59885807504078,93.91517128874388,90.5442088091354,90.01305057096249,21.784048939641107,101.6531810766721,105.18612398042411,94.5112414355628,96.35926264274062,140.81087275693312,96.46904730831972,86.52200652528546,113.46104241435565,105.20812561174552,103.17764763458402,103.30999021207178,9.42021207177814,11.015725938009789,8.829624796084829,86.83376906318082,2446.2719412724305,77263.589198036,217836.83496732023,648.668352365416,19.616357092819612,57.2045522875817,88.7665816993464,60.42546895424837,51.663200980392155,128133.64651162791,57.387874388254474,75.79698694942904,54.993967699836865,52.078249592169655,77.81272169657422,67.52867275693312,80.56148825448612,19356.190864600325,54.96320424836601,,,,,,,,,,,,,,,,,,
2010-03,6077.880618892507,5307.4838762214995,580812.1358204907,141341.85402513028,65.22595179153095,65.69807915309445,65.58850244299674,69.95041335504885,64.24540863192182,62.8924625407166,80.35098925081434,111896.50977198697,105231.62052117263,5.917915309446254,14.42801302931596,2649.9674267100977,2017.110749185668,1999.5960912052117,932.4543973941368,1067.14006514658,347.7931596091205,96477.95439739412,22381.80618892508,672.7385993485342,4812.701954397394,16817.644951140064,10272.908794788274,6544.736156351792,74096.14820846905,4534.871824104234,10966.88631921824,5483.732899022802,16331.535830618892,40.10374592833876,3.632247557003257,40.577850162866454,1511.7752442996743,187.3615635179153,305.7068403908795,654.3517915309446,364.3648208469056,1414.9900332225914,185.52159468438535,281.01162790697674,580.3172757475083,368.14119601328906,98247.81457061888,37045.882280485144,321455.20138242666,632335.1794710114,1.505585060960848,671.2895765472313,2747.840716612378,2209.1333876221497,328.72564169381104,62.79091693811075,48311.798045602605,503.8563517915309,849.6159609120522,535.4613376835238,0.1315751601631321,437.71319218241047,511.3708469055374,3.118963140854575,18.06070509845574,5.801270358306189,5.916693811074919,5.273778501628665,5.427882736156352,5.849315960912051,6.481596091205211,6.720081433224754,7.583892508143323,8.596205211726383,0.1154234527687296,-0.5274918566775244,-0.3733876221498371,0.0480456026058632,0.6803257328990229,0.9188110749185668,1.7826221498371335,2.794934853420195,97.03118834080718,2.4099421824104237,217.8377268729642,2.000081433224756,1.1915394136807818,93.7369706840391,94.06710097719868,90.69039087947884,90.2055374592834,21.8730325732899,101.81547231270358,105.36919381107492,94.55245114006514,96.5171986970684,141.20809120521176,96.59674918566776,86.56271009771987,113.69977850162864,105.39096091205212,103.34862052117263,103.4826986970684,9.437736156351791,11.035602605863192,8.845390879478828,86.805,2457.7625407166124,77682.80097879282,221886.16639477975,651.3900651465798,19.619637062937063,57.37810749185667,88.77937622149838,60.59286156351793,51.86443648208469,128398.34101382487,57.42759429967427,75.84567377850162,55.091603257329,52.15738957654724,77.83830048859934,67.599328990228,80.61796302931596,19364.802931596092,55.12893811074917,,,,,,,,,,,,,,,,,,
2010-04,6077.880618892507,5307.4838762214995,580812.1358204907,141817.33068525203,65.28685723577236,65.75838585365854,65.6557105691057,70.00511983739837,64.30798845528456,62.95466520325203,80.33500032520325,111964.8243902439,105286.37398373985,5.924065040650407,14.455284552845528,2649.960975609756,2019.079674796748,2010.9512195121952,934.89918699187,1076.050406504065,347.9593495934959,96532.2211382114,22374.565853658536,672.7217886178862,4814.032520325203,16809.141463414635,10267.752845528456,6541.3886178861785,74157.65528455285,4536.588943089431,10972.559024390242,5487.134959349593,16341.523577235772,40.1040650406504,3.632682926829268,40.57918699186992,1510.39837398374,187.16585365853655,305.35934959349595,653.8731707317073,364.00975609756097,1413.771144278607,185.32504145936983,280.7379767827529,579.9419568822553,367.76782752902153,98376.10755505692,37083.69476609683,322102.560404569,633235.5570288762,1.5047942058127035,673.0029268292683,2755.708292682927,2211.068617886179,331.61630894308945,64.61472682926829,50010.13333333333,506.0456910569105,854.6230894308942,537.1745928338763,0.1315731341726384,438.8747154471545,512.9576910569106,3.113355931185366,18.06070509845574,5.79209756097561,5.9074634146341465,5.265447154471545,5.419414634146341,5.840455284552846,6.475008130081301,6.715219512195121,7.580130081300813,8.592422764227642,0.1153658536585365,-0.526650406504065,-0.3726829268292683,0.0483577235772357,0.682910569105691,0.9231219512195122,1.788032520325203,2.8003252032520325,96.98382550335572,2.4077578861788616,217.63102504065043,1.999277723577236,1.1912652032520326,93.87658536585366,94.2209756097561,90.83756097560976,90.40569105691058,21.969564227642277,101.98585365853656,105.55189268292682,94.59271707317072,96.67439837398372,141.60613821138213,96.72384715447154,86.60314471544714,113.93842764227642,105.57332357723578,103.51945853658536,103.65499512195122,9.45508943089431,11.055284552845528,8.860943089430895,86.77635574837312,2469.259024390244,77898.93811074918,222635.838762215,657.370406504065,19.614793368237347,57.37810749185667,88.77937622149838,60.59286156351793,51.86443648208469,128398.34101382487,57.473723577235766,75.89935349593495,55.18858617886178,52.23477967479674,77.8706687804878,67.67060471544715,80.67146292682926,19373.6,55.12893811074917,,,,,,,,,,,,,,,,,,
2010-05,6093.868344155844,5319.4344155844165,582052.8069235135,142184.4210575162,65.34637077922079,65.81652889610389,65.72068766233767,70.05677727272726,64.37029951298702,63.01665227272727,80.31915795454546,112034.22402597402,105341.84253246752,5.9305194805194805,14.48538961038961,2650.012987012987,2020.6574675324675,2022.246753246753,937.038961038961,1085.2061688311687,348.13961038961037,96587.09577922078,22367.496753246753,672.7037337662338,4815.392857142857,16800.777597402597,10262.672077922078,6538.105519480519,74219.59902597402,4538.270941558442,10978.19042207792,5490.61038961039,16351.660714285714,40.10487012987013,3.633116883116883,40.58019480519481,1509.051948051948,186.99025974025977,305.03409090909093,653.4512987012987,363.586038961039,1412.9983443708609,185.26986754966887,280.5794701986755,579.7566225165563,367.39403973509934,99307.0932456818,37572.15583449507,327723.84863389615,635943.960781626,1.5042335648276424,674.6709415584415,2764.999675324675,2213.805844155844,334.39610227272726,66.32385227272728,51612.73376623377,507.27370129870127,859.2564935064935,538.908617886179,0.1315747963577236,440.10595779220785,514.6239123376623,3.113355931185366,18.35832302077977,5.783019480519481,5.8983603896103896,5.257159090909091,5.411006493506494,5.831704545454546,6.468685064935065,6.710568181818182,7.576412337662338,8.58862012987013,0.115340909090909,-0.5258603896103895,-0.372012987012987,0.0486850649350649,0.6856655844155845,0.9275487012987012,1.7933928571428572,2.8056006493506493,96.93705357142858,2.405584577922078,217.42943685064935,1.9985211038961035,1.1909631493506494,94.01574675324676,94.37451298701298,90.987012987013,90.60389610389612,22.071042207792207,102.1818181818182,105.73375487012986,94.63146103896104,96.8295422077922,142.00435064935067,96.84947727272728,86.6431461038961,114.17682629870129,105.75471915584416,103.68937337662337,103.82642694805196,9.472597402597405,11.074707792207793,8.876688311688312,86.74480519480521,2480.4025974025976,77898.93811074918,222635.838762215,660.0826298701298,19.608597038327524,57.55122564935065,88.79222240259742,60.76042694805195,52.064974025974024,130202.54587155965,57.519019967532465,75.94930665584415,55.28409853896105,52.31503198051948,77.9023711038961,67.7385323051948,80.7377560064935,19382.238636363636,55.2965064935065,,,,,,,,,,,,,,,,,,
2010-06,6102.099189627229,5325.6168557536475,582691.8348343519,142542.02167168556,58.20103176661264,58.822956888168555,58.3358623987034,65.58205024311184,57.07697714748784,55.17697325769855,80.3130265802269,112102.87682333874,105397.07455429496,5.936628849270664,14.517666126418154,2650.1782820097246,2022.2755267423015,2033.4327390599676,939.0226904376012,1094.4084278768232,348.3209076175041,96642.1021069692,22360.37277147488,672.7032414910859,4816.653160453809,16792.43922204214,10257.64829821718,6534.7909238249595,74281.72933549432,4539.966126418151,10983.853160453806,5494.0291734197735,16362.385737439225,40.10534846029174,3.63387358184765,40.58168557536467,1507.544570502431,186.80226904376013,304.7131280388979,652.8508914100486,363.1880064829822,1411.611570247934,185.0710743801653,280.28429752066114,579.2842975206612,366.97355371900824,99458.12064722853,37622.72836237992,328494.29458424635,637113.8650660714,1.503788380469156,676.3413290113452,2774.3922204213936,2216.6047001620746,337.1511847649919,68.01759805510535,53207.75202593193,508.4625607779578,863.8727714748784,540.625974025974,0.131571829163961,441.2160940032415,516.1381685575365,3.113355931185366,18.35832302077977,5.773970826580227,5.889513776337115,5.248897893030795,5.40259319286872,5.822852512155591,6.461734197730957,6.705235008103727,7.572171799027553,8.5845056726094,0.1155429497568881,-0.5250729335494327,-0.3713776337115073,0.0488816855753646,0.6877633711507294,0.9312641815235008,1.7982009724473258,2.8105348460291735,96.92396436525613,2.4035163695299837,217.2261038897893,1.9976594813614263,1.1907189627228527,94.15332252836303,94.52576985413288,91.13743922204216,90.78849270664506,22.15494651539708,102.3418152350081,105.91445218800648,94.67053484602916,96.98053808752026,142.40164667747166,96.97310372771474,86.68313290113453,114.41489627228523,105.93484440842788,103.85778119935168,103.99669692058347,9.489918962722852,11.094116693679092,8.892350081037279,86.71641468682505,2491.5888168557535,78304.14935064936,224117.48701298705,662.7408427876823,19.628057913043477,57.63752836304701,88.7981393841167,60.84210372771475,52.16567260940032,130401.54337899544,53.367647001620746,71.45036564019449,43.214641653160456,41.937616855753646,72.40906029173419,63.98454068071313,70.31905786061589,19390.962722852513,55.379252836304694,,,,,,,,,,,,,,,,,,
2010-07,6102.099189627229,5325.6168557536475,582691.8348343519,142892.2740638026,58.25643365695793,58.876681877022655,58.39406003236246,65.62903381877022,57.13492265372168,55.23171148867315,80.29781974110031,112170.25242718446,105451.64077669905,5.942394822006473,14.551132686084143,2650.3705501618124,2024.0533980582525,2044.639158576052,941.0760517799353,1103.5614886731391,348.51132686084145,96696.91747572816,22353.31067961165,672.7087378640776,4817.925566343042,16784.148867313917,10252.629449838189,6531.519417475728,74343.60679611651,4541.632200647249,10989.418608414238,5497.411003236246,16372.770226537215,40.10550161812297,3.633818770226537,40.58236245954693,1506.001618122977,186.6019417475728,304.3883495145631,652.2508090614887,362.7702265372168,1410.2442244224424,184.90594059405944,279.9752475247525,578.7953795379537,366.5693069306931,99605.89553291262,37677.27506500785,329261.496372945,638276.1975376012,1.5033608466272284,678.1173139158576,2784.673462783172,2219.857443365696,339.87959385113265,69.685928802589,54786.93365695793,509.9553398058253,868.6467637540454,542.2928687196111,0.1315647046758508,442.2551618122978,517.5660679611651,3.10766505416343,18.35832302077977,5.764919093851133,5.880728155339805,5.240598705501619,5.3941585760517805,5.813948220064725,6.454514563106796,6.699563106796116,7.567815533980582,8.580695792880258,0.1158090614886731,-0.5243203883495146,-0.3707605177993527,0.0490291262135922,0.6895954692556634,0.934644012944984,1.8028964401294496,2.815776699029126,96.88413333333334,2.4014483818770227,217.02154045307444,1.996816666666667,1.1904711974110032,94.28915857605178,94.67443365695792,91.2846278317152,90.96828478964402,22.24102265372168,102.4915857605178,106.0940873786408,94.7110436893204,97.12803721682847,142.79946601941745,97.09521844660196,86.72309708737863,114.65236245954694,106.11385598705502,104.02479126213592,104.16585436893205,9.50728155339806,11.113705501618124,8.907912621359223,86.69331896551724,2503.4059870550163,78493.56077795786,224836.80064829823,664.839644012945,19.643878472222223,57.63752836304701,88.7981393841167,60.84210372771475,52.16567260940032,130567.7409090909,53.41651990291262,71.49386521035599,43.294245469255664,42.00804012944984,72.43402540453074,64.06072556634304,70.37066262135922,19399.673139158574,55.379252836304694,,,,,,,,,,,,,,,,,,
2010-08,6125.339256865914,5343.945234248788,584248.9907086744,143249.30270021,58.31345218093699,58.93151373182553,58.45320646203553,65.67665024232633,57.1952408723748,55.289018416801305,80.28484410339257,112237.11793214864,105505.77382875606,5.948142164781906,14.58287560581583,2650.675282714055,2025.7269789983843,2055.4264943457188,943.0306946688208,1112.3957996768982,348.68982229402263,96750.95153473344,22346.348949919226,672.7279483037156,4819.150242326333,16775.991922455574,10247.736672051697,6528.255250403878,74404.60258481422,4543.32520193861,10994.97689822294,5500.778675282714,16382.544426494343,40.10581583198707,3.633925686591276,40.58319870759289,1504.4474959612278,186.4200323101777,304.0436187399031,651.6397415185784,362.3537964458805,1408.841845140033,184.71004942339377,279.668863261944,578.3080724876442,366.1565074135091,99760.23657405491,37733.12158448823,330028.13692807755,639442.4124283171,1.502983240079288,679.7975767366721,2794.084814216478,2222.6636510500807,342.5861098546042,71.33053473344104,56349.23263327949,511.1248788368336,873.1520193861065,543.997572815534,0.13147715297411,443.2851211631664,518.978352180937,3.10766505416343,18.502262102659092,5.755896607431341,5.8718255250403875,5.232390953150243,5.385767366720517,5.805024232633279,6.446930533117932,6.693602584814217,7.563214862681743,8.57654281098546,0.1159289176090468,-0.5235056542810985,-0.3701292407108238,0.0491276252019386,0.6910339256865913,0.9377059773828756,1.807318255250404,2.82064620355412,96.83946784922394,2.3992699515347335,216.81229806138933,1.996063166397415,1.190231663974152,94.4253634894992,94.82358642972537,91.43037156704362,91.15153473344104,22.328468497576736,102.64830371567044,106.27422132471727,94.75250080775444,97.27895153473344,143.19548142164783,97.21843780290791,86.76306785137317,114.88967528271408,106.29357673667204,104.19267205169628,104.33559612277868,9.524604200323102,11.133279483037157,8.923505654281099,86.65268817204301,2514.6025848142167,78684.32200647249,225555.6003236246,667.5830371567043,19.65326308492201,57.813789983844906,88.80460258481422,61.023977382875614,52.36757996768982,130725.2081447964,53.469457673667215,71.53688626817448,43.37636510500808,42.083454765751206,72.46147819063005,64.1216589660743,70.43360856219708,19408.3295638126,55.49906946688207,,,,,,,,,,,,,,,,,,
2010-09,6125.339256865914,5343.945234248788,584248.9907086744,143604.0489861774,58.36907483870967,58.9845685483871,58.51118870967742,65.72271306451613,57.254654193548376,55.346540161290335,80.2722170967742,112304.65483870968,105560.2,5.954032258064516,14.613548387096776,2650.851612903226,2028.3225806451612,2065.7951612903225,945.1145161290324,1120.6806451612904,348.90806451612906,96805.35322580644,22339.40806451613,672.7629032258064,4820.477419354838,16767.73870967742,10242.75,6524.988709677419,74465.94516129032,4545.025,11000.538387096773,5504.13870967742,16392.433870967743,40.10645161290323,3.6345161290322574,40.5841935483871,1502.9806451612903,186.20645161290324,303.73064516129034,651.0629032258065,361.9903225806452,1407.4638157894738,184.51809210526315,279.36019736842104,577.8157894736842,365.77138157894734,99908.52167635484,37788.96087688649,330790.6383201291,640632.9238783522,1.5025906984959612,681.5164516129032,2803.543225806452,2225.4803225806454,345.2891532258065,72.96551612903227,57911.467741935485,512.2993548387096,877.6317741935485,545.6660743134088,0.1314680664232633,444.3238225806452,520.4082741935484,3.10766505416343,18.502262102659092,5.74691935483871,5.862790322580645,5.224209677419355,5.377387096774194,5.79608064516129,6.438903225806452,6.687161290322581,7.558258064516129,8.571838709677419,0.1158709677419354,-0.5227096774193548,-0.3695322580645161,0.0491612903225806,0.6919838709677419,0.940241935483871,1.8113387096774192,2.82491935483871,96.79320796460176,2.3970756451612907,216.60029870967745,1.995369677419355,1.18999,94.56225806451612,94.97403225806453,91.5766129032258,91.3432258064516,22.416358064516128,102.81935483870969,106.45466612903228,94.79355322580646,97.4331935483871,143.59168548387098,97.34276935483872,86.80360322580644,115.12643387096772,106.4736629032258,104.36130322580644,104.50565161290322,9.542,11.152903225806453,8.939064516129033,86.61459227467812,2525.889193548387,78870.37641357028,226258.12600969305,670.386129032258,19.66076730103806,57.813789983844906,88.80460258481422,61.023977382875614,52.36757996768982,130894.55855855856,53.51855387096774,71.57909870967742,43.457075,42.15554548387097,72.49301774193547,64.17311870967741,70.48919,19416.97258064516,55.49906946688207,,,,,,,,,,,,,,,,,,
2010-10,6133.69435483871,5350.211451612904,584897.8695605183,143968.11976075685,58.42623011272142,59.03873268921096,58.57152608695652,65.77035442834139,57.316108534621584,55.40422608695653,80.25989178743961,112372.05152979064,105614.67793880837,5.959903381642512,14.64363929146538,2651.2383252818036,2030.450885668277,2076.0885668276974,947.354267310789,1128.7359098228662,349.0821256038647,96859.08695652174,22332.466988727854,672.8020933977456,4821.764895330112,16759.521739130436,10237.816425120773,6521.705314009662,74526.61996779389,4546.694847020934,11006.103381642512,5507.481481481482,16401.71819645733,40.1074074074074,3.634782608695652,40.58518518518519,1501.573268921095,186.04669887278584,303.4009661835749,650.5169082125603,361.6183574879227,1406.0509031198687,184.33825944170772,279.0509031198686,577.3054187192118,365.35796387520526,100072.69958025764,37858.031265798825,331573.71458692435,641836.2514204838,1.5022155522080645,683.2500805152979,2812.781320450886,2228.1740740740743,347.9233188405797,74.53533655394526,59420.954911433175,511.0621578099839,882.123349436393,547.3514516129032,0.1314599798096774,445.4152173913044,521.9102415458938,3.1024596230772947,18.502262102659092,5.737971014492754,5.853752012882447,5.2160386473429945,5.369033816425121,5.787165861513688,6.430805152979066,6.680660225442834,7.553381642512076,8.567149758454105,0.115780998389694,-0.5219323671497584,-0.3689371980676328,0.0491948470209339,0.6928341384863124,0.9426892109500806,1.8154106280193232,2.8291787439613527,96.74507726269316,2.3948262479871176,216.3873466988728,1.994667149758454,1.189737198067633,94.6998389694042,95.12528180354268,91.72302737520128,91.53365539452496,22.50153301127214,102.99468599033816,106.63488727858292,94.83324798711756,97.58863285024154,143.99061674718195,97.46728180354268,86.84350080515297,115.3625925925926,106.6534074074074,104.5298228663446,104.6753768115942,9.55938808373591,11.172206119162642,8.954718196457327,86.57516059957175,2537.3549114331727,79054.32741935484,226953.21774193548,673.2491143317229,19.6628896373057,57.899993548387094,88.81017741935483,61.10696451612903,52.46778709677419,131055.55156950672,53.56639420289855,71.62382109500807,43.54318953301127,42.23182367149759,72.52417198067633,64.23216264090176,70.54704879227054,19425.64412238325,55.5804064516129,,,,,,,,,,,,,,,,,,
2010-11,6150.821221864952,5363.1496784565925,586174.3691754602,144338.8944878296,58.48312909967846,59.092573311897105,58.63143070739549,65.8178770096463,57.377372508038576,55.46236012861737,80.24809163987139,112438.8231511254,105668.45016077172,5.965755627009646,14.67459807073955,2651.2475884244373,2032.7459807073956,2086.778135048231,949.8810289389068,1136.8987138263665,349.2524115755627,96913.37781350482,22325.631832797422,672.8672025723473,4823.086816720257,16751.350482315112,10232.92765273312,6518.422829581994,74587.74598070739,4548.400321543409,11011.738263665591,5510.803858520901,16411.14147909968,40.108038585209,3.635209003215434,40.58617363344051,1499.967845659164,185.87942122186496,303.06591639871385,649.847266881029,361.1848874598071,1404.8180327868852,184.15409836065575,278.7704918032787,576.7836065573771,364.9442622950819,100233.48302144694,37926.94543487134,332367.7262998071,643062.4571347826,1.5018255110611916,685.0128617363345,2822.354019292605,2231.0315112540193,350.57703858520904,76.0869421221865,60918.76848874598,512.189389067524,886.525723472669,549.0371980676329,0.1314479919629629,446.5826848874598,523.530498392283,3.1024596230772947,18.553459291693056,5.729051446945338,5.8447427652733115,5.207861736334405,5.360691318327975,5.7782315112540195,6.422363344051447,6.674003215434083,7.548762057877814,8.562572347266881,0.1156913183279742,-0.5211897106109324,-0.3683601286173633,0.0491800643086816,0.6933118971061093,0.944951768488746,1.819710610932476,2.8335209003215436,96.69140969162994,2.392533279742765,216.1708533762058,1.9940112540192927,1.1894609324758842,94.83842443729904,95.27893890675242,91.8725080385852,91.7369774919614,22.59702893890675,103.19887459807072,106.81534405144694,94.8721463022508,97.7473617363344,144.38918810289388,97.59272025723472,86.88261736334405,115.59835691318328,106.83347909967846,104.69886012861735,104.84535852090032,9.576832797427652,11.191864951768489,8.970369774919615,86.53482905982906,2548.8643086816724,79236.68599033817,227627.0499194847,676.0993569131832,19.663163448275863,58.07191639871383,88.8206495176849,61.273987138263664,52.667260450160775,131226.6517857143,53.620242282958195,71.6664498392283,43.62772427652733,42.30660659163987,72.55487877813505,64.28134083601286,70.60569919614149,19434.40353697749,55.744027331189706,,,,,,,,,,,,,,,,,,
2010-12,6159.225200642054,5369.46356340289,586817.4923761428,144717.39545975922,58.54107142857143,59.14712568218298,58.69140947030497,65.86454831460674,57.44010208667736,55.520672873194215,80.23660080256822,112505.54574638844,105721.772070626,5.97191011235955,14.705296950240772,2651.5313001605136,2034.8747993579457,2097.696629213483,952.4911717495988,1145.207062600321,349.3836276083467,96967.43980738363,22318.70786516854,672.9459069020866,4824.345104333868,16743.139646869982,10228.016051364366,6515.123595505618,74648.73194221509,4550.1089887640455,11017.151043338685,5514.134831460674,16420.601926163723,40.10882825040128,3.6357945425361153,40.58715890850722,1498.4959871589083,185.70947030497592,302.7512038523274,649.2728731942215,360.7720706260032,1403.2422258592471,183.962356792144,278.46153846153845,576.2716857610475,364.5482815057283,100383.55768754412,37982.20624141829,333160.0525818299,644313.4580075563,1.5014688784067522,686.8540930979134,2831.955216693419,2233.898715890851,353.2104141252006,77.63178651685394,62413.0176565008,513.3276083467094,890.886356340289,550.633922829582,0.1314328207491961,447.7902407704655,525.2109951845907,3.1024596230772947,18.553459291693056,5.720160513643659,5.835762439807383,5.1997271268057785,5.352375601926164,5.769357945425361,6.414221508828251,6.667720706260032,7.5444622792937395,8.55833065810594,0.1156019261637238,-0.5204333868378812,-0.367784911717496,0.0491974317817014,0.6940609951845906,0.9475601926163724,1.82430176565008,2.8381701444622793,96.63890109890109,2.390273515248796,215.9563223113965,1.9933725521669343,1.1891775280898875,94.97865168539326,95.4349919743178,92.02487961476726,91.94205457463885,22.69581380417335,103.4210272873194,106.99565008025684,94.91127287319422,97.90640770465488,144.78715569823436,97.71806902086678,86.92082022471911,115.83385393258426,107.0133595505618,104.86779133226322,105.01521187800962,9.594285714285714,11.21171749598716,8.985987158908507,86.50298507462686,2560.4348314606746,79413.53697749197,228262.4790996785,678.9682182985553,19.662225817555935,58.15715730337079,88.82528250401283,61.35811717495988,52.76581219903691,131417.14222222223,53.668647191011246,71.70971878009631,43.71491556982344,42.38212086677367,72.58872841091492,64.34757174959871,70.66210529695024,19442.969502407705,55.826,,,,,,,,,,,,,,,,,,
2011-01,6167.688942307692,5375.824198717948,587463.5317142227,145094.26982600964,58.600790705128205,59.20362179487179,58.75295240384616,65.91367243589742,57.50439759615384,55.579976762820515,80.22606634615384,112571.44871794872,105776.16987179487,5.977083333333333,14.737339743589745,2651.6153846153848,2036.554487179487,2107.7003205128203,954.2003205128206,1153.4983974358977,349.4855769230769,97021.6907051282,22311.891025641027,673.0201923076922,4825.600961538462,16735.040064102563,10223.17467948718,6511.865384615385,74709.79967948717,4551.826282051282,11022.788301282051,5517.471153846154,16429.979166666668,40.10945512820513,3.636378205128205,40.587980769230775,1496.9375,185.50160256410257,302.37820512820514,648.650641025641,360.4166666666667,1401.9738562091504,183.85294117647055,278.16013071895424,575.7467320261438,364.2156862745098,100532.33563996796,38027.0640933767,333945.39063858974,645560.1346399679,1.5010652365473514,688.7693910256411,2841.1458333333335,2236.5347756410256,355.8643605769231,79.23482371794871,63967.54647435898,514.2695512820512,895.3213141025641,552.3301765650081,0.1314244903964687,449.06225961538456,526.9722756410257,3.0965752010224357,18.553459291693056,5.711282051282051,5.826842948717949,5.19161858974359,5.344102564102564,5.760576923076923,6.407035256410256,6.662307692307693,7.540416666666667,8.554391025641024,0.1155608974358974,-0.5196634615384615,-0.3671794871794872,0.0492948717948718,0.695753205128205,0.9510256410256412,1.8291346153846155,2.8431089743589744,96.58881578947368,2.387995673076923,215.74379230769233,1.9926772435897435,1.1888873397435895,95.1224358974359,95.59583333333332,92.18076923076924,92.16121794871796,22.802134615384613,103.63749999999996,107.17715064102563,94.9504278846154,98.07227243589745,145.18527884615384,97.84583974358976,86.95883333333333,116.06927083333332,107.19464743589744,105.03846474358971,105.18629006410256,9.61165064102564,11.23153846153846,9.001394230769233,86.47744680851063,2572.0298076923073,79584.455858748,228888.9069020867,681.7881410256412,19.65655859106529,58.24331570512821,88.82942628205129,61.44439743589744,52.86514102564102,131619.44247787612,53.71499342948717,71.75691073717948,43.80335817307693,42.46153605769231,72.62069615384615,64.42538157051283,70.72618381410255,19451.79967948718,55.9084391025641,,,,,,,,,,,,,,,,,,
2011-02,6176.202400000001,5382.299040000001,588109.4683621166,145470.01819428802,58.659518719999994,59.25892864,58.81360448,65.96179312,57.56794624,55.63940096,80.21571744,112636.432,105829.8448,5.98192,14.7728,2651.6576,2038.1216,2117.92,956.3296,1161.5888,349.6128,97064.1392,22298.952,672.42656,4824.432,16723.8672,10216.2464,6507.6208,74765.1872,4550.09776,11027.6768,5521.664,16439.6592,40.10848,3.63632,40.588640000000005,1495.4736,185.3248,302.0288,648.104,360.0256,1400.605220228385,183.68189233278957,277.8564437194127,575.2675367047308,363.8009787928222,100699.122302944,38086.03877536627,334741.84441356803,646827.8042959935,1.500662888411859,690.6328,2850.7404799999995,2239.3513599999997,358.5863616,80.8844432,65590.0016,515.4051199999999,899.6484800000001,554.0240384615385,0.1314159375080128,450.395952,528.806304,3.0965752010224357,18.56672496917685,5.702416,5.817936,5.183552000000001,5.33584,5.751792,6.399968,6.657072,7.536416,8.550448,0.1155199999999999,-0.518864,-0.366576,0.049376,0.6975520000000001,0.9546560000000002,1.834,2.848032,96.5370897155361,2.3857052800000003,215.53080224,1.99201408,1.18857536,95.26432,95.75584,92.33904,92.48336,22.9087232,103.8792,107.359472,94.9900624,98.24152,145.5836848,97.9754,86.99648,116.30408,107.37646879999998,105.2100304,105.357736,9.629423999999998,11.250576,9.018208,86.45138004246286,2583.48704,79753.97435897436,229563.55288461535,684.57696,19.649940137221268,58.3296192,88.83379199999999,61.53148959999999,52.9643872,131851.9295154185,53.76587152,71.80132096,43.88964448,42.5386088,72.65627903999999,64.49461056,70.79066368,19456.4272,55.99003199999999,,,,,,,,,,,,,,,,,,
2011-03,6184.814696485624,5388.7937699680515,588795.5284127373,145857.9654495687,58.68462923322684,59.30134840255591,58.89160367412141,66.1744071884984,57.56827252396165,55.632720766773154,80.16424552715655,112701.303514377,105883.74760383386,5.986581469648562,14.808466453674122,2651.2396166134185,2039.8083067092653,2127.591054313099,958.282747603834,1169.3067092651756,349.7635782747604,97117.71725239616,22291.990415335466,672.4731629392971,4825.576677316294,16715.760383386583,10211.450479233226,6504.309904153354,74825.7268370607,4551.614217252396,11033.191054313098,5524.996805111821,16448.91214057508,40.10926517571885,3.637380191693291,40.58993610223642,1493.888178913738,185.13578274760383,301.6709265175719,647.5111821086261,359.57987220447285,1399.1938110749186,183.48697068403908,277.54560260586317,574.7964169381107,363.3664495114007,100860.63808201278,38148.736959553185,335542.7024895847,648217.07660912,1.5004698277904,692.5214057507987,2860.38785942492,2242.1632587859426,361.59741533546327,82.77378594249201,67468.7412140575,516.5094249201278,903.955910543131,555.7192000000001,0.1314050220848,451.7868849840255,530.7208626198084,3.0965752010224357,18.56672496917685,5.693562300319489,5.809041533546326,5.175479233226838,5.32758785942492,5.743067092651757,6.393354632587859,6.652156549520766,7.532715654952077,8.546613418530352,0.115479233226837,-0.5180830670926518,-0.3659744408945687,0.0495047923322683,0.6997923322683705,0.958594249201278,1.839153354632588,2.853051118210862,96.48353711790392,2.3834118210862623,215.3183517571885,1.9914076677316297,1.1882543130990415,95.41309904153356,95.92364217252396,92.5020766773163,92.73865814696484,23.015226837060705,104.13450479233228,107.54303514376996,95.0290303514377,98.41594728434504,145.98309584664537,98.10730670926516,87.03486261980831,116.53960862619807,107.55971884984024,105.38380830670926,105.53089456869009,9.646932907348242,11.270095846645368,9.034105431309904,86.4324152542373,2594.9755591054313,79753.97435897436,229563.55288461535,685.1370607028754,19.64291815068493,58.41615015974441,88.83835942492013,61.62046006389776,53.06331469648563,132375.13100436682,54.40048178913738,71.6843428115016,43.89855127795527,42.51060143769968,72.47579776357827,64.59268418530351,71.03236549520767,19464.91853035144,56.071613418530355,,,,,,,,,,,,,,,,,,
2011-04,6193.358054226475,5395.255980861244,589442.3470574453,146082.8570517225,58.73918851674641,59.35259888357257,58.94836539074961,66.21799346092503,57.627504784688995,55.687861244019146,80.15594146730461,112766.22328548644,105937.94258373206,5.991068580542264,14.847049441786284,2650.9170653907495,2041.2025518341309,2137.081339712918,959.8755980861245,1177.2057416267942,349.8325358851675,97171.35725677833,22285.062200956934,672.5334928229665,4826.68740031898,16707.70653907496,10206.673046251994,6501.033492822967,74886.29505582138,4553.172727272727,11038.700637958533,5528.318979266348,16457.937799043062,40.11052631578947,3.6385964912280704,40.59170653907496,1492.4497607655503,184.9425837320574,301.3317384370016,646.9984051036682,359.1866028708134,1397.8699186991869,183.2861788617886,277.2471544715447,574.3544715447155,362.9837398373984,101036.23993515152,38219.30696542278,336355.89754143544,649563.1004484026,1.5002294606533546,694.4279106858055,2870.5290271132376,2245.2232854864433,364.8939218500798,84.93012121212121,69617.77671451356,517.6661881977672,908.1593301435408,557.4198083067092,0.1313945936230031,453.1468580542265,532.6020893141946,3.090279440031898,18.56672496917685,5.684704944178629,5.800143540669857,5.167384370015949,5.319346092503987,5.734322169059011,6.38652312599681,6.6469856459330146,7.528883572567784,8.542599681020732,0.115438596491228,-0.5173205741626794,-0.3653588516746411,0.0496172248803827,0.7018181818181818,0.9622807017543858,1.8441786283891544,2.8578947368421055,96.4382788671024,2.3810754385964916,215.10515980861248,1.990808771929825,1.1879167464114833,95.56299840510368,96.09314194577352,92.66858054226476,92.99138755980862,23.1426985645933,104.38022328548644,107.72795853269535,95.06689473684212,98.59710366826155,146.38242743221693,98.24210685805424,87.07386602870814,116.7750494417863,107.74421212121212,105.55962200956938,105.7054577352472,9.664338118022329,11.289489633173844,9.049808612440192,86.39238900634251,2606.8239234449757,79917.7264,230214.0832,687.9213716108453,19.643146495726494,58.50339712918661,88.84287719298246,61.711430622009566,53.16267942583732,132375.13100436682,54.45730318979267,71.72115757575757,43.97673748006379,42.585478947368415,72.50316315789473,64.64891451355662,71.08260590111644,19473.419457735246,56.15516427432217,,,,,,,,,,,,,,,,,,
2011-05,6201.48550955414,5401.414649681529,590107.9270461894,146473.97670609874,58.792177547770706,59.40199219745222,59.002826273885354,66.26006974522292,57.6855199044586,55.73971369426752,80.14493949044585,112830.9601910828,105991.66242038216,5.995859872611464,14.8843949044586,2650.980891719745,2042.5812101910828,2146.170382165605,961.5414012738852,1184.6289808917195,349.96019108280257,97225.40764331212,22278.269108280256,672.6079617834395,4827.8089171974525,16699.76592356688,10201.976114649682,6497.789808917198,74947.13853503185,4554.740445859873,11044.254617834396,5531.646496815287,16467.09713375796,40.111942675159234,3.639490445859873,40.59283439490446,1490.9713375796175,184.7436305732484,301.015923566879,646.421974522293,358.79936305732485,1396.6704545454545,183.04545454545453,277.01785714285717,574.025974025974,362.5827922077922,100697.97563402868,38146.57832720038,343131.5437790446,650810.3620597767,1.5006278187703348,696.3492038216561,2880.2035031847136,2247.9953821656054,368.34403025477707,87.22789490445861,71911.52070063695,518.8323248407644,912.2958598726116,559.1291866028708,0.1313876220701754,454.545525477707,534.5481210191083,3.090279440031898,18.5691948857568,5.675812101910828,5.791257961783439,5.159251592356688,5.311066878980892,5.725589171974522,6.379808917197452,6.641910828025478,7.525111464968154,8.53858280254777,0.1154458598726114,-0.5165605095541402,-0.3647452229299363,0.0497770700636942,0.7039968152866243,0.9660987261146498,1.8492993630573251,2.862770700636943,96.38026086956522,2.3787125796178348,214.8950832802548,1.990246815286624,1.1875506369426752,95.71480891719747,96.26480891719746,92.83917197452227,93.26082802547772,23.281070063694266,104.64108280254776,107.91379458598726,95.10492675159236,98.78248407643312,146.7827627388535,98.37880732484076,87.11376114649681,117.01037738853503,107.9296050955414,105.7368805732484,105.88092515923567,9.68171974522293,11.309124203821655,9.065429936305732,86.35738396624473,2618.4972929936307,80251.42105263157,231507.42424242423,690.7514331210191,19.635538395904437,58.590808917197464,88.84784713375797,61.803525477707005,53.26183121019108,132412.05217391305,54.507663694267514,71.75797468152867,44.05406624203822,42.65619713375795,72.52917149681528,64.72932468152867,71.12798821656051,19482.003184713376,56.23653980891719,,,,,,,,,,,,,,,,,,
2011-06,6209.886168521462,5407.789348171701,590757.8969075809,146853.78596411768,58.845684578696336,59.45275310015898,59.059216852146264,66.30207011128776,57.74298012718601,55.79286852146263,80.13509602543719,112895.92368839428,106045.37837837836,6.000794912559618,14.923847376788554,2651.001589825119,2043.9316375198728,2155.7694753577107,963.1669316375198,1192.6025437201909,350.0826709062003,97279.066772655,22271.462639109697,672.6972972972973,4828.933227344992,16691.7933227345,10197.29411764706,6494.499205087441,75007.6041335453,4556.284737678856,11049.7960254372,5534.944356120826,16476.055643879172,40.11287758346582,3.6399046104928456,40.593958664546896,1489.5325914149444,184.5389507154213,300.68680445151034,645.8537360890302,358.46263910969793,1395.393841166937,182.87844408427875,276.7260940032415,573.5705024311184,362.2204213938411,100852.57662666138,38215.781061186535,343959.6812293164,652160.6815469427,1.5002446534538216,698.3190779014309,2889.933704292528,2250.7866454689984,371.8766391096979,89.6167774244833,74300.67567567568,518.966613672496,915.4486486486488,560.8511146496816,0.1313787409697452,455.9505564387917,536.5134817170111,3.090279440031898,18.5691948857568,5.666931637519872,5.7823370429252785,5.151112877583466,5.302766295707472,5.716788553259142,6.372591414944355,6.636391096979332,7.521033386327504,8.534197138314786,0.1154054054054053,-0.515818759936407,-0.3641653418124007,0.0498569157392686,0.7056597774244834,0.9694594594594594,1.8541017488076312,2.8672655007949124,96.3227114967462,2.376320349761526,214.682413354531,1.9896791732909385,1.1872015898251194,95.86740858505566,96.43767885532591,93.01367249602544,93.51319554848966,23.405154213036568,104.88839427662955,108.09962957074724,95.1450492845787,98.96638632750395,147.1833290937997,98.51528934817168,87.15466613672497,117.24588871224168,108.11489189189189,105.91413513513513,106.05638314785374,9.69912559618442,11.328600953895071,9.081144674085852,86.332,2630.286009538951,80251.42105263157,231507.42424242423,693.7701112877583,19.629813458262348,58.67862162162162,88.85306041335453,61.895329093799674,53.3616613672496,132696.683982684,54.561283942766295,71.79371017488076,44.136469634340216,42.726248966613674,72.55271542130365,64.77764276629571,71.18413847376789,19490.586645468997,56.317866454689984,,,,,,,,,,,,,,,,,,
2011-07,6209.886168521462,5407.789348171701,590757.8969075809,147236.5545578254,58.90068746031745,59.50360936507936,59.11517047619047,66.3441692063492,57.80370111111112,55.84766365079364,80.12668349206349,112960.2492063492,106098.21746031746,6.005873015873015,14.963492063492064,2651.67619047619,2045.404761904762,2165.2444444444445,964.552380952381,1200.6920634920634,350.2047619047619,97332.5253968254,22264.707936507937,672.8139682539683,4830.006349206349,16683.898412698414,10192.679365079364,6491.219047619048,75067.81746031746,4557.863015873017,11055.33857142857,5538.266666666666,16484.879365079367,40.114285714285714,3.6407936507936505,40.595396825396826,1488.161904761905,184.36666666666667,300.4111111111111,645.2920634920634,358.1015873015873,1394.1343042071198,182.69741100323623,276.43851132686086,573.1375404530744,361.8624595469255,100998.56777487302,38276.59530099232,344784.13729085715,653531.7965206358,1.4999104012225757,700.2296825396826,2899.7909523809526,2253.6509523809527,375.52725714285714,92.11981904761905,76807.00317460317,520.1444444444444,919.5457142857144,562.5639109697934,0.1313692430445151,457.2701428571429,538.3730793650794,3.084245216631746,18.5691948857568,5.658079365079366,5.773428571428572,5.143,5.294507936507936,5.708,6.364984126984127,6.630619047619048,7.517015873015875,8.529777777777777,0.1153492063492063,-0.515079365079365,-0.3635714285714286,0.0499206349206349,0.7069047619047618,0.9725396825396826,1.858936507936508,2.8716984126984126,96.26521645021644,2.373881904761905,214.4693077777778,1.989095396825397,1.1868673015873017,96.01793650793653,96.60714285714286,93.18761904761904,93.76142857142858,23.52084444444444,105.1153968253968,108.28408095238096,95.18773492063492,99.14313333333334,147.58383174603176,98.64945873015871,87.19657936507937,117.48092380952382,108.29855396825396,106.08935555555554,106.23042063492062,9.716460317460315,11.347936507936508,9.09673015873016,86.30084033613444,2642.116825396825,80561.21144674085,232754.2639109698,696.5239682539682,19.62916530612245,58.67862162162162,88.85306041335453,61.895329093799674,53.3616613672496,132961.1681034483,54.613787142857134,71.82992507936508,44.21680063492063,42.80263079365079,72.57938317460318,64.83266444444443,71.24259396825397,19499.192063492064,56.317866454689984,,,,,,,,,,,,,,,,,,
2011-08,6218.440729001584,5414.580348652932,591035.0335778202,147623.77237944535,58.95665895404122,59.55590903328051,59.172950713153725,66.3871001584786,57.86478906497624,55.9034616481775,80.11916323296354,113024.0649762282,106150.82884310618,6.010776545166403,15.003803486529318,2651.7353407290016,2047.05705229794,2174.729001584786,966.1378763866878,1208.5911251980983,350.29793977812994,97386.31537242472,22258.144215530905,672.9470681458002,4831.147385103011,16676.107765451663,10188.13470681458,6487.973058637084,75128.17115689382,4559.4309033280515,11060.950396196513,5541.530903328051,16493.687797147384,40.11537242472266,3.641521394611728,40.59651347068146,1486.7416798732172,184.2187004754358,300.05229793977816,644.7416798732171,357.73851030110933,1392.8529886914378,182.49919224555737,276.1470113085622,572.7156704361875,361.49273021001613,101161.97258030112,38346.39875827011,345618.69174839935,654903.3095420317,1.4995613370936507,702.299207606973,2909.9553090332806,2256.627099841521,379.2167638668779,94.66272266244056,79354.53090332805,521.3174326465928,923.6137876386688,564.2790476190476,0.1314374125492063,458.64561014263074,540.3180824088748,3.084245216631746,18.56759382832484,5.649223454833598,5.764548335974644,5.134912836767037,5.286244057052298,5.699255150554675,6.357337559429477,6.62486529318542,7.512916006339145,8.5253882725832,0.1153248811410459,-0.5143106180665611,-0.3629793977812995,0.0500316957210776,0.7081141045958794,0.9756418383518228,1.8636925515055467,2.876164817749604,96.19898488120953,2.3714215530903333,214.2550022187005,1.9885038034865297,1.1865003169572108,96.16862123613312,96.77670364500791,93.36148969889068,94.00316957210778,23.637594294770206,105.34976228209192,108.4697242472266,95.23270206022188,99.32433914421554,147.98459904912838,98.78583201267828,87.23857686212362,117.71613153724248,108.4834500792393,106.2660966719493,106.40567828843103,9.733961965134704,11.367432646592713,9.1124881141046,86.25345911949685,2654.2518225039616,80561.21144674085,232754.2639109698,699.2832012678288,19.627627164685908,58.86857369255151,88.96538193343898,62.086366085578454,53.57158320126782,133506.70512820513,54.66676687797147,71.86710380348653,44.30222741679873,42.87870570522979,72.60547908082408,64.8874946117274,71.29988367670364,19507.884310618065,56.47563391442155,,,,,,,,,,,,,,,,,,
2011-09,6226.563132911392,5420.76993670886,592296.2125522168,148004.52432188293,59.0112329113924,59.60786044303798,59.230137816455695,66.42935981012658,57.92315569620253,55.95719240506328,80.10999272151898,113088.2579113924,106203.79746835445,6.015664556962025,15.04382911392405,2651.8987341772154,2048.643987341772,2184.378164556962,968.1518987341772,1216.2262658227849,350.3955696202532,97439.57753164555,22251.555379746835,673.073417721519,4832.235759493671,16668.352848101265,10183.590189873416,6484.762658227848,75188.02215189874,4560.989715189873,11066.503164556962,5544.797468354431,16502.21993670886,40.116455696202536,3.642088607594937,40.59762658227848,1485.2911392405065,184.0,299.7136075949367,644.1835443037975,357.40348101265823,1391.6145161290322,182.3032258064516,275.8741935483871,572.2967741935483,361.14193548387095,101321.2242059652,38424.14178167686,346462.9105905696,656282.9810007607,1.499197531488114,704.5237341772151,2920.4542721518983,2259.731329113924,382.85795253164554,97.15013607594936,81847.4414556962,523.1772151898734,928.1104430379748,566.0112519809826,0.1314306471521394,459.79539556962027,541.9730696202531,3.084245216631746,18.56759382832484,5.640443037974684,5.755759493670887,5.126819620253165,5.277974683544304,5.690411392405063,6.3488924050632916,6.618022151898734,7.507943037974684,8.520379746835442,0.1153164556962025,-0.513623417721519,-0.3624683544303798,0.0499683544303797,0.7084493670886076,0.9775791139240504,1.8675,2.8799367088607593,96.1405172413793,2.3689034810126586,214.0377723101266,1.987945411392405,1.1861762658227848,96.31882911392404,96.94588607594936,93.53370253164556,94.24446202531644,23.73679113924051,105.58243670886074,108.65611392405064,95.27969778481012,99.50745253164555,148.38562183544303,98.92348575949366,87.28092088607595,117.95150316455695,108.66900949367088,106.4438591772152,106.58169620253165,9.75134493670886,11.387167721518988,9.128006329113925,86.18953974895398,2666.5778481012653,80715.17777777778,233376.62380952385,701.8365506329116,19.65559491525424,58.95648259493672,88.9681329113924,62.17921202531646,53.671911392405065,133506.70512820513,54.719243354430375,71.90357547468354,44.38800537974683,42.95455743670887,72.62604857594937,64.95474129746836,71.36165933544304,19516.462025316458,56.55574841772152,,,,,,,,,,,,,,,,,,
2011-10,6234.64944707741,5426.942338072669,592932.3482918494,148398.57088693525,59.06682306477093,59.66092085308057,59.28927946287519,66.47343222748815,57.98241911532385,56.01201074249604,80.10178672985782,113152.91627172196,106257.22748815166,6.0205371248025275,15.084044233807266,2652.088467614534,2049.995260663507,2194.0837282780412,969.91785150079,1224.1658767772512,350.49763033175356,97493.34597156398,22244.985781990523,673.2037914691944,4833.3775671406,16660.560821484993,10179.01579778831,6481.545023696683,75248.36018957346,4562.532701421801,11072.090205371249,5548.064770932069,16511.011058451815,40.1175355450237,3.642654028436019,40.598736176935226,1484.0078988941548,183.7962085308057,299.41706161137444,643.7093206951026,357.09478672985784,1390.3220611916263,182.11272141706925,275.6022544283414,571.8389694041867,360.76972624798714,101477.96792759874,38495.2464729332,347314.05923102685,657675.5854612025,1.4988665227357596,706.7646129541863,2929.496366508689,2261.966982622433,386.44988151658765,99.59318957345972,84296.3823064771,524.3998420221169,932.1428120063192,567.7341772151899,0.1314240866170886,460.9234913112164,543.6137440758293,3.0792702573238544,18.56759382832484,5.631658767772512,5.747014218009479,5.118736176935228,5.269699842022117,5.681579778830963,6.340284360189574,6.610695102685625,7.502543443917852,8.515244865718799,0.1153554502369668,-0.5129225908372828,-0.361958925750395,0.0499210110584518,0.7086255924170616,0.979036334913112,1.8708846761453397,2.8835860979462873,96.08681720430108,2.3665461295418644,213.82096018957344,1.9872963665086891,1.1858860979462875,96.47061611374409,97.1173775671406,93.70631911532384,94.49478672985782,23.834537124802527,105.79794628751974,108.843,95.3243254344392,99.69350710900474,148.78670142180096,99.0620300157978,87.32232227488151,118.18699052132702,108.85498104265405,106.62239652448658,106.758224328594,9.768578199052133,11.406714060031597,9.143380726698265,86.13361169102296,2679.0293838862563,81036.86392405063,234612.59335443037,704.6282780410744,19.685446362098137,59.044398104265404,88.9703017377567,62.27282306477093,53.77210900473934,133762.2,54.77432780410742,71.94162827804108,44.47605766192733,43.02736382306477,72.6501924170616,65.02047804107424,71.4272123222749,19525.053712480258,56.637042654028434,,,,,,,,,,,,,,,,,,
2011-11,6242.423186119874,5432.753785488959,593567.1723861751,148790.99427670348,59.12341356466877,59.713975709779184,59.348511829653,66.5173764984227,58.04394952681388,56.06785394321766,80.09449463722397,113217.65615141956,106310.92586750787,6.025236593059937,15.122397476340694,2652.154574132492,2051.8880126182967,2203.1214511041007,971.6182965299683,1231.5031545741324,350.58359621451103,97547.24447949528,22238.443217665616,673.3452681388013,4834.447949526814,16652.854889589904,10174.533123028392,6478.321766561514,75308.80126182965,4564.096214511041,11077.684700315456,5551.326498422713,16519.690851735017,40.11876971608833,3.6433753943217666,40.60015772870663,1482.634069400631,183.6104100946372,299.1041009463722,643.192429022082,356.7365930599369,1389.122186495177,181.91800643086816,275.33118971061094,571.4742765273312,360.4003215434084,101628.26608544165,38557.15647965142,348162.2421029022,659052.3175536809,1.4984891664597155,709.0411671924289,2940.02523659306,2265.0798107255523,390.0650457413249,102.0213312302839,86730.97003154574,525.6342271293375,936.1708201892744,569.462401263823,0.1314218504486571,462.1006151419558,545.3207413249211,3.0792702573238544,18.5600316213439,5.62288643533123,5.73832807570978,5.110694006309148,5.261466876971609,5.672791798107256,6.3319558359621455,6.603659305993691,7.4969873817034705,8.510283911671923,0.1154416403785489,-0.5121924290220821,-0.3614195583596215,0.0499053627760252,0.7090694006309147,0.9807728706624604,1.87410094637224,2.887397476340694,96.03429184549356,2.3642263406940063,213.60459116719244,1.986648895899054,1.1856241324921135,96.62129337539432,97.28753943217666,93.87460567823344,94.73470031545742,23.933236593059934,106.00157728706624,109.02899369085172,95.36958832807572,99.87509305993692,149.18945741324922,99.19881388012618,87.36282492113565,118.42247160883282,109.03994794952682,106.79963880126182,106.9337712933754,9.785835962145107,11.426072555205048,9.158927444794951,86.08104166666665,2691.4465299684543,81196.25276461296,235228.52132701423,707.4276025236594,19.70623293918919,59.13179022082019,88.9723738170347,62.36543059936909,53.8718785488959,134036.39406779662,54.833195583596215,71.97839637223974,44.56516230283911,43.101249842271294,72.67659447949526,65.08048328075711,71.48675851735017,19533.738170347,56.71753627760252,,,,,,,,,,,,,,,,,,
2011-12,6250.569291338584,5438.9640944881885,594216.9591805186,149187.38168729134,59.18136992125984,59.76823496062992,59.40796377952756,66.56149401574802,58.10704692913385,56.12455149606299,80.08797858267717,113281.69606299212,106364.89291338583,6.029291338582677,15.162992125984252,2651.9448818897636,2053.24094488189,2211.937007874016,973.4125984251968,1238.5259842519686,350.65354330708664,97601.23622047243,22231.95905511811,673.4981102362206,4835.5511811023625,16645.16377952756,10170.080314960627,6475.083464566929,75369.27716535433,4565.652125984251,11083.360314960628,5554.609448818897,16528.387401574804,40.120157480314965,3.644094488188976,40.60125984251968,1481.4015748031495,183.4755905511811,298.79527559055117,642.7007874015748,356.4393700787402,1387.983948635634,181.74959871589084,275.0561797752809,571.1011235955057,360.07865168539325,101797.61684751182,38636.32918596388,349030.1031389606,660454.5788824605,1.4981287734526814,711.3089763779527,2950.578897637795,2268.2097637795273,393.5816566929134,104.36857637795276,89086.01102362205,526.8784251968503,940.1859842519686,571.1764984227128,0.1314147236340694,463.3042677165355,547.0685669291338,3.0792702573238544,18.5600316213439,5.61415748031496,5.729622047244095,5.102661417322834,5.253259842519685,5.664031496062992,6.323417322834645,6.596425196850395,7.491275590551183,8.504976377952756,0.1154645669291338,-0.511496062992126,-0.3608976377952756,0.0498740157480315,0.709259842519685,0.9822677165354332,1.8771181102362204,2.8908188976377955,95.98334047109208,2.361932913385827,213.39034692913387,1.9860094488188975,1.1853708661417324,96.7724409448819,97.45842519685038,94.04299212598426,94.99023622047244,24.048633070866146,106.18456692913384,109.21433385826772,95.41593858267716,100.0533622047244,149.59359527559056,99.334368503937,87.40240314960631,118.65782047244096,109.22422204724413,106.9759874015748,107.10859527559056,9.803165354330709,11.445370078740158,9.174362204724408,86.03534303534303,2703.8858267716537,81350.28706624606,235842.74605678231,710.236377952756,19.72609258010118,59.21893070866142,88.97397637795275,62.45736535433071,53.9716031496063,134309.1476793249,54.88868913385827,72.01639338582677,44.65303480314961,43.1748062992126,72.70871968503937,65.14891307086614,71.54923370078741,19542.47086614173,56.797185826771646,,,,,,,,,,,,,,,,,,
2012-01,6258.714308176101,5445.1850628930815,594862.1104259037,149584.01159029876,59.23858427672956,59.8216748427673,59.466991666666665,66.60545235849057,58.16949779874214,56.18128836477987,80.08156761006288,113345.18867924529,106419.60377358492,6.033018867924528,15.203930817610065,2651.8899371069183,2054.433962264151,2219.8584905660377,974.8317610062892,1245.0188679245282,350.69182389937106,97655.1713836478,22225.58647798742,673.6633647798742,4836.680817610063,16637.540880503144,10165.680817610062,6471.860062893082,75429.58490566038,4567.227044025158,11089.017767295596,5557.855345911949,16536.930817610064,40.12154088050315,3.644811320754717,40.60283018867925,1480.1069182389938,183.27044025157232,298.5566037735849,642.1949685534591,356.0943396226415,1386.8349358974358,181.57371794871796,274.78685897435895,570.7275641025641,359.74839743589746,101977.12373926102,38725.053419007585,349917.8341088679,661854.9968684724,1.4977695155417323,713.7435534591194,2961.027830188679,2271.304559748428,397.05825471698114,106.71839150943396,91444.88050314464,528.3196540880502,944.6149371069182,572.9261417322834,0.1314108684771653,464.53070754716975,548.8463522012578,3.074756619606918,18.5600316213439,5.605440251572327,5.720896226415094,5.094654088050315,5.245078616352201,5.6553144654088054,6.314874213836478,6.589166666666666,7.485676100628932,8.499858490566037,0.1154559748427672,-0.5107861635220126,-0.3603616352201258,0.049874213836478,0.7094339622641508,0.9837264150943398,1.8802358490566036,2.8944182389937105,95.93472222222222,2.3596867924528304,213.1771493710692,1.9853375786163523,1.1851163522012578,96.92327044025156,97.62845911949684,94.20943396226414,95.23993710691823,24.165805031446546,106.35298742138365,109.39913364779876,95.46191352201258,100.228643081761,149.99875943396225,99.4686493710692,87.44170440251573,118.89336635220126,109.4078427672956,107.15154874213836,107.28282547169812,9.820534591194969,11.465094339622642,9.18987421383648,86.001244813278,2716.152672955975,81502.97007874015,236459.0535433071,713.409433962264,19.734221548821548,59.30605817610063,88.97524056603773,62.54851257861636,54.07166352201258,134585.3613445378,54.945393396226414,72.05384150943395,44.74100849056604,43.251192610062894,72.73741320754716,65.2106036163522,71.61541509433964,19551.259433962263,56.877044025157225,,,,,,,,,,,,,,,,,,
2012-02,6258.714308176101,5445.1850628930815,594862.1104259037,149977.9723256358,59.29677252747253,59.876015541601255,59.52682150706436,66.64776452119308,58.23301397174255,56.24089999999999,80.07758492935636,113409.6310832025,106474.89010989013,6.03657770800628,15.243014128728412,2651.629513343799,2055.736263736264,2228.14442700157,976.4097331240188,1251.7268445839877,350.7315541601256,97714.63736263735,22219.02354788069,673.737519623234,4837.279434850863,16630.33594976452,10161.122448979591,6469.213500784929,75495.61381475667,4568.591836734694,11096.670015698586,5562.886970172684,16546.061224489797,40.12480376766091,3.645839874411303,40.605651491365784,1478.9576138147568,183.0973312401884,298.2967032967033,641.828885400314,355.7441130298273,1385.7072,181.4064,274.5104,570.4192,359.3728,102140.37786211932,38802.98324207765,350807.7244791837,663261.6997035849,1.4973956641022013,716.1215070643641,2971.710047095761,2274.4643642072215,400.5913186813187,109.09294662480376,93829.89010989013,529.6149136577708,948.6139717425432,574.6993710691823,0.1314082891666666,465.8431868131868,550.7311302982731,3.074756619606918,18.541404241037856,5.596766091051805,5.712323390894819,5.086703296703297,5.236954474097331,5.646624803767661,6.306279434850863,6.581915227629514,7.479968602825745,8.494725274725274,0.1155572998430141,-0.5100627943485087,-0.3598116169544741,0.0498587127158555,0.709513343799058,0.985149136577708,1.88320251177394,2.8979591836734695,95.88656716417913,2.3574543171114604,212.96331397174256,1.9846579277864993,1.184846153846154,97.08163265306122,97.80675039246466,94.385557299843,95.46923076923078,24.28523076923077,106.5171114599686,109.58518524332808,95.50846310832026,100.41066405023548,150.4031962323391,99.60576766091052,87.48100470957614,119.12866091051806,109.59283359497644,107.3289748822606,107.45836420722136,9.83729984301413,11.483500784929356,9.205478806907378,85.97846790890269,2728.767974882261,81659.38679245283,237078.7531446541,716.2866562009419,19.733286890756304,59.30605817610063,88.97524056603773,62.54851257861636,54.07166352201258,134855.80334728034,55.010354474097326,72.08673547880692,44.837999529042385,43.33108367346939,72.76561114599686,65.24282370486655,71.67414631083203,19562.579277864992,56.877044025157225,,,,,,,,,,,,,,,,,,
2012-03,6275.800313479624,5458.445297805642,596181.2953225257,150386.12597402823,59.45799561128526,60.02285752351096,59.593824921630095,66.76375282131661,58.41169670846395,56.434573040752355,80.03332131661442,113474.61755485894,106530.67398119124,6.0401253918495295,15.28181818181818,2651.456112852665,2056.9137931034484,2236.246081504702,977.9686520376176,1258.269592476489,350.7476489028213,97769.59561128527,22212.829153605016,673.9216300940438,4838.387147335423,16622.898119122256,10156.835423197492,6466.062695924765,75556.76645768025,4570.19592476489,11102.422884012538,5566.247648902821,16554.62695924765,40.126489028213165,3.6467084639498433,40.60752351097179,1477.73197492163,182.91692789968653,297.97962382445144,641.4702194357367,355.37460815047024,1384.6357827476038,181.25079872204472,274.26198083067095,570.094249201278,359.03035143769966,102314.430561395,38886.31030589224,351718.967857743,664762.3610855258,1.4973055610188384,718.4813479623824,2982.3893416927904,2277.6133228840126,404.2474874608151,111.523894984326,96272.3275862069,530.9352664576803,952.6802507836989,576.467660910518,0.1313957161679748,467.2329153605016,552.7194514106583,3.074756619606918,18.541404241037856,5.588150470219436,5.703699059561129,5.078871473354233,5.228934169278997,5.638025078369907,6.29769592476489,6.574686520376177,7.474278996865204,8.489467084639498,0.1155485893416927,-0.5092789968652038,-0.3592163009404389,0.0498746081504702,0.7095454545454545,0.98653605015674,1.886128526645768,2.901316614420063,95.83636170212765,2.3551884012539186,212.75250940438872,1.9840242946708464,1.1845512539184953,97.23369905956112,97.97836990595611,94.5528213166144,95.72006269592475,24.40743260188088,106.69733542319749,109.7714670846395,95.5539576802508,100.59473197492164,150.80841065830722,99.74368338557994,87.52082131661442,119.36370219435736,109.77820689655172,107.50655015673982,107.63412695924764,9.8544670846395,11.502868338557994,9.220768025078373,85.95640495867768,2741.3692789968654,81817.99372056515,237693.978021978,719.223040752351,19.728088926174493,59.48183699059562,88.97827429467085,62.736258620689654,54.27221943573667,135139.90416666667,54.981654075235106,72.27392445141066,44.848801253918495,43.60239764890282,72.97577131661441,65.23059059561129,71.40617178683385,19571.520376175547,57.03794200626958,,,,,,,,,,,,,,,,,,
2012-04,6284.058372456964,5464.815962441315,596837.7133549355,150402.30381169013,59.517966979655704,60.07599420970266,59.651449295774654,66.80598043818466,58.48085602503912,56.495053677621286,80.03074522691706,113539.14397496088,106586.23474178404,6.043505477308295,15.319561815336463,2651.3317683881064,2058.0046948356808,2243.9749608763696,979.3599374021908,1264.607198748044,350.7683881064163,97824.441314554,22206.71987480438,674.0896713615024,4839.503912363068,16615.550860719875,10152.596244131457,6462.954616588419,75617.72143974961,4571.796713615024,11108.006572769951,5569.630672926448,16563.161189358372,40.12785602503912,3.647574334898279,40.60923317683881,1476.449139280125,182.7746478873239,297.67449139280126,640.981220657277,355.0281690140845,1383.645933014354,181.08931419457736,274.030303030303,569.7735247208932,358.7543859649123,102471.0871645853,38950.621041164144,352624.12283762125,665721.58825279,1.4970746745595611,720.7743348982785,2985.335054773083,2276.6666666666665,407.8155868544601,113.863406885759,98624.23943661973,532.3331768388107,956.755399061033,578.2663009404389,0.1313931168871473,468.6758059467919,554.772613458529,3.0697483313583724,18.541404241037856,5.579608763693271,5.695086071987481,5.071048513302035,5.2209702660406885,5.629499217527386,6.28943661971831,6.567793427230048,7.468826291079812,8.484366197183098,0.1154773082942096,-0.5085602503912363,-0.3586384976525822,0.0498904538341158,0.7098278560250391,0.9881846635367764,1.8892175273865417,2.9047574334898276,95.78781316348194,2.3529316118935837,212.54861799687012,1.9833957746478872,1.184252738654147,97.3849765258216,98.14866979655712,94.72143974960876,95.95727699530516,24.535417840375583,106.89186228482002,109.95820657276994,95.6003129890454,100.78125039123633,151.2142957746479,99.88248043818466,87.56060876369327,119.5988309859155,109.9641158059468,107.68472769953053,107.810338028169,9.871752738654148,11.522410015649452,9.236134585289514,85.93628865979382,2753.2154929577464,81971.07210031348,238304.5156739812,722.1483568075117,19.719610720268005,59.569733959311435,88.97946322378716,62.830765258215955,54.372388106416274,135420.71784232365,55.042651799687,72.3074516431925,44.936790766823165,43.69203865414711,73.00466744913928,65.2703496087637,71.45751956181533,19580.309859154928,57.11936150234742,,,,,,,,,,,,,,,,,,
2012-05,6284.058372456963,5464.815962441315,596837.7133549355,150804.02989948436,59.577245625,60.129559375,59.709031249999995,66.84741875,58.54791859375,56.55405078125,80.02700734375,113602.934375,106641.3578125,6.04671875,15.35671875,2651.1625,2059.1859375,2251.38125,980.7734375,1270.6015625,350.8203125,97879.4984375,22200.7140625,674.27671875,4840.6484375,16608.259375,10148.40625,6459.853125,75678.784375,4573.4028124999995,11113.75859375,5572.98125,16571.584375,40.12984375,3.64828125,40.611093749999995,1475.428125,182.590625,297.4625,640.6546875,354.7296875,1382.9458598726114,180.96178343949043,273.8343949044586,569.7101910828026,358.4410828025478,102991.29239529688,38776.55772221469,359058.0771415156,666525.8731550234,1.4956395029248826,723.1606249999999,2996.0487500000004,2279.819375,411.3563406249999,116.1650328125,100938.9484375,533.7060937499999,960.78234375,580.0779342723005,0.1313913107323943,470.109796875,556.8120156250001,3.0697483313583724,18.5247252261978,5.571109375000001,5.6865,5.06325,5.21303125,5.620984375,6.281,6.560734375000001,7.46334375,8.479218750000001,0.115390625,-0.507859375,-0.358078125,0.049875,0.7098906250000001,0.989625,1.8922343750000004,2.908109375,95.73917372881355,2.3506821875,212.34346765625,1.98279671875,1.18395359375,97.5353125,98.31765625,94.88796875,96.18,24.658534375,107.07296875,110.1444859375,95.6472171875,100.9653796875,151.620953125,100.0201203125,87.60077031249998,119.83415625,110.1494609375,107.8622484375,107.98604375,9.8890625,11.54175,9.251640625,85.91666666666667,2765.88578125,82125.29890453834,238912.95618153363,725.1151562499999,19.71540016722408,59.56973395931142,88.97946322378716,62.830765258215955,54.372388106416274,135898.826446281,55.10553593750001,72.33935421875,45.02661203125,43.77913015625,73.02874640625001,65.3160584375,71.51075875000001,19589.23125,57.11936150234742,,,,,,,,,,,,,,,,,,
2012-06,6299.934945397817,5476.857254290171,598135.4705007013,151195.24202132603,59.63640577223089,60.18231887675507,59.766230421216854,66.88812698907957,58.61572059282372,56.61316957878315,80.02343463338532,113667.52730109204,106696.96723868955,6.050078003120126,15.394695787831512,2651.0514820592825,2060.656786271451,2258.9032761310455,981.836193447738,1277.0608424336974,350.86115444617786,97934.20904836194,22194.59282371295,674.4561622464898,4841.663026521061,16600.989079563184,10144.232449297971,6456.75663026521,75739.61622464898,4575.052574102964,11119.45522620905,5576.338533541341,16580.03744149766,40.13104524180967,3.648985959438378,40.61216848673947,1474.2839313572542,182.41965678627145,297.1684867394696,640.2511700468019,354.4539781591264,1381.993640699523,180.79809220985692,273.5882352941176,569.4594594594595,358.1494435612083,103168.4370249454,38834.780358075186,360033.5356795164,667943.4811657186,1.4952713162015625,725.5241809672386,3006.7801872074883,2283.0039001560062,414.8254773790952,118.41545397815912,103203.47113884556,534.5546021840873,964.6747269890798,575.1225,0.1308401124921875,471.46886115444624,558.7565366614665,3.0697483313583724,18.5247252261978,5.562667706708268,5.677940717628704,5.055491419656787,5.205132605304212,5.612511700468018,6.272386895475818,6.553307332293292,7.457628705148206,8.473900156006241,0.1152730109204368,-0.5071762870514821,-0.3575351014040562,0.0498439937597504,0.7097191887675508,0.9906396255850234,1.8949609984399376,2.911232449297972,95.69306553911206,2.348478783151326,212.136483775351,1.98218767550702,1.1836817472698908,97.68252730109204,98.48221528861156,95.05257410296412,96.38861154446178,24.767803432137285,107.25366614664588,110.32917004680186,95.69470982839312,101.1419391575663,152.028864274571,100.15455850234008,87.64093603744149,120.06940093603744,110.33302964118565,108.03754758190328,108.16004992199689,9.90622464898596,11.561154446177849,9.266942277691108,85.90308008213553,2778.579563182527,84065.565625,241962.11875,727.1112324492979,19.71712303839733,59.74480811232449,88.98156630265211,63.01521372854914,54.573260530421216,136176.5061728395,55.16726443057723,72.37066989079563,45.11838096723869,43.86849906396255,73.05272293291732,65.35822823712948,71.56317238689547,19598.207488299533,57.27972698907956,,,,,,,,,,,,,,,,,,
2012-07,6306.057788161994,5481.197975077881,598923.8644624788,151583.29616147972,59.69485171339563,60.23442975077881,59.82289672897197,66.92749252336449,58.682726635514015,56.67201510903427,80.01875062305295,113732.16199376946,106752.60280373832,6.053426791277259,15.432866043613709,2651.299065420561,2061.8489096573207,2266.5716510903426,983.1277258566978,1283.436137071651,350.9158878504673,97988.95015576325,22188.53894080997,674.6456386292834,4842.685358255451,16593.76168224299,10140.096573208722,6453.6651090342675,75800.41121495327,4576.702959501557,11125.096884735203,5579.719626168225,16588.345794392524,40.132554517133954,3.650155763239875,40.61401869158878,1473.1806853582557,182.2570093457944,296.8551401869159,639.8442367601247,354.23364485981307,1381.0063492063491,180.64126984126983,273.34285714285716,569.1603174603175,357.86349206349206,103354.31796415888,38898.90647372608,361012.8027578972,669360.7565461154,1.4949198788907956,727.9485981308411,3017.802959501558,2286.321183800623,418.2988582554517,120.65371495327102,105457.30685358256,535.9566978193145,968.6520249221184,576.9260530421218,0.1308692693291731,472.7959813084112,560.6589563862929,3.06509709641433,18.5247252261978,5.554252336448598,5.66942367601246,5.047757009345794,5.197258566978194,5.604065420560747,6.263722741433021,6.5456230529595025,7.451682242990655,8.468520249221186,0.1151713395638629,-0.5064953271028038,-0.3569937694704049,0.0498130841121495,0.7094704049844237,0.9913707165109036,1.897429906542056,2.914267912772586,95.64947257383966,2.34631230529595,211.92959704049844,1.9815232087227417,1.1834392523364483,97.82959501557632,98.646261682243,95.21495327102802,96.58535825545172,24.85758878504673,107.41557632398754,110.51342056074766,95.74305763239876,101.31563239875388,152.43917133956387,100.28804672897196,87.68094080996883,120.30470404984425,110.51608878504672,108.21230373831776,108.3335109034268,9.923411214953273,11.580342679127726,9.282320872274145,85.87704918032787,2791.5693146417448,84065.565625,241962.11875,730.0381619937694,19.718609666666666,59.82630218068537,88.99540342679127,63.09497352024922,54.66621183800623,136459.84426229508,55.22763302180686,72.40065716510904,45.21085716510903,43.957149065420566,73.07543535825545,65.3921730529595,71.61822009345794,19607.096573208724,57.35619158878505,,,,,,,,,,,,,,,,,,
2012-08,6314.409331259721,5487.6132192846035,599574.6902187677,151976.5134302799,59.75473094867807,60.288068584758946,59.881898444790046,66.97040295489892,58.75104712286158,56.73110139968896,80.01495085536548,113796.36236391914,106807.76205287714,6.05692068429238,15.469206842923793,2651.391912908243,2063.4510108864697,2273.847589424572,984.3359253499224,1289.5038880248833,350.9393468118196,98043.7869362364,22182.578538102644,674.8217729393468,4843.7402799377915,16586.612752721616,10136.006220839814,6450.606531881804,75861.20839813375,4578.360497667185,11130.763141524109,5583.0793157076205,16596.639191290826,40.13405909797823,3.6505443234836705,40.615707620528774,1472.0326594090202,182.11508553654744,296.5723172628305,639.3872472783826,353.9673405909798,1380.1030110935023,180.49920760697304,273.09033280507134,568.8985736925515,357.6164817749604,103551.16661429238,38971.51151778277,362001.0518982426,670777.6930623987,1.4945695364003118,730.4230171073095,3028.6953343701393,2289.579626749611,421.79940746500773,122.9291695178849,107749.77138413684,537.3836702954898,972.6155520995336,578.6951713395639,0.1308636855934579,474.1754276827372,562.6297200622084,3.06509709641433,18.512454469653125,5.545863141524105,5.660979782270606,5.040062208398134,5.189409020217729,5.595645412130637,6.254945567651632,6.537822706065319,7.44538102643857,8.462923794712285,0.1151166407465008,-0.5058009331259721,-0.3564541213063764,0.0497822706065318,0.7090824261275273,0.9919595645412131,1.8995178849144636,2.9170606531881806,95.60642105263156,2.3441847589424576,211.7227622083981,1.9808665629860032,1.1831760497667183,97.9765163297045,98.81026438569208,95.37418351477449,96.78678071539656,24.95567962674961,107.56951788491446,110.69726127527215,95.7915863141524,101.488600311042,152.85061275272162,100.42126905132191,87.72064074650076,120.53942612752724,110.69873405909796,108.38652721617416,108.50650388802488,9.940590979782272,11.599688958009333,9.297682737169518,85.84928425357874,2804.4287713841372,84528.33021806854,243232.63551401868,733.0115085536548,19.713695174708818,59.91295956454122,88.9962737169518,63.18530482115085,54.76599533437013,136996.08536585365,55.28741772939348,72.43551679626749,45.302669362363915,44.04676283048211,73.10015816485226,65.456033437014,71.67161928460342,19616.01710730949,57.43721461897356,,,,,,,,,,,,,,,,,,
2012-09,6322.522826086957,5493.808695652174,600243.7264703715,152372.25952743788,59.81245326086956,60.340514285714285,59.93951816770187,67.01078260869566,58.81598649068322,56.78896568322981,80.01016381987577,113859.79192546583,106862.56521739133,6.060093167701864,15.506055900621115,2651.69099378882,2064.700310559006,2280.996894409938,985.6723602484471,1295.3167701863354,350.97049689440996,98098.4394409938,22176.571428571428,674.9975155279503,4844.784161490683,16579.431677018634,10131.880434782608,6447.551242236025,75921.86801242236,4580.009161490683,11136.353881987578,5586.427018633541,16604.82763975155,40.13509316770186,3.651242236024845,40.6167701863354,1470.891304347826,181.96583850931677,296.3074534161491,638.9503105590062,353.6770186335404,1379.1867088607594,180.34493670886076,272.8528481012658,568.6455696202531,357.34493670886076,103695.6492748292,39004.44887943177,362957.3251095808,672210.9190451943,1.494251387821151,732.9111801242236,3039.6105590062107,2292.8119565217394,425.2894068322981,125.19510714285713,110034.20186335404,538.8144409937888,976.795652173913,584.7384136858476,0.1311868328911353,475.618400621118,564.694394409938,3.06509709641433,18.512454469653125,5.537453416149068,5.652484472049689,5.0323913043478266,5.1815683229813665,5.58723602484472,6.246335403726707,6.530279503105591,7.439223602484473,8.457406832298137,0.1150310559006211,-0.5050621118012423,-0.3558850931677018,0.0497826086956521,0.7088819875776398,0.9928260869565216,1.901770186335404,2.919953416149069,95.56149159663865,2.34204798136646,211.51619099378885,1.9802319875776395,1.1828798136645962,98.12779503105592,98.9804347826087,95.53586956521738,97.00776397515529,25.063139751552796,107.72173913043478,110.88267236024843,95.83907298136646,101.67044409937888,153.26198136645962,100.55761801242237,87.76017857142855,120.7741599378882,110.8831801242236,108.56287577639752,108.68112422360248,9.957686335403729,11.618835403726708,9.312996894409938,85.82571428571428,2817.3444099378885,86276.22706065318,249185.8195956454,735.9652173913043,19.705171096345513,60.000010869565216,88.99676708074534,63.27772826086956,54.86577173913042,136996.08536585365,55.34193214285714,72.4687245341615,45.39710465838509,44.1338248447205,73.12393819875777,65.51387142857143,71.72494177018633,19624.8850931677,57.517340062111806,,,,,,,,,,,,,,,,,,
2012-10,6330.681395348837,5500.07023255814,600900.9163361008,152778.71183824804,59.86985503875969,60.39262294573644,59.99605875968992,67.05047178294573,58.88062372093023,56.84606139534884,80.00475937984496,113923.67286821704,106918.55193798448,6.062790697674418,15.543720930232556,2651.520930232558,2065.8806201550387,2287.8527131782944,987.027906976744,1300.8186046511628,351.0093023255814,98153.52093023255,22170.548837209302,675.1722480620155,4845.84496124031,16572.21550387597,10127.73488372093,6444.480620155039,75982.97209302326,4581.657674418605,11142.003100775191,5589.803100775194,16613.39534883721,40.13674418604651,3.652248062015504,40.61829457364341,1469.9674418604652,181.8031007751938,296.06976744186045,638.6728682170543,353.431007751938,1378.4139020537125,180.1990521327014,272.650868878357,568.4597156398104,357.10584518167457,103873.34904339536,39064.40326585074,363916.262590031,673654.9222764906,1.4939342272810558,735.431007751938,3050.3096124031003,2295.8993798449615,428.6857829457364,127.35123410852714,112210.78759689924,540.2491472868217,980.7689922480622,586.7347826086957,0.1311992033354037,477.11886821705434,566.8351317829458,3.060518391683721,18.512454469653125,5.52908527131783,5.64398449612403,5.024759689922481,5.1737519379844965,5.578852713178294,6.2376899224806195,6.522821705426359,7.433100775193799,8.451798449612403,0.1148992248062015,-0.5043255813953489,-0.3553333333333333,0.0497674418604651,0.7086046511627906,0.9937364341085272,1.9040155038759692,2.9227131782945737,95.50842767295596,2.339872093023256,211.30939891472863,1.979662015503876,1.1825626356589147,98.28201550387598,99.1553488372093,95.70124031007752,97.2368992248062,25.171134883720928,107.89364341085272,111.0695426356589,95.8869984496124,101.85987906976744,153.6738031007752,100.69646046511627,87.79838449612403,121.00935348837208,111.06938294573642,108.74116279069769,108.85723720930234,9.974682170542636,11.637999999999998,9.3282015503876,85.81038696537678,2830.2463565891476,86605.57298136647,250100.8711180124,738.9531782945736,19.696315091210614,60.08758139534884,88.9970511627907,63.372106976744185,54.96575658914729,137290.34008097163,55.39524837209302,72.50140790697675,45.488516899224805,44.218960465116275,73.1500872868217,65.57598666666667,71.77405364341084,19633.848062015502,57.59824341085271,,,,,,,,,,,,,,,,,,
2012-11,6338.444891640867,5505.9181114551075,601556.3784813161,153178.44293447366,59.9266,60.44311222910217,60.05137213622291,67.09000077399381,58.945826625387,56.901245510835906,79.99780464396285,113988.2507739938,106975.0,6.065634674922601,15.58188854489164,2651.4907120743032,2067.0959752321983,2294.8978328173375,988.342105263158,1306.5479876160991,351.03250773993807,98208.83900928793,22164.623839009288,675.3140866873065,4846.919504643963,16565.11609907121,10123.639318885447,6441.476780185759,76044.21517027864,4583.30959752322,11147.773219814242,5593.168730650154,16621.806501547988,40.13808049535603,3.652786377708978,40.619659442724455,1469.0495356037152,181.62848297213625,295.85603715170276,638.3374613003095,353.2368421052632,1377.608832807571,180.04258675078864,272.45425867507885,568.2760252365931,356.83753943217664,104046.455314226,39124.339200178765,364872.983545774,675111.6185210232,1.4936025463085272,738.0363777089783,3061.409442724458,2299.172291021672,432.1196207430341,129.51567801857584,114396.39938080496,541.7041795665635,984.65092879257,588.7482170542636,0.1312163620341085,478.6060216718266,568.9446749226006,3.060518391683721,18.497419721209955,5.520773993808049,5.635541795665634,5.017136222910217,5.165975232198143,5.570495356037152,6.2291331269349834,6.5154334365325095,7.426965944272445,8.445804953560371,0.1147678018575851,-0.5036377708978329,-0.3547987616099071,0.0497213622291021,0.708359133126935,0.9946594427244584,1.9061919504643965,2.925030959752322,95.46079497907948,2.337693188854489,211.10460603715163,1.9790866873065016,1.1822602167182663,98.43560371517027,99.3295665634675,95.86501547987616,97.46950464396284,25.270823529411764,108.08250773993808,111.2563560371517,95.93612229102168,102.0482894736842,154.08452167182665,100.8348080495356,87.83599845201238,121.2449427244582,111.25547523219814,108.9192198142415,109.03333746130028,9.991718266253873,11.657213622291025,9.343343653250775,85.80386178861788,2843.3681114551086,86926.63565891473,251010.56124031008,741.9490712074304,19.690008609271523,60.17462538699691,88.99707120743034,63.466411764705875,55.06502476780186,137588.52016129033,55.45044674922601,72.53329365325078,45.57624442724458,44.29828978328173,73.17490712074303,65.63665015479876,71.82452554179567,19642.885448916408,57.67734829721361,,,,,,,,,,,,,,,,,,
2012-12,6346.668315301391,5512.233693972179,602204.735480571,153578.4638882071,59.98497001545595,60.494660432766615,60.10760077279753,67.13083369397218,59.01337295208656,56.95852132921175,79.99257171561051,114052.08809891807,107031.08500772798,6.0681607418856265,15.619629057187016,2651.375579598145,2068.146831530139,2301.5595054095825,989.6259659969088,1311.9258114374034,351.1143740340031,98263.828438949,22158.635239567233,675.4885625965996,4847.938176197837,16557.978361669244,10119.574961360124,6438.403400309119,76105.19319938176,4584.994126738795,11153.636785162287,5596.527047913447,16629.97063369397,40.13956723338485,3.653477588871716,40.62117465224112,1468.0695517774343,181.46831530139104,295.6352395672334,638.0432766615147,352.9319938176198,1376.8566929133858,179.88346456692912,272.2740157480315,568.1149606299213,356.58582677165356,104230.71581605874,39185.554183078064,365831.89238109736,676573.5153963777,1.4932873720882354,740.5981452859351,3072.549922720247,2302.489026275116,435.57086553323023,131.70515919629057,116607.62596599692,543.1100463678517,988.5955177743432,590.7710526315789,0.1312313863544891,480.02163833075736,570.9555950540959,3.060518391683721,18.497419721209955,5.512488408037094,5.627156105100463,5.00952086553323,5.158207109737249,5.562163833075734,6.220540958268933,6.507913446676972,7.420896445131375,8.439721792890262,0.1146676970633694,-0.502967542503864,-0.3542812982998455,0.0496754250386398,0.7080525502318393,0.9954250386398764,1.9084080370942815,2.9272333848531686,95.41515657620042,2.3355310664605873,210.9035641421947,1.978495826893354,1.1819738794435857,98.58639876352396,99.4996908809892,96.02612055641424,97.70355486862442,25.365706336939724,108.261514683153,111.44146986089643,95.98392426584236,102.22718238021638,154.4945255023184,100.96937248840804,87.87353786707881,121.4808052550232,111.43955795981454,109.09488408037096,109.20771097372489,10.008809891808347,11.67647604327666,9.358624420401856,85.79756592292088,2856.5261205564143,87248.13931888544,251921.24922600616,744.9234930448223,19.68577851239669,60.26123029366307,88.9968315301391,63.55811591962905,55.16455795981452,137885.562248996,55.51168377125193,72.56499103554869,45.66408655332303,44.383634466769706,73.2007029366306,65.68994080370942,71.87499598145286,19652.07264296754,57.758799072642965,,,,,,,,,,,,,,,,,,
2013-01,6355.447839506173,5519.1058641975305,602887.0140965207,153983.77027109568,60.04490339506172,60.54817885802469,60.16621435185185,67.17226018518518,59.08196265432099,57.018095833333334,79.98922345679011,114116.03395061727,107087.66203703704,6.070524691358024,15.65216049382716,2651.5833333333335,2069.331790123457,2308.087962962963,991.0216049382716,1317.0648148148148,351.12808641975306,98319.02932098764,22152.875,675.6612654320987,4849.08950617284,16550.935185185186,10115.532407407409,6435.402777777777,76166.15432098765,4586.634876543209,11159.412345679011,5599.898148148148,16638.081790123455,40.1412037037037,3.654320987654321,40.62268518518518,1467.2623456790122,181.31635802469137,295.48765432098764,637.7623456790124,352.70524691358025,1376.12106918239,179.7562893081761,272.0676100628931,567.9245283018868,356.37421383647796,104425.41224226852,39250.04666140259,366797.32618915127,678031.4883246676,1.4929577161808347,743.2361111111111,3083.9419753086418,2305.919290123457,438.99884413580247,133.9253425925926,118849.88117283952,544.5915123456791,992.5336419753088,592.8063369397219,0.1312455917913446,481.4757561728396,573.010910493827,3.0563722769999995,18.497419721209955,5.504228395061728,5.618734567901234,5.001898148148149,5.150432098765433,5.553827160493827,6.212021604938271,6.500524691358025,7.415077160493827,8.433842592592592,0.1145061728395062,-0.5023302469135803,-0.3537962962962963,0.0495987654320987,0.7077932098765432,0.9962962962962963,1.9108487654320987,2.9296141975308645,95.36866666666668,2.333348611111111,210.70740200617288,1.9779341049382717,1.1816773148148147,98.73595679012348,99.66820987654322,96.18780864197532,97.94583333333334,25.46275,108.44475308641977,111.62594135802468,96.03137962962964,102.40336419753083,154.90418827160494,101.1024151234568,87.91087345679013,121.71689043209877,111.6228796296296,109.26969290123456,109.38143518518518,10.026049382716051,11.695802469135804,9.373966049382716,85.77145748987854,2869.9754629629633,87569.52704791345,252833.8377125193,748.0103395061728,19.68229125412541,60.3475925925926,88.99616820987656,63.64868827160494,55.264212962962965,138166.92,55.57479768518518,72.59688425925927,45.75992469135802,44.4715037037037,73.22779290123457,65.73632654320987,71.93238163580247,19661.12037037037,57.83968055555555,,,,,,,,,,,,,,,,,,
2013-02,6355.447839506173,5519.1058641975305,602887.0140965207,154387.8014417103,60.106402465331286,60.60445731895223,60.227654083204925,67.21654822804314,59.15060030816641,57.079571032357464,79.98736610169492,114180.03697996918,107143.49306625576,6.073343605546996,15.682434514637904,2651.759630200308,2070.808936825886,2314.648690292758,992.3574730354392,1322.2896764252696,351.1325115562404,98410.22342064716,22149.614791987675,676.1906009244992,4852.97842835131,16543.272727272728,10111.379044684129,6431.893682588598,76260.60862865948,4589.527118644067,11167.401694915254,5627.550077041603,16644.856702619414,40.144067796610166,3.655778120184899,40.62465331278891,1466.386748844376,181.19722650231125,295.1617873651772,637.5146379044684,352.52234206471496,1375.3799058084771,179.62951334379906,271.8649921507064,567.7299843014129,356.15698587127156,104595.58109859785,39308.42805647407,367755.2224508012,679490.089422932,1.492613645631173,745.8808936825887,3095.276117103236,2309.327426810478,442.5579707241911,136.2412311248074,121188.12634822803,546.091371340524,996.4815100154084,594.867438271605,0.1312565915046296,483.0149306625578,575.1668258859785,3.0563722769999995,18.48636344321672,5.495963020030817,5.610369799691834,4.994298921417566,5.1426656394453,5.545500770416024,6.2036979969183355,6.493451463790448,7.409506933744223,8.42813559322034,0.1144067796610169,-0.5016640986132512,-0.3532973805855162,0.049537750385208,0.7077349768875193,0.9974884437596302,1.9135439137134056,2.9321725731895225,95.32328482328482,2.331176117103236,210.51996086286596,1.977346379044684,1.1813852080123266,98.88659476117104,99.83898305084747,96.34838212634824,98.17442218798152,25.569417565485363,108.6331278890601,111.81001694915254,96.08026810477658,102.57759476117104,155.31354237288136,101.2347380585516,87.94857164869028,121.95290446841295,111.805906009245,109.44388289676424,109.55475346687211,10.04295839753467,11.715053929121726,9.38793528505393,85.74727272727273,2883.406779661017,87891.71141975309,253599.43055555556,751.0755007704162,19.671285502471168,60.3475925925926,88.99616820987656,63.64868827160494,55.264212962962965,138440.05976095618,55.63625023112481,72.63307919876733,45.856302465331275,44.560169799691835,73.25699768875192,65.80183867488444,71.98714160246533,19674.36979969183,57.83968055555555,,,,,,,,,,,,,,,,,,
2013-03,6371.572,5531.419230769231,604236.4963335114,154797.74328564614,60.14899692307692,60.58668184615385,60.19466046153846,67.33443292307692,59.27150199999999,57.12559769230769,79.92882046153846,114243.64307692308,107199.41384615384,6.075846153846154,15.71507692307692,2651.783076923077,2071.9030769230767,2321.076923076923,993.4384615384616,1327.6353846153845,351.11692307692306,98466.59846153848,22144.25076923077,676.4113846153847,4854.430769230769,16536.275384615386,10107.384615384615,6428.890769230769,76322.3476923077,4591.293692307692,11173.364461538462,5630.96,16652.83846153846,40.14615384615384,3.6569230769230767,40.62692307692308,1465.5861538461538,181.0953846153846,294.9076923076923,637.26,352.33230769230767,1374.6959247648904,179.47492163009403,271.66614420062695,567.5956112852665,355.9608150470219,104795.42481998462,39386.7063779963,368728.6451854923,680974.9783452387,1.4923168603528507,748.5366153846154,3106.533384615385,2312.6567692307694,446.2991646153846,138.69838923076924,123667.72769230769,547.6033846153846,1000.404,596.946687211094,0.1312763151587057,484.5984615384615,577.3781230769231,3.0563722769999995,18.48636344321672,5.487738461538461,5.601984615384615,4.986769230769231,5.134938461538462,5.537215384615385,6.195461538461538,6.486507692307693,7.404107692307693,8.422630769230771,0.1142461538461538,-0.5009692307692307,-0.3528,0.049476923076923,0.7077230769230769,0.9987692307692309,1.9163692307692308,2.934892307692308,95.28022821576764,2.3290069230769235,210.33916338461535,1.976684923076923,1.1811212307692307,99.038,100.01015384615384,96.51292307692307,98.41107692307692,25.67672615384615,108.81507692307692,111.99610923076924,96.1292046153846,102.76144769230768,155.72318615384617,101.37058307692304,87.9861369230769,122.18951846153848,111.99125076923076,109.62085230769232,109.73015538461536,10.059984615384614,11.734384615384617,9.402969230769232,85.73084677419355,2896.7676923076924,88214.54391371341,254500.53929121725,754.0740000000001,19.660863486842107,60.52123692307693,88.99579538461539,63.8334923076923,55.463535384615376,138720.3015873016,55.78447215384616,72.66683384615384,45.70263461538462,44.86915276923077,73.24618661538463,65.82729138461538,71.95279615384617,19683.78307692308,58.00153384615385,,,,,,,,,,,,,,,,,,
2013-04,6379.742549923195,5537.663133640553,604914.5909545368,155199.21679826418,60.209003686635945,60.63893824884792,60.25146313364055,67.37710952380954,59.341878801843315,57.18458479262673,79.92314193548387,114306.29185867896,107254.84639016895,6.078187403993856,15.747926267281104,2651.494623655914,2073.0798771121354,2327.26267281106,994.5806451612904,1332.678955453149,351.12135176651304,98523.15514592934,22138.8955453149,676.6294930875575,4855.884792626728,16529.291858678956,10103.399385560677,6425.89247311828,76384.25960061444,4593.039631336405,11179.23440860215,5634.364055299539,16660.89708141321,40.14792626728111,3.658064516129032,40.62872503840245,1464.9923195084486,180.96774193548387,294.68970814132103,637.1966205837174,352.147465437788,1373.964006259781,179.35367762128325,271.4600938967136,567.4256651017214,355.7261345852895,104962.81433639018,39439.5556282214,369681.3892021045,682451.487609323,1.491990219029231,751.1615975422428,3117.810752688172,2316.0118279569892,450.1810030721966,141.26766973886328,126259.4930875576,549.1293394777266,1004.3073732718896,597.3207692307692,0.1311529553646154,486.23629800307225,579.6563901689709,3.0519728205238095,18.48636344321672,5.479523809523809,5.593609831029185,4.979247311827957,5.127219662058372,5.528940092165898,6.187204301075269,6.479554531490016,7.398771121351767,8.417142857142856,0.1140860215053763,-0.5002764976958526,-0.3523041474654378,0.049416282642089,0.7076804915514594,1.000030721966206,1.9192473118279572,2.9376190476190476,95.24072463768115,2.326883410138249,210.1616377880184,1.9759649769585257,1.1808804915514592,99.18709677419356,100.17834101382488,96.6741935483871,98.63717357910907,25.780218125960054,108.98463901689708,112.1809692780338,96.17596620583716,102.94037019969278,156.13343625192013,101.5040337941628,88.02364055299539,122.42609216589864,112.17523041474654,109.7960721966206,109.90426113671276,10.077019969278036,11.75356374807988,9.41801843317972,85.71649899396378,2910.1364055299537,89199.22153846154,253383.08615384615,757.08955453149,19.648976354679803,60.60763901689709,88.99505990783412,63.92449615975423,55.563156682027646,139032.7114624506,55.84632334869432,72.7014821812596,45.78936190476191,44.963707680491545,73.27136866359449,65.88705176651307,72.00440906298002,19693.086021505376,58.08256835637481,,,,,,,,,,,,,,,,,,
2013-05,6388.5016871165635,5544.52745398773,605576.6176965421,155561.9649320092,60.26790291411042,60.68982484662577,60.306823773006144,67.41782883435583,59.41147622699387,57.2429041411043,79.91692423312884,114369.07055214724,107310.5582822086,6.080368098159509,15.779754601226994,2651.222392638037,2074.2684049079753,2333.3865030674847,996.0720858895704,1337.3113496932515,351.10736196319016,98580.10122699388,22133.539877300613,676.8365030674847,4857.306748466258,16522.349693251534,10099.449386503067,6422.900306748466,76446.56134969325,4594.8058282208585,11185.278987730062,5637.820552147239,16668.829754601225,40.14969325153374,3.659049079754601,40.63036809815951,1464.0444785276077,180.819018404908,294.4509202453988,636.8404907975461,351.94325153374234,1373.928125,179.2390625,271.38125,567.74375,355.565625,105064.37383972392,39564.313785068145,370915.03165501537,684948.323081997,1.4922482985698926,753.9766871165644,3129.464110429448,2319.525,454.1623527607362,143.9416211656442,128955.84662576688,550.6639570552147,1008.2147239263804,599.4164362519201,0.1311660368632872,487.8995858895706,581.9669938650306,3.0519728205238095,18.47637706213867,5.4713496932515335,5.585276073619632,4.971702453987731,5.119493865030675,5.520644171779141,6.178803680981595,6.472315950920247,7.393144171779141,8.41127300613497,0.1139263803680982,-0.4996472392638037,-0.3518558282208589,0.0492944785276073,0.7074539877300613,1.0009662576687115,1.921794478527608,2.939923312883436,95.2013429752066,2.324751073619632,209.9892398773006,1.9752826687116565,1.1806317484662576,99.33420245398774,100.34340490797548,96.83266871165644,98.86027607361964,25.881889570552143,109.1430981595092,112.3639509202454,96.22192944785274,103.10956595092026,156.5422837423313,101.63375306748463,88.06095245398772,122.66255521472394,112.35700613496932,109.96864110429448,110.07648159509202,10.09414110429448,11.77282208588957,9.433113496932515,85.69779116465864,2923.8766871165644,89524.6129032258,254270.56528417816,760.1587423312883,19.638751147540983,60.69344325153374,88.99394631901842,64.01283435582822,55.6628481595092,139285.82283464566,55.90622883435583,72.73418297546012,45.87458067484663,45.05614018404908,73.29649325153376,65.93870030674846,72.05410061349693,19702.556748466257,58.1642009202454,,,,,,,,,,,,,,,,,,
2013-06,6396.824349157733,5550.915620214395,606249.8866878051,155969.16712966308,60.326181470137826,60.74060260336908,60.36249019908116,67.45784655436447,59.47979050535987,57.301165084226646,79.91064655436446,114432.30015313935,107366.58805513017,6.0826952526799385,15.81209800918836,2651.3062787136296,2075.1791730474733,2339.4701378254213,997.5329249617153,1341.9356814701378,351.104134762634,98636.83767228178,22128.17151607963,677.0483920367534,4858.771822358346,16515.3415007657,10095.457886676875,6419.883614088821,76508.66615620215,4596.574425727411,11191.258499234304,5641.245022970904,16676.77794793262,40.15145482388974,3.659877488514548,40.6323124042879,1463.1822358346094,180.6447166921899,294.2052067381317,636.6171516079633,351.7243491577335,1373.3213728549142,179.1170046801872,271.1965678627145,567.6536661466458,355.3556942277691,105257.7224249617,39645.916149433826,371886.1188959725,686438.4882306441,1.4919687766395704,756.7039816232773,3140.8323124042877,2322.943950995406,458.27409188361423,146.75638591117917,131792.932618683,552.2006125574272,1012.0990811638592,601.5125766871166,0.1311851086671779,489.66366003062785,584.4048851454825,3.0519728205238095,18.47637706213867,5.463139356814702,5.576937212863705,4.964150076569679,5.11177641653905,5.512373660030628,6.17062787136294,6.465359877488516,7.387779479326187,8.405635528330782,0.1137978560490046,-0.498989280245023,-0.3513629402756508,0.0492343032159265,0.7074885145482389,1.0022205206738133,1.9246401225114855,2.94249617151608,95.16360824742269,2.322654517611026,209.8222098009188,1.9746003062787136,1.1803851454823888,99.48208269525269,100.50949464012253,96.99127105666156,99.08805513016846,25.98743032159265,109.28407350689127,112.54690199081163,96.26821439509952,103.27861408882082,156.94903675344565,101.76288361408882,88.09775497702908,122.89947932618684,112.53890199081162,110.14102143950996,110.24875650842266,10.11122511485452,11.791960183767229,9.4481010719755,85.69539078156312,2937.345482388974,89848.34049079755,255154.5490797546,762.8920367534455,19.62751031096563,60.77898928024502,88.99271822358347,64.1004425727412,55.76244410413476,139548.69019607845,55.96715007656967,72.76570367534455,45.96216937212864,45.14799754977029,73.32056324655436,65.9846921898928,72.10884165390505,19712.00153139357,58.243329249617155,,,,,,,,,,,,,,,,,,
2013-07,6396.824349157733,5550.915620214395,606249.8866878051,156376.52620133027,60.38584342507645,60.792830428134565,60.41939051987769,67.50053318042814,59.54940458715596,57.3602250764526,79.90549036697249,114495.60703363914,107422.69113149848,6.085015290519879,15.84235474006116,2651.368501529052,2076.3853211009173,2345.4113149847094,998.9067278287462,1346.5015290519875,351.0963302752294,98694.001529052,22122.837920489295,677.2600917431192,4860.214067278287,16508.389908256882,10091.50764525994,6416.882262996942,76571.1636085627,4598.354434250764,11197.29648318043,5644.711009174312,16684.73394495413,40.15305810397553,3.6608562691131494,40.63409785932721,1462.2385321100917,180.5688073394495,293.95565749235476,636.2737003058104,351.44954128440367,1372.6121495327102,179.00155763239874,271.0,567.4828660436137,355.12928348909657,105476.07453134556,39746.10529411376,372896.38782732416,687921.926992925,1.4916441690183768,759.4042813455658,3152.2366972477066,2326.3495412844036,462.50043577981654,149.68627675840978,134745.16666666666,553.7382262996941,1015.965749235474,603.6258782542114,0.1312042625038285,491.39012232415905,586.7899082568807,3.047345223561162,18.47637706213867,5.454923547400612,5.568623853211009,4.956636085626911,5.104097859327217,5.5041590214067275,6.16302752293578,6.4589908256880735,7.383012232415901,8.40071865443425,0.1137003058103975,-0.4982874617737003,-0.3508256880733945,0.0492354740061162,0.7081039755351682,1.0040672782874618,1.9280886850152903,2.9457951070336392,95.12458847736625,2.3205298165137616,209.6500581039755,1.97395,1.1801573394495413,99.63180428134557,100.6784403669725,97.1506116207951,99.31681957186544,26.094177370030575,109.42186544342506,112.73099541284402,96.3160856269113,103.4534724770642,157.35742354740063,101.8943975535168,88.13399694189602,123.13633333333335,112.72211314984708,110.31500305810398,110.42214678899084,10.128241590214069,11.811024464831805,9.463119266055044,85.6922,2950.8677370030578,90176.48545176112,256045.9464012251,765.903363914373,19.623104901960783,60.77898928024502,88.99271822358347,64.1004425727412,55.76244410413476,139817.93359375,56.0295636085627,72.80024525993883,46.048561009174314,45.239967584097855,73.3459149847095,66.04493211009174,72.16317262996942,19721.487767584094,58.243329249617155,,,,,,,,,,,,,,,,,,
2013-08,6986.652671755725,6071.802595419847,645629.7217658358,156786.87501629005,60.44407893129772,60.843838473282446,60.47474442748093,67.54086458015267,59.61732488549619,57.41719160305344,79.89831954198473,114558.6641221374,107478.96946564886,6.087022900763359,15.874045801526718,2651.2335877862597,2077.595419847328,2351.0427480916032,1000.1114503816792,1350.9282442748092,351.08091603053435,98750.9465648855,22117.512977099235,677.4954198473282,4861.606106870229,16501.479389312975,10087.5893129771,6413.890076335878,76633.43358778626,4600.1319083969465,11203.415114503818,5648.163358778626,16692.624427480918,40.15465648854962,3.661832061068702,40.6357251908397,1461.375572519084,180.4412213740458,293.7465648854962,635.9251908396947,351.2717557251908,1371.9611197511665,178.89891135303267,270.8180404354588,567.3141524105754,354.9315707620529,105661.7400664122,39817.15821482051,373907.71089934354,689399.9194592966,1.4913358446009175,762.1364885496183,3163.7754198473285,2329.8058015267175,466.8481099236641,152.7366900763359,137817.84122137405,555.2896183206107,1019.807786259542,605.7401344036697,0.12908608617737,493.1875114503817,589.2614961832062,3.047345223561162,18.47198967878527,5.446732824427481,5.560335877862594,4.949129770992367,5.096412213740458,5.49593893129771,6.155755725190839,6.453068702290077,7.37836641221374,8.396015267175573,0.1136030534351145,-0.4976030534351146,-0.3503206106870229,0.049206106870229,0.7090229007633589,1.0063358778625957,1.9316335877862596,2.9492824427480917,95.08776180698152,2.318429618320611,209.482153740458,1.9732537404580153,1.1799436641221372,99.78091603053436,100.84671755725192,97.30870229007634,99.5526717557252,26.214048854961828,109.54824427480916,112.91509770992366,96.36497557251909,103.62929618320612,157.76587328244275,102.02613129770994,88.16967938931298,123.37295877862596,112.90534351145038,110.48898167938933,110.5955465648855,10.14526717557252,11.830091603053436,9.478183206106868,85.69101796407185,2964.5491603053433,90505.80733944954,256941.61009174312,768.856641221374,19.61303931484502,56.67105038167939,95.65186106870227,58.96659541984733,50.85856946564886,140073.1906614786,56.09051938931297,72.83217633587786,46.134703816793895,45.32918778625953,73.36691541984733,66.09188549618321,72.22310396946565,19731.068702290075,56.074351145038165,,,,,,,,,,,,,,,,,,
2013-09,6996.212804878048,6079.250457317073,646382.7344043612,157199.7456336433,60.50393521341464,60.89495701219513,60.52977667682928,67.58072682926829,59.68878506097562,57.4763568597561,79.89290548780488,114621.05335365854,107534.90091463414,6.088871951219512,15.90625,2651.0990853658536,2078.6448170731705,2356.580792682927,1001.1692073170732,1355.408536585366,351.047256097561,98807.79420731709,22112.170731707316,677.7185975609757,4863.044207317073,16494.51524390244,10083.63262195122,6410.882621951219,76695.62347560975,4601.917682926829,11209.592530487806,5651.59756097561,16700.378048780487,40.15655487804877,3.663109756097561,40.637652439024386,1460.469512195122,180.3170731707317,293.5137195121951,635.592987804878,351.0548780487805,1371.2686335403728,178.81211180124222,270.6444099378882,567.0900621118012,354.72360248447205,105840.46454801828,39879.27492740768,374907.9826815092,690887.0478265344,1.4910131944564886,764.8664634146342,3175.372865853659,2333.285823170732,471.3491783536586,155.93774847560974,141041.15853658537,556.7164634146342,1023.6375000000002,607.8368587786259,0.1291025731419847,494.9815701219513,591.737987804878,3.0473452235611624,18.47198967878527,5.4385518292682935,5.552042682926829,4.941646341463415,5.08875,5.487759146341464,6.148689024390244,6.447408536585366,7.374039634146341,8.391478658536585,0.1134908536585366,-0.496905487804878,-0.3498018292682927,0.0492073170731707,0.7101371951219512,1.008856707317073,1.9354878048780488,2.9529268292682924,95.04924180327868,2.3163071646341464,209.31192530487803,1.9726092987804875,1.1797314024390244,99.93033536585368,101.0155487804878,97.46646341463416,99.77591463414636,26.336542682926822,109.67591463414634,113.09895579268294,96.41390701219512,103.80393597560976,158.17707317073172,102.15756707317074,88.20519512195123,123.6093719512195,113.08830640243904,110.66249237804878,110.76858231707315,10.162286585365852,11.848932926829267,9.493307926829267,85.68386454183268,2978.2940548780484,90837.36335877865,257812.60152671757,771.740243902439,19.60356563517915,56.74813567073171,95.64990701219511,59.04813262195122,50.94523018292682,140360.47286821707,56.152202439024386,72.86331478658536,46.220654725609755,45.42544100609756,73.3925530487805,66.12709999999998,72.2795375,19740.67530487805,56.155228658536586,,,,,,,,,,,,,,,,,,
2013-10,6996.212804878048,6079.250457317073,646382.7344043612,157608.8540877778,60.56491522070016,60.94754824961948,60.585397564687966,67.62016651445965,59.76092709284627,57.535364992389646,79.88737199391173,114683.36377473365,107590.86453576863,6.090563165905632,15.938203957382038,2651.015220700152,2079.5951293759513,2362.0502283105025,1002.3911719939116,1359.65601217656,350.98173515981733,98864.83561643836,22106.945205479453,677.9453576864536,4864.531202435312,16487.613394216132,10079.748858447489,6407.8645357686455,76757.8904109589,4603.740791476408,11215.690258751903,5655.013698630137,16708.32115677321,40.15844748858447,3.664079147640792,40.63942161339421,1460.469512195122,180.3170731707317,293.5137195121951,635.592987804878,351.0548780487805,1371.2686335403728,178.81211180124222,270.6444099378882,567.0900621118012,354.72360248447205,106034.9859109589,39952.781724985405,375922.4834689041,692378.0126926524,1.4907220158064023,767.6668188736681,3187.295129375951,2336.908219178082,475.9727260273973,159.252698630137,144378.36225266362,558.2686453576864,1027.4362252663625,627.8038559451219,0.1305279615503048,496.7961643835617,594.2519786910199,3.042703612237443,18.47198967878527,5.430395738203958,5.543759512937595,4.9341552511415525,5.081065449010655,5.479589041095891,6.1417656012176565,6.4418721461187225,7.369878234398783,8.38703196347032,0.1133637747336377,-0.4962404870624048,-0.3493302891933029,0.049193302891933,0.7113698630136986,1.011476407914764,1.939482496194825,2.956636225266362,95.01617586912066,2.3141866057838665,209.1443424657534,1.9720246575342464,1.179509893455099,100.07914764079148,101.1834094368341,97.62435312024354,100.00045662100456,26.45823744292237,109.8124809741248,113.28289497716897,96.46171385083714,103.97940639269406,158.58876712328768,102.28884779299848,88.24094672754946,123.8461293759513,113.27143683409436,110.8360578386606,110.94168340943682,10.179117199391172,11.867564687975646,9.508234398782344,85.66759443339961,2992.182800608828,91170.97408536586,258710.97408536583,774.6255707762557,19.59541902439025,56.74813567073171,95.64990701219511,59.04813262195122,50.94523018292682,140360.47286821707,56.21501385083714,72.89360426179604,46.30856544901066,45.520315068493154,73.41725920852359,66.17589573820396,72.33251187214611,19750.275494672755,56.155228658536586,,,,,,,,,,,,,,,,,,
2013-11,7005.778843226787,6086.718873668188,647135.7195653302,158020.93029737085,60.62488085106384,60.99927750759879,60.640776443769,67.65943054711246,59.831858662613975,57.59427872340426,79.88176580547112,114744.3905775076,107645.54103343464,6.092401215805471,15.968844984802432,2651.182370820669,2080.471124620061,2367.3449848024316,1003.5759878419452,1363.7644376899696,350.98632218844983,98922.273556231,22101.785714285714,678.190273556231,4865.998480243161,16480.781155015196,10075.893617021276,6404.887537993921,76820.48784194529,4605.523708206686,11221.912765957448,5658.448328267477,16716.136778115502,40.16033434650456,3.6651975683890576,40.64148936170213,1460.469512195122,180.3140243902439,293.5259146341463,635.6036585365854,351.0350609756098,1370.139318885449,178.57275541795664,270.33126934984523,566.9504643962848,354.2863777089783,106226.81116033434,40023.24113896539,376941.40218703647,693882.5484419788,1.4904165028447487,770.5037993920972,3199.0962006079026,2340.4758358662616,480.7669696048633,162.70033434650458,147848.24164133737,559.8372340425532,1031.2118541033435,630.2057960426179,0.130564505065449,498.6551823708206,596.8259726443769,3.042703612237443,18.472560323386254,5.422279635258358,5.535516717325228,4.926732522796352,5.073465045592705,5.47144376899696,6.13451367781155,6.436063829787234,7.365562310030395,8.382355623100304,0.1132370820668693,-0.495547112462006,-0.3488145896656535,0.0491641337386018,0.7122340425531914,1.0137841945288752,1.9432826747720369,2.960075987841946,94.97577551020407,2.3120411854103344,208.97508054711247,1.9714741641337383,1.1792922492401214,100.22659574468086,101.34924012158056,97.78009118541031,100.22021276595744,26.570823708206685,109.94680851063828,113.46606382978726,96.50849392097264,104.15199392097264,158.99942857142858,102.41853647416411,88.27647720364743,124.08290881458969,113.45370060790276,111.0085896656535,111.1140303951368,10.196063829787237,11.88644376899696,9.523252279635257,85.64285714285714,3006.1665653495443,91506.59665144596,259612.4718417047,777.5113981762918,19.586283441558443,56.825345509893445,95.6479193302892,59.12932876712328,51.0322100456621,140910.88846153847,56.27764589665653,72.92372705167172,46.39677477203647,45.61498890577508,73.44245729483282,66.22498890577508,72.38979027355623,19760.010638297874,56.23598173515982,,,,,,,,,,,,,,,,,,
2013-12,7025.092716236722,6101.862974203339,648653.0350073809,158439.44937127468,60.686865857359635,61.052822154779975,60.698532776934755,67.70267936267071,59.905067223065245,57.65530455235204,79.8778320182094,114805.92261001516,107701.2928679818,6.093778452200303,16.001062215477997,2650.8937784522004,2081.254931714719,2372.6039453717754,1004.732928679818,1367.864946889226,350.94688922610015,98979.72837632777,22096.698027314113,678.4122913505312,4867.491654021244,16474.01062215478,10072.080424886191,6401.930197268589,76883.03034901366,4607.320637329287,11228.137329286796,5661.85128983308,16723.91047040971,40.16236722306525,3.666464339908953,40.643550834597875,1458.1502276176025,179.94992412746586,292.9924127465857,634.8163884673748,350.40060698027315,1369.5935085007727,178.46213292117466,270.16074188562595,566.8639876352396,354.1081916537867,106437.62935280729,40115.29342780364,377979.77638705616,695396.8059671429,1.4901119184939209,773.2965098634295,3210.8327769347493,2344.0179059180573,485.65516236722306,166.2729468892261,151443.11836115326,561.08937784522,1035.1232169954476,632.6212249240122,0.1305998384148936,500.6049317147193,599.5279210925645,3.042703612237443,18.472560323386254,5.414172989377846,5.527298937784522,4.919362670713202,5.065918057663127,5.463323216995447,6.127283763277694,6.4304248861912,7.361411229135053,8.377799696509864,0.1131259484066768,-0.4948103186646433,-0.3482549317147193,0.0491502276176024,0.7131107738998482,1.0162518968133534,1.947238239757208,2.9636267071320184,94.93757637474545,2.309918057663126,208.8098280728377,1.9709256449165404,1.1790939301972685,100.37389984825496,101.51502276176024,97.9341426403642,100.42852807283762,26.672931714719272,110.08179059180576,113.6487966616085,96.55437025796662,104.32248103186646,159.40869954476483,102.54708649468893,88.31180424886192,124.31991502276176,113.63548861911988,111.1802640364188,111.2859848254932,10.213019726858876,11.905280728376328,9.53825493171472,85.62198019801981,3020.098330804249,91844.6519756839,260514.9027355623,780.47344461305,19.573814586709886,56.97908042488619,95.6429817905918,59.2892124430956,51.206186646434006,141179.95785440612,56.34494188163885,72.95767344461305,46.48374188163885,45.711672078907434,73.46919059180576,66.28430849772381,72.44611001517451,19769.81942336874,56.40009559939302,,,,,,,,,,,,,,,,,,
2014-01,7034.55303030303,6109.254545454545,649437.537230435,158852.12444798485,60.74987303030303,61.10793893939394,60.75832121212121,67.74813272727273,59.97859803030303,57.7166706060606,79.87416515151516,114866.08787878788,107757.38636363635,6.093939393939394,16.032727272727275,2650.4045454545453,2081.7954545454545,2377.112121212121,1005.6924242424244,1371.410606060606,350.95454545454544,99037.20606060604,22091.63787878788,678.6633333333334,4868.945454545455,16467.283333333333,10068.295454545454,6398.987878787879,76945.56818181818,4609.154848484849,11234.463636363636,5665.277272727273,16731.678787878787,40.164242424242424,3.667878787878788,40.64590909090909,1457.4939393939394,179.82272727272726,292.79848484848486,634.6121212121212,350.26969696969695,1369.0092592592594,178.36574074074073,269.9583333333333,566.7098765432099,353.97685185185185,106620.89809621211,40190.35097149183,379014.160059197,696921.659068862,1.4898082585265553,776.15,3222.4984848484846,2347.512121212121,490.50314848484857,169.87104545454545,155063.4287878788,562.6683333333333,1038.8803030303031,635.0391760242792,0.1306378734582701,502.5855,602.2697121212121,3.0378090869045455,18.472560323386254,5.406106060606061,5.519136363636364,4.912015151515152,5.05839393939394,5.455242424242424,6.1203939393939395,6.425075757575758,7.357257575757576,8.373257575757576,0.113030303030303,-0.4940909090909091,-0.3477121212121212,0.0491363636363636,0.7142878787878788,1.0189696969696969,1.951151515151515,2.967151515151515,94.9,2.3077716666666666,208.65020712121213,1.9704216666666667,1.178919393939394,100.5218181818182,101.68166666666666,98.08954545454546,100.64833333333333,26.78044242424242,110.215,113.8320287878788,96.60175606060606,104.49554696969696,159.8168287878788,102.67673787878788,88.34691818181818,124.55685151515152,113.81791969696972,111.35251515151516,111.45850303030302,10.230060606060606,11.924257575757576,9.55340909090909,85.61581027667985,3033.887121212122,92179.31259484068,261410.8224582701,783.406818181818,19.562789320388347,57.05599696969697,95.63983333333331,59.36946969696971,51.29328939393939,141456.52671755725,56.41391409090909,72.99398863636364,46.57217696969697,45.809043787878785,73.49489651515151,66.3470112121212,72.50613681818182,19779.727272727272,56.48117121212122,,,,,,,,,,,,,,,,,,
2014-02,7034.55303030303,6109.254545454545,649437.537230435,159256.92758800305,60.80964447806355,61.15932813918306,60.81339425113464,67.78983888048411,60.04951406959154,57.77389667170954,79.86719712556732,114927.50075642964,107814.06807866869,6.094704992435704,16.062027231467475,2650.0771558245083,2082.320726172466,2381.588502269289,1006.7261724659606,1374.8517397881997,350.92738275340395,99184.93645990922,22087.72617246596,678.6965204236006,4871.0741301059,16461.21180030257,10065.049924357034,6396.161875945537,77097.21028744327,4610.558093797277,11237.996066565807,5668.476550680787,16739.479576399393,40.16369137670197,3.6682299546142207,40.646142208774585,1456.6853252647504,179.7534039334342,292.42965204236003,634.3948562783661,350.1164901664145,1368.3559322033898,178.23882896764252,269.77657935285055,566.6009244992296,353.7411402157165,106797.2295665658,40258.11845161594,380041.881450938,698451.5671611818,1.4895206702560606,779.0346444780635,3234.2821482602117,2351.059606656581,495.4093645990923,173.48152950075644,158696.12102874432,564.249621785174,1042.6284417549168,637.4770446969696,0.1306775849424242,504.5821331316187,605.028910741301,3.0378090869045455,18.474728112808513,5.398033282904691,5.5109682299546146,4.90464447806354,5.050847201210288,5.447170953101361,6.113630862329804,6.419682299546142,7.3529198184568845,8.368441754916793,0.1129349470499243,-0.4933888048411498,-0.3471860816944024,0.0491376701966717,0.7155975794251135,1.0216490166414525,1.9548865355521936,2.970408472012103,94.86434077079107,2.305647655068079,208.49152511346443,1.9699323751891071,1.1787909228441755,100.646293494705,101.83812405446294,98.2609682299546,100.81104387291984,26.8830741301059,110.33767019667172,114.01478063540092,96.64819667170951,104.66319213313162,160.22490620272316,102.80428139183056,88.38086989409986,124.7949243570348,113.99987897125568,111.52386686838123,111.63053252647504,10.246354009077155,11.942057488653557,9.568139183055974,85.60710059171598,3047.8329803328293,92514.37575757576,262309.8393939394,786.3406959152798,19.55236155088853,57.05599696969697,95.63983333333331,59.36946969696971,51.29328939393939,141729.14828897337,56.47523872919818,73.02762375189107,46.654703933434185,45.90405295007564,73.51537534039335,66.41196293494704,72.56278396369137,19786.65960665658,56.48117121212122,,,,,,,,,,,,,,,,,,
2014-03,7053.497280966766,6124.011480362537,650959.6294022036,159661.18449496978,60.88319984894259,61.21430241691842,60.871700604229616,67.855499244713,60.1465506042296,57.84821208459215,79.85351933534743,114989.12688821752,107870.6419939577,6.095619335347433,16.09380664652568,2649.6586102719034,2083.0543806646524,2386.2447129909365,1007.6450151057402,1378.5891238670697,350.90634441087616,99243.166163142,22082.87915407855,678.9264350453172,4872.699395770393,16454.545317220545,10061.268882175227,6393.276435045317,77160.28700906344,4612.415709969789,11243.986858006045,5671.856495468278,16747.256797583083,40.1641993957704,3.669033232628399,40.646978851963745,1455.8625377643505,179.5679758308157,292.11480362537765,634.2749244712991,349.91389728096675,1367.8107692307692,178.12153846153845,269.56307692307695,566.5553846153846,353.5723076923077,106981.72166691844,40319.73125730923,381072.2139562991,699381.5390716793,1.4887195799833584,781.9838368580059,3246.1842900302113,2354.6465256797583,500.5058912386707,177.2226858006042,162459.45468277947,565.9070996978852,1046.4179758308155,639.920576096823,0.1307169918199697,506.5646978851963,607.7739728096676,3.0378090869045455,18.474728112808513,5.389984894259819,5.502839879154079,4.897311178247734,5.043338368580061,5.439123867069486,6.106691842900302,6.414078549848944,7.348534743202416,8.363504531722056,0.1128549848942598,-0.4926737160120845,-0.3466465256797583,0.0491389728096676,0.7167069486404833,1.0240936555891238,1.958549848942598,2.9735196374622355,94.82848178137652,2.303514803625378,208.33085105740184,1.9694578549848945,1.1786800604229608,100.79561933534742,102.0070996978852,98.41963746223564,101.05302114803628,26.994761329305135,110.46344410876134,114.19779305135953,96.6939909365559,104.83190483383684,160.63432930513594,102.932416918429,88.41480211480363,125.03292145015104,114.18196374622356,111.69560271903325,111.80277190332326,10.263247734138972,11.961268882175226,9.582960725075528,85.59921259842521,3061.896374622356,92848.89561270802,263202.80030257185,789.2900302114805,19.543594516129033,57.21028096676736,95.63342900302116,59.53097885196375,51.467888217522656,141992.0643939394,56.56951752265861,73.0728574018127,46.70414682779456,46.06052220543806,73.54028700906345,66.48992009063446,72.62674667673717,19796.270392749244,56.64383987915408,,,,,,,,,,,,,,,,,,
2014-04,7053.497280966766,6124.011480362537,650959.6294022036,160017.3094052338,60.94767828054299,61.27052805429863,60.93184479638009,67.9016173453997,60.2220117647059,57.910604826546006,79.84932609351432,115051.3257918552,107927.76319758673,6.0965309200603315,16.12322775263952,2649.3740573152336,2083.8054298642533,2390.815987933635,1008.6546003016592,1382.1493212669684,350.8476621417798,99301.592760181,22078.17948717949,679.1760180995475,4874.35294117647,16447.971342383105,10057.592760180996,6390.378582202112,77223.41327300151,4614.2552036199095,11250.050226244344,5675.235294117647,16754.915535444947,40.166666666666664,3.670739064856712,40.64962292609351,1455.10407239819,179.48567119155354,291.9110105580694,634.0241327300151,349.6923076923077,1367.241167434716,178.0568356374808,269.3993855606759,566.384024577573,353.4024577572965,107173.58634012066,40392.300334462096,382107.881808552,700700.6455081269,1.4883136591676736,784.8906485671191,3258.582805429864,2358.4475113122176,505.6721327300151,180.99263650075412,166251.51583710406,567.5710407239818,1050.1926093514328,642.3917589123868,0.1307582928126888,508.61138763197584,610.5950980392157,3.0328990061040724,18.474728112808513,5.381975867269985,5.494720965309201,4.890000000000001,5.0358521870286586,5.431116138763198,6.099954751131222,6.4085067873303165,7.344057315233787,8.358521870286577,0.1127450980392157,-0.4919758672699848,-0.3461236802413273,0.0491402714932126,0.7179788838612368,1.026530920060332,1.962081447963801,2.976546003016591,94.79210101010102,2.3013684766214175,208.1709847662142,1.968994720965309,1.1785775263951734,100.94464555052792,102.17571644042232,98.57737556561084,101.29532428355957,27.106081447963803,110.58763197586728,114.38096380090498,96.74022322775264,104.99868325791854,161.0436576168929,103.05981447963802,88.44875414781298,125.27199095022624,114.36408898944194,111.86731221719457,111.97517948717947,10.28022624434389,11.98025641025641,9.598024132730014,85.58821218074658,3076.4705882352937,93181.67824773412,264092.69637462235,792.2674208144796,19.53417729468599,57.21028096676736,95.63342900302116,59.53097885196375,51.467888217522656,142262.6566037736,56.6359527903469,73.11076500754149,46.7924874811463,46.160212066365006,73.56540286576168,66.55620889894419,72.69183574660633,19805.938159879337,56.64383987915408,,,,,,,,,,,,,,,,,,
2014-05,7072.615060240964,6138.940060240964,652482.2956785168,160433.76526456326,61.0107920180723,61.32557484939759,60.99201039156627,67.94698960843373,60.29586987951807,57.97239472891567,79.8445718373494,115112.1234939759,107984.60240963857,6.096837349397591,16.15180722891566,2649.0692771084337,2084.2198795180725,2394.722891566265,1009.4442771084338,1385.2665662650602,350.8027108433735,99360.34487951807,22073.5828313253,679.4385542168676,4876.063253012048,16441.43825301205,10053.939759036144,6387.498493975903,77286.76204819277,4616.112650602409,11256.13448795181,5678.611445783133,16762.655120481926,40.168524096385546,3.6718373493975904,40.651355421686745,1454.5527108433737,179.41867469879517,291.8765060240964,633.7590361445783,349.50753012048193,1367.2361963190183,178.00153374233128,269.27147239263803,566.5199386503067,353.4447852760736,107350.85020965362,40471.710232616206,383118.6312964458,702234.9416687482,1.4880296264992456,787.8923192771084,3270.565361445783,2362.044578313253,510.88200753012046,184.80876355421688,170089.6671686747,569.2566265060241,1053.9784638554215,644.9558355957768,0.1308063103378582,510.6530271084338,613.4103313253013,3.0328990061040724,18.480562440723144,5.374006024096386,5.486626506024097,4.882680722891566,5.028343373493976,5.423102409638554,6.0933283132530125,6.402936746987952,7.339382530120482,8.353313253012049,0.1126204819277108,-0.4913253012048192,-0.3456626506024096,0.0490963855421686,0.7193222891566265,1.0289307228915665,1.9653765060240964,2.979307228915663,94.75538306451612,2.299232078313253,208.01177876506023,1.9685516566265064,1.178457981927711,101.09503012048194,102.34623493975904,98.73448795180722,101.53719879518071,27.218978915662653,110.71807228915664,114.56450753012052,96.78628012048192,105.16843072289156,161.45358885542169,103.18807228915664,88.48303614457832,125.51092921686748,114.54652560240966,112.03944277108434,112.14795030120482,10.297213855421688,11.999322289156629,9.613027108433734,85.58529411764705,3090.5543674698797,93516.86726998493,264980.1447963801,795.2465361445783,19.52482459807074,57.36415210843374,95.62624397590362,59.690539156626514,51.64271686746987,142515.0864661654,56.70340647590361,73.14745813253013,46.88351009036144,46.25928057228915,73.59002274096386,66.62553659638554,72.75752213855421,19815.67921686747,56.809573795180725,,,,,,,,,,,,,,,,,,
2014-06,7082.138195488722,6146.382105263158,653257.1687271938,160851.51599348872,61.07545443609023,61.380294436090225,61.05086015037594,67.99073684210526,60.373602406015046,58.03540045112781,79.84065879699247,115173.02706766916,108041.4887218045,6.097142857142858,16.1793984962406,2648.933834586466,2084.6796992481204,2398.3609022556393,1010.0932330827068,1388.2571428571428,350.74285714285713,99419.13684210526,22068.93984962406,679.693082706767,4877.75037593985,16434.887218045114,10050.296240601505,6384.590977443609,77350.1969924812,4617.99969924812,11262.269473684211,5681.98045112782,16770.335338345863,40.17052631578947,3.673082706766917,40.65353383458646,1453.8736842105263,179.29774436090224,291.66766917293234,633.6105263157895,349.30676691729326,1366.6814701378255,177.90658499234303,269.11485451761104,566.4088820826953,353.2526799387443,107548.63990858648,40547.32046601079,384177.7160614136,703793.9393604969,1.4877464493509034,790.9043609022555,3282.6222556390976,2365.6527819548874,516.0270466165413,188.57353684210528,173876.36541353384,570.9178947368422,1057.805864661654,647.4606530120482,0.1308489582936747,512.7268872180451,616.2774887218045,3.0328990061040724,18.480562440723144,5.36606015037594,5.478541353383458,4.875383458646617,5.020857142857143,5.415097744360902,6.086556390977443,6.397157894736843,7.334601503759399,8.347909774436092,0.1124812030075188,-0.4906766917293233,-0.345203007518797,0.0490375939849624,0.7204962406015037,1.0310977443609024,1.9685413533834584,2.98184962406015,94.7185110663984,2.29711037593985,207.85202240601504,1.968124060150376,1.178324060150376,101.2457142857143,102.51684210526317,98.89142857142856,101.7803007518797,27.3317022556391,110.84646616541352,114.74874586466166,96.8328090225564,105.33962255639098,161.8643894736842,103.31671729323308,88.51702556390977,125.75083458646615,114.729584962406,112.21232330827068,112.3214045112782,10.314045112781956,12.018225563909777,9.627864661654131,85.57808219178084,3104.7178947368425,93852.4126506024,265868.1611445783,798.2145864661653,19.511851685393257,57.44124210526316,95.6222962406015,59.77111729323309,51.73018947368421,142786.3445692884,56.770430375939846,73.18219969924813,46.97401924812031,46.3634230075188,73.61689729323308,66.67185864661654,72.82211082706766,19825.523308270676,56.88696240601504,,,,,,,,,,,,,,,,,,
2014-07,7082.138195488722,6146.382105263158,653257.1687271938,161272.32302653155,61.13937582582584,61.434223723723726,61.10910375375375,68.03425645645646,60.450652852852855,58.09751441441442,79.8369066066066,115233.86936936936,108098.81531531533,6.097147147147147,16.205405405405404,2648.575075075075,2085.1771771771773,2401.596096096096,1010.7867867867868,1390.7987987987988,350.68918918918916,99478.31381381382,22064.414414414416,679.942942942943,4879.468468468468,16428.426426426427,10046.714714714715,6381.711711711711,77413.8993993994,4619.8887387387385,11268.414714714714,5685.393393393393,16778.09009009009,40.172672672672675,3.674324324324324,40.65585585585585,1452.9954954954956,179.1771771771772,291.5405405405405,633.2297297297297,349.0570570570571,1366.079510703364,177.78899082568807,268.9785932721713,566.2614678899082,353.0519877675841,107747.68249130632,40619.827969662474,385248.6324036637,705347.7875719849,1.487449086269173,793.9653153153151,3294.7854354354354,2369.2917417417416,521.2143588588589,192.3778828828829,177702.50900900902,572.6249249249249,1061.6142642642642,649.987367518797,0.1308921827609022,514.8805855855857,619.2493993993994,3.0280082936186186,18.480562440723144,5.358153153153154,5.47048048048048,4.868123123123123,5.0134084084084085,5.407117117117117,6.0799399399399405,6.391456456456458,7.32996996996997,8.342582582582583,0.1123273273273273,-0.49003003003003,-0.3447447447447447,0.0489639639639639,0.7217867867867868,1.0333033033033034,1.9718168168168169,2.98442942942943,94.68220883534136,2.2950063063063064,207.69317987987984,1.9677076576576575,1.178180930930931,101.396996996997,102.6885885885886,99.04789789789788,102.01606606606607,27.4495075075075,110.97732732732732,114.93334684684685,96.88016516516517,105.51344294294296,162.27491891891893,103.44635285285284,88.55056756756757,125.99050300300298,114.91312612612612,112.38572522522522,112.49524924924924,10.330990990990989,12.037252252252252,9.642837837837837,85.57207031250002,3118.923573573574,94190.22255639096,266756.8330827068,801.2345345345344,19.49685368589744,57.44124210526316,95.6222962406015,59.77111729323309,51.73018947368421,143055.67537313432,56.83939249249249,73.21613063063063,47.063494744744744,46.46582387387387,73.64145450450451,66.71828528528528,72.89094984984985,19835.3993993994,56.88696240601504,,,,,,,,,,,,,,,,,,
2014-08,7104.491754122939,6165.524887556221,654884.5255748703,161689.55792454275,61.20400824587706,61.48905232383808,61.168380509745134,68.0781364317841,60.52817691154422,58.16137571214393,79.83377091454273,115295.02248875564,108156.1664167916,6.0973013493253365,16.22968515742129,2648.4827586206898,2085.695652173913,2404.84107946027,1011.3883058470764,1393.4437781109443,350.6071964017991,99537.60269865068,22060.02548725637,680.2154422788607,4881.215892053973,16422.049475262367,10043.206896551725,6378.842578710644,77477.57721139431,4621.762218890554,11274.594602698651,5688.790104947526,16785.808095952023,40.174812593703145,3.6754122938530736,40.658020989505246,1452.5322338830586,179.11094452773614,291.3373313343328,633.0899550224888,349.00299850074964,1365.6076335877865,177.70229007633588,268.8396946564886,566.1862595419848,352.88091603053437,108043.74143809597,40795.57021344444,386411.7109158021,706905.4740771321,1.4871526161696695,797.0572713643178,3306.9704647676167,2372.9374812593705,526.4432113943028,196.22592653673163,181572.20989505248,574.3637181409294,1065.428635682159,652.5215746246246,0.1308917824414414,517.0668215892055,622.2723988005998,3.0280082936186186,18.484581661713857,5.350254872563719,5.462473763118441,4.860869565217391,5.0059820089955025,5.399175412293853,6.073373313343328,6.38568215892054,7.325217391304348,8.337166416791606,0.1122188905547226,-0.4893853073463268,-0.3442728635682159,0.0489205397301349,0.7231184407796102,1.0354272863568217,1.9749625187406297,2.986911544227886,94.64579158316631,2.292911544227886,207.5343295352324,1.967316191904048,1.1780245877061468,101.5488755622189,102.86101949025488,99.2049475262369,102.23988005997002,27.56366116941529,111.11379310344827,115.11771814092955,96.92772713643176,105.68566566716645,162.68531934032984,103.57575712143928,88.5838095952024,126.229904047976,115.09628485757123,112.5586251874063,112.66886056971516,10.34790104947526,12.056146926536732,9.657811094452772,85.56471734892789,3133.2000000000003,94523.86786786788,267642.73873873876,804.286956521739,19.482246720000003,57.601976011994,95.6121724137931,59.935343328335826,51.913935532233886,143317.7843866171,56.914640029985016,73.24882848575713,47.15457196401798,46.575349325337335,73.6633580209895,66.76133508245877,72.95088485757121,19845.28635682159,57.00268815592204,,,,,,,,,,,,,,,,,,
2014-09,7114.284131736526,6173.211676646706,655687.668714938,162115.46726896707,61.26818218562875,61.54279131736527,61.22611377245509,68.11980538922155,60.60601571856288,58.22416676646708,79.82975494011976,115355.89670658682,108213.36976047904,6.097305389221557,16.252844311377245,2648.4236526946106,2086.2395209580836,2407.9026946107783,1012.0988023952096,1395.7934131736529,350.53592814371257,99596.76646706589,22055.661676646705,680.4883233532935,4883.0,16415.66017964072,10039.68113772455,6375.979041916167,77541.10479041917,4623.654191616766,11280.69401197605,5692.20508982036,16793.37874251497,40.17664670658683,3.6766467065868262,40.65988023952095,1451.7709580838325,179.00898203592814,291.11976047904193,632.877245508982,348.7739520958084,1365.0548780487804,177.59298780487805,268.672256097561,566.109756097561,352.6814024390244,108249.1774539072,40877.70336154203,387575.7308096407,708468.8976542279,1.4868570350359818,800.0856287425149,3319.1758982035926,2376.6109281437125,531.7882934131736,200.18672455089825,185554.52844311376,576.1182634730538,1069.2434131736527,655.065256071964,0.1309330708005996,519.2291916167666,625.2657784431138,3.0280082936186186,18.484581661713857,5.342380239520958,5.454491017964072,4.853637724550898,4.998562874251498,5.39125748502994,6.066721556886228,6.379745508982036,7.320359281437126,8.331706586826348,0.1121107784431137,-0.4887425149700599,-0.343817365269461,0.048877245508982,0.7243413173652695,1.037365269461078,1.9779790419161676,2.989326347305389,94.61196,2.2908410179640724,207.37775688622753,1.966871107784431,1.1778967065868264,101.69865269461076,103.03098802395208,99.36062874251496,102.45209580838323,27.66691916167665,111.24865269461078,115.30081736526944,96.97483832335328,105.85232185628742,163.09450449101797,103.70326946107784,88.61658083832336,126.46861826347303,115.2779266467066,112.72963023952096,112.84120508982036,10.364820359281437,12.0750748502994,9.67269461077844,85.55875486381323,3147.4826347305393,94862.56221889055,268538.56671664165,807.325748502994,19.470691054313097,57.679082335329355,95.60711676646709,60.01528143712574,52.00186976047904,143581.17407407408,56.98436646706587,73.28020583832335,47.24685718562874,46.67866212574851,73.68770583832335,66.79404491017965,73.01026706586826,19855.148203592813,57.08472604790419,,,,,,,,,,,,,,,,,,
2014-10,7124.067264573991,6180.8644245142,656478.1662168617,162534.3111146039,61.33346457399102,61.59723378176383,61.284356053811656,68.16220074738416,60.68545186846038,58.28690029895366,79.82564065769806,115416.44394618834,108270.74887892375,6.097010463378176,16.275635276532135,2648.026905829596,2086.8699551569507,2410.8370702541106,1012.7025411061286,1398.1225710014949,350.45142002989536,99656.46487294468,22051.31091180867,680.7777279521675,4884.778774289985,16409.272047832586,10036.165919282512,6373.106128550075,77605.15396113602,4625.516741405083,11286.885201793722,5695.654708520179,16801.038863976082,40.17877428998505,3.6777279521674138,40.662032884902835,1451.0941704035874,178.9118086696562,290.949177877429,632.6547085201794,348.58744394618833,1364.5464231354642,177.5068493150685,268.531202435312,566.0060882800609,352.50380517503805,108447.558354574,40950.93067696785,388742.9703749477,710030.6448134282,1.486547368815868,803.1,3331.6859491778773,2380.4182361733933,537.0801494768311,204.0944977578475,189483.7249626308,574.7702541106129,1073.1514200298952,657.6216880239521,0.1309748375314371,521.4324813153961,628.3007772795216,3.02308097767713,18.484581661713857,5.334529147982063,5.446517189835575,4.846412556053812,4.991150971599403,5.383363228699552,6.0602989536621825,6.373991031390136,7.315560538116593,8.326427503736921,0.1119880418535127,-0.4881165919282511,-0.3433781763826606,0.0488340807174887,0.7257698056801196,1.0394618834080718,1.9810313901345291,2.991898355754858,94.57580838323354,2.288817339312407,207.22835171898356,1.9663660687593425,1.177781913303438,101.847533632287,103.19955156950672,99.51629297458894,102.6645739910314,27.764890881913303,111.38430493273545,115.48367563527653,97.02176532137518,106.01746337817636,163.50349476831093,103.8303692077728,88.64861434977578,126.70726756352762,115.45919880418536,112.90012257100148,113.01330792227203,10.381659192825111,12.093991031390134,9.687533632286994,85.5568932038835,3161.5986547085204,95205.66916167663,269432.41916167666,810.3668161434978,19.45849298245614,57.75600149476831,95.60182361733932,60.09513452914799,52.08960538116592,143830.41328413284,57.0545316890882,73.31240164424514,47.3375754857997,46.78325440956652,73.71253617339312,66.83695336322869,73.06910403587445,19865.083707025413,57.16597010463378,,,,,,,,,,,,,,,,,,
2014-11,7133.308805970149,6188.029701492537,657273.6143988993,162956.09721741793,61.39883283582088,61.6517923880597,61.342756268656714,68.20547761194031,60.76493059701493,58.35084044776119,79.82240492537314,115477.43134328358,108328.976119403,6.096567164179104,16.30014925373134,2647.765671641791,2087.2059701492535,2413.70447761194,1013.3059701492538,1400.3880597014925,350.3462686567164,99716.28208955225,22047.09552238806,681.0626865671642,4886.592537313433,16402.989552238807,10032.717910447762,6370.271641791045,77669.18656716419,4627.425522388059,11293.079104477612,5699.076119402985,16808.66417910448,40.18134328358209,3.6788059701492535,40.66417910447761,1450.4746268656716,178.77611940298507,290.74477611940296,632.5388059701493,348.42388059701494,1364.132218844985,177.38145896656536,268.3723404255319,565.9802431610942,352.3996960486322,108651.5724465821,41024.9664511622,389915.71071767167,711593.7514728998,1.4862834714035873,806.1614925373134,3343.8940298507464,2384.095223880597,542.310271641791,207.90975522388055,193320.45970149257,576.5132835820895,1076.9431343283582,660.2280686098654,0.1310252432346786,523.545671641791,631.1987611940299,3.02308097767713,18.48934531632384,5.326701492537314,5.438567164179104,4.839208955223881,4.983776119402985,5.3754776119402985,6.053567164179105,6.367910447761194,7.310492537313434,8.321000000000002,0.111865671641791,-0.4874925373134328,-0.3429253731343283,0.048776119402985,0.7268656716417911,1.0412089552238808,1.9837910447761191,2.994298507462686,94.54842629482071,2.28682328358209,207.08028910447763,1.9658302985074625,1.177697462686567,101.99507462686567,103.3662686567164,99.66850746268656,102.86761194029852,27.84942089552239,111.5079104477612,115.6660014925373,97.06814029850746,106.17971641791046,163.91234626865673,103.9560776119403,88.6802,126.94621641791043,115.63986119402983,113.06973731343284,113.18486417910448,10.398597014925372,12.113074626865671,9.702373134328358,85.55949612403101,3175.9220895522385,95548.19431988042,270328.76233183854,813.4316417910447,19.45462898089172,57.832859701492545,95.59645074626866,60.174007462686575,52.1776,144074.76102941178,57.12145462686568,73.34660552238806,47.42750432835821,46.88807402985074,73.73950731343282,66.8798404477612,73.12659686567164,19875.08805970149,57.24801940298508,,,,,,,,,,,,,,,,,,
2014-12,7143.069895678092,6195.753949329359,658075.0985565129,163385.13582067066,61.4680037257824,61.71079523099851,61.4058910581222,68.25376482861401,60.84744515648286,58.41756005961251,79.82124664679583,115538.41430700448,108387.03576751116,6.096125186289121,16.325037257824143,2647.5886736214607,2087.657228017884,2416.436661698957,1013.9284649776451,1402.4962742175858,350.26974664679585,99776.47242921012,22042.929955290612,681.3374068554397,4888.403874813711,16396.767511177346,10029.311475409835,6367.456035767511,77733.54247391953,4629.30089418778,11299.376453055142,5702.535022354695,16816.333830104322,40.18360655737705,3.680029806259314,40.6666169895678,1449.8837555886737,178.67809239940388,290.59910581222056,632.3099850968704,348.30551415797316,1363.658573596358,177.29286798179058,268.19271623672233,565.8801213960546,352.29438543247346,108851.45385873324,41100.15512295729,391092.6127881371,713160.1264707014,1.4860054363716415,809.2123695976155,3356.142026825633,2387.8117734724296,547.2367153502234,211.43760804769,196869.86140089415,578.2497764530552,1080.6587183308495,662.8158256716418,0.1310703284552238,525.8124739195232,634.2968554396424,3.02308097767713,18.48934531632384,5.318897168405366,5.430655737704917,4.832026825633383,4.97645305514158,5.367660208643815,6.0469597615499255,6.361892697466468,7.305439642324889,8.315737704918034,0.1117585692995529,-0.4868703427719821,-0.3424441132637854,0.04876304023845,0.7280625931445605,1.042995529061103,1.9865424739195232,2.996840536512668,94.52502982107356,2.2848521609538004,206.94499716840537,1.9652509687034276,1.1776301043219075,102.1397913561848,103.5290611028316,99.81713859910582,103.06646795827125,27.920867362146055,111.63412816691503,115.84687481371088,97.11218628912071,106.33497615499256,164.32289418777944,104.07862891207152,88.71050670640835,127.1853129657228,115.8188047690015,113.23715797317436,113.35484053651268,10.415424739195233,12.132026825633384,9.717153502235467,85.56576402321083,3190.3041728763033,95892.26567164178,271224.0313432836,816.5138599105813,19.443205723370426,57.909065573770505,95.5899657228018,60.2509612518629,52.2654605067064,144303.20146520148,57.19521192250373,73.38535424739196,47.52142816691504,46.9973345752608,73.76728807749627,66.94153204172876,73.18800804769,19885.18777943368,57.333295081967215,,,,,,,,,,,,,,,,,,
2015-01,7143.0698956780925,6195.749925484352,658010.6343940299,163798.52847569942,61.53495223214286,61.767681547619055,61.46662261904763,68.29867172619048,60.92759538690476,58.48288675595237,79.81896473214286,115599.08482142857,108445.83035714286,6.094940476190475,16.348809523809525,2647.220238095238,2088.0104166666665,2418.7663690476193,1014.4270833333334,1404.3318452380952,349496.9974409226,99836.94642857143,22038.947916666668,681.6324404761905,4890.331845238095,16390.59375,10025.940476190475,6364.653273809524,77797.99851190476,4631.213392857143,11305.64761904762,5705.982142857143,16823.964285714286,40.18571428571428,3.681547619047619,40.66889880952381,1449.438988095238,178.5907738095238,290.42410714285717,632.2068452380952,348.2261904761905,1363.1954545454546,177.1712121212121,268.02878787878785,565.8757575757576,352.1212121212121,109026.9755047619,41154.29694334281,392244.5895550893,714726.5346279731,1.4857580363174367,812.3540178571429,3368.3302083333333,2391.5302083333336,552.2235773809523,215.09013541666667,200543.91666666663,580.0402287202381,1084.4728523809524,665.4414156482861,0.1311170238822652,528.0846726190475,,3.018272625247024,18.48934531632384,5.311160714285714,5.422797619047619,4.824880952380952,4.96921130952381,5.359985119047619,6.040401785714286,6.355714285714286,7.300208333333333,8.310416666666667,0.1116369047619047,-0.4862797619047619,-0.3419494047619048,0.0488244047619047,0.7292410714285714,1.0445535714285714,1.989047619047619,2.999255952380953,94.50455337301588,2.282903422619048,206.8146077380952,1.9646544642857144,1.1775937500000002,102.28065476190476,103.68616071428572,99.9608630952381,103.24806547619048,27.967547619047615,111.75833333333334,116.02589583333334,97.15387648809524,106.48030803571427,164.73529613095238,104.19738541666668,,127.42442410714288,115.99554464285714,,113.52281547619047,10.432261904761903,12.15074404761905,9.732127976190476,85.56471734892789,3204.704613095238,96235.35053651266,272122.23555886734,819.5918172619048,,57.90906557377049,95.5899657228018,60.2509612518629,52.26546050670641,144527.03284671533,57.268802827380945,73.41985520833333,47.61601830357143,47.10271785714286,73.79609434523809,66.98728482142857,73.24677261904762,19895.282738095237,57.333295081967215,55.721577380952375,75.00454272863568,0.011993527191904,49.590476190476195,53.039434523809526,55.48363095238095,53.74092261904761,47.19940476190476,62.59985119047619,88.73992113095238,113.40518601190476,,,,,,,
2015-02,7152.947767857144,6203.487946428571,658815.8301698957,164211.02546161963,61.60000698365526,61.82257890044577,61.525236849925705,68.34283268945022,61.00595958395246,58.54652095096583,79.815388410104,115660.86924219911,108504.90193164934,6.094353640416047,16.37251114413076,2646.8276374442794,2088.3521545319463,2421.383358098068,1014.9702823179792,1406.405646359584,349561.13414784544,99900.64784546803,22038.22585438336,681.5906389301634,4894.723625557206,16385.618127786034,10022.980683506688,6362.637444279346,77862.4219910847,4632.102377414561,11312.007578008916,5710.025260029718,16830.649331352153,40.18736998514116,3.6830609212481424,40.6704309063893,1448.823179791976,178.4710252600297,290.20653789004456,632.0148588410104,348.13967310549776,1362.4478063540091,177.1285930408472,267.79878971255675,565.6838124054462,351.8381240544629,109214.4421087667,41222.094289187946,393387.19640567614,716290.5665704911,1.4855262535252978,815.4928677563151,3380.710698365528,2395.3869242199107,557.3847652303119,218.8501560178306,204325.4531946508,581.8546731054977,1088.2713526002972,668.0564872023809,0.1311625640059524,530.3159286775631,,3.018270481794642,18.493226049235822,5.303432392273403,5.414977711738484,4.817756315007429,4.961946508172362,5.352317979197622,6.0334621099554235,6.3490638930163446,7.294502228826151,8.304680534918276,0.1115453194650817,-0.4856760772659733,-0.3414858841010401,0.0488855869242199,0.7300297176820209,1.0456315007429422,1.9910698365527493,3.001248142644874,94.49044514851484,2.2809144130757804,206.68301099554233,1.96398514115899,1.1776451708766715,102.41560178306092,103.83358098068352,100.09539375928676,103.3884101040119,27.99615453194651,111.87176820208025,116.20211292719168,97.19590638930164,106.61009658246655,165.1465646359584,104.30969539375928,,127.66422882615156,116.1691426448737,,113.68793313521545,10.449063893016346,12.169747399702825,9.746537890044577,85.55875486381323,3219.2257057949487,96575.62053571428,273027.24072916666,822.7633855869242,,57.98465922619047,95.58274851190475,60.32591666666667,52.353208333333335,144712.6690909091,57.34144279346211,73.45366701337296,47.70624160475483,47.2064676077266,73.82227473997028,67.02976656760772,73.30249390787519,19904.78008915305,57.41642857142857,55.71827637444279,75.00454272863568,0.011993527191904,49.59628528974741,53.03803863298663,55.474739970282315,53.73922734026746,47.205052005943536,62.55884101040119,88.76924368499257,113.56405200594354,,,,,,,
2015-03,7173.246735905044,6219.478189910979,659625.8572083333,164616.55509743324,61.66482106824925,61.87776543026707,61.58506706231454,68.3888565281899,61.0834381305638,58.6086471810089,79.81063976261127,115722.206231454,108563.940652819,6.093471810089021,16.395252225519286,2646.507418397626,2088.5519287833827,2423.7908011869436,1015.4451038575668,1408.338278931751,349486.97066587536,99961.78635014837,22034.563798219584,681.8212166172107,4896.902077151335,16379.578635014836,10019.672106824926,6359.906528189911,77927.22255192879,4633.996142433233,11318.257121661722,5713.531157270029,16838.207715133532,40.189317507418394,3.683976261127597,40.67240356083086,1448.019287833828,178.26854599406528,289.9258160237389,631.8427299703264,347.99109792284867,1362.52416918429,177.04380664652567,267.67824773413895,565.9063444108762,351.89728096676737,109393.3183074184,41285.55960903009,394518.6471528487,717843.4379426002,1.4853100183789003,818.7166172106827,3393.2341246290807,2399.290504451039,562.2943204747775,222.31784421364983,207814.6646884273,583.5200563798219,1092.1337363501484,670.6919676077266,0.1312060570074294,532.6184272997032,,3.018270481794642,18.493226049235822,5.295727002967358,5.407166172106825,4.810637982195845,4.954688427299703,5.344703264094956,6.026691394658753,6.342581602373887,7.289035608308606,8.299050445103859,0.1114391691394658,-0.4850890207715134,-0.3410385756676558,0.0489762611275964,0.7309643916913947,1.046854599406528,1.9933086053412463,3.003323442136499,94.47987786561264,2.278919139465875,206.5525614243323,1.9633455489614249,1.1777523738872404,102.5492581602374,103.98086053412464,100.22759643916912,103.52344213649852,28.029661721068248,111.98486646884272,116.378646884273,97.2391409495549,106.74234421364984,165.55641394658755,104.42301483679526,,127.90366468842733,116.34311572700295,,113.85343768545997,10.465816023738872,12.188397626112762,9.761379821958457,85.5568932038835,3233.878041543027,96920.5146359584,273932.6369687964,826.0522658753708,,58.13435311572701,95.56864540059348,60.46883086053412,52.528678041543024,144874.65217391303,57.410724480712155,73.49075563798219,47.797048813056385,47.30724198813056,73.84681023738874,67.10572344213651,73.36752002967359,19914.96290801187,57.58264985163205,55.71528189910979,75.0006994047619,0.0119689586755952,49.59896142433234,53.037833827893174,55.47032640949555,53.740059347181,47.21290801186944,62.51795252225519,88.79935163204749,113.7240934718101,,,,,,,
2015-04,7183.243555555555,6227.304740740741,660442.7593521544,165029.86094173335,61.72986192592592,61.93283925925926,61.64365674074074,68.43451688888888,61.16155244444445,58.671384740740734,79.80634785185184,115783.21925925926,108622.8548148148,6.092592592592593,16.41644444444444,2646.2725925925924,2088.882962962963,2425.8533333333335,1015.7970370370372,1410.048888888889,349356.2961136296,100022.6962962963,22030.826666666668,682.0333333333333,4899.022222222222,16373.542222222222,10016.36148148148,6357.1807407407405,77991.86962962963,4635.868296296296,11324.609925925926,5717.028148148148,16845.684444444443,40.190814814814814,3.684888888888889,40.67392592592593,1447.2488888888888,178.15555555555557,289.6666666666667,631.6474074074074,347.78814814814814,1362.0407239819006,176.9713423831071,267.4977375565611,565.8054298642534,351.7677224736048,109586.22450251853,41354.366040816254,395646.0787866963,721013.1850673145,1.484649321022255,821.9447407407408,3405.791111111111,2403.1955555555555,567.5078933333333,226.03716888888889,211555.44592592592,585.3874891851852,1095.9953768888888,673.344312166172,0.1312527039228486,534.9593185185184,,3.0135036358014813,18.500138881111443,5.288044444444444,5.399362962962963,4.803555555555556,4.947511111111111,5.337155555555555,6.020014814814815,6.336207407407406,7.28362962962963,8.293481481481482,0.1113185185185185,-0.4844888888888889,-0.3405333333333333,0.0491111111111111,0.7319703703703704,1.048162962962963,1.9955851851851851,3.005437037037037,94.47433333333332,2.2769945185185185,206.42491985185185,1.9626528888888892,1.1778768888888889,102.68414814814815,104.12903703703704,100.3591111111111,103.65392592592592,28.058980740740736,112.08607407407406,116.55547851851853,97.28322518518516,106.87741629629627,165.96704888888888,104.53719851851852,,128.14290814814817,116.51764296296297,,114.0192177777778,10.482607407407407,12.207688888888889,9.77605925925926,85.55949612403101,3248.64562962963,97263.21807121662,274830.59246290795,829.2390471111111,,58.20910370370371,95.56168592592591,60.54089629629629,52.61605925925925,145053.51624548738,57.481404740740736,73.52701925925926,47.88619496296296,47.40723585185185,73.87277496296296,67.16440325925926,73.43329762962962,19925.11703703704,57.66575555555555,55.71244444444443,75.0006994047619,0.0119689586755952,49.599555555555554,53.035555555555554,55.46488888888889,53.73525925925925,47.21925925925926,62.48311111111111,88.83014814814815,113.88600444444444,,,,,,,
2015-05,7183.243555555555,6227.304740740741,661251.3101543026,165057.2649935947,61.794405621301784,61.98821183431952,61.70268284023668,68.4812772189349,61.23819985207101,58.735133875739656,79.80282426035502,115844.29733727813,108681.87869822486,6.091568047337278,16.437721893491123,2646.394970414201,2089.205621301775,2427.683431952663,1015.9792899408284,1411.698224852071,349239.71247677517,100083.80177514792,22027.174556213016,682.2133136094675,4901.211538461538,16367.55325443787,10013.087278106508,6354.465976331361,78056.62721893491,4637.752071005916,11330.893934911242,5720.547337278106,16853.1775147929,40.19230769230769,3.685798816568048,40.67559171597633,1446.7869822485206,178.15532544378698,289.50295857988164,631.4748520710059,347.66272189349115,1361.9834337349398,177.02560240963857,267.35993975903614,565.9442771084338,351.6551204819277,109700.91204023668,41527.16786437742,398564.22955772193,722088.4633116592,1.484435025731852,825.158875739645,3418.34926035503,2407.0970414201183,572.7171065088756,229.78081065088753,215320.43343195267,587.269350147929,1099.855650443787,675.7766685925926,0.1312818810933333,537.2184467455621,,3.0135480347644443,18.500138881111443,5.2803994082840235,5.391568047337278,4.796479289940828,4.940325443786982,5.329600591715976,6.01310650887574,6.329704142011833,7.278062130177515,8.28784023668639,0.1111686390532544,-0.4839201183431953,-0.3400739644970414,0.0492011834319526,0.732707100591716,1.0493047337278107,1.9976627218934913,3.007440828402367,94.46723523622047,2.2750455621301775,206.29634674556215,1.96196375739645,1.1779594674556213,102.81656804733728,104.2741124260355,100.48668639053254,103.78446745562132,28.09802071005917,112.1869822485207,116.7321449704142,97.32653846153843,107.01125591715976,166.3810029585799,104.650575443787,,128.3825828402367,116.69206952662724,,114.18468639053256,10.499437869822485,12.226656804733729,9.79096153846154,85.55949612403101,3263.3658284023672,97603.1310074074,275725.58879999997,832.442722781065,,58.20910370370371,95.56168592592591,60.54089629629629,52.61605925925925,145231.08633093524,57.55514068047337,73.56387707100592,47.974991568047336,47.50689008875739,73.90063076923077,67.20742914201183,73.50030591715976,19935.28846153846,57.66575555555555,55.70636094674556,75.0006994047619,0.0119689586755952,49.596005917159765,53.03017751479289,55.45310650887574,53.730473372781056,47.22263313609467,62.45059171597633,88.86177810650888,114.04807544378696,,,,,,,
2015-06,7203.651846381093,6243.370753323486,662878.6820181952,165476.4078825997,61.85916883308716,62.042478729689805,61.76084785819793,68.52692082717873,61.31667607090103,58.79753973412112,79.79827607090104,115905.7813884786,108741.12998522897,6.090694239290989,16.45878877400295,2646.0576070901034,2089.8596750369275,2429.7031019202363,1016.3884785819794,1413.3087149187593,349081.7320985229,100145.33973412112,22023.52880354505,682.3667651403249,4903.382570162482,16361.61447562777,10009.844903988183,6351.7695716395865,78121.81093057607,4639.61447562777,11337.27001477105,5724.094534711964,16860.732644017724,40.19230769230769,3.686410635155096,40.677252584933534,1446.2392909896605,178.1063515509601,289.30280649926146,631.2983751846381,347.54062038404726,1361.815037593985,177.19248120300753,267.21503759398496,565.8872180451128,351.5218045112782,109873.25338230428,41581.85594928697,399738.59849645494,723640.0336335651,1.484310121912722,828.3530280649928,3430.9355982274747,2410.9818316100445,577.7185214180207,233.34351698670605,218904.37075332348,589.2855641063516,1104.275708714919,678.4457649408284,0.1313263127751479,539.5444756277695,,3.0135480347644443,18.500138881111443,5.272776957163959,5.383825701624815,4.789423929098966,4.93314623338257,5.322082717872968,6.006499261447563,6.323604135893649,7.273190546528803,8.282821270310192,0.1110487444608567,-0.4833530280649926,-0.3396307237813885,0.0493057607090103,0.7337223042836042,1.0508271787296897,2.000413589364846,3.0100443131462336,94.45689430255403,2.273061152141802,206.17005672082715,1.961348744460857,1.178018020679468,102.95332348596752,104.4251107828656,100.61757754800593,103.92466765140324,28.14406499261447,112.29586410635152,116.90983899556868,97.36883899556868,107.152682422452,166.79518316100445,104.76608567208272,,128.62220384047268,116.86777104874446,,114.35121122599703,10.516307237813884,12.24589364844904,9.805819793205316,85.58127413127413,3278.1389955686855,97947.33534023668,276622.99026627216,836.0039618906943,,58.3587223042836,95.54831314623338,60.68452141802068,52.791119645494824,145141.20430107528,57.628721270310194,73.59936986706056,48.06622141802068,47.61139084194978,73.92393323485967,67.27743515509601,73.56084032496307,19945.503692762188,57.832999999999984,55.70457902511078,75.0006994047619,0.0119689587306547,49.59911373707534,53.02983751846381,55.45361890694239,53.72599704579025,47.228951255539144,62.4314623338257,88.89329246676515,114.21183161004431,,,,,,,
2015-07,7203.651846381093,6243.370753323486,662878.6820181952,165880.8999063717,64.19167005899705,67.39182536873157,65.86408879056046,76.52644587020649,60.114126106194696,63.29139454277287,79.69804203539823,115966.44690265486,108800.12389380531,6.089528023598819,16.475958702064894,2645.6283185840707,2090.26401179941,2431.302359882006,1016.9439528023598,1414.3525073746312,348960.2406063422,100206.7005899705,22019.879056047197,682.5265486725664,4905.542772861357,16355.676991150442,10006.585545722714,6349.091445427729,78186.8215339233,4641.477581120944,11343.627286135694,5727.6312684365785,16868.109144542774,40.1952802359882,3.687758112094395,40.678908554572274,1445.9233038348082,178.17256637168143,289.08702064896755,631.2271386430679,347.4454277286136,1361.7777777777778,177.35285285285286,267.07507507507506,565.9174174174174,351.43393393393393,110055.8002062242,41649.610156757466,400911.46929513273,725225.6820329246,1.4841265028257018,831.5874631268438,3442.6541297935105,2414.379646017699,582.6939292035397,236.85057374631265,222432.50442477877,591.1997076696165,1108.1653258112094,681.1360778434268,0.1313735565731167,541.8449852507374,,3.008934834758112,18.500138881111443,5.2651917404129795,5.376150442477876,4.782389380530973,4.926002949852507,5.314646017699115,6.000117994100295,6.317758112094395,7.268643067846608,8.278171091445428,0.1109587020648967,-0.4828023598820059,-0.3391887905604719,0.0494542772861356,0.7349262536873157,1.052566371681416,2.0034513274336287,3.0129793510324485,94.4476225490196,2.2710833333333333,206.0484469026549,1.9607532448377585,1.1781042772861356,103.09262536873156,104.57949852507376,100.75029498525072,104.06858407079646,28.19078466076696,112.39601769911503,117.08812241887908,97.41073746312684,107.29660914454276,167.20706489675518,104.88230088495575,,128.86233628318584,117.04407522123894,,114.51844837758112,10.533200589970502,12.265073746312686,9.820707964601771,85.6053949903661,3292.8969026548675,98294.71338257016,277522.75310192024,839.2377654867257,,58.3587223042836,95.54831314623338,60.68452141802068,52.791119645494824,145317.76428571428,69.40750943952803,80.16588023598821,47.17382802359882,46.9877994100295,84.28013053097345,69.92315914454277,71.46314675516223,19955.746312684365,57.832999999999984,55.70206489675516,75.0006994047619,0.0119689587306547,49.60781710914455,53.03053097345132,55.45442477876106,53.71873156342182,47.23746312684366,62.412389380530975,88.92449557522124,114.37631120943952,,,,,,,
2015-08,7224.723416789397,6254.767304860088,940762.7736876972,166297.47442786454,64.2549646539028,67.44538748159059,65.9189027982327,76.56850530191458,60.189473637702505,63.35359631811488,79.69267290132548,116027.0353460972,108859.09278350516,6.088365243004418,16.493372606774667,2645.39617083947,2090.5095729013256,2432.681885125184,1017.1958762886596,1415.480117820324,349505.2489029455,100268.38586156112,22016.24742268041,682.6661266568483,4907.709867452136,16349.771723122238,10003.303387334316,6346.468335787923,78252.1384388807,4643.376435935198,11350.073195876288,5731.176730486009,16875.571428571428,40.19661266568483,3.6886597938144337,40.68055964653903,1445.618556701031,178.15758468335787,288.9322533136966,631.1413843888071,347.3961708394698,1361.4302848575712,177.25787106446776,266.9295352323838,565.9325337331335,351.31184407796104,110249.91832079527,41721.71259507894,402083.39349351986,726828.8948912831,1.4839581746504429,834.8332842415317,3455.344329896908,2418.2833578792342,587.7110162002946,240.40351840942557,226006.40942562593,593.1184675994109,1112.0698703976436,683.8427061946902,0.1313885576622419,544.1311340206186,,3.008934834758112,18.508341275781067,5.257628865979381,5.368512518409426,4.775390279823269,4.918924889543446,5.307260677466863,5.993681885125184,6.3118703976435935,7.264050073637702,8.273637702503683,0.1108836524300441,-0.482238586156112,-0.3387039764359352,0.0496318114874815,0.7360530191458027,1.0542415316642122,2.006421207658321,3.0160088365243003,94.44213796477496,2.269144624447718,205.9265948453608,1.9601571428571432,1.178263622974963,103.23019145802652,104.7318114874816,100.8818851251841,104.20603829160532,28.224229749631817,112.4880706921944,117.26634167893964,97.4530648011782,107.4401914580265,167.61861413843891,104.99835493372608,,129.10244771723123,117.22029602356407,,114.68563181148748,10.550029455081004,12.2840206185567,9.83564064801178,85.62423076923076,3307.836671575847,98637.572079646,278992.2981858407,842.4466353460972,,58.52388512518409,95.53519734904272,60.82886745213549,52.989960235640645,145494.25266903915,69.48428497790869,80.1965941089838,47.26016347569956,47.07858409425626,84.31050574374079,69.96763991163475,71.52299882179676,19966.128129602355,57.94775405007363,55.702503681885126,75.0006994047619,0.0119689587306547,49.61237113402062,53.030044182621495,55.4559646539028,53.71163475699558,47.24079528718704,62.38527245949926,88.95502209131077,114.53970103092784,,,,,,,
2015-09,7234.724411764705,6262.627647058825,669581.604337997,166710.45167135296,64.31692647058823,67.49950602941176,65.9749861764706,76.61135382352941,60.26102058823529,63.41521470588235,79.68690926470587,116087.38529411764,108918.17647058824,6.0869117647058815,16.510882352941177,2644.586764705882,2090.926470588235,2434.1588235294116,1017.5382352941176,1416.6147058823528,349394.75470367644,100330.26470588236,22012.59705882353,682.7866176470588,4909.891176470588,16343.851470588235,10000.057352941176,6343.794117647059,78317.66764705883,4645.26338235294,11356.480294117646,5734.7764705882355,16883.191176470587,40.19838235294118,3.689558823529412,40.682205882352946,1445.0926470588236,178.05882352941177,288.7279411764706,631.0661764705883,347.2485294117647,1361.1302395209582,177.1556886227545,266.7934131736527,565.9625748502993,351.22005988023955,110435.57579385294,41789.12991102451,403249.95909132354,728422.8214083799,1.4837608872061858,838.0910294117648,3468.114117647059,2422.2295588235297,592.7336014705882,243.97065735294117,229594.375,595.0280772058824,1115.9739744117644,686.596085861561,0.1314401169882179,546.33075,,3.0089348347581124,18.508341275781067,5.25010294117647,5.361,4.768470588235294,4.912014705882353,5.300014705882353,5.987132352941177,6.305779411764706,7.259308823529412,8.26910294117647,0.1108970588235294,-0.4816323529411765,-0.3380882352941176,0.0499117647058823,0.7370294117647059,1.055676470588235,2.0092058823529406,3.019,94.4371763671875,2.267231911764706,205.8046495588235,1.9595654411764707,1.1784642647058825,103.36588235294118,104.88161764705882,101.01235294117646,104.32941176470588,28.245767647058823,112.56823529411764,117.44378970588237,97.49584705882354,107.57957794117648,168.0291926470588,105.11291176470588,,129.34247647058825,117.39557941176471,,114.8520573529412,10.566882352941176,12.30320588235294,9.85045588235294,85.6383877159309,3322.9017647058818,98991.44617083944,279902.4711487481,845.6544839705881,19.38813369905956,58.59929117647058,95.52735735294118,60.90083529411765,53.078644117647066,145664.0815602837,69.55735735294118,80.22925,47.34789455882352,47.167105,84.33725485294117,70.01372367647059,71.57918014705882,19976.460294117645,58.032029411764704,55.69941176470588,75.0006994047619,0.0119689587306547,49.61470588235294,53.02720588235294,55.45044117647059,53.70720588235293,47.24264705882353,62.35088235294118,88.984775,114.70160147058824,,,,,,,
2015-10,7244.750073421439,6270.485168869311,670381.4019786764,167122.79462044057,64.38029882525697,67.55621908957416,66.03344669603524,76.65657841409691,60.33231864904551,63.47842760646109,79.68231982378853,116147.04405286344,108976.74008810573,6.085462555066079,16.52525697503671,2644.173274596182,2091.1130690161526,2435.4566813509546,1017.826725403818,1417.6240822320117,349278.85024860495,100391.87958883996,22008.92657856094,682.8900146842877,4912.070484581498,16337.935389133629,9996.819383259912,6341.116005873715,78382.953010279,4647.115418502202,11362.87268722467,5738.301027900146,16890.772393538915,40.19897209985316,3.690161527165933,40.68355359765051,1444.7371512481643,177.9985315712188,288.4992657856094,631.064610866373,347.18355359765053,1360.7473841554558,177.06726457399105,266.6457399103139,565.932735426009,351.1031390134529,110609.05218769456,41838.02828530594,404399.68161835533,730011.1349063088,1.4835935917838234,841.4603524229075,3480.9825256975037,2426.233773861968,597.8119471365638,247.57903964757705,233223.49045521292,596.9630659324523,1119.8966254038178,689.3403548529412,0.1314905886294117,548.3851982378854,,3.0048748497298092,18.517042172942563,5.2425991189427315,5.35352422907489,4.761497797356828,4.905066079295154,5.292775330396476,5.980528634361233,6.299706314243759,7.254625550660792,8.264801762114537,0.1109251101321585,-0.4811013215859032,-0.3375330396475771,0.0501762114537445,0.7379295154185023,1.0571071953010278,2.012026431718062,3.022202643171806,94.43185185185187,2.265330690161527,205.67886828193832,1.9589402349486051,1.178681791483113,103.49794419970632,105.02628487518356,101.13847283406756,104.443906020558,28.27107488986784,112.64596182085168,117.62018061674009,97.5379603524229,107.71173861967694,168.43971218795886,105.22500440528634,,129.5827973568282,117.56950807635828,,115.01738913362702,10.58359765051395,12.321571218795889,9.865550660792952,85.6676864244742,3338.081497797357,98991.44617083944,279902.4711487481,848.8452720998532,19.396071361502347,58.6742422907489,95.5198898678414,60.971446402349486,53.16702202643172,145820.22261484098,69.63189045521293,80.26451776798825,47.43799853157122,47.25509544787078,84.36389309838472,70.06519544787079,71.64022187958884,19986.738619676944,58.11505873715125,55.69368575624081,75.0006994047619,0.0119689587306547,49.616005873715125,53.0230543318649,55.44258443465492,53.702055800293685,47.24449339207048,62.3151248164464,89.01408957415566,114.86183994126284,,,,,,,
2015-11,7255.473020527858,6279.0388563049855,671206.2457349485,167533.4767397654,64.44416627565982,67.61277639296188,66.09206422287392,76.70390571847507,60.40498548387097,63.54240513196482,79.67830205278592,116206.98680351906,109035.60117302052,6.083870967741936,16.54208211143695,2643.706744868035,2091.435483870968,2436.8123167155427,1018.1202346041056,1418.6862170087977,349149.7720803519,100453.89002932551,22005.33431085044,682.9843108504399,4914.316715542522,16332.036656891496,9993.57478005865,6338.461876832845,78448.55571847508,4649.003225806452,11369.277859237536,5741.859237536657,16898.17008797654,40.20102639296187,3.691202346041056,40.68533724340176,1444.1275659824048,177.9266862170088,288.30205278592376,630.8797653958944,347.02785923753663,1360.449253731343,176.99850746268658,266.50597014925376,565.9746268656717,350.97164179104476,110798.73392935484,41912.54656054974,405556.3111174486,731609.0994659177,1.4834414719721,844.6778592375367,3493.757917888563,2430.1872434017596,602.9455234604105,251.2130058651026,236878.21994134897,598.9095860703812,1123.8380524926686,692.1097276064611,0.1315363085580029,550.6180351906158,,3.0048748497298092,18.517042172942563,5.23508797653959,5.346041055718475,4.754545454545455,4.898035190615836,5.285395894428152,5.973797653958944,6.29350439882698,7.249780058651027,8.260513196480938,0.1109530791788856,-0.4805425219941349,-0.3370527859237536,0.050307917888563,0.7387096774193549,1.05841642228739,2.014692082111437,3.0254252199413494,94.42725505836576,2.263429472140763,205.5533099706745,1.9583175953079184,1.1788702346041051,103.6282991202346,105.16906158357772,101.26275659824049,104.55615835777128,28.297392961876835,112.72609970674486,117.79675219941348,97.57848093841643,107.84370821114368,168.85364809384163,105.33683431085043,,129.8237521994135,117.74365395894426,,115.18276246334312,10.600630498533723,12.340938416422288,9.880527859237535,85.68759541984734,3353.1797653958947,99344.56041176472,280810.2842352941,852.0691052785924,19.3916909375,58.74916568914956,95.51206744868034,61.04167741935484,53.255568914956015,145971.8204225352,69.7099090909091,80.30155571847509,47.524637096774185,47.34450982404691,84.39211627565983,70.11797624633431,71.70081378299119,19997.06451612903,58.19774193548387,55.689589442815254,75.0006994047619,0.0119689587306547,49.613049853372445,53.018768328445745,55.43885630498534,53.69721407624633,47.24340175953079,62.28093841642229,89.04266129032258,115.02099266862167,,,,,,,
2015-12,7265.669985358711,6287.068521229868,672022.7131165689,167944.72494366037,64.50598579795023,67.66703265007321,66.14716647144948,76.74628814055637,60.47596325036602,63.60486398243045,79.67321566617862,116267.15373352855,109094.64714494876,6.082284040995607,16.558857979502196,2643.358711566618,2091.6852122986825,2438.106881405564,1018.4890190336748,1419.610541727672,349033.94342825765,100516.09956076134,22001.83016105417,683.0557833089313,4916.648609077599,16326.163982430457,9990.317715959003,6335.84626647145,78514.26939970718,4650.883016105417,11375.746705710102,5745.449487554904,16905.581259150804,40.20248901903367,3.691947291361641,40.68711566617863,1443.7569546120058,177.86383601756955,288.1493411420205,630.8814055636896,346.87115666178624,1360.3323397913562,176.9269746646796,266.4128166915052,566.070044709389,350.92399403874816,110985.65818421668,41972.66407525261,406710.8055374817,733192.9600238856,1.4832751355029326,847.970131771596,3506.633821376281,2434.185065885798,607.9574729136165,254.740279648609,240426.31478770133,600.8915846266472,1127.8471973645678,694.888317888563,0.1315870690395894,552.8581551976574,,3.0048748497298092,18.517042172942563,5.227598828696925,5.338653001464129,4.747759882869693,4.891332357247437,5.278360175695461,5.967496339677892,6.287598828696925,7.245109809663251,8.256412884333821,0.1110541727672035,-0.4798389458272328,-0.3362664714494875,0.0507613469985358,0.7398975109809662,1.06,2.017510980966325,3.0288140556368957,94.42644213592231,2.2615939970717425,205.43191888726207,1.9576749633967792,1.1790884333821374,103.75827232796485,105.31112737920937,101.38477306002927,104.65358711566616,28.31802635431918,112.795168374817,117.97290775988289,97.61830014641288,107.97426500732064,169.2687540263543,105.44736163982432,,130.065121522694,117.91747144948756,,115.34765446559298,10.617496339677892,12.36,9.895431918008784,85.68759541984734,3368.366764275257,100061.95637829912,282647.959516129,855.324319033675,19.38645553822153,58.82391800878478,95.50392825768668,61.11106442166911,53.34421083455344,146117.12631578947,69.78945871156662,80.33204216691068,47.6104859443631,47.433202196193264,84.41889428989751,70.15333279648608,71.76585475841874,20007.392386530013,58.28084040995607,55.6800878477306,75.0006994047619,0.0119689587306547,49.615519765739386,53.01229868228403,55.42928257686676,53.692679355783305,47.23718887262079,62.24172767203514,89.07030893118593,115.17839385065884,,,,,,,
2016-01,7265.669985358711,6287.068521229868,672022.7131165689,168355.0513691813,64.56667368421051,67.72026345029239,66.2010173976608,76.78817704678363,60.545678947368415,63.6663567251462,79.6674596491228,116328.04970760236,109154.75438596492,6.081140350877193,16.572076023391812,2642.9912280701756,2091.7616959064326,2439.343567251462,1018.845029239766,1420.5,348928.57525350875,100578.65058479532,21998.412280701756,683.1273391812866,4919.024853801169,16320.333333333334,9987.058479532165,6333.274853801169,78580.23830409357,4652.773684210526,11382.12807017544,5749.036549707603,16913.030701754386,40.20409356725146,3.692397660818714,40.688304093567254,1443.3479532163742,177.83479532163742,287.9356725146199,630.8040935672515,346.78216374269005,1360.0997023809523,176.96428571428572,266.2574404761905,566.0833333333334,350.79613095238096,111150.89845002924,42009.00900729565,407851.101143421,734768.2265538652,1.4831239273982433,851.2065789473685,3518.0912280701755,2437.5451754385963,612.6477587719298,257.9953187134502,243702.12719298244,602.9032824561403,1131.8478735380115,697.6724745241581,0.1316378236793557,555.0529239766081,,3.000904325388889,18.51703471049779,5.220307017543859,5.331637426900585,4.741154970760234,4.884897660818713,5.271593567251461,5.96125730994152,6.281681286549707,7.2403216374269,8.252324561403508,0.1113304093567251,-0.4791520467836257,-0.3354093567251461,0.0512865497076023,0.7409502923976609,1.061374269005848,2.020014619883041,3.032017543859649,94.42588759689924,2.259742397660818,205.30940877192984,1.9570030701754388,1.1793694444444442,103.88567251461988,105.44985380116958,101.5030701754386,104.74459064327486,28.331099415204676,112.85730994152046,118.14816228070175,97.6575745614035,108.10202923976608,169.6832222222222,105.55610818713453,,130.30642105263158,118.09047368421052,,115.51163888888888,10.634429824561405,12.37919590643275,9.9103216374269,85.7479245283019,3383.392251461988,100061.95637829912,282647.959516129,858.6031595029241,19.385442990654205,58.82391800878478,95.50392825768668,61.11106442166911,53.34421083455344,146260.83566433567,69.86584459064328,80.36270833333333,47.692612426900574,47.52126081871345,84.44669195906432,70.18771096491228,71.82284678362572,20017.785087719298,58.28084040995607,55.67149122807018,75.0006994047619,0.0119688078973214,49.61330409356725,53.00526315789473,55.420175438596495,53.6877192982456,47.23172514619883,62.19970760233918,89.0973976608187,115.33340058479531,,,,,,,
2016-02,7285.776642335766,6302.822481751826,673644.6861776316,168768.2907102482,64.62832029197081,67.77358496350365,66.25435678832118,76.82964846715329,60.61753080291971,63.727649927007306,79.66160817518248,116389.37372262774,109215.17664233576,6.07941605839416,16.59007299270073,2642.4160583941607,2092.039416058394,2440.4890510948903,1019.014598540146,1421.475912408759,348832.972339854,100648.91824817518,21995.55912408759,682.7959124087591,4922.5094890510945,16314.398540145983,9982.991240875912,6331.407299270073,78653.3591240876,4653.697226277372,11388.079562043797,5752.480291970803,16921.83795620438,40.20452554744525,3.693722627737226,40.68934306569343,1442.8321167883212,177.7970802919708,287.7240875912409,630.7051094890511,346.614598540146,1359.8677563150077,176.8335809806835,266.1738484398217,566.111441307578,350.75037147102523,111336.62852528469,42075.01767221354,408988.757930073,736347.634117383,1.4829877813055556,854.4769343065694,3531.0894890510945,2441.606861313869,617.2714598540146,261.18074452554737,246908.30656934305,604.9090560583942,1135.876322189781,700.4680849415204,0.1316924914371345,557.043503649635,,3.000904325388889,18.52384825869208,5.213182481751825,5.324686131386861,4.734613138686131,4.878394160583941,5.264686131386862,5.9547737226277375,6.27556204379562,7.235591240875912,8.248233576642336,0.1115036496350364,-0.4785693430656935,-0.3347883211678832,0.0515036496350365,0.7415912408759123,1.0623795620437957,2.0224087591240876,3.035051094890511,94.4275580270793,2.257915328467153,205.1822794160584,1.9562471532846717,1.179721897810219,103.88567251461988,105.44985380116958,101.5030701754386,104.74459064327486,28.335959124087587,112.92233576642334,118.32309635036496,97.69830072992704,108.22841459854016,170.09888613138685,105.66387445255477,,130.54800291970804,118.26330510948904,,115.6752408759124,10.651357664233576,12.398204379562044,9.925197080291971,85.75969868173259,3398.532846715329,100765.35769005847,284468.0475438596,861.9057938686134,19.39250559875583,58.97327883211678,95.48807445255474,61.24865109489051,53.52161897810219,146390.5156794425,69.93804598540146,80.39389693430658,47.774494160583934,47.60898817518248,84.47727927007298,70.23179518248175,71.8798705109489,20028.261313868617,58.44768321167883,55.661459854014595,75.0006994047619,0.0119688078973214,49.60554744525548,52.99503649635035,55.409343065693434,53.67985401459853,47.22627737226277,62.1578102189781,89.12479124087592,115.48812700729928,,,,,,,
2016-03,7295.954373177843,6310.810349854228,674460.8939350365,169175.37629230323,64.68914387755102,67.8277524781341,66.30978250728863,76.87346443148688,60.68631734693877,63.789409037900874,79.65612711370262,116451.3279883382,109276.19533527696,6.077696793002914,16.608163265306125,2641.912536443149,2092.2492711370264,2441.737609329446,1019.1793002915452,1422.5597667638483,348694.659630758,100711.527696793,21992.155976676386,682.7820699708454,4924.995626822158,16308.556851311954,9979.704081632652,6328.8527696793,78719.37172011661,4655.528862973761,11394.652332361517,5756.056851311953,16929.30029154519,40.20597667638483,3.694606413994169,40.69125364431487,1442.5,177.62536443148687,287.60349854227405,630.7186588921282,346.5612244897959,1359.5964391691396,176.75370919881306,266.06231454005933,566.1172106824926,350.6646884272997,111506.41623880468,42127.201350424606,410118.83700014575,737916.3456004233,1.4828666312598542,857.7501457725949,3544.121428571428,2445.695626822158,622.0699314868805,264.4601443148687,250208.46355685132,606.9100032069971,1139.909594169096,703.2312674452554,0.1317420427576642,559.005583090379,,3.000904325388889,18.52384825869208,5.206137026239067,5.317711370262391,4.728163265306122,4.871924198250729,5.257784256559766,5.947871720116618,6.269008746355685,7.230816326530612,8.243994169096212,0.1115743440233236,-0.4779737609329447,-0.3342128279883382,0.0516472303206997,0.741734693877551,1.062871720116618,2.024679300291545,3.0378571428571433,94.42512471042473,2.2560699708454814,205.0502578717201,1.955478571428572,1.1800134110787173,,,,,28.33885131195335,112.9935860058309,118.4971253644315,97.74176384839652,108.34747521865889,170.5171034985423,105.76930903790088,,130.79005393586004,118.43497376093292,,115.83777842565598,10.668250728862974,12.417230320699709,9.94014577259475,85.77086466165413,3413.7244897959185,101114.73621897813,285362.6301751825,865.1984897959185,19.39960357142857,59.04733819241983,95.4792915451895,61.31507142857142,53.61033819241983,146511.90277777778,70.01754008746356,80.42621778425656,47.858439358600585,47.694041253644315,84.50643381924198,70.27313221574344,71.94338396501458,20038.77113702624,58.53095481049563,55.6572886297376,75.0006994047619,0.0119688078973214,49.603935860058314,52.98994169096208,55.40364431486881,53.6740524781341,47.22303206997085,62.123323615160345,89.15267346938775,115.64226822157435,104.1457725947522,105.73206997084549,101.7295918367347,104.9189504373178,,,
2016-04,7306.1209606986895,6318.790829694323,675270.3940896501,169580.00310992723,64.93925167394468,68.43017321688501,66.51240815138283,77.57770844250363,60.77100713245997,64.03769272197962,79.65698296943232,116513.67831149929,109337.39446870452,6.07612809315866,16.62532751091703,2641.5778748180496,2092.413391557496,2443.1193595342065,1019.410480349345,1423.7103347889374,348571.0216052402,100774.20232896652,21988.780203784572,682.7542940320233,4927.5487627365355,16302.691411935954,9976.365356623,6326.326055312955,78785.42212518195,4657.378020378456,11401.302183406113,5759.655021834061,16936.863173216883,40.206841339155744,3.695487627365357,40.6924308588064,1442.004366812227,177.54002911208153,287.4366812227074,630.5938864628821,346.44250363901017,1359.1762962962962,176.63703703703703,265.94074074074075,566.0785185185185,350.5214814814815,111679.37924282388,42178.03145189446,411243.7193334789,740053.8232307434,1.4831102659081634,861.1103347889375,3557.4420669577876,2449.9034934497818,626.8805080058224,267.74285880640457,253511.8922852984,608.8310480349344,1143.9794721979622,705.5730801749271,0.131757317164723,561.1350509461427,,2.9976045644337703,18.52384825869208,5.199082969432315,5.310771470160116,4.7217030567685585,4.865502183406114,5.251091703056769,5.941222707423581,6.262634643377002,7.225851528384279,8.239461426491994,0.111688500727802,-0.4773799126637555,-0.3335807860262008,0.0520087336244541,0.7421397379912663,1.063551673944687,2.026768558951965,3.04037845705968,94.41948477842004,2.2542141193595344,204.9161697234352,1.9547062590975255,1.18022096069869,,,,,28.352259097525472,113.07525473071328,118.6709577874818,97.783018922853,108.46742066957786,170.93480494905387,105.87433624454148,,131.03216593886464,118.6066098981077,,116.00013391557496,10.685400291120814,12.436579330422123,9.955342066957789,85.78067542213883,3429.309024745269,101114.73621897813,285362.6301751825,868.9286723435225,19.39458914728682,59.121454148471614,95.47092721979622,61.38137263464337,53.69912227074236,146623.33910034603,70.39321411935953,81.24238835516739,47.76652925764191,47.68725705967976,84.69560043668122,71.22261397379911,71.74202532751092,20049.35371179039,58.614515283842806,55.65676855895196,76.85167394468704,0.0121141235574963,49.60174672489082,52.98820960698689,55.40786026200874,53.66899563318777,47.222707423580786,62.10786026200873,89.18087190684133,115.7976113537118,104.27001455604076,105.86622998544397,101.84163027656476,105.00844250363902,,,
2016-05,7316.773110465116,6327.268313953487,676088.1795422125,169973.22403563952,64.99681598837209,68.47979258720932,66.56277819767442,77.61560959302325,60.83742761627907,64.0944379360465,79.65031119186045,116575.32122093024,109397.95639534884,6.074563953488372,16.64142441860465,2641.4375,2092.469476744186,2444.4622093023254,1019.8241279069769,1424.639534883721,348438.2199965116,100836.86191860466,21985.41424418605,682.7252906976744,4930.066860465116,16296.875,9973.079941860466,6323.795058139535,78851.44767441861,4659.235755813953,11407.806540697677,5763.280523255814,16944.345930232557,40.208284883720935,3.696511627906976,40.69433139534884,1441.6933139534883,177.52616279069767,287.3110465116279,630.5857558139535,346.27906976744185,1359.0621301775147,176.51183431952663,265.8816568047337,566.25,350.42011834319527,111686.69700555233,42067.245559922274,410457.2226484011,741519.0360062445,1.482901954021834,864.4853197674419,3570.6598837209303,2454.04011627907,631.6558502906977,270.96854069767437,256758.1671511628,610.9108405523256,1148.0556941860466,708.3743809315866,0.1318043300160116,563.3362209302325,,2.9976045644337703,18.535227648800003,5.192063953488372,5.303851744186047,4.715174418604651,4.858968023255814,5.244273255813954,5.934418604651163,6.256162790697674,7.220610465116279,8.234447674418606,0.1117877906976744,-0.476889534883721,-0.3330959302325582,0.0522093023255814,0.7423546511627908,1.064098837209302,2.0285465116279067,3.042383720930233,94.40978326923076,2.2523379360465117,204.77755886627904,1.9539463662790697,1.1803686046511628,,,,,28.37027906976744,113.1593023255814,118.84569476744188,97.82369040697674,108.59158575581397,171.35339389534883,105.98073691860463,,131.2747354651163,118.77927470930231,,116.16339244186048,10.702456395348838,12.455726744186048,9.970494186046512,85.78670411985019,3444.766424418605,101461.06453352772,286253.59148688044,872.2638803779071,19.386586068111455,59.19587063953489,95.4623066860465,61.44847674418605,53.78815843023256,146737.6344827586,70.46202587209302,81.2696405523256,47.84753575581395,47.77018328488373,84.72009302325581,71.2790004360465,71.79815654069768,20059.86046511628,58.698639534883725,55.6546511627907,76.85167394468704,0.0121141235574963,49.60116279069767,52.985029069767435,55.40843023255814,53.66235465116279,47.22020348837209,62.10334302325581,89.20920784883721,115.95443604651165,104.39476744186048,106.00130813953488,101.95392441860466,105.10276162790696,,,
2016-06,7327.057474600871,6335.367198838897,676903.8580603198,170387.88408783745,65.05253134978229,68.52693323657475,66.61089535558781,77.65119013062409,60.9028870827286,64.15042786647314,79.64315602322206,116636.12046444122,109458.38026124818,6.072568940493468,16.65602322206096,2640.8069666182873,2092.682148040639,2445.3526850507983,1020.0464441219158,1425.3076923076924,348334.2965555878,100899.236574746,21981.952104499273,682.6593613933236,4932.535558780842,16291.049346879536,9969.75326560232,6321.2960812772135,78917.28447024674,4661.033817126269,11414.374020319305,5766.89404934688,16951.80406386067,40.20957910014514,3.697097242380261,40.69579100145138,1441.3033381712628,177.3846153846154,287.21625544267056,630.5428156748911,346.16835994194486,1358.7326440177253,176.39290989660265,265.75036927621863,566.218611521418,350.3722304283604,111859.79033355588,42123.97789516379,411515.6417737301,742705.7220004215,1.4829704104840118,867.9265602322206,3583.956313497823,2458.1966618287374,636.3387373004355,274.1221262699564,259932.2626995646,612.8472522496371,1152.1726460087084,711.1863465116279,0.1318551109651163,565.5165021770682,,2.9976045644337703,18.535227648800003,5.1850653120464445,5.296981132075471,4.708722786647315,4.852510885341074,5.237518142235124,5.9276923076923085,6.249709724238026,7.215428156748912,8.229288824383165,0.1119158200290275,-0.4763425253991291,-0.3325544267053701,0.0524528301886792,0.7426269956458635,1.064644412191582,2.030362844702467,3.0442235123367203,94.40084203454892,2.250487953555878,204.6383288824383,1.9532184325108857,1.180534252539913,,,,,28.39707111756168,113.24136429608126,119.020679245283,97.86570101596516,108.71641799709724,171.77307547169812,106.08692743105952,,131.5179840348331,118.95242089985489,,116.32686066763424,10.719622641509432,12.475152394775035,9.985660377358492,85.80336448598132,3460.315239477504,102138.00651162791,288024.92271802324,875.6409907111755,19.379167387944356,59.27006531204644,95.45382293178518,61.51551523947751,53.87686502177067,146847.56013745704,70.52715050798258,81.29494267053701,47.92653918722786,47.85402104499274,84.74296748911468,71.31276734397679,71.85188142235123,20070.33962264151,58.78249492017417,,76.85167394468704,0.0121141235574963,,,,,,,89.23698113207547,116.11217271407835,104.5210449927431,106.13860667634252,102.0687953555878,105.20203193033382,,,
2016-07,7327.057474600871,6335.367198838897,676903.8580603198,170801.37121234782,65.10867057971015,68.57472188405798,66.66020623188406,77.68819898550726,60.96846086956521,64.20640855072465,79.63626304347827,116697.34347826088,109518.72608695652,6.070869565217391,16.672028985507247,2640.4840579710144,2092.7507246376813,2446.313043478261,1020.204347826087,1426.1101449275363,348215.72377623187,100961.9768115942,21978.543478260868,682.6020289855073,4935.010144927536,16285.259420289854,9966.447826086956,6318.811594202899,78983.43333333333,4662.886231884058,11420.947101449276,5770.553623188406,16959.310144927535,40.21086956521739,3.6978260869565216,40.69724637681159,1440.878260869565,177.28840579710146,287.05797101449275,630.4130434782609,346.12753623188405,1358.429203539823,176.2920353982301,265.6120943952802,566.2463126843658,350.2802359882006,112013.3631011884,42160.95727916523,412550.9466407246,744255.8138407692,1.4828499889883888,871.2747826086958,3598.7914492753616,2463.0918840579707,640.9899869565218,277.24293333333327,263073.4463768116,614.941000289855,1156.2959408695651,714.0346476052249,0.1319077982249637,567.7170434782608,,2.993846957631884,18.535227648800003,5.1781014492753625,5.290101449275363,4.702289855072464,4.846057971014492,5.230724637681159,5.920797101449275,6.243028985507247,7.21004347826087,8.223927536231884,0.112,-0.4758115942028985,-0.3320434782608696,0.0526231884057971,0.7426956521739131,1.064927536231884,2.0319420289855072,3.0458260869565223,94.39157873563218,2.2486314492753623,204.49443405797103,1.9524452173913045,1.1806920289855072,,,,,28.426408695652174,113.32376811594202,119.19590579710146,97.90689710144926,108.84253623188408,172.19406666666666,106.19317826086956,,131.76168260869565,119.12597246376812,,116.49052028985508,10.736797101449277,12.494826086956522,10.00072463768116,85.81772388059701,3476.1940579710144,102475.30191582003,288909.77066763426,879.0252804347825,19.375800771604936,59.27006531204644,95.45382293178518,61.51551523947751,53.87686502177067,146968.14726027398,70.5984115942029,81.32042,48.00597333333333,47.936698550724635,84.7660152173913,71.36159376811594,71.90237318840579,20080.879710144927,58.78249492017417,,76.85167394468704,0.0121141235574963,,,,,,,89.2639304347826,116.27043333333332,104.64869565217391,106.27782608695652,102.18521739130436,105.30826086956522,,,
2016-08,7350.979160636758,6354.407235890015,678033.2005007246,171217.51394575977,65.16677395079594,68.62479334298118,66.71110897250362,77.727604341534,61.03556468885673,64.26316497829232,79.62985759768452,116758.97829232996,109579.505065123,6.06917510853835,16.688567293777133,2639.7887120115774,2093.0014471780028,2447.360347322721,1020.3921852387844,1426.9696092619392,348085.71964529663,101024.95369030393,21975.14037626628,682.5218523878438,4937.48480463097,16279.497829232996,9963.159189580318,6316.338639652678,79049.81331403763,4664.699421128798,11427.501447178003,5774.2170767004345,16966.898697539797,40.21273516642547,3.698842257597685,40.69942112879884,1440.531114327062,177.22575976845152,286.8726483357453,630.4124457308249,346.0289435600579,1358.1134020618556,176.17673048600884,265.499263622975,566.2768777614139,350.1620029455081,112181.51163505066,42211.82161373711,413583.461913314,745805.485125058,1.4827154237869566,874.6858176555717,3612.2480463096967,2467.3098408104197,645.5473719247467,280.2732373371924,266123.9594790159,617.0362008683068,1160.4473946454414,716.860904347826,0.1319163771768116,570.0052966714906,,2.993846957631884,18.549187943165705,5.171172214182344,5.283342981186686,4.695918958031838,4.839609261939219,5.223892908827786,5.913777134587554,6.23616497829233,7.204356005788712,8.218133140376267,0.1121707670043415,-0.4752532561505064,-0.3315629522431259,0.0527206946454413,0.74260492040521,1.0649927641099854,2.0331837916063673,3.0469609261939223,94.38488145315488,2.2467998552822,204.34927713458757,1.951520405209841,1.1808722141823444,,,,,28.449887120115772,113.41056439942116,119.37048191027496,97.94801591895803,108.96504920405212,172.61733863965267,106.29787409551376,,132.00555571635311,119.29886107091173,,116.6533965267728,10.754081041968162,12.514602026049204,10.015918958031838,85.82551210428306,3491.9053545586107,102811.85250724638,289795.08128985506,882.4605059334298,19.364609553158704,59.42110998552822,95.42685238784372,61.642240231548485,54.064163531114325,147100.9180887372,70.67094081041968,81.34860564399422,48.086004341534,48.02213603473228,84.78707988422576,71.4219444283647,71.9556551374819,20091.37047756874,58.945496382055,,76.85167394468704,0.0121141235574963,,,,,,,89.29022286541243,116.42704486251807,104.77409551374818,106.41418234442838,102.30231548480462,105.41114327062228,,,
2016-09,7361.223265895954,6362.468930635838,678822.7819761216,171629.19383890173,65.2236774566474,68.6732049132948,66.76034927745664,77.76591936416185,61.10211517341041,64.31873973988438,79.62266054913295,116820.68930635838,109640.2485549133,6.067485549132949,16.704335260115606,2639.28323699422,2093.342485549133,2448.248554913295,1020.443641618497,1427.8063583815028,347962.7231803468,101087.8887283237,21971.67196531792,682.4492774566475,4939.932080924856,16273.695086705202,9959.819364161847,6313.875722543353,79116.21676300578,4666.524132947977,11434.047543352604,5777.898843930636,16974.49710982659,40.2135838150289,3.699566473988439,40.70086705202312,1440.114161849711,177.16473988439307,286.71387283236993,630.3164739884393,345.92774566473986,1357.8102941176471,176.0735294117647,265.3941176470588,566.2955882352941,350.0485294117647,112344.35482632948,42251.53718558318,414606.69534985546,747351.3874620694,1.4825812480651228,878.2157514450868,3625.827023121387,2471.567485549133,650.1675664739884,283.35597832369933,269226.84826589597,619.1260076589596,1164.6333774566474,719.7307060781476,0.131969834316932,572.3188005780347,,2.993846957631884,18.549187943165705,5.164277456647399,5.276763005780347,4.689566473988439,4.833251445086705,5.217167630057803,5.906864161849711,6.229407514450867,7.198742774566473,8.212384393063584,0.1124855491329479,-0.4747109826589595,-0.3310260115606936,0.0528901734104046,0.7425867052023123,1.065130057803468,2.034465317919075,3.048106936416185,94.3761856870229,2.244956358381503,204.20027283236993,1.9505934971098269,1.1810440751445088,,,,,28.473398843930635,113.49898843930634,119.54524277456647,97.989362716763,109.08664739884392,173.04592485549134,106.40212861271677,,132.25017485549134,119.47204624277455,,116.8162225433526,10.771329479768784,12.5342774566474,10.031141618497111,85.83289962825279,3507.7689306358384,102811.85250724638,289795.08128985506,885.9239569364161,19.35188984615385,59.49551589595375,95.41647109826587,61.70849710982659,54.15396531791907,147226.44217687074,70.74069595375722,81.3761573699422,48.163361127167626,48.10515216763006,84.80993294797688,71.48345968208092,72.0099049132948,20101.88294797688,59.02960115606937,,76.85167394468704,0.0121141235574963,,,,,,,89.31578901734103,116.58315751445085,104.89898843930636,106.54985549132948,102.41893063583817,105.50534682080924,,,
2016-10,7371.470129870129,6370.534054834055,678822.7819761216,172047.10409310245,65.27917532467532,68.7206207792208,66.80928946608947,77.80399653679653,61.16669696969697,64.37456349206349,79.61570937950938,116882.86291486293,109701.32756132756,6.065945165945167,16.719913419913418,2639.189033189033,2093.5454545454545,2449.2337662337663,1020.6406926406928,1428.5945165945166,347828.33830230875,101150.8455988456,21968.27417027417,682.3825396825397,4942.443001443002,16267.891774891776,9956.494949494949,6311.396825396825,79182.57142857143,4668.365223665224,11440.64632034632,5781.556998556998,16981.95238095238,40.21486291486292,3.7001443001443,40.7023088023088,1439.5670995670996,177.03174603174602,286.5021645021645,630.1991341991342,345.84271284271284,1357.6152716593244,176.01027900146843,265.2716593245228,566.330396475771,350.0044052863436,112510.99212095236,42296.56195067637,415623.0623118326,748899.2871911705,1.482447460134393,881.720634920635,3639.36911976912,2475.7922077922076,654.6399307359306,286.30222943722936,272193.18903318903,621.2269917748918,1168.8276176046177,722.609987716763,0.1320234627803468,574.6159163059162,,2.9898767926911973,18.569979310822,5.157402597402597,5.27023088023088,4.6832178932178925,4.826940836940836,5.210490620490621,5.90004329004329,6.222770562770563,7.193275613275612,8.206753246753248,0.1128282828282828,-0.4741847041847042,-0.3304617604617605,0.053088023088023,0.7426406926406928,1.0653679653679653,2.0358730158730154,3.0493506493506497,94.36497314285714,2.2431212121212125,204.0524864357864,1.949674891774892,1.181231313131313,,,,,28.497506493506496,113.58427128427128,119.72043434343432,98.02936796536795,109.21079076479076,173.47248917748917,106.5070505050505,,132.49500288600288,119.64579797979798,,116.97958730158732,10.788701298701298,12.554098124098129,10.046378066378066,85.84285714285714,3523.588311688312,103492.72712427746,291564.6332369942,889.4117388167388,19.34278847926267,59.57011688311688,95.40545454545456,61.77604906204907,54.243784992784995,147351.8372881356,70.81580591630592,81.40198124098124,48.239112842712835,48.188405050505054,84.83248845598845,71.53109393939394,72.0624388167388,20112.440115440117,59.11337085137086,,76.85167394468704,0.0121141235574963,,,,,,,89.34045598845599,116.7394069264069,105.02626262626264,106.68888888888888,102.53665223665224,105.60735930735932,,,
2016-11,7382.253314121037,6379.130115273776,680425.9600945166,172474.07944743516,65.33565129682997,68.76867334293948,66.85838818443806,77.84012982708934,61.23273818443805,64.4301128242075,79.60862103746398,116944.57636887608,109762.16858789626,6.0642651296829975,16.7350144092219,2638.8400576368877,2093.8371757925074,2450.234870317003,1020.8487031700288,1429.3876080691643,347696.7592883285,101214.03602305477,21964.886167146975,682.3028818443804,4944.942363112392,16262.121037463978,9953.190201729109,6308.93083573487,79249.14985590779,4670.205043227666,11447.19380403458,5785.249279538905,16989.602305475506,40.21657060518732,3.7012968299711817,40.70403458213256,1439.42939481268,176.98703170028818,286.4106628242075,630.1743515850144,345.8659942363112,1357.4721407624634,175.9090909090909,265.18475073313783,566.3826979472141,349.99706744868035,112695.24717553314,42364.249878965806,416651.9700030259,750443.5537320202,1.482299628301587,885.2635446685879,3653.0556195965414,2480.051729106628,658.8947492795388,288.99640489913537,274907.5158501441,623.3530762247838,1173.0475076368875,725.5046626262626,0.1320733510649351,576.875864553314,,2.9898767926911973,18.569979310822,5.150547550432277,5.263674351585014,4.676945244956772,4.820662824207493,5.20393371757925,5.893371757925072,6.216340057636888,7.187968299711815,8.201239193083573,0.1131268011527377,-0.4736023054755043,-0.3298847262247839,0.053386167146974,0.7428242074927953,1.0657925072046108,2.0374207492795384,3.050691642651297,94.36032357414447,2.241312103746398,203.9081853025937,1.9486422190201729,1.1814386167146975,,,,,28.528172910662825,113.67680115273772,119.89643227665708,98.06983717579251,109.33847406340055,173.8996037463977,106.61345965417868,,132.7399855907781,119.82058501440925,,117.14376945244956,10.805951008645533,12.573746397694524,10.061628242074928,85.84537037037038,3539.4269452449566,103492.72712427746,291564.6332369942,892.9353582132564,19.335717944785277,59.6447795389049,95.39451585014407,61.84404610951009,54.333548991354455,147487.18243243243,70.89075432276657,81.4253902017291,48.31946311239193,48.27090605187319,84.85395,71.58810648414985,72.11569207492795,20122.971181556197,59.19876224783862,,76.85167394468704,0.0121141235574963,,,,,,,89.36463832853025,116.89537608069163,105.15403458213255,106.828674351585,102.65475504322768,105.70648414985592,,,
2016-12,7392.525467625898,6387.229352517986,681236.4817658501,172894.8721388777,65.39107208633094,68.81601107913669,66.90666776978418,77.87769942446043,61.29726374100719,64.48571582733813,79.60163165467627,117005.78705035972,109823.06474820145,6.062158273381296,16.748776978417265,2638.526618705036,2093.8978417266185,2450.9294964028777,1020.9294964028776,1430.0014388489208,347559.4861965467,101277.24316546763,21961.57985611511,682.2372661870504,4947.486330935252,16256.374100719424,9949.893525179856,6306.480575539568,79315.66330935252,4672.046618705036,11453.700863309352,5788.905035971223,16997.146762589928,40.21798561151079,3.7024460431654673,40.70589928057554,1438.9482014388489,176.88489208633092,286.2244604316547,630.1021582733813,345.7453237410072,1357.2591508052708,175.81259150805272,265.07174231332357,566.4099560761347,349.9663250366032,112860.85976952518,42401.35866756825,417673.9873123741,751974.0414067579,1.482137813275216,888.8164028776979,3666.827338129496,2484.3348201438853,663.1973007194244,291.74845323741005,277679.7798561151,625.6502374100719,1177.3471588489208,728.4262335734871,0.1321276142867435,579.1609208633093,,2.9898767926911973,18.569979310822,5.143726618705036,5.257122302158273,4.670863309352518,4.814546762589927,5.1975107913669065,5.887194244604316,6.210474820143886,7.183179856115107,8.196215827338131,0.1133956834532374,-0.4728633093525179,-0.3291798561151079,0.0537841726618705,0.7434676258992806,1.0667482014388487,2.0394532374100716,3.0524892086330935,94.35900341555976,2.2395207194244606,203.770825323741,1.9476271942446048,1.181671654676259,,,,,28.552894964028777,113.77424460431656,120.07262158273385,98.10919424460432,109.4678402877698,174.32561007194244,106.71981151079136,,132.98539136690647,119.99569640287773,,117.30820431654676,10.823223021582733,12.593410071942444,10.0768345323741,85.86007393715343,3555.339712230216,104188.81910662826,293342.8022190202,896.5299073381294,19.329222052067383,59.71941870503597,95.38328057553956,61.91180575539568,54.42344028776978,147624.44444444444,70.9630818705036,81.45132863309352,48.39377625899281,48.352837697841736,84.87882647482014,71.62700129496403,72.16890633093524,20133.47194244604,59.28409064748201,,76.85167394468704,0.0121141235574963,,,,,,,89.38782446043166,117.04983453237412,105.2821582733813,106.96892086330936,102.77323741007196,105.80661870503596,,,
2017-01,7402.873563218391,6395.405603448277,682042.8925834532,173321.75594327587,65.44715215517242,68.86327974137932,66.95473577586208,77.91370229885058,61.36346192528737,64.54093433908047,79.59442212643678,117067.11637931036,109883.91666666669,6.05933908045977,16.760919540229885,2638.1939655172414,2094.0790229885056,2451.794540229885,1021.2399425287356,1430.5431034482758,347433.5624119253,101340.5158045977,21958.26293103448,682.1653735632184,4950.0,16250.652298850577,9946.646551724138,6304.005747126437,79382.25287356322,4673.886781609196,11460.316954022988,5792.583333333333,17004.580459770114,40.2191091954023,3.7031609195402297,40.70747126436782,1438.6307471264367,176.76149425287358,286.1264367816092,630.028735632184,345.7227011494253,1357.0701754385964,175.72368421052633,264.9590643274854,566.4356725146199,349.953216374269,113025.13152272988,42442.50456421635,418682.4614685345,753523.366527036,1.4819908523928056,892.5576149425287,3680.22040229885,2488.443390804598,667.287198275862,294.339742816092,280291.2270114943,627.7676152298852,1181.5702897988506,731.3274169784173,0.1321806611122302,581.5567097701149,,2.985964059593391,18.569979310822,5.137112068965517,5.250818965517241,4.664885057471264,4.8085344827586205,5.191293103448276,5.881551724137932,6.205129310344828,7.178692528735632,8.191379310344827,0.1137068965517241,-0.4722270114942528,-0.3285775862068965,0.0541810344827586,0.7444396551724138,1.0680172413793103,2.041580459770115,3.05426724137931,94.3610240530303,2.237767672413793,203.6447150862069,1.9466224137931036,1.1818903735632182,,,,,28.5864683908046,113.88146551724138,120.24928735632184,98.14717528735632,109.5997341954023,174.7517385057471,106.8266106321839,,133.2312945402299,120.17146408045976,,117.47313074712643,10.840459770114943,12.613031609195405,10.092054597701148,85.88284132841328,3570.988362068965,104188.81910662826,293342.8022190202,900.0243685344826,19.31766116207951,59.79403017241379,95.37151580459768,61.979897988505755,54.51330747126436,147756.78859060403,71.03815574712642,81.47455387931035,48.470386063218385,48.43567140804598,84.90266465517242,71.67901422413793,72.22009295977011,20144.103448275862,59.36912643678161,,76.85167394468704,0.0121140031863173,,,,,,,89.41087499999999,117.2036408045977,105.41192528735634,107.11135057471265,102.89267241379312,105.92916666666666,,,
2017-02,7402.873563218391,6395.405603448277,682042.8925834532,173751.63003804878,65.50427460545193,68.91211492109039,67.00464921090388,77.95147847919655,61.4299681492109,64.59845107604018,79.58890588235295,117128.30559540888,109944.45767575323,6.057532281205166,16.772883787661403,2637.9497847919656,2094.0717360114777,2452.6427546628406,1021.4849354375896,1431.1449067431852,347289.6649309899,101403.34863701578,21957.19799139168,681.5625538020086,4953.809182209469,16246.385939741753,9944.116212338597,6302.269727403156,79446.1506456241,4674.186800573888,11464.122094691536,5796.311334289813,17013.87230989957,40.2206599713056,3.703443328550932,40.70975609756098,1438.4978479196557,176.71018651362985,286.04734576757534,630.1233859397418,345.6255380200861,1356.9766423357664,175.68321167883212,264.85985401459857,566.5532846715329,349.8817518248175,113192.75543733142,42488.136359175165,419679.17960129125,755079.2108280029,1.4818012103635056,896.1472022955523,3693.9769010043033,2492.6913916786225,671.4932783357245,297.0143515064562,282985.96843615494,629.878018794835,1185.798018364419,734.2349869252874,0.1322337198146552,583.9864992826398,,2.985964059593391,18.59502664349856,5.130674318507891,5.244576757532281,4.658923959827833,4.802510760401722,5.185035868005739,5.875868005738881,6.19971305595409,7.1740172166427545,8.186312769010044,0.1139024390243902,-0.4717503586800574,-0.3281635581061693,0.0543615494978479,0.7451936872309899,1.069038737446198,2.043342898134864,3.0556384505021525,94.36159962192816,2.236002582496413,203.5173512195122,1.94560387374462,1.1820860832137734,,,,,28.62077761836442,113.97733142037303,120.42605451936872,98.18923816355812,109.7308880918221,175.1790401721664,106.9333012912482,,133.47750502152078,120.3473931133429,,117.6381119081779,10.85751793400287,12.633113342898136,10.106944045911048,85.9060773480663,3586.8473457675755,104533.38492086332,294223.16713669064,903.5300044476326,19.304639389312975,59.79403017241379,95.37151580459768,61.979897988505755,54.51330747126436,147919.13043478262,71.10996025824964,81.50090674318508,48.54973845050215,48.5193612625538,84.93036585365853,71.71744361549497,72.26947101865136,20152.317073170732,59.36912643678161,,76.85167394468704,0.0121140031863173,,,,,,,89.43488665710187,117.3593012912482,105.54088952654232,107.25380200860832,103.01362984218078,106.05595408895266,,,
2017-03,7423.681518624642,6411.813753581662,683709.8527195122,174182.36695776504,65.28389097421203,68.8155418338109,66.96331876790832,78.1480782234957,61.10115587392549,64.6171346704871,79.58992693409742,117189.80659025788,110005.46561604584,6.055587392550144,16.784813753581663,2637.84670487106,2094.134670487106,2453.223495702006,1021.5358166189112,1431.6747851002865,347144.953024212,101466.96131805156,21954.373925501433,681.4858166189111,4956.604584527221,16240.878223495702,9940.941260744985,6299.936962750717,79512.58739255014,4675.954297994269,11470.403438395417,5800.042979942694,17021.555873925503,40.22234957020057,3.7044412607449857,40.711891117478515,1438.2836676217764,176.60888252148996,285.9111747851003,630.1475644699141,345.62464183381087,1356.771137026239,175.59620991253644,264.832361516035,566.5787172011662,349.765306122449,113369.3818622063,42541.168385730045,420675.54037550144,756639.5993347059,1.4816121125007171,899.69441260745,3707.755300859599,2496.921346704871,675.9485114613182,299.88816475644694,285879.85100286535,631.9724597421203,1190.0090898280805,737.1631972740317,0.1322861039827833,586.4878223495703,,2.985964059593391,18.59502664349856,5.1242693409742115,5.238309455587393,4.652994269340974,4.796547277936963,5.17878223495702,5.870171919770774,6.194297994269342,7.169398280802292,8.181232091690545,0.1140401146131805,-0.4712750716332378,-0.3277220630372492,0.054512893982808,0.7459025787965616,1.0700286532951289,2.0451289398280803,3.0569627507163326,94.3608658490566,2.2342332378223495,203.38754355300856,1.94460659025788,1.1822706303724928,,,,,28.656378223495704,114.0813753581662,120.60374785100286,98.23154441260743,109.86485100286532,175.6053424068768,107.04102148997134,,133.7245888252149,120.52430659025788,,117.80410171919767,10.874641833810887,12.652650429799426,10.12199140401146,85.92518382352942,3602.725071633238,105209.9731133429,295951.55536585365,907.0325426934098,19.291378048780487,59.94395845272206,95.34905730659028,62.11690401146132,54.693659025787966,148087.08,72.1223594555874,81.42706561604585,48.20576260744986,48.532463037249286,84.94138438395416,71.20168624641833,72.05963051575931,20162.61461318051,59.5401876790831,,76.85167394468704,0.0121140031863173,,,,,,,89.45908595988539,117.51555444126072,105.67220630372492,107.39885386819483,103.13595988538682,106.18223495702006,,,
2017-04,7423.681518624642,6411.813753581662,683709.8527195122,174603.2248018884,65.33879842632331,68.86228082975678,67.0102982832618,78.18379542203147,61.16503247496424,64.67151959942775,79.5834835479256,117251.339055794,110066.97424892704,6.053361945636624,16.79699570815451,2637.412017167382,2094.1559370529326,2453.722460658083,1021.6695278969958,1432.0400572246065,347017.9084406295,101530.38197424891,21951.526466380543,681.4400572246066,4959.343347639485,16235.371959942777,9937.793991416307,6297.577968526466,79578.85550786839,4677.707296137339,11476.656938483547,5803.768240343347,17029.10443490701,40.223605150214595,3.7050071530758224,40.713447782546496,1437.9713876967096,176.5307582260372,285.7296137339056,630.170243204578,345.54935622317595,1356.6404657933042,175.5385735080058,264.7278020378457,566.6666666666666,349.7088791848617,113551.455707897,42598.381659652536,421677.56106165954,757890.4179603008,1.4812946166375356,903.3121602288984,3719.983547925608,2500.2935622317596,680.5425679542204,302.8751330472103,288886.8426323319,634.0510341917025,1194.237583261803,739.9640637535817,0.1323282273982808,589.0049499284692,,2.981698935130186,18.59502664349856,5.118068669527896,5.232217453505006,4.647396280400572,4.790929899856938,5.1728183118741065,5.864649499284693,6.18898426323319,7.164878397711016,8.176223175965665,0.1141487839771101,-0.4706723891273247,-0.3271387696709585,0.0547496423462088,0.7465808297567953,1.0709155937052932,2.0468097281831183,3.058154506437768,94.36110941619586,2.2324696709585123,203.25811430615167,1.9435909871244637,1.1824944206008583,,,,,28.68595422031473,114.1829756795422,120.77992560801144,98.27244921316168,109.99424463519316,176.03139341917023,107.14669241773964,89.48467095851215,133.97065522174535,120.69936480686695,117.6707339055794,117.96852074391988,10.891945636623747,12.672389127324749,10.137110157367667,85.94532110091744,3618.692703862661,105545.85932664757,296819.6972349571,910.529959799714,19.27798127853881,59.94395845272206,95.34905730659028,62.11690401146132,54.693659025787966,148252.926910299,72.18954663805435,81.4523034334764,48.27919098712447,48.61423748211731,84.96337238912733,71.2364469241774,72.11564506437769,20172.878397711014,59.5401876790831,,76.85167394468704,0.0121140031863173,,,,,,,,,105.80200286123032,107.54163090128756,103.25793991416307,106.29899856938484,,,
2017-05,7443.616571428571,6427.366,685357.4239563663,175097.80448074287,65.3958592857143,68.91048171428572,67.05951557142858,78.22223271428571,61.231952142857146,64.72695942857143,79.57789285714286,117312.71285714286,110128.53,6.051000000000001,16.80742857142857,2636.98,2094.214285714286,2454.122857142858,1021.7928571428572,1432.317142857143,346867.02571428573,101594.01,21948.675714285713,681.399,4962.061428571428,16229.878571428571,9934.62,6295.2585714285715,79645.33428571429,4679.485142857142,11482.937714285716,5807.498571428571,17036.715714285714,40.22485714285715,3.7057142857142855,40.71471428571429,1437.5514285714285,176.37285714285716,285.5842857142857,630.1242857142857,345.47857142857146,1357.077034883721,175.61918604651163,264.5886627906977,567.0392441860465,349.8313953488372,113517.58077117144,42539.39285819796,422839.7231172857,759365.9481205866,1.480892192293276,906.9197142857142,3733.857142857142,2504.580571428571,685.0739442857143,305.79218571428567,291823.8142857143,636.1380862857142,1198.4753271428572,742.9196918454935,0.1323915918569385,591.533957142857,,2.981698935130186,18.59502664349856,5.112042857142857,5.226214285714286,4.6419,4.785414285714285,5.166914285714286,5.858871428571429,6.183428571428572,7.160171428571428,8.171071428571429,0.1141714285714285,-0.4701428571428572,-0.3266285714285714,0.0548714285714285,0.7468285714285714,1.0713857142857142,2.0481285714285713,3.0590285714285717,94.3604334586466,2.2307102857142858,203.12501842857145,1.9426200000000005,1.1827247142857142,,,,,28.717917142857143,114.2744285714286,120.95618,98.31265142857144,110.12356714285714,176.4551542857143,107.25236857142856,89.50775285714285,134.2168457142857,120.8744814285714,117.82644571428574,118.13312428571427,10.9092,12.691928571428573,10.152228571428571,85.96556776556777,3634.680285714285,105882.54771101572,297674.10333333333,914.0199851428572,19.266389665653495,60.093175714285714,95.32590571428572,62.25199428571429,54.87376428571428,148408.9867549669,72.25914228571428,81.48035357142858,48.353467428571435,48.697269142857145,84.98469928571429,71.27370957142857,72.16572785714285,20183.21285714286,59.71038428571429,,76.85167394468704,0.0121140031863173,,,,,,,,,105.9332857142857,107.68671428571427,103.38142857142856,106.42185714285716,,,
2017-06,7453.968901569187,6435.5188302425095,686174.2176364285,175523.79620045648,65.4519485021398,68.95764664764621,67.10769914407989,78.25916547788873,61.29797118402283,64.78180442225393,79.57194992867332,117373.29957203996,110189.57774607703,6.048502139800285,16.818687589158344,2636.2910128388016,2094.0228245363764,2454.644793152639,1021.9857346647648,1432.6462196861626,346714.2196861626,101657.41369472182,21945.8544935806,681.3516405135521,4964.787446504993,16224.413694721829,9931.490727532097,6292.922967189729,79711.55920114122,4681.220684736091,11489.096005706131,5811.229671897289,17044.175463623396,40.22639087018545,3.70641940085592,40.71640513552069,1437.015691868759,176.24251069900143,285.376604850214,629.9286733238231,345.47646219686163,1356.8026124818578,175.54136429608127,264.455732946299,567.0566037735849,349.75036284470247,113680.56995694722,42582.24692431588,423833.7135265335,761311.6539089857,1.481433774875714,910.6268188302424,3747.783452211127,2508.9031383737515,689.5125392296719,308.6212054208273,294672.6818830242,638.2221693295293,1202.7502075606276,745.8649742857144,0.1324464964014285,594.1071611982882,,2.981698935130186,18.622988726955526,5.1060485021398,5.220256776034236,4.636547788873038,4.780042796005706,5.16114122681883,5.853138373751784,6.177888730385165,7.155449358059913,8.165905848787446,0.1142082738944365,-0.4695007132667618,-0.3260057061340942,0.0550927246790299,0.7470898716119829,1.0718402282453636,2.0494008559201142,3.059857346647646,94.35820018761729,2.2289356633380883,202.9953730385164,1.9416931526390873,1.1829784593437946,,,,,28.746108416547784,114.3771754636234,121.13148644793154,98.35126533523535,110.24854208273896,176.87763480741796,107.35594293865904,89.53057631954351,134.46318687589158,121.0484978601997,117.9807203994294,118.29679743223964,10.926519258202568,12.711654778887302,10.167489300998572,85.98592321755028,3650.741369472182,106215.13428571427,298525.756,917.556954636234,19.252129893778452,60.16725820256776,95.31409272467904,62.318145506419405,54.96354636233951,148408.399339934,72.32652738944364,81.50708017118403,48.42764365192582,48.779310699001435,85.00763808844508,71.31387874465051,72.21330142653353,20193.349500713262,59.796757489301,,76.85167394468704,0.0121140031863173,,,,,,,,,106.06205420827388,107.82824536376606,103.50513552068476,106.53609129814552,,,
2017-07,7453.968901569187,6435.5188302425095,686174.2176364285,175948.75233122506,65.50750911680912,69.0045472934473,67.155853988604,78.29669273504273,61.36312364672366,64.83583504273504,79.5653443019943,117434.22792022792,110250.80056980056,6.046153846153846,16.82991452991453,2635.819088319088,2093.793447293447,2454.868945868946,1021.880341880342,1432.9757834757834,346565.41025641025,101721.26923076923,21943.08831908832,681.3306267806267,4967.538461538462,16218.952991452992,9928.378917378916,6290.574074074074,79778.18091168092,4682.996438746439,11495.304558404558,5814.995726495727,17051.77492877493,40.228062678062685,3.7074074074074073,40.718376068376074,1436.7393162393162,176.21225071225072,285.2834757834758,629.8091168091169,345.4430199430199,1356.6840579710145,175.4376811594203,264.37246376811595,567.136231884058,349.7391304347826,113872.44806242164,42655.91092612984,424849.5116554131,762882.0509790157,1.481289076195435,914.474074074074,3762.14415954416,2513.4149572649576,693.9425769230769,311.41474074074074,297485.9515669516,640.3094378917378,1207.004316666667,748.8799520684737,0.1325038347532097,596.7280769230769,,2.977304106253561,18.622988726955526,5.10025641025641,5.214472934472934,4.6313390313390315,4.774786324786325,5.155498575498576,5.8473219373219365,6.172207977207978,7.150498575498575,8.160498575498575,0.1142165242165242,-0.4689173789173788,-0.3254700854700855,0.0552421652421652,0.7470655270655271,1.071951566951567,2.050242165242165,3.060242165242165,94.35334794007493,2.227139601139601,202.86420313390315,1.9407519943019944,1.1831871794871796,,,,,28.769518518518517,114.47720797720798,121.30621367521368,98.3895698005698,110.37129772079774,177.30141025641024,107.45839743589744,89.5530641025641,134.70949715099715,121.22195156695156,118.134056980057,118.45980484330484,10.943831908831909,12.731509971509972,10.182592592592592,86.00255474452555,3666.957692307693,106548.07577746078,299378.300085592,921.0546843304844,19.237069393939393,60.242529914529904,95.31409272467904,62.318145506419405,54.96354636233951,148560.03289473685,72.3938217948718,81.53457692307694,48.50045527065527,48.86006566951566,85.02962236467236,71.36059031339032,72.2562311965812,20203.643874643876,59.796757489301,,76.85167394468704,0.0121140031863173,,,,,,,,,106.19159544159544,107.9705128205128,103.62877492877494,106.6542735042735,,,
2017-08,7474.355903271693,6451.72332859175,687521.597358262,176384.07131795163,65.56520697012803,69.0531719772404,67.2055864864865,78.33605803698434,61.43091095305832,64.89154551920342,79.56014708392603,117495.47937411096,110312.3399715505,6.04366998577525,16.84139402560455,2635.103840682788,2093.684210526316,2455.277382645804,1021.788051209104,1433.4765291607396,346418.9445234708,101785.12233285916,21940.385490753913,681.300426742532,4970.27880512091,16213.577524893317,9925.310099573257,6288.267425320057,79844.73684210527,4684.75320056899,11501.46159317212,5818.726884779517,17059.322901849217,40.22958748221906,3.708250355618776,40.72034139402561,1436.3456614509246,176.13655761024182,285.1365576102418,629.6785206258891,345.40256045519203,1356.5007235890014,175.3617945007236,264.2358900144718,567.2170767004342,349.6874095513748,114037.28241795165,42697.80164847643,425855.2250100996,764459.0993394444,1.481130544747863,918.1923186344238,3776.14253200569,2517.768563300142,698.3647439544808,314.23908534850636,300329.8733997155,642.3829176386912,1211.276254338549,751.8593500000001,0.132561970548433,599.3701422475107,,2.977304106253561,18.65328353342571,5.094637268847795,5.208790896159317,4.626273115220483,4.769573257467995,5.149900426742533,5.841664295874823,6.1667283072546235,7.145590327169275,8.155135135135135,0.114153627311522,-0.4683641536273115,-0.3250640113798008,0.0552631578947368,0.7470270270270272,1.0720910384068278,2.050953058321479,3.0604978662873403,94.34447644859812,2.2253376955903272,202.73554423897585,1.939839971550498,1.1833092460881935,,,,,28.79492460881935,114.5783783783784,121.48081081081082,98.42824608819346,110.49347937411096,177.72684637268844,107.56059601706968,89.57486770981507,134.95579089615933,121.39524182076812,118.28724466571838,118.6226017069701,10.961351351351352,12.751507823613087,10.197980085348506,86.016029143898,3683.0342816500706,106879.94175213676,300234.7973076923,924.5557099573258,19.221269440242057,60.3166827880512,95.28605405405406,62.451155049786635,55.145874822190606,148708.37704918033,72.4544894736842,81.56595917496445,48.574582503556194,48.94018520625889,85.059613371266,71.42324438122333,72.30558961593174,20213.84495021337,59.99173826458038,,76.85167394468704,0.0121140031863173,,,,,,,,,106.32005689900429,108.11166429587482,103.75092460881936,106.77325746799433,,,
2017-09,7484.497301136363,6459.722017045456,688335.6704772403,176803.376614375,65.62155880681817,69.10200610795454,67.256415625,78.37421960227272,61.49542840909091,64.9469612215909,79.55480795454545,117556.66619318182,110373.59943181818,6.041335227272728,16.85213068181818,2634.5170454545455,2093.572443181818,2455.759943181818,1021.8352272727273,1433.9119318181818,346263.1647727273,101848.87642045454,21937.825284090908,681.2872159090908,4973.032670454545,16208.313920454546,9922.3125,6286.001420454545,79911.05113636363,4686.52997159091,11507.588920454546,5822.495738636364,17066.643465909092,40.23125,3.7090909090909094,40.72230113636363,1436.0369318181818,176.02272727272728,284.98153409090907,629.6960227272727,345.34517045454544,1356.378612716763,175.26589595375722,264.1199421965318,567.293352601156,349.7008670520231,114205.39139178976,42745.61038520168,426859.32128139207,766038.7478467851,1.4809866890654335,921.9512784090912,3790.16747159091,2522.1034090909093,702.9532286931818,317.21200284090907,303322.23579545453,644.4732748579545,1215.59269375,752.2708339971551,0.1324597308805121,602.0077130681818,,2.977304106253561,18.65328353342571,5.089048295454545,5.203167613636364,4.621136363636364,4.764375,5.144332386363636,5.835894886363636,6.161107954545455,7.14059659090909,8.149673295454546,0.1141193181818181,-0.4679119318181818,-0.3246732954545454,0.0552840909090909,0.7468465909090909,1.072059659090909,2.0515482954545456,3.0606250000000004,94.33299514925376,2.223547869318182,202.60357187499997,1.9389242897727272,1.1834193181818182,,,,,28.82226136363636,114.69403409090908,121.6563068181818,98.46691903409092,110.61923579545456,178.15197301136365,107.66380823863636,89.59633522727273,135.20286505681818,121.5696221590909,118.44119460227272,118.78635085227272,10.978650568181818,12.771420454545456,10.21309659090909,86.03563636363637,3699.190056818182,106153.17227596015,296592.4464438123,928.0074117897728,19.207721148036253,60.39099431818181,95.2732599431818,62.517419034090906,55.23623011363636,148862.8137254902,72.5194387784091,81.59481988636365,48.65600269886364,49.02001306818181,85.08160909090908,71.46480142045453,72.35438849431819,20224.024147727272,60.07783664772728,,3641.061166429587,0.5764981670583215,,,,,,,,,106.44971590909093,108.25440340909093,103.87386363636364,106.88551136363635,,,
2017-10,7494.615185815604,6467.711631205672,689156.0402634944,177241.9335269787,65.67539418439715,69.14812836879433,67.30408170212765,78.41086141843971,61.55770127659574,64.99995758865246,79.54777645390071,117618.495035461,110435.97021276595,6.038723404255318,16.866241134751775,2633.937588652482,2093.260992907801,2456.1007092198583,1021.7517730496454,1434.336170212766,346159.5290780142,101912.31063829787,21935.0609929078,681.2733333333333,4975.751773049646,16202.88085106383,9919.16879432624,6283.712056737589,79977.24964539007,4688.286241134751,11513.653475177303,5826.255319148936,17074.190070921984,40.23234042553192,3.710212765957446,40.72368794326241,1435.595744680851,175.92624113475176,284.78156028368795,629.5758865248227,345.3205673758865,1356.1890331890331,175.1875901875902,264.00577200577203,567.3333333333334,349.66378066378064,114383.26885080853,42799.0120456292,427863.98040014185,767636.2965004119,1.4808432420639206,925.6841134751772,3811.035744680851,2529.8619858156026,707.467554609929,320.1065617021277,306236.1773049645,646.5727046808511,1219.8715826950356,755.1314830965908,0.132510269544034,604.689744680851,,2.9728866643829783,18.65328353342571,5.083460992907802,5.1975602836879435,4.616042553191489,4.759248226950354,5.138851063829787,5.8301702127659585,6.155489361702127,7.135617021276596,8.144212765957446,0.1140992907801418,-0.4674184397163121,-0.3242127659574468,0.0553900709219858,0.7467092198581561,1.0720283687943262,2.0521560283687945,3.0607517730496454,94.31856126629422,2.2217591489361705,202.47332,1.9380662411347516,1.1834824113475175,,,,,28.852045390070916,114.82170212765958,121.833209929078,98.50527517730497,110.75254184397164,178.57543971631205,107.76963829787236,89.61720567375886,135.450180141844,121.74564964539007,118.59693758865248,118.9516439716312,10.996113475177305,12.79163120567376,10.2282695035461,86.05208711433757,3715.362127659575,106431.51288352272,297221.11401988636,931.5049964539008,19.19186923076923,60.46570780141844,95.2601035460993,62.58538014184397,55.32674042553192,149021.2214983713,72.58519914893617,81.62161503546099,48.72911900709221,49.09929078014184,85.09813290780141,71.50622907801419,72.39177489361703,20234.18723404255,60.1651475177305,,3644.4857954545455,0.5768845032428978,,,,,,,,,106.58113475177304,108.39943262411347,103.997304964539,107.00170212765956,,,
2017-11,7504.528531161472,6475.469971671389,689984.2260219858,177680.43787042494,65.73422818696883,69.19968541076487,67.35767634560906,78.45253271954675,61.624415297450426,65.05757110481585,79.5441838526912,117679.06515580736,110497.47875354109,6.035977337110481,16.87917847025496,2633.2223796033995,2093.0467422096317,2456.1260623229464,1021.512747875354,1434.600566572238,345998.53824362607,101976.37110481586,21932.533994334277,681.2490084985836,4978.5382436260625,16197.62747875354,9916.171388101982,6281.456090651558,80043.83711048159,4690.07790368272,11519.773796033996,5830.028328611898,17081.726628895183,40.23371104815864,3.7113314447592063,40.72563739376771,1435.385269121813,175.88526912181302,284.6827195467422,629.570821529745,345.25495750708217,1356.1311239193085,175.11095100864554,263.9034582132565,567.4279538904899,349.6902017291066,114555.80388076488,42849.74736883585,428865.1164052408,769224.700335163,1.4806718332099291,929.4669971671389,3825.1113314447593,2534.174220963173,711.9488470254959,322.92638526912185,309075.43342776207,648.6541818696884,1224.167802549575,758.0126510638298,0.1325636218921985,607.4550566572237,,2.9728866643829783,18.682609000580367,5.077889518413597,5.1919830028328615,4.61099150141643,4.754206798866855,5.133555240793201,5.82471671388102,6.150113314447592,7.130609065155808,8.138796033994334,0.1140934844192634,-0.4668980169971671,-0.3236827195467421,0.0556657223796034,0.746827195467422,1.0722237960339944,2.0527195467422095,3.0609065155807365,94.30522211895912,2.220003257790368,202.34646657223797,1.937191076487252,1.1835917847025497,,,,,28.884237960339934,114.94688385269122,122.00998866855524,98.54332294617564,110.88408923512748,178.99942351274785,107.87463456090651,89.6378866855524,135.69807223796036,121.92159206798868,118.75221246458923,119.1167847025496,11.013626062322947,12.811614730878189,10.24372521246459,86.0786231884058,3731.5797450424934,106711.35835460993,297848.5032198581,935.0076730878188,19.175038704819276,60.54051841359773,95.2470793201133,62.65280169971671,55.417563739376774,149184.06818181818,72.65660325779037,81.65328980169973,48.81177988668556,49.18106487252125,85.12342747875354,71.5639864022663,72.44112563739377,20244.42776203966,60.25210339943343,,3647.9702127659575,0.577338595248227,,,,,,,,,106.71189801699715,108.54405099150142,104.12379603399432,107.11373937677054,,,
2017-12,7514.64342291372,6483.444413012729,690827.2922740793,178129.47119734087,65.79116534653464,69.2473036775106,67.40661103253183,78.48977878359264,61.691759830268744,65.11280891089109,79.53892871287128,117739.67326732674,110558.89391796324,6.033239038189533,16.89123055162659,2632.6803394625176,2092.7425742574255,2456.1994342291373,1021.3790664780764,1434.807637906648,345851.7934936351,102040.4271570014,21930.106082036775,681.260396039604,4981.338048090523,16192.4243281471,9913.192362093352,6279.231966053748,80110.32107496464,4691.855445544555,11525.914285714289,5833.7934936350775,17089.106082036775,40.23521923620934,3.712305516265912,40.72743988684583,1435.1753889674685,175.75671852899575,284.5233380480905,629.6775106082036,345.22630834512023,1356.054676258993,175.0230215827338,263.7870503597122,567.5482014388489,349.6978417266187,114555.80388076488,42849.74736883585,428865.1164052408,770805.7616661331,1.4805009099334276,933.270297029703,3839.199717114569,2538.465205091938,716.4938246110326,325.83353606789257,312002.08345120226,650.7496490806224,1228.4319329561529,760.8809147308781,0.132613647549575,610.2643281471004,,2.9728866643829783,18.682609000580367,5.072347949080622,5.186506364922207,4.606209335219236,4.749405940594059,5.128500707213577,5.819377652050919,6.1447383309759545,7.1255728429985865,8.133323903818953,0.1141584158415841,-0.4661386138613862,-0.3229420084865629,0.0561527581329561,0.747029702970297,1.0723903818953324,2.0532248939179634,3.0609759547383306,94.29567087198517,2.2182656294200847,202.21983649222065,1.9363205091937763,1.1837243281471004,,,,,28.923496463932103,115.06732673267324,122.1876152758133,98.57898727015558,111.0206944837341,179.42251626591232,107.98114285714284,89.65892927864215,135.94612164073553,122.09857991513437,118.90857425742573,119.28285007072137,11.031103253182462,12.83165487977369,10.2590099009901,86.10108499095841,3747.777369165488,106989.23144475922,298452.725184136,938.516570721358,19.159915338345865,60.61539886845827,95.23393210749646,62.72085007072136,55.5083352192362,149354.27831715212,72.72460127298443,81.68031456859973,48.88902192362094,49.26351711456859,85.14655940594061,71.60511301272984,72.48805459688826,20254.647807637903,60.3391513437058,,3651.415014164306,0.5778409244716713,,,,,,,,,106.84625176803397,108.69335219236208,104.25120226308346,107.23691654879774,,,
2018-01,7524.768923728813,6491.4453389830505,691675.9311817539,178578.00443011298,65.85043686440677,69.29635395480226,67.45725197740113,78.52896186440678,61.762543361581926,65.169202259887,79.53458587570621,117800.42372881356,110620.71610169492,6.030790960451978,16.900706214689265,2631.9449152542375,2092.6313559322034,2456.3728813559323,1021.2259887005648,1435.1454802259886,345703.1327683616,102104.40677966102,21927.758474576272,681.2478813559322,4984.197740112994,16187.264124293786,9910.25988700565,6277.004237288135,80176.64830508475,4693.645621468927,11531.931920903957,5837.557909604519,17096.50988700565,40.23672316384181,3.713418079096045,40.72909604519774,1434.8418079096043,175.64124293785312,284.3813559322034,629.5790960451977,345.24858757062145,1355.9770114942528,175.00574712643677,263.6939655172414,567.5646551724138,349.7140804597701,114930.9301409887,42959.983604666115,430877.9027995763,772398.7096694342,1.4802880373592646,937.119350282486,3853.322457627118,2542.761581920904,720.8818516949153,328.63578107344637,314823.7570621469,652.9043868644067,1232.8676874293783,763.7592995756718,0.1326638615572843,613.1655649717513,,2.9682092139689265,18.70991044250425,5.067019774011299,5.181341807909605,4.601567796610169,4.744774011299435,5.123658192090395,5.814237288135593,6.1394491525423724,7.120466101694915,8.12779661016949,0.114322033898305,-0.46545197740113,-0.3222457627118644,0.056638418079096,0.7472175141242937,1.0724293785310737,2.053446327683616,3.0607768361581917,94.28539888888888,2.2165265536723164,202.09373573446325,1.935478813559322,1.1838559322033897,,,,,28.964395480225992,115.18093220338982,122.36526412429376,98.61369350282486,111.15635593220338,179.8466779661017,108.08704661016948,89.6806906779661,136.19478107344634,122.27558757062148,119.06464124293784,119.44888983050848,11.048672316384184,12.851737288135594,10.274392655367231,86.11859205776173,3764.000847457627,107266.83380480904,299065.61854314,942.2072491525424,19.14422867867868,60.69030932203389,95.22029096045198,62.78831779661017,55.599478813559315,149536.56451612903,72.79194152542374,81.70990042372883,48.966497881355934,49.34611327683616,85.17294618644068,71.66821483050846,72.53438305084747,20264.758474576272,60.42755649717515,,3654.4653465346537,0.5782960662277228,,,,,,,,,106.979802259887,108.84166666666668,104.379802259887,107.36412429378532,,,
2018-02,7524.768923728813,6491.4453389830505,691675.9311817539,179016.98749861776,65.90903991537377,69.34600578279266,67.50872440056418,78.56941057827926,61.83109548660085,65.22443497884343,79.52937954866009,117861.5162200282,110682.50634696757,6.028067700987306,16.91086036671368,2631.4485190409027,2092.420310296192,2456.296191819464,1021.1692524682652,1435.1255289139633,345546.2877291961,102172.67136812412,21926.23131170663,680.548095909732,4988.304654442877,16182.373765867418,9906.846262341323,6275.527503526093,80246.44005641749,4694.965021156559,11538.624259520451,5841.502115655853,17103.866008462624,40.23794076163611,3.713258110014104,40.73018335684062,1434.7122708039492,175.57545839210155,284.17207334273627,629.6346967559944,345.33850493653034,1356.004304160689,174.90243902439025,263.5925394548063,567.7560975609756,349.75466284074605,115106.21514784204,43010.446965325005,431879.1836136812,773990.7383280932,1.4800757661200563,940.9434414668546,3867.404795486601,2547.0070521861776,725.2623117066289,331.3894936530325,317596.8688293371,654.9864995768688,1237.1678720733428,766.6082766949152,0.1327118324717514,616.2355712270803,,2.9682092139689265,18.70991044250425,5.0618617771509165,5.176389280677011,4.59706629055007,4.740324400564175,5.118970380818053,5.809393511988717,6.1344287729196045,7.115430183356841,8.122341325811002,0.114527503526093,-0.4647954866008463,-0.3215373765867418,0.0571086036671368,0.7475317348377997,1.0725669957686883,2.053568406205924,3.060479548660085,94.27068170055452,2.2147548660084624,201.9650717912553,1.934698730606488,1.1839392101551482,,,,,29.01338787023977,115.3,122.54416643159377,98.65305782792667,111.29551763046544,180.27226234132576,108.19475317348376,89.70261777150917,136.44409026798309,122.45394781382228,119.22237799717912,119.61617912552892,11.066685472496475,12.872242595204511,10.290211565585333,86.11859205776173,3780.210860366713,107266.83380480904,299065.61854314,945.7555606488012,19.131040029985005,60.69030932203389,95.22029096045198,62.78831779661017,55.599478813559315,149717.6848874598,72.86065486600847,81.74073159379408,49.04442369534557,49.42607517630465,85.19441198871651,71.73080141043724,72.58571889985896,20277.245416078986,60.42755649717515,,3657.651129943503,0.5787485175564973,,,,,,,,,107.11565585331452,108.99181946403384,104.510437235543,107.49703808180536,,,
2018-03,7545.242398591549,6507.6836619718315,693359.7212207334,179457.6649810141,65.72712661971829,69.03135211267606,67.13982788732393,78.49426056338028,61.79360253521127,64.98501422535212,79.50789211267606,117923.57183098592,110745.22816901408,6.025352112676057,16.919295774647885,2631.274647887324,2092.1577464788734,2456.118309859155,1021.0464788732394,1435.0718309859155,345358.4056338028,102237.56338028167,21924.31971830986,680.5261971830986,4991.412676056338,16177.412676056338,9904.021126760565,6273.391549295775,80313.24366197184,4696.735352112675,11544.802253521128,5845.316901408451,17111.281690140844,40.23985915492958,3.7149295774647886,40.73267605633803,1434.433802816901,175.46056338028168,283.98591549295776,629.6718309859154,345.32394366197184,1355.9541547277936,174.86103151862463,263.48424068767906,567.8295128939828,349.7808022922636,115294.00780256338,43068.38798534942,432881.680538169,775608.1491344005,1.4798781980437234,944.7090140845072,3881.477464788733,2551.239436619718,729.7209450704224,334.1695873239437,320396.3605633803,656.8686628169014,1241.567748309859,769.5083310296191,0.1327599344428773,619.1777183098591,,2.9682092139689265,18.70991044250425,5.056732394366197,5.171605633802817,4.592802816901409,4.7361126760563375,5.114521126760563,5.80487323943662,6.129816901408451,7.110788732394366,8.117253521126761,0.1148732394366197,-0.4639295774647888,-0.3206197183098591,0.0577887323943662,0.7481408450704227,1.0730845070422537,2.054056338028169,3.060521126760564,94.25489501845018,2.2129530985915493,201.8326843661972,1.9339401408450705,1.184044647887324,,,,,29.06017183098592,115.42647887323942,122.72314507042252,98.69400985915492,111.43524929577464,180.69575070422533,108.3023,89.72351126760562,136.69375633802815,122.63249718309858,119.38011549295776,119.78364225352112,11.084478873239435,12.892760563380282,10.305718309859154,86.16025179856115,3796.404507042253,107813.19258110011,300303.9941607899,948.7770746478872,19.132726796407187,60.84098450704226,95.19288169014084,62.92584647887323,55.78228873239437,149908.8173076923,72.67577887323944,81.70553985915492,48.25456605633803,49.30510422535211,85.1944195774648,71.70522464788732,72.73993,20287.68169014085,60.60245774647888,,3661.716502115656,0.5793029377630465,,,,,,,,,107.24957746478871,109.14098591549296,104.64169014084509,107.63605633802815,,,
2018-04,7555.375582278481,6515.683403656822,694187.6089373239,179899.99597260196,65.78572123769338,69.08097693389593,67.1906493670886,78.53472489451477,61.86226329113923,65.04005682137836,79.50280773558369,117985.23066104078,110807.72151898734,6.022644163150493,16.929395218002814,2630.790436005626,2092.040787623066,2455.7609001406468,1020.8481012658228,1434.912798874824,345194.18846694793,102302.09142053446,21922.28270042194,680.5151898734177,4994.420534458509,16172.413502109704,9901.165963431786,6271.247538677919,80379.80872011252,4698.5196905766525,11550.937693389593,5849.104078762307,17118.551336146273,40.241772151898736,3.716315049226442,40.73488045007032,1434.368495077356,175.43319268635724,283.82981715893106,629.6638537271449,345.45007032348803,1355.9871244635194,174.80400572246066,263.3991416309013,567.9499284692417,349.83547925608013,115491.38472548524,43136.77438404485,433897.6922392405,777232.482727169,1.4797093555112677,948.5227848101264,3895.6237693389594,2555.5104078762306,734.0858860759492,336.83724613220824,323083.36849507736,658.9522974683543,1245.9082340365685,772.3635098591549,0.1328074167774648,622.1082278481013,,2.963352863558369,18.740184708614947,5.051744022503516,5.167257383966245,4.58873417721519,4.732081575246132,5.1102250351617435,5.800407876230661,6.125189873417722,7.106230661040788,8.11236286919831,0.1155133614627285,-0.4630098452883263,-0.3196624472573839,0.0584810126582278,0.7486638537271448,1.0734458509142053,2.0544866385372713,3.060618846694796,94.24014898710864,2.211173980309423,201.69796441631507,1.9331857946554147,1.184198312236287,,,,,29.107527426160335,115.54992967651194,122.90139943741208,98.73372151898737,111.57105203938116,181.12072433192685,108.40803797468354,89.74437130801688,136.9437693389592,122.8102194092827,119.536547116737,119.95027848101265,11.102222222222222,12.913122362869196,10.321223628691982,86.16025179856115,3813.031223628692,108093.3650140845,300916.43391549296,952.2141924050632,19.131323617339312,60.91615189873418,95.17881715893108,62.99356680731364,55.87388888888888,150096.2747603834,72.74445625879042,81.7364170182841,48.325781293952176,49.38535091420534,85.217035302391,71.76381983122363,72.78861322081576,20298.14064697609,60.68995639943741,,3664.9647887323945,0.5797404097802816,,,,,,,,,107.3834036568214,109.2900140646976,104.77243319268636,107.75977496483826,,,
2018-05,7565.594688202246,6523.781039325842,695028.9329753867,180334.20394945223,65.8414838483146,69.12801460674157,67.23878384831461,78.57289648876404,61.92780561797752,65.09248286516855,79.49582120786516,118046.38483146067,110870.04353932584,6.019662921348314,16.93806179775281,2630.066011235955,2091.9353932584268,2455.5828651685392,1020.869382022472,1434.7134831460671,345020.4606741573,102366.90870786516,21920.377808988764,680.5129213483145,4997.494382022472,16167.470505617976,9898.352528089888,6269.11797752809,80446.5308988764,4700.2692415730335,11557.095084269664,5852.896067415731,17125.844101123595,40.244101123595506,3.7179775280898872,40.7372191011236,1434.1390449438202,175.311797752809,283.69662921348316,629.688202247191,345.4508426966292,1356.4242857142858,174.69,263.35,568.4128571428571,349.97285714285715,115564.0751963764,43200.05834029022,434296.7053119382,778854.5734687623,1.479526923225035,952.3300561797752,3909.747191011236,2559.7585674157303,738.329995786517,339.38529353932586,325650.66151685396,661.0623249999999,1250.2564459269663,775.2568614627286,0.1328558466174402,624.9614887640449,,2.963352863558368,18.740184708614947,5.047022471910112,5.163089887640449,4.584761235955056,4.72814606741573,5.106067415730337,5.796053370786517,6.12061797752809,7.101657303370786,8.107528089887639,0.116067415730337,-0.4622612359550562,-0.318876404494382,0.0590449438202247,0.7490308988764044,1.0735955056179776,2.054634831460674,3.060505617977528,94.2256511029412,2.2094289325842698,201.56588328651688,1.9324480337078649,1.1843233146067416,,,,,29.159693820224717,115.6758426966292,123.07992696629212,98.7738047752809,111.70718398876404,181.5450926966292,108.51440168539324,89.76449578651686,137.19368960674157,122.98819241573032,119.69305337078652,120.11722752808988,11.1200702247191,12.9336797752809,10.336797752808993,86.21021505376345,3829.268539325842,108366.45360056256,301513.63945147675,955.6142171348316,19.130822388059705,60.991241573033705,95.16473735955056,63.061936797752814,55.96516573033709,150290.52866242037,72.81397542134832,81.76422528089888,48.39393497191012,49.462147471910114,85.23581095505618,71.80664157303372,72.84232219101123,20308.56320224719,60.77790730337078,,3669.059071729958,0.5803294697032348,,,,,,,,,107.51643258426968,109.4377808988764,104.90365168539326,107.88426966292134,,,
2018-06,7575.823309957924,6531.856381486676,695864.409193118,180785.9231584993,65.9000267882188,69.17657251051892,67.28802286115007,78.61015175315568,61.99766171107995,65.1470332398317,79.49039032258065,118107.3842917251,110932.60168302944,6.016549789621317,16.944179523141656,2629.2300140252455,2091.729312762973,2455.1767180925667,1020.8078541374474,1434.3688639551192,344848.97335203364,102431.88779803646,21918.57082748948,680.5190743338009,5000.622720897616,16162.568022440391,9895.569424964937,6266.998597475455,80513.31697054699,4702.025105189341,11563.30911640954,5856.695652173913,17133.144460028052,40.24614305750351,3.719074333800841,40.739270687237024,1434.0070126227208,175.2117812061711,283.6521739130435,629.7251051893409,345.4263674614306,1356.3452211126962,174.63195435092726,263.27246790299574,568.493580599144,349.94864479315265,115753.34016805048,43256.31817747517,435317.0212932679,780735.419030604,1.480089385411517,956.117110799439,3923.9338008415143,2564.019635343618,742.4773800841515,341.8357727910238,328120.27208976157,663.2629193548387,1254.6105026647965,778.1605867977528,0.1329044038455056,627.8738709677418,,2.963352863558368,18.740184708614947,5.042328190743338,5.1588779803646565,4.5809396914446,4.724347826086957,5.102089761570827,5.791879382889201,6.116213183730716,7.0973071528751746,8.102931276297335,0.1165497896213183,-0.4613884992987377,-0.3179803646563814,0.0597615708274894,0.7495511921458626,1.0738849929873773,2.0549789621318375,3.060603085553997,94.21549651376148,2.207728330995792,201.4370225806452,1.931626928471248,1.184466760168303,,,,,29.21694530154278,115.8047685834502,123.2586858345021,98.81377559607294,111.8440701262272,181.9696479663394,108.62086676016828,89.78415007012622,137.44395792426369,123.16649368863952,119.8495904628331,120.2844095371669,11.137924263674616,12.954095371669004,10.352356241234224,86.23130590339893,3845.536325385694,108638.93879213484,302112.4675842697,958.9983953716692,19.122830700447093,61.06662692847125,95.15086255259467,63.13052875175316,56.05680364656382,150217.4,72.87568835904628,81.79283267882187,48.46493211781206,49.543325385694246,85.25985890603087,71.85585932678822,72.89353211781206,20319.089761570827,60.86504488078542,,3673.429775280899,0.5810145019297753,,,,,,,,,107.6516129032258,109.58877980364656,105.0389901823282,108.01823281907431,,,
2018-07,8096.907267507004,6982.905462184874,798668.3258488078,181244.3448347479,65.95848263305322,69.22544369747898,67.33817577030813,78.64954369747899,62.06694005602241,65.20057030812326,79.4842169467787,118169.05462184874,110995.1274509804,6.0137254901960775,16.95014005602241,2628.6666666666665,2091.435574229692,2454.9789915966385,1020.5490196078432,1434.4299719887956,344679.99719887954,102497.06022408964,21916.82773109244,680.5299719887955,5003.725490196079,16157.74649859944,9892.850140056022,6264.896358543418,80580.2324929972,4703.794677871148,11569.387254901962,5860.516806722689,17140.449579831933,40.24761904761905,3.7200280112044815,40.74061624649861,1433.609243697479,175.0686274509804,283.4355742296919,629.7100840336135,345.4033613445378,1356.2535612535612,174.55270655270655,263.14387464387465,568.6381766381767,349.92022792022794,115944.82148434174,43313.924263132234,436339.3672018207,782356.0986673072,1.479892906610098,960.0135854341738,3938.259103641457,2568.3299719887955,746.5892563025211,344.2320098039216,330535.5168067227,665.4289221288516,1258.942331652661,781.014205890603,0.1326011682917251,630.8521288515406,,2.958777378277311,18.740184708614947,5.03781512605042,5.154719887955182,4.577184873949579,4.720616246498599,5.098207282913165,5.78766106442577,6.111722689075631,7.092913165266107,8.098347338935573,0.1169047619047619,-0.4606302521008404,-0.3171988795518207,0.060392156862745,0.7498459383753501,1.07390756302521,2.0550980392156863,3.060532212885154,94.20729853479853,2.2060228291316526,201.30904887955185,1.930783473389356,1.1846460784313726,,,,,29.271081232492993,115.9359943977591,123.43739495798316,98.85209103641456,111.98176610644258,182.39588095238096,108.72735014005602,89.80409103641456,137.69412605042018,123.34471988795516,120.00608823529411,120.4514593837535,11.155798319327731,12.974565826330531,10.367969187675069,86.25267857142858,3861.9343137254896,108910.39561009816,302708.83071528753,962.4353295518206,19.11315163690476,57.49472128851541,99.21560504201682,56.52772829131653,52.81560924369748,150402.34810126582,72.93985616246499,81.82350728291317,48.53550532212885,49.62243445378152,85.28241890756303,71.92664677871147,72.94348459383754,20329.491596638654,57.762455182072834,,3677.786816269285,0.5817660283015428,,,,,,,,,107.7872549019608,109.73991596638656,105.17577030812323,108.14593837535014,,,
2018-08,8108.304391608392,6992.018321678321,799631.263767787,181698.3597370769,66.01755762237761,69.27396125874125,67.38729972027971,78.68618895104893,62.1380318881119,65.25712657342658,79.48023762237763,118230.6993006993,111058.02237762236,6.01076923076923,16.95888111888112,2627.914685314686,2091.055944055944,2454.9104895104897,1020.4797202797204,1434.430769230769,344498.27692307695,102562.3944055944,21915.17762237762,680.5397202797203,5006.858741258741,16152.98881118881,9890.176223776223,6262.812587412587,80647.21678321678,4705.598041958041,11575.518741258742,5864.292307692308,17147.725874125874,40.24951048951049,3.720979020979021,40.742657342657346,1433.2055944055944,174.97062937062938,283.2741258741259,629.6713286713286,345.2979020979021,1356.1778093883356,174.48221906116643,263.02702702702703,568.7752489331436,349.89473684210526,116127.29446128671,43365.26927259901,437358.2520029371,783972.2707980252,1.4796829725672267,963.7995804195804,3952.536643356644,2572.611608391609,750.6236447552449,346.568206993007,332890.55524475523,667.5761314685315,1263.277393006993,783.9385742296919,0.1326443016848739,633.877006993007,,2.958777378277311,18.765923503382023,5.033440559440559,5.150503496503497,4.573524475524475,4.7169650349650345,5.09441958041958,5.783454545454545,6.107216783216783,7.088405594405593,8.09372027972028,0.117062937062937,-0.4599160839160839,-0.3164755244755244,0.0609790209790209,0.7500139860139861,1.0737762237762238,2.054965034965035,3.0602797202797203,94.19969268738572,2.204328811188811,201.1834711888112,1.929923916083916,1.1848260139860138,,,,,29.329415384615384,116.05146853146852,123.6162041958042,98.8896937062937,112.11993986013988,182.81967132867132,108.83364615384612,89.82476643356644,137.9447034965035,123.52306293706292,120.16249090909092,120.61872867132868,11.17358041958042,12.995146853146856,10.383384615384616,86.25267857142858,3878.271608391608,109182.4962885154,303303.57425770303,965.9149337062936,19.10252808320951,57.56584755244756,99.1995272727273,56.58767692307692,52.90270769230769,150594.24605678234,73.00700909090911,81.85003594405595,48.61070027972028,49.70345174825175,85.31247006993007,71.96291888111887,72.99774433566434,20339.97062937063,57.84542657342658,,3681.995798319328,0.5823775498445378,,,,,,,,,107.92307692307692,109.89104895104896,105.31272727272729,108.28447552447552,,,
2018-09,8119.732561452514,7001.130167597766,800596.375286993,182157.12739107545,66.07527960893856,69.32114175977654,67.43572011173185,78.72371438547486,62.20776075418994,65.31114622905028,79.47441061452514,118291.51675977654,111120.15083798884,6.00782122905028,16.966759776536314,2627.328212290503,2090.537709497207,2454.631284916201,1020.3435754189944,1434.2877094972066,344313.57262569835,102627.51536312848,21913.44413407821,680.572625698324,5009.988826815643,16148.129888268157,9887.413407821228,6260.716480446928,80714.07122905029,4707.426815642458,11581.51284916201,5868.111731843575,17154.993016759778,40.25153631284916,3.722346368715084,40.74497206703911,1433.0293296089385,174.87150837988827,283.1606145251397,629.7122905027933,345.2932960893855,1356.0255681818182,174.37926136363637,262.92329545454544,568.890625,349.8338068181818,116330.04265337987,43429.31001514827,438391.95835488825,785606.0732164895,1.4794876117664333,967.6268156424582,3966.874022346368,2576.9034916201117,754.6083198324022,348.84408100558665,335185.16759776534,669.6759533519553,1267.669288407821,786.863796083916,0.132686949883916,636.9830726256984,,2.958777378277311,18.765923503382023,5.029078212290503,5.146368715083799,4.569972067039106,4.713435754189944,5.090726256983239,5.779245810055866,6.102723463687151,7.083924581005586,8.089078212290504,0.1172905027932961,-0.4591061452513967,-0.3156424581005586,0.0616480446927374,0.750167597765363,1.073645251396648,2.0548463687150837,3.06,94.19282591240876,2.2026300279329605,201.0575117318436,1.929027094972067,1.1849927374301676,,,,,29.383508379888266,116.1586592178771,123.79529608938547,98.92432262569832,112.26042318435756,183.24073743016763,108.9402444134078,89.84547067039105,138.19554469273743,123.7017597765363,120.31905865921787,120.78642039106144,11.191424581005586,13.015712290502794,10.398854748603352,86.29110320284698,3894.622067039106,109455.76237762236,303898.7206013986,969.3282149441342,19.090463204747778,57.63709776536312,99.1831997206704,56.647532122905034,52.99009357541898,150794.35220125786,73.07289706703911,81.87797918994413,48.680304748603355,49.78172597765363,85.34012988826817,72.01001620111732,73.05017653631285,20350.36312849162,57.929252793296094,,3686.7258741258743,0.5831348095524476,,,,,,,,,108.05865921787708,110.04175977653632,105.44902234636872,108.4058659217877,,,
2018-10,8131.191856345887,7010.286750348676,801573.9501818435,182611.8984825802,66.13458981868898,69.36960237099024,67.48499721059973,78.76105411436541,62.27944644351465,65.36608228730823,79.46924658298467,118352.37377963738,111182.69177126918,6.00460251046025,16.976569037656905,2626.543933054393,2090.020920502092,2454.3389121338914,1020.121338912134,1434.2175732217572,344121.50348675036,102693.03486750348,21911.89818688982,680.6054393305438,5013.170153417015,16143.408647140865,9884.781032078105,6258.627615062762,80781.13668061366,4709.240446304045,11587.566527196654,5871.930264993027,17162.437935843795,40.25285913528591,3.7231520223152024,40.746722454672245,1432.700139470014,174.79218967921898,282.9860529986053,629.5885634588564,345.34170153417017,1355.903546099291,174.26666666666668,262.79290780141844,569.0255319148936,349.8198581560284,116534.1513805021,43487.661478939146,439434.9821228731,787248.1206002653,1.479292796666201,971.471129707113,3981.197907949791,2581.1891213389117,758.5385662482566,351.06049232914927,337420.2245467224,671.8372986052998,1272.0216297071129,789.7995326815642,0.1327296507388268,640.1413947001395,,2.9540139288563454,18.789676680290903,5.024783821478382,5.14231520223152,4.566569037656904,4.710055788005579,5.087196652719665,5.775216178521617,6.09839609483961,7.079595536959554,8.08460251046025,0.117531380753138,-0.4582147838214784,-0.3147280334728033,0.0624128312412831,0.7504323570432356,1.0736122733612272,2.0548117154811716,3.0598186889818693,94.18518433515484,2.2009085076708503,200.9334390516039,1.9281589958158996,1.185157880055788,,,,,29.4404769874477,116.26150627615064,123.97409483960948,98.96046443514643,112.399529986053,183.6617140864714,109.04614783821476,89.86500418410041,138.44648256624825,123.880179916318,120.47522594142258,120.95381032078105,11.209470013947,13.036499302649933,10.41453277545328,86.31563055062166,3910.9443514644345,109730.84382681565,304493.945726257,972.7385447698744,19.07922074074074,57.70818410041841,99.16648117154811,56.70727894002789,53.077355648535566,150988.8432601881,73.14105160390517,81.90514518828452,48.75345662482566,49.862170850767086,85.36576917712692,72.05184435146445,73.10130753138075,20360.83821478382,58.01353138075314,,3691.736033519553,0.5839497957527934,,,,,,,,,108.19344490934448,110.1910739191074,105.58423988842398,108.53040446304044,,,
2018-11,8142.365903899722,7019.154317548748,802554.4370016736,183068.82620057103,66.19596281337047,69.41947019498608,67.53648941504179,78.80035933147632,62.35398885793872,65.42264582172702,79.46525849582174,118414.05153203342,111245.89415041782,6.001392757660168,16.984261838440112,2625.75069637883,2089.6462395543176,2454.025069637883,1019.8927576601671,1434.132311977716,343940.27576601674,102758.59610027856,21910.459610027858,680.6455431754874,5016.389972144847,16138.747910863509,9882.175487465182,6256.572423398328,80848.13649025069,4711.058635097493,11593.54373259053,5875.736768802229,17169.714484679665,40.2541782729805,3.724373259052925,40.74860724233983,1432.4442896935934,174.6949860724234,282.883008356546,629.5445682451253,345.33008356545963,1355.7747875354107,174.18980169971672,262.6841359773371,569.127478753541,349.7747875354108,116715.20687997216,43539.03641903941,440469.43061573815,788893.7550206276,1.4790985249832638,975.3243732590528,3995.529805013928,2585.4557103064067,762.4409526462397,353.21193732590535,339590.37604456826,674.0157325905292,1276.3756169916437,792.7622228730822,0.1327766006624825,643.1293036211699,,2.9540139288563454,18.789676680290903,5.0208356545961,5.138454038997215,4.563342618384401,4.7068384401114205,5.083802228412256,5.771350974930362,6.094289693593314,7.075501392757659,8.080403899721448,0.1176183844011142,-0.4574930362116992,-0.3139972144846796,0.0629665738161559,0.7505153203342617,1.0734540389972145,2.05466573816156,3.059568245125348,94.17898181818182,2.1992275766016713,200.8105816155989,1.9272857938718664,1.185318384401114,,,,,29.49801114206128,116.36295264623956,124.1535557103064,98.9966016713092,112.5416225626741,184.08264484679663,109.15299442896936,89.885073816156,138.69783286908077,124.05947910863507,120.63223955431756,121.12189415041782,11.227618384401117,13.057451253481895,10.430292479108637,86.33741134751773,3927.227576601671,110009.30092050208,305088.9257461646,976.142816573816,19.08105,57.779208913649015,99.1500557103064,56.76728551532033,53.16438579387186,151192.85,73.20846601671309,81.93494150417827,48.829618245125346,49.94423454038997,85.3941778551532,72.09944554317548,73.15590445682452,20371.26462395543,58.09723955431756,,3696.581589958159,0.5848095623528592,,,,,,,,,108.33036211699164,110.34345403899722,105.72116991643452,108.66448467966572,,,
2018-12,8153.805941585537,7028.291376912378,803515.8249724234,183528.27845898469,66.2554845618915,69.46726495132128,67.5858990264256,78.8371688456189,62.42696203059806,65.47674728789987,79.45948859527121,118475.74269819193,111309.24478442282,5.998191933240611,16.990820584144643,2625.0556328233656,2089.2614742698192,2453.5215577190543,1019.6411682892908,1433.8803894297637,343773.1126564673,102824.13630041725,21908.977746870652,680.6728789986092,5019.56050069541,16134.108484005565,9879.575799721835,6254.532684283728,80915.15855354659,4712.886509040333,11599.550486787206,5879.5688456189155,17176.947148817802,40.25535465924896,3.725452016689847,40.75006954102921,1432.221140472879,174.64116828929068,282.7009735744089,629.624478442281,345.26286509040335,1355.7355021216408,174.11315417256012,262.5629420084866,569.3239038189533,349.73691654879775,116902.54178,43590.43635933607,441501.04197788594,790559.2595400974,1.4789187220236768,979.1358831710708,4009.887343532684,2589.7351877607784,766.2381460361613,355.2809443671767,341678.19332406117,676.1241194714883,1280.7503308762173,795.7359892757661,0.1328208899206128,646.0223504867871,,2.9540139288563454,18.81277565794986,5.016912378303199,5.134867872044507,4.560236439499304,4.703713490959666,5.080486787204451,5.767426981919333,6.090152990264255,7.07152990264256,8.076425591098749,0.1179554937413073,-0.4566759388038943,-0.3131988873435327,0.0635744089012517,0.7505146036161333,1.0732406119610571,2.0546175243393603,3.059513212795549,94.17445154264972,2.197561196105702,200.6889229485396,1.9263994436717664,1.1855063977746871,,,,,29.536205841446453,116.4605006954103,124.33258553546592,99.03108344923506,112.68079137691238,184.50487204450624,109.25865229485396,89.90593463143254,138.94947009735742,124.23824061196106,120.78841446453409,121.28946592489568,11.245744089012518,13.07844228094576,10.44605006954103,86.35716814159292,3943.5063977746863,110287.35144846798,305683.21445682447,979.572790403338,19.083839734121124,57.85040611961056,99.13365368567456,56.82646175243394,53.25198331015298,151397.67289719626,73.27563365785815,81.96170319888735,48.90510139082058,50.024177607788594,85.4182057023644,72.15227913769124,73.20151196105702,20381.74826147427,58.18168567454799,,3701.224233983287,0.5856065567325905,,,,,,,,,108.46425591098748,110.49165507649514,105.85605006954104,108.77760778859526,,,
2019-01,8153.805941585536,7028.291376912378,803515.8249724234,183528.27845898469,66.31702527777777,69.51797624999999,67.638245,78.87703138888888,62.500847500000006,65.53375680555556,79.45582027777778,118538.56805555556,111373.22361111113,5.995138888888889,16.996805555555554,2624.2986111111113,2089.1041666666665,2453.213888888889,1019.5083333333332,1433.6930555555557,343603.98333333334,102890.15555555555,21907.67638888889,680.7208333333334,5022.8125,16129.544444444444,9877.023611111112,6252.520833333333,80982.47916666667,4714.706388888889,11605.631805555557,5883.363888888889,17184.24027777778,40.257222222222225,3.726805555555556,40.75194444444445,1432.221140472879,174.64116828929068,282.7009735744089,629.624478442281,345.26286509040335,1355.7355021216408,174.11315417256012,262.5629420084866,569.3239038189533,349.73691654879775,116902.54178,43590.43635933607,441501.04197788594,790559.2595400974,1.4789187220236768,983.0259722222222,4024.39,2594.0804166666667,769.8585541666666,355.2809443671767,341678.19332406117,678.4090441666666,1285.1035818055557,798.6909767732963,0.132864061503477,648.6908055555556,,2.9499639374861113,18.81277565794986,5.013097222222222,5.131472222222222,4.557194444444444,4.700625,5.077125,5.763138888888889,6.085624999999999,7.067291666666667,8.072333333333333,0.118375,-0.4559027777777777,-0.3124722222222221,0.0640277777777777,0.7500416666666666,1.0725277777777775,2.054194444444444,3.0592361111111113,94.17060036231884,2.1958866666666665,200.56602083333337,1.925482777777778,1.1857259722222222,,,,,29.563961111111112,116.56111111111112,124.51091944444444,99.06551805555556,112.81380138888888,184.92790416666668,109.3621875,89.92686944444443,139.2019277777778,124.41607777777776,120.94342083333336,121.45627222222224,11.264,13.099611111111113,10.461805555555555,86.37826855123676,3959.908194444444,110569.18965229484,306277.65324061195,983.0783422222224,19.09602448377581,57.85040611961056,99.13365368567456,56.82646175243393,53.251983310153,151397.67289719626,73.34855736111112,81.99086263888888,48.98012569444445,50.10634611111111,85.44450777777777,72.20550986111112,73.25716833333334,20392.3125,58.18168567454798,,3705.728789986092,0.5863937400194715,,,,,,,,,108.59708333333334,110.63805555555555,105.98847222222224,108.92666666666666,,,
2019-02,8153.805941585536,7028.291376912378,803515.8249724234,183974.39335001388,66.3780148404993,69.56806241331483,67.68898737864079,78.91537753120666,62.57427656033288,65.58943495145631,79.45119514563106,118600.5520110957,111436.08183079056,5.992371705963939,17.001664355062413,2623.883495145631,2088.998613037448,2452.7975034674064,1019.3453536754508,1433.4410540915396,343432.8959778086,102956.91400832178,21907.098474341194,680.6228848821083,5027.368932038835,16124.53814147018,9874.540915395284,6249.997226074896,81049.81553398058,4673.560610263523,11613.127323162274,5886.98613037448,17193.61442441054,40.26185852981969,3.7263522884882105,40.75423023578363,1431.6597222222222,174.525,282.4555555555556,629.5944444444444,345.09305555555557,1355.6850282485875,174.0183615819209,262.3954802259887,569.4830508474577,349.78954802259886,117093.65213863888,43645.398001955815,442526.37525291665,792213.800208331,1.4787394192114045,986.8914008321776,4038.9230235783634,2598.4438280166437,773.4309431345354,359.1041761442441,345539.0166435506,680.7179490984744,1289.4607312066576,801.9480866666667,0.1328786046342142,651.4007350901525,,2.9499639374861113,18.81277565794986,5.009472954230236,5.127947295423024,4.554160887656033,4.6975034674063805,5.0736615811373085,5.7586685159500695,6.080943134535368,7.062940360610264,8.068238557558947,0.1184743411927878,-0.4553120665742025,-0.3119694868238557,0.0641886269070735,0.7491955617198337,1.0714701803051316,2.0534674063800273,3.05876560332871,94.16627215189874,2.194213730929265,200.43896740638004,1.9246015256588072,1.1859260748959777,,,,,29.59421914008322,116.66269070735088,124.6887808599168,99.10400138696258,112.94301386962552,185.35225104022192,109.46502219140083,89.94757558945909,139.45414563106797,124.59331622746184,121.09760887656034,121.62252149791956,11.282718446601942,13.120568654646323,10.478016643550625,86.37826855123676,3976.3976421636617,110883.3325138889,307066.69895833335,986.6365764216364,19.097940648011782,57.85040611961056,99.13365368567456,56.82646175243393,53.251983310153,151757.81424148608,73.41332857142856,82.02013300970873,49.05392122052705,50.188379334257974,85.47265547850208,72.25698710124827,73.31840735090154,20366.596393897365,58.18168567454798,,3711.155555555555,0.587262068663889,,,,,,,,,108.72884882108184,110.78141470180304,106.11692094313452,109.04396671289877,,,
2019-03,8177.153728155339,7046.939112343966,806431.1710543688,184417.11263801664,66.46396980609418,69.65053656509696,67.75837963988918,78.97521925207755,62.664516066481994,65.6725271468144,79.44639972299169,118662.30193905818,111499.1191135734,5.9893351800554,17.008171745152353,2623.288088642659,2088.612188365651,2452.4667590027702,1019.2382271468144,1433.2160664819944,343249.3324099723,103022.93351800554,21905.8324099723,680.6591412742383,5030.6537396121885,16119.991689750692,9872.029085872577,6247.962603878116,81117.10110803324,4675.301800554016,11618.97299168975,5890.771468144045,17200.89750692521,40.262603878116344,3.7272853185595567,40.75554016620499,1431.1412742382272,174.37950138504155,282.0886426592798,629.7839335180056,344.8975069252078,1355.5464788732395,173.9112676056338,262.1830985915493,569.7661971830986,349.68732394366197,117285.796865215,43706.80258038399,443552.2318753121,793884.1643747083,1.4786022811291666,990.7325484764544,4053.382963988919,2602.7677285318555,777.0462257617727,360.980324099723,347433.9265927978,682.9384685595569,1293.837041274238,804.9547782246879,0.1329661355700416,654.3648614958448,,2.9499639374861113,18.82428411822191,5.005858725761772,5.124293628808864,4.551163434903047,4.694376731301939,5.070166204986149,5.7541412742382265,6.076232686980609,7.058407202216067,8.063919667590028,0.1184349030470914,-0.4546952908587257,-0.3114819944598337,0.0643074792243767,0.7482825484764543,1.0703739612188363,2.0525484764542936,3.058060941828255,94.15991678700362,2.19256163434903,200.31431509695292,1.9237386426592795,1.1861130193905818,,,,,29.629337950138503,116.76786703601108,124.86665373961218,99.14175761772852,113.07214404432132,185.77334072022165,109.56786703601108,89.96820083102494,139.7064515235457,124.7704487534626,121.25151939058172,121.78893490304708,11.300997229916897,13.14178670360111,10.49387811634349,86.39982394366199,3992.770221606648,111163.92460471568,307660.52385575586,990.1565782548475,19.092174705882353,57.9920374479889,99.10066296809988,56.94176421636616,53.42713730929265,151931.4351851852,73.58542506925208,82.04581149584487,49.144591966759,50.28061149584488,85.51995041551247,72.35208933518005,73.39541274238228,20376.98891966759,58.3477253814147,,3759.3439667128982,0.5931717519750347,,,,,,,,,108.8601108033241,110.92506925207756,106.2461218836565,109.14916897506929,,,
2019-04,8200.29456431535,7065.258229598892,807416.4187398892,185325.64068051177,66.52423388658367,69.69962088520056,67.80830968188106,79.01214937759336,62.73755919778699,65.72740290456431,79.44197883817428,118723.57123098202,111561.704011065,5.98630705394191,17.015352697095434,2622.6002766251727,2088.2337482710927,2452.195020746888,1019.1424619640388,1433.038727524205,343071.67081604426,103089.05809128632,21904.616874135547,680.6991701244814,5034.01244813278,16115.413554633473,9869.49100968188,6245.922544951591,81184.44121715076,4677.012586445366,11624.721991701244,5894.562932226832,17208.300138312585,40.263900414937766,3.7280774550484095,40.7567081604426,1430.744121715076,174.25587828492394,281.89764868603044,629.7372060857538,344.86168741355465,1355.4444444444443,173.83966244725738,262.07876230661043,569.8776371308016,349.64978902953584,117666.245559917,43817.25762083876,445589.1925063624,797349.0738916759,1.4785646016800555,994.5535269709544,4067.885753803597,2607.1076071922544,780.6881632088521,362.8682323651451,349340.55048409407,685.2402020746888,1298.2205094052556,807.9412351800553,0.1330090461177285,657.3539004149377,,2.9460025569709543,18.82428411822191,5.0022683264177035,5.120636237897648,4.548188105117565,4.691258644536653,5.066597510373444,5.749460580912863,6.071383125864455,7.053858921161827,8.059460580912862,0.1183679114799446,-0.4540802213001382,-0.3110096818810511,0.0643291839557399,0.7471922544951591,1.0691147994467496,2.0515905947441215,3.057192254495159,94.15580396396396,2.190912863070539,200.1909817427386,1.9228990318118944,1.1863218533886586,,,,,29.668785615491007,116.87510373443985,125.04546611341632,99.17602213001382,113.20528630705392,186.1952213001383,109.67209128630708,89.98871369294606,139.95918948824342,124.9485905947441,121.40640802213004,121.95629460580916,11.319197786998616,13.162503457814664,10.509723374827107,86.42091388400704,4009.1276625172895,111440.81583102491,308245.80578947364,993.7032546334716,19.085586490455213,58.1334550484094,99.06698478561547,57.057409405255875,53.60202904564316,152108.84615384616,73.64972503457814,82.07343817427385,49.21869986168742,50.360407053941906,85.54466652835407,72.40378022130014,73.44302434301521,20387.237897648687,58.51556569847856,,3764.013850415513,0.5939338145498615,,,,,,,,,108.99529737206086,111.07455048409405,106.37704011065009,109.265836791148,,,
2019-05,8211.431513812153,7073.9262430939225,808408.2300556016,185778.1480828867,66.58115773480662,69.74508107734808,67.85458604972376,79.04712734806631,62.80766215469613,65.77992251381215,79.4358611878453,118783.99447513813,111623.97375690608,5.983011049723757,17.023480662983424,2621.6077348066297,2087.8936464088397,2451.6864640883978,1018.914364640884,1432.7582872928176,342891.32320441987,103155.41850828729,21903.51104972376,680.736049723757,5037.410220994475,16110.914364640885,9866.99861878453,6243.915745856353,81251.90745856354,4678.754143646409,11630.486049723757,5898.370165745856,17215.68232044199,40.265055248618786,3.7290055248618783,40.75814917127072,1430.5635359116022,174.21408839779005,281.7900552486188,629.6754143646409,344.8922651933702,1355.3525280898875,173.76544943820224,261.97752808988764,569.9845505617977,349.62640449438203,117848.75488925417,43861.42305560163,446603.5472128453,799038.5108572475,1.478428274430152,998.4031767955802,4082.3135359116022,2611.3693370165743,784.1872209944752,364.60999447513814,351100.9571823204,687.5276678176796,1302.6069954419888,807.9412310387811,0.1330125036191135,660.3969751381215,,2.9460025569709543,18.837849224320443,4.998701657458564,5.116975138121546,4.545193370165745,4.688080110497237,5.062941988950276,5.744737569060774,6.066491712707183,7.0492127071823205,8.054820441988952,0.1182734806629834,-0.4535082872928176,-0.3106215469613259,0.0642403314917127,0.74603591160221,1.0677900552486188,2.0505110497237564,3.056118784530387,94.15240917266188,2.18927955801105,200.06867569060776,1.922042679558011,1.1865310773480664,,,,,29.71601104972376,116.97845303867402,125.22490331491711,99.20888397790056,113.34161049723755,186.61823756906077,109.77705248618786,90.00876243093923,140.21240331491714,125.12758425414364,121.56177348066296,122.12425276243096,11.337596685082874,13.183604972375694,10.525580110497238,86.4398245614035,4025.516160220995,111720.5286998617,308826.6583264177,997.3163294198896,19.07567829912023,58.204161602209936,99.04931077348068,57.11604281767955,53.68937845303868,152300.2883435583,73.70968549723757,82.09971933701658,49.28503383977901,50.437282182320445,85.5709979281768,72.43988715469614,73.4968067679558,20397.51104972376,58.59985773480664,,3769.240663900415,0.5947920307593362,,,,,,,,,109.1299723756906,111.2234806629834,106.50635359116023,109.36961325966853,,,
2019-06,8222.912957241379,7082.98096551724,809384.2214505525,186240.8375338069,66.64009972413793,69.79252579310345,67.90307268965518,79.08219406896552,62.87982496551724,65.8335244137931,79.4305347586207,118844.49379310344,111686.2275862069,5.979724137931034,17.033241379310343,2620.9531034482757,2087.1641379310345,2451.1972413793105,1018.6110344827588,1432.5724137931034,342718.3696551724,103221.38896551724,21902.35172413793,680.7812413793105,5040.764137931034,16106.39448275862,9864.506206896553,6241.888275862069,81319.03724137931,4680.495034482758,11636.210620689651,5902.164137931035,17222.951724137933,40.26606896551724,3.729793103448275,40.7591724137931,1430.4468965517242,174.06758620689655,281.60689655172416,629.903448275862,344.87724137931036,1355.273492286115,173.6577840112202,261.85273492286115,570.1570827489481,349.60729312762976,118019.6366066483,43902.75029090098,447601.07197531033,800745.1482731906,1.4782785116201655,1002.2736551724138,4096.855724137931,2615.6733793103444,787.6096827586207,366.28130620689655,352790.8248275862,689.8156125517241,1307.0029623448274,813.8797759944752,0.1330978968522099,663.4236137931034,,2.9460025569709543,18.837849224320443,4.995103448275862,5.11328275862069,4.542165517241379,4.684855172413793,5.059186206896552,5.739834482758621,6.061434482758621,7.044551724137931,8.050096551724138,0.1181793103448275,-0.4529241379310345,-0.3102344827586206,0.0640965517241379,0.744744827586207,1.0663448275862069,2.049462068965517,3.055006896551724,94.1495867145422,2.1876539310344825,199.9444035862069,1.9211646896551724,1.1867510344827588,,,,,29.758926896551728,117.0743448275862,125.4041172413793,99.24157241379312,113.47676,187.04208551724136,109.88168413793105,90.0284331034483,140.46549241379313,125.30625517241378,121.71669379310345,122.29193931034484,11.355958620689655,13.204744827586207,10.541462068965515,86.46357267950962,4042.051586206898,112000.35024861878,309407.02592541435,1000.9370035862069,19.073630600292823,58.2754524137931,99.03263862068964,57.174602758620686,53.77747448275862,152493.74006116207,73.7725732413793,82.12539048275862,49.35916413793103,50.51537241379311,85.59583062068965,72.49286579310345,73.54950137931034,20407.71724137931,58.68387172413793,,3774.303867403315,0.5957339807044199,,,,,,,,,109.26427586206896,111.37172413793104,106.63613793103448,109.47406896551723,,,
2019-07,8243.375882920109,7101.322727272725,810261.6708002758,186647.9906501515,66.69968581267219,69.84089104683196,67.95233925619834,79.11889256198349,62.95227741046832,65.88795785123966,79.42568856749311,118905.28787878789,111748.65013774105,5.976584022038567,17.040358126721763,2620.0440771349863,2086.809917355372,2450.8264462809916,1018.267217630854,1432.546831955923,342551.81542699726,103287.59779614324,21901.283746556473,680.823002754821,5044.174931129476,16101.90909090909,9862.030303030304,6239.878787878788,81386.31404958677,4682.218044077134,11641.907024793389,5905.9586776859505,17230.3044077135,40.26735537190083,3.73030303030303,40.76060606060606,1430.1818181818182,173.98898071625345,281.4669421487603,629.9256198347107,344.8085399449036,1355.3683473389356,173.6750700280112,261.76050420168065,570.4005602240896,349.53361344537814,118192.5200273003,43945.238540024315,448578.3446034435,802361.6556548828,1.478239506776552,1006.110606060606,4111.6827823691465,2620.088567493113,791.062546831956,367.9824435261708,354510.435261708,691.6831055096418,1311.394461432507,816.939505089655,0.1330753449572413,666.4907575757576,,2.9418547808126725,18.83779526085359,4.991501377410469,5.109407713498622,4.538898071625344,4.6813085399449035,5.054972451790634,5.7344490358126725,6.055936639118458,7.0395592286501385,8.045151515151517,0.1179063360881542,-0.4525895316804407,-0.3101790633608815,0.0634848484848484,0.7429476584022039,1.064449035812672,2.048071625344353,3.0536639118457303,94.14507849462366,2.186001515151515,199.81785275482093,1.9202643250688705,1.1869468319559229,,,,,29.793225895316805,117.1685950413223,125.583044077135,99.27608402203856,113.60955234159778,187.4667217630854,109.98550275482094,90.04872176308541,140.7188567493113,125.48464876033056,121.87097382920108,122.4592878787879,11.37431129476584,13.225743801652897,10.557341597796142,86.46357267950962,4058.761432506888,112282.08267586208,309987.89642758615,1004.5241774104684,19.0703932748538,58.33693388429752,99.01021074380164,57.23177823691459,53.8525826446281,152676.26524390245,73.83940220385675,82.15212451790633,49.431869008264464,50.593371074380165,85.62119944903583,72.53398236914602,73.60023181818181,20417.94490358127,58.7821267217631,,3779.0924137931033,0.5966095129779311,,,,,,,,,109.39696969696972,111.51735537190083,106.76184573002756,109.5754820936639,,,
2019-08,8255.492099037137,7110.9973865199445,811230.5996283746,187112.16810455295,66.75696299862447,69.88958968363137,68.00251017881706,79.15744828060521,63.01902132049518,65.9404082530949,79.41949738651994,118966.42365887208,111811.29023383767,5.973452544704265,17.043878954607976,2619.467675378267,2086.411279229711,2450.3039889958736,1018.111416781293,1432.1801925722143,342372.2393397524,103353.74965612104,21900.18294360385,680.8532324621734,5047.544704264099,16097.445667125172,9859.57909215956,6237.866574965612,81453.56671251719,4683.942640990371,11647.562998624486,5909.779917469051,17237.56258596974,40.26836313617606,3.730674002751031,40.7614855570839,1429.834938101788,173.88308115543327,281.3273727647868,629.8817056396149,344.75103163686384,1355.3146853146852,173.5986013986014,261.62517482517484,570.5454545454545,349.54685314685315,118373.36525422284,43996.86436762945,449560.0208832187,804060.4660465426,1.4781179647561984,1010.0255845942228,4126.485419532325,2624.471114167813,794.4746918844567,369.6476877579093,356194.045392022,693.9648667125172,1315.7829561210451,819.9841229201102,0.1331150714325069,669.6951856946355,,2.9418547808126725,18.83779526085359,4.987936726272352,5.105433287482805,4.53554332874828,4.677661623108666,5.050715268225584,5.72907840440165,6.050440165061898,7.034401650618983,8.039972489683631,0.1174965612104539,-0.4523796423658872,-0.310261348005502,0.0627922971114167,0.7411416781292984,1.0625171939477305,2.046478679504814,3.0520495185694636,94.14071109123437,2.1843536451169188,199.69194979367265,1.919337001375516,1.1871167812929848,,,,,29.83113067400275,117.26519944979366,125.7626561210454,99.31125171939478,113.74427235213204,187.89345529573592,110.0900811554333,90.06934525447043,140.97281705639617,125.66389270976616,122.02600962861072,122.62725447042642,11.39270976616231,13.246561210453924,10.573370013755158,86.50488656195463,4075.671114167813,112564.23674931128,310573.52060606057,1008.2197343878952,19.061509635036497,58.40773039889959,98.99293397524072,57.29003576341128,53.94018431911967,152855.13981762918,73.90606836313617,82.18122297111417,49.50278762035765,50.67125020632737,85.63554938101787,72.58423204951858,73.65431100412654,20428.10729023384,58.86853232462174,,3784.092286501377,0.5974959335509642,,,,,,,,,109.53067400275106,111.6643741403026,106.88734525447045,109.67372764786792,,,
2019-09,8267.565829670331,7120.670879120879,812198.9701928473,187577.7200714423,66.81630343406593,69.93745164835165,68.05124271978022,79.19362074175824,63.09156675824176,65.9944271978022,79.41443502747254,119028.17582417582,111874.56868131868,5.9703296703296695,17.050824175824175,2618.901098901099,2085.9587912087914,2449.7925824175823,1017.85989010989,1431.9203296703297,342198.10164835164,103419.89285714286,21899.074175824175,680.8763736263737,5050.927197802198,16092.967032967032,9857.100274725277,6235.866758241758,81520.81868131868,4685.675274725274,11653.176923076924,5913.607142857143,17244.940934065933,40.269505494505495,3.731593406593406,40.76277472527473,1429.7664835164835,173.8186813186813,281.21565934065933,630.0260989010989,344.7142857142857,1355.4120111731845,173.56843575418995,261.5209497206704,570.8016759776536,349.5223463687151,118554.7040382143,44046.18607301293,450539.09503035713,805764.6731083769,1.4780380225763412,1013.912912087912,4141.358104395605,2628.880357142857,797.9030247252747,371.3196607142857,357884.3379120879,696.2926774725275,1320.2194673076924,823.0346097111417,0.1331554599436038,672.7553571428572,,2.9418547808126725,18.837795260853593,4.984010989010988,5.10125,4.531991758241758,4.673818681318681,5.046208791208791,5.723255494505494,6.044368131868132,7.028832417582417,8.034244505494506,0.117239010989011,-0.4519917582417582,-0.3101648351648351,0.0622252747252747,0.7392582417582418,1.0603846153846153,2.0448489010989013,3.0502609890109884,94.13737875,2.1826975274725275,199.56351112637364,1.9183708791208791,1.187309340659341,,,,,29.86544230769231,117.35879120879125,125.94196565934064,99.34668681318682,113.87696565934066,188.32407554945055,110.19372252747252,90.09020467032968,141.2271346153846,125.84286538461538,122.18063736263734,122.79472252747252,11.41118131868132,13.267596153846156,10.589450549450548,86.51062717770036,4092.702747252747,112847.53192572216,311158.6137826685,1011.9322118131868,19.064476530612247,58.47873076923077,98.97565521978022,57.34771153846154,54.028326923076925,153040.18787878787,73.97173914835165,82.20760288461538,49.57444505494505,50.75095412087912,85.65902087912089,72.63321057692308,73.70052953296704,20438.2239010989,58.95355494505494,,3788.6767537826686,0.5982883716286107,,,,,,,,,109.66291208791208,111.80961538461536,107.01140109890108,109.76648351648352,,,
2019-10,8279.734788751715,7130.413168724279,813176.3946843406,188042.05790399175,66.87470109739368,69.98442496570644,68.09901563786008,79.22894238683126,63.16311234567902,66.04747969821673,79.40867503429355,119089.91906721536,111938.20987654322,5.966941015089163,17.05761316872428,2617.8710562414267,2085.540466392318,2449.3566529492455,1017.5871056241426,1431.758573388203,342020.53223593964,103486.22222222222,21897.965706447187,680.896570644719,5054.283950617284,16088.517146776408,9854.64197530864,6233.875171467764,81588.25651577504,4687.388477366256,11658.80315500686,5917.421124828532,17252.40329218107,40.27091906721537,3.7322359396433473,40.76364883401921,1429.5432098765432,173.78875171467763,281.0411522633745,630.0781893004115,344.64334705075447,1355.4616457461643,173.49093444909346,261.39748953974896,571.0306834030683,349.5439330543933,118733.10224941018,44089.53254708871,451519.09215651575,807462.9798760852,1.4779308274903844,1017.9053497942388,4156.243621399177,2633.29670781893,801.2124540466392,372.87451028806584,359457.47873799724,698.569455144033,1324.6323807956103,826.1101481181317,0.1331964901648351,675.9232647462278,,2.9418547808126725,18.837795260853593,4.97997256515775,5.097037037037037,4.528367626886145,4.669931412894376,5.041755829903978,5.717558299039781,6.03840877914952,7.023347050754459,8.028587105624142,0.1170644718792867,-0.4515912208504801,-0.3100274348422496,0.0617969821673525,0.7375720164609054,1.0584499314128943,2.043388203017833,3.048628257887517,94.13481497326204,2.1810622770919066,199.43727860082308,1.9174360768175585,1.1874969821673529,,,,,29.90259533607682,117.45692729766805,126.12086282578876,99.38137997256516,114.0071755829904,188.75477091906723,110.29611522633743,90.11059670781891,141.4818683127572,126.0213635116598,122.33440466392317,122.96175582990398,11.42965706447188,13.288628257887517,10.60540466392318,86.52226086956522,4109.802880658436,113131.31916208792,311744.5969642857,1015.7407015089162,19.060464337700147,58.54933744855968,98.95804526748972,57.40466117969821,54.11620164609054,153218.11782477342,74.03458463648835,82.2336305898491,49.64493635116598,50.82830631001371,85.68310685871057,72.68394375857338,73.75113127572017,20448.337448559672,59.03945267489712,,3793.098901098901,0.5990592932568681,,,,,,,,,109.7936899862826,111.95267489711934,107.1334705075446,109.86090534979424,,,
2019-11,8291.43527260274,7139.679178082193,814153.5381758573,188505.0167287808,66.93197082191782,70.03000972602739,68.14435287671233,79.26224506849314,63.23389260273973,66.09933123287671,79.40205123287672,119151.93835616438,112002.00684931508,5.963698630136986,17.064109589041095,2616.980821917808,2085.0794520547947,2448.964383561644,1017.4246575342464,1431.5287671232877,341846.53150684934,103552.80410958904,21896.86301369863,680.9217808219179,5057.684931506849,16084.023287671233,9852.120547945206,6231.902739726027,81655.9410958904,4689.144246575343,11664.475753424658,5921.271232876712,17259.797260273972,40.27178082191781,3.732876712328767,40.7645205479452,1429.3835616438355,173.68082191780823,280.86575342465756,630.1876712328767,344.6575342465753,1355.608635097493,173.441504178273,261.2827298050139,571.3119777158774,349.5738161559889,118909.6034792055,44135.57033686796,452495.99477,809155.4915634979,1.4778239264924555,1021.9015068493152,4171.364520547944,2637.780821917808,804.614287671233,374.48308767123285,361084.3493150685,700.8236939726028,1329.0648869863014,829.1892982716049,0.1332407038943758,679.0763561643836,,2.937655967806585,18.863242681476713,4.975657534246575,5.092630136986301,4.524424657534246,4.6657534246575345,5.037054794520548,5.711821917808219,6.032479452054795,7.017849315068493,8.02295890410959,0.116972602739726,-0.4512191780821917,-0.3098904109589041,0.0614109589041095,0.7361369863013698,1.056835616438356,2.0422054794520546,3.0473150684931505,94.13167989323844,2.179434794520548,199.3122094520548,1.9165432876712327,1.18767698630137,,,,,29.93555068493151,117.55287671232878,126.3005205479452,99.41296438356166,114.1399794520548,189.19090273972603,110.39931369863014,90.13109589041098,141.73733698630136,126.2006821917808,122.48938493150683,123.12933013698633,11.448219178082192,13.309630136986302,10.62145205479452,86.53784722222223,4127.195342465753,113417.51028806584,312329.64705075446,1019.5654050684932,19.0559960755814,58.61994657534247,98.9407383561644,57.46209589041096,54.203854794520545,153392.44578313254,74.08504767123289,82.26022493150684,49.71188849315068,50.90347712328767,85.70829369863014,72.72578904109588,73.80451013698631,20458.509589041096,59.12524794520547,,3797.873799725652,0.5999644319080933,,,,,,,,,109.9258904109589,112.09808219178085,107.25602739726028,109.95835616438356,,,
2019-12,8303.511675786594,7149.338030095759,815113.3977126026,188969.87306704515,66.9900196990424,70.07672694938441,68.19211942544459,79.29755116279068,63.30498618331054,66.15178604651163,79.39585964432284,119213.84268125855,112065.74281805744,5.960328317373461,17.06839945280438,2616.1641586867304,2084.6306429548563,2448.4815321477427,1017.2257181942545,1431.2448700410396,341674.9220246238,103619.49794801642,21895.837209302324,680.936388508892,5061.067031463748,16079.6292749658,9849.670314637482,6229.9589603283175,81723.6607387141,4690.865526675787,11670.163201094392,5925.108071135431,17267.149110807113,40.27264021887825,3.733378932968536,40.76538987688099,1429.3077975376198,173.61149110807114,280.70998632010946,630.3488372093024,344.6456908344733,1355.7844228094575,173.4269819193324,261.2058414464534,571.5424200278164,349.6105702364395,119077.03493819428,44177.927940827976,453460.6226841313,810843.7333558766,1.4777173183739725,1025.9203830369358,4186.6201094391245,2642.2986320109444,808.0700396716827,376.1530451436389,362772.6005471957,703.1458292749658,1333.518727906977,832.2386743972601,0.1332809043712328,682.3948563611491,,2.937655967806585,18.863274396326027,4.970971272229821,5.088084815321477,4.520341997264022,4.661491108071136,5.032311901504788,5.70625170998632,6.02670314637483,7.0124350205198365,8.017373461012314,0.1171135430916552,-0.4506155950752393,-0.3094664842681258,0.0613543091655266,0.7352530779753762,1.0557455540355676,2.041477428180575,3.0464158686730505,94.1286241563055,2.1778116279069764,199.1884689466484,1.9156839945280435,1.1878630642954855,,,,,29.97261559507524,117.64938440492476,126.48059644322844,99.44467989056088,114.2733857729138,189.6280779753762,110.50270588235294,90.15102735978114,141.99338030095757,126.38049110807113,122.6447660738714,123.297292749658,11.466757865937074,13.330725034199729,10.63753761969904,86.55563258232236,4144.782489740082,113692.2434520548,312899.35302739724,1023.4212192886456,19.046687373004357,58.6908440492476,98.92317647058825,57.51953761969904,54.29202462380301,153562.1021021021,74.15161422708618,82.28532325581395,49.78206292749658,50.9801756497948,85.73030383036935,72.77652161422708,73.8481045143639,20468.697674418603,59.21167168262654,,3802.6369863013697,0.6008446835397261,,,,,,,,,110.05854993160057,112.24432284541724,107.37838577291384,110.06415868673052,,,
2020-01,8315.51344125683,7158.937021857924,816085.7925173735,189434.94427870217,67.04859713114756,70.12467964480875,68.2408174863388,79.33470532786885,63.375679098360656,66.20475956284153,79.39003989071038,119275.83469945355,112129.63661202186,5.9568306010928955,17.07308743169399,2615.474043715847,2084.054644808743,2447.844262295082,1016.9125683060108,1430.919398907104,341527.1420765027,103686.09016393442,21894.79508196721,680.929781420765,5064.469945355191,16075.224043715849,9847.222677595628,6228.001366120218,81791.29508196721,4692.608060109289,11675.847677595628,5928.950819672131,17274.484972677597,40.273360655737704,3.7340163934426234,40.766256830601094,1429.5887978142075,173.56830601092895,280.69945355191254,630.5928961748634,344.7363387978142,1355.8625,173.36944444444444,261.13194444444446,571.7055555555555,349.65694444444443,119245.61822379784,44206.69852198235,454417.1573525957,812521.6913129822,1.4775973220424077,1029.9590163934429,4201.5950819672125,2646.677459016393,,377.9593169398907,364597.12295081967,705.3954274590164,1337.972,835.3193519562244,0.1333221718864569,685.8024453551913,,2.937655967806585,18.863274396326027,4.966297814207651,5.08353825136612,4.5162704918032786,4.657226775956285,5.027554644808744,5.700751366120218,6.021010928961749,7.006967213114755,8.01172131147541,0.1172404371584699,-0.4500136612021857,-0.3090573770491803,0.0612704918032786,0.7344262295081968,1.0547267759562842,2.040683060109289,3.045437158469945,94.12461985815604,2.176178825136612,199.06539863387985,1.914857786885246,1.1880393442622952,,,,,30.01347267759563,117.75054644808742,126.66095218579235,99.47698633879784,114.4079412568306,190.06800683060112,110.60672950819672,90.17026775956283,142.2494207650273,126.5606106557377,122.80049316939892,123.46541803278689,11.485286885245902,13.35178961748634,10.653715846994537,86.57768166089966,4162.216530054646,113973.94451436387,313477.97482900135,1027.2481658469949,19.038426811594203,58.76160109289617,98.9045,57.577688524590165,54.379968579234976,153740.91916167663,74.21840737704918,82.31267663934425,49.85122131147541,51.055755464480875,85.75251352459017,72.82788278688524,73.89484795081968,20478.862021857924,59.297230874316945,,3806.865937072504,0.6016441751231191,,,,,,,,,110.1924863387978,112.3922131147541,107.50109289617488,110.17254098360657,809253.7868852459,,
2020-02,8327.282627557983,7168.2466575716235,817050.0687571038,189897.9252551296,67.10665934515688,70.17070559345157,68.28722946793997,79.36950954979537,63.44771186903138,66.2579165075034,79.38441950886767,119337.67667121418,112193.18963165076,5.9536152796725785,17.079672578444747,2614.7148703956345,2083.605729877217,2447.3055934515687,1016.7353342428376,1430.5579809004091,341354.1855388813,103735.56343792634,21893.376534788546,680.5207366984994,5067.899045020464,16070.762619372445,9844.80354706685,6225.9590723055935,81842.18690313779,4693.567121418827,11678.092223738062,5934.372442019099,17282.034106412004,40.27517053206003,3.734515688949523,40.76643929058663,1429.809004092769,173.57844474761256,280.52933151432467,630.8199181446112,344.88949522510234,1356.131761442441,173.38280166435507,261.0748959778086,571.9570041608877,349.71844660194176,119420.26130944068,44252.43297947917,455376.937492633,814204.0414614617,1.477491314771858,1033.987175989086,4216.9264665757155,2651.2186903137786,,379.7836821282401,366439.7094133697,707.638553888131,1342.478412005457,838.412259877049,0.1333670517117486,689.3391405184176,,2.933309236647541,18.882379174226468,4.961637107776262,5.078854024556617,4.5121828103683495,4.6529467939972715,5.022783083219645,5.695102319236017,6.015197817189631,7.001418826739427,8.00593451568895,0.1172169167803547,-0.4494406548431105,-0.3086766712141882,0.0611596180081855,0.73343792633015,1.0535743519781715,2.0397953615279674,3.0443110504774897,94.12461985815604,2.174533015006821,198.94289017735335,1.9140293315143249,1.1882042291950887,,,,,30.05099863574352,117.85266030013642,126.84066030013642,99.51019099590724,114.53700272851296,190.50600136425643,110.70893451568897,90.18882810368348,142.5060259208731,126.73991405184174,122.9547994542974,123.63294952251024,11.504010914051843,13.374024556616645,10.669727148703956,86.60051813471502,4179.899181446112,114257.23348360656,314052.8671584699,1031.0551283765349,19.031253111432708,58.832070941336966,98.88521964529332,57.63494815825376,54.467931787176,153921.83283582088,74.28234597544339,82.3378167803547,49.91826316507504,51.13170886766712,85.78192414733971,72.86609140518418,73.9484656207367,20480.01227830832,59.38291268758526,,3810.4221311475408,0.6023444205669399,,,,,,,,,110.32605729877216,112.54065484311047,107.6225102319236,110.28281036834926,812846.3506139154,,
2020-03,8339.41786784741,7177.9257493188015,818028.7275991814,190359.26323162124,67.16436934604904,70.2172711171662,68.33403773841961,79.40568978201635,63.518233514986385,66.3101378746594,79.37816580381471,119399.26839237058,112256.63079019074,5.950272479564033,17.084877384196183,2613.8950953678473,2083.223433242507,2446.596730245232,1016.4741144414168,1430.1103542234332,341174.34332425066,103802.22615803816,21892.485013623977,680.4956403269755,5071.431880108992,16066.386920980927,9842.380108991823,6224.006811989101,81909.74114441416,4695.249182561308,11683.51021798365,5938.373297002725,17289.60217983651,40.27629427792915,3.7350136239782015,40.76771117166213,1430.08310626703,173.57356948228883,280.4264305177112,631.1430517711171,344.9482288828338,1356.264542936288,173.32548476454295,260.9958448753463,572.1828254847645,349.7617728531856,119597.47076269756,44298.453086712005,456335.4512017711,815869.8626872988,1.4773583116139153,1038.0546321525885,4232.3474114441415,2655.7773841961853,,381.6190490463215,368293.2506811989,709.9172678474115,1346.9751682561307,841.5086311732605,0.1334082793710777,692.8649863760219,,2.933309236647541,18.882379174226468,4.957029972752044,5.074100817438692,4.508106267029972,4.648610354223433,5.017861035422343,5.689141689373297,6.009046321525885,6.99566757493188,7.999945504087195,0.1170708446866485,-0.4489100817438692,-0.3084059945504087,0.0608446866485013,0.7320844686648502,1.0520299727520437,2.038651226158038,3.042929155313351,94.12461985815604,2.1729004087193458,198.82175476839237,1.9131863760217984,1.1883955040871936,,,,,30.05099863574352,117.94795640326974,127.0207820163488,99.5442697547684,114.66731198910082,190.94416485013625,110.81153678474116,90.2079046321526,142.7631185286103,126.91959264305176,123.10952724795642,123.8009114441417,11.522615803814714,13.395204359673023,10.685858310626704,86.6253448275862,4197.666212534059,114540.40826739428,314626.82001364254,1034.95447493188,19.033198988439302,58.90300544959128,98.86702588555858,57.692136239782016,54.55642234332426,154090.5744047619,74.34694046321526,82.36451730245231,49.98411049046321,51.20723896457766,85.80807138964579,72.92744645776568,73.99364822888283,20489.98910081744,59.46873024523161,,3812.327421555253,0.6027480793929059,,,,,,,,,110.4565395095368,112.68351498637604,107.741416893733,110.37179836512264,816445.3433242507,,
2020-04,8351.04523537415,7187.064761904761,819007.5644825612,190761.3962068163,67.2142480272109,70.2555812244898,68.3726700680272,79.43406217687074,63.58154421768708,66.3541106122449,79.36606653061224,119458.47074829933,112315.83537414964,5.948163265306122,17.084897959183674,2615.1578231292515,2082.829931972789,2445.9496598639457,1016.190476190476,1429.748299319728,344338.3918367347,103867.35238095238,21891.43401360544,680.4568707482994,5074.847619047619,16061.98775510204,9839.94693877551,6222.040816326531,81975.91836734694,4696.93537414966,11688.889659863946,5942.342857142857,17296.98367346939,40.277142857142856,3.7349659863945575,40.76843537414966,1429.7374149659863,173.4258503401361,280.2231292517007,631.2448979591836,344.85170068027213,1356.255878284924,173.2448132780083,260.87413554633474,572.3886583679115,349.74965421853386,119724.4932514558,44305.68399232428,457258.8152137415,817121.372411158,1.4768986953855587,1042.4238095238095,4248.378775510205,2660.6108843537413,,383.9561238095238,370593.2816326531,712.470278367347,1351.492559319728,844.5562531471389,0.1334451740095368,695.5310068027211,,2.93178695614734,18.882379174226468,4.951170068027211,5.0690340136054415,4.502367346938775,4.642680272108843,5.011482993197278,5.682204081632653,6.002054421768708,6.9902585034013605,7.994897959183674,0.1178639455782313,-0.4487619047619047,-0.3084489795918367,0.0603537414965986,0.7310340136054421,1.050925170068027,2.03912925170068,3.043768707482993,,2.1712492517006803,198.69773510204084,1.9122662585034012,1.1886779591836736,,,,,30.0777306122449,118.04204081632652,127.19892108843536,99.5748081632653,114.788937414966,191.3840707482993,110.91120408163265,90.22681224489796,143.019262585034,127.09686394557822,123.26173197278912,123.96672108843536,11.54134693877551,13.416653061224492,10.702027210884353,86.62960413080896,4216.410204081633,114821.46707084468,315196.93660762947,1038.9745229931973,19.097912987012982,58.97325850340136,98.84836734693876,57.74769659863946,54.644549659863955,154252.4005934718,74.38201959183674,82.3887900680272,50.03835102040816,51.271385034013605,85.82859537414967,72.96966353741497,74.02934884353742,20499.907482993196,59.54302040816327,,3816.5762942779297,0.6035584138514987,,,,,,,,,110.58326530612248,112.82081632653062,107.85727891156463,110.43972789115648,820617.6204081633,111.60093387024692,
2020-05,8365.462267663042,7195.183152173914,819901.2793608162,190999.0641467527,67.24926562499999,70.27749904891304,68.39342730978261,79.44471277173913,63.63211820652174,66.38120489130435,79.3419735054348,119508.77309782608,112344.48641304349,5.9600543478260875,17.069972826086957,2631.0108695652175,2089.516304347826,2445.0339673913045,1015.9415760869564,1429.0815217391305,350718.70652173914,103903.96875,21887.171195652172,680.3540760869565,5076.970108695652,16055.73777173913,9836.22554347826,6219.51222826087,82016.79755434782,4698.110597826087,11691.384782608697,5945.899456521739,17302.956521739132,40.27486413043478,3.7335597826086953,40.76535326086957,1428.9755434782608,173.25951086956522,279.9891304347826,631.0774456521739,344.6576086956522,1356.3591160220994,173.26381215469613,260.6975138121547,572.7348066298342,349.664364640884,119516.51296171198,44180.18848356459,457054.2448126359,819008.3324486938,1.477106996480272,1047.5558423913042,4265.945788043478,2666.1164402173913,,387.44746875,373933.6779891304,715.5312619565218,1356.0209341032607,847.679919755102,0.133490127710204,698.3386820652173,,2.929283274571429,18.882379174226465,4.944510869565218,5.069034013605442,4.496440217391305,4.636603260869565,5.004918478260869,5.6750135869565215,5.994796195652174,6.9840625,7.989646739130435,0.1178639455782312,-0.4480298913043478,-0.307866847826087,0.0604483695652173,0.7305027173913045,1.0503260869565216,2.0395923913043483,3.0451766304347827,,2.1696172554347823,198.57414932065217,1.911355570652174,1.1889716032608697,,,,,30.059350543478264,118.12445652173912,127.37378940217393,99.59748641304348,114.89395108695652,191.82560054347823,111.0066875,90.2453152173913,143.27320108695653,127.26958967391305,123.40976222826087,124.12903532608696,11.559932065217392,13.437445652173912,10.718383152173912,86.60412371134022,4237.464673913043,115091.79093877552,315743.0148435374,1042.989808695652,19.132209510086454,59.04249728260869,98.82892798913043,57.802131793478246,54.73170108695652,154348.41420118342,74.37144701086956,82.40226263586956,50.07192092391304,51.31895407608696,85.8394504076087,73.00636250000001,74.04365067934783,20505.633152173912,59.597985054347824,,3819.9727891156463,0.6039456385537415,,,,,,,,,110.69959239130434,112.94347826086955,107.96290760869567,110.47676630434782,826085.4497282609,111.60441497258805,
2020-06,8378.568185888738,7203.287245590231,820561.5493616847,191410.4209118182,67.28212944369064,70.29873989145183,68.41382822252375,79.4583013568521,63.67863690637721,66.40804504748982,79.31777001356853,119561.3080054274,112378.26865671642,5.970013568521031,17.060244233378565,2632.698778833107,2106.7815468113977,2444.7584803256445,1016.0257801899592,1428.7218453188602,353588.5590230665,103941.789687924,21883.62550881954,680.212618724559,5079.523744911805,16049.81275440977,9832.697421981004,6217.115332428765,82058.16417910448,4699.230122116689,11693.714654002712,5949.451831750339,17308.270013568523,40.27381275440976,3.732971506105834,40.76322930800543,1428.4070556309362,173.10854816824963,279.8059701492537,630.9036635006785,344.5970149253731,1356.1655172413791,173.17655172413794,260.5655172413793,572.8510344827586,349.5737931034483,119614.80670260516,44208.64837451433,457938.0341683853,820462.7246600407,1.4773147315394022,1053.0031207598372,4284.640434192673,2672.071234735414,,391.2876146540027,377640.40434192674,718.7062592944369,1360.5270204884666,849.6874929347828,0.1334504613002717,700.9455766621438,,2.929283274571429,18.893170024562497,4.9378697421981,5.062377717391305,4.490515603799186,4.630515603799186,4.998344640434193,5.667774762550882,5.987571234735414,6.977978290366351,7.98416553595658,0.1178668478260869,-0.4473134328358209,-0.3073134328358209,0.0605156037991858,0.7299050203527816,1.0497421981004071,2.040135685210312,3.046336499321574,,2.167988466757123,198.45016811397556,1.9104313432835824,1.1892541383989144,,,,,30.05731614654003,118.20827679782904,127.54800135685213,99.61648303934872,114.99389145183174,192.26937584803255,111.10171777476256,90.26400271370422,143.52623880597017,127.4412252374491,123.55682089552238,124.29055902306648,11.578656716417912,13.458331071913165,10.73472184531886,86.57958833619213,4259.967435549525,115365.68691576086,315552.4652717391,1047.037339348711,19.14853021582734,59.111854816824966,98.80848710990502,57.85629579375848,54.81936092265943,154295.5634218289,74.36680000000001,82.41794328358209,50.09763649932157,51.36352944369063,85.8533511533243,73.04955020352783,74.0650789687924,20511.17774762551,59.66613704206242,,3821.3940217391305,0.6033878859361412,,,,,,,,,110.8223880597015,113.07557666214385,108.06879240162824,110.5291723202171,831951.7204884668,111.60714939267136,
2020-07,8392.63744715447,7213.460162601627,821239.9393896878,191863.8160054336,67.32283482384824,70.33099918699187,68.44724471544714,79.48456273712738,63.7288096205962,66.44398184281843,79.30156910569106,119616.0108401084,112418.65311653116,5.976964769647696,17.05840108401084,2632.9769647696476,2119.5040650406504,2445.9092140921407,1017.2276422764228,1428.6707317073171,355140.60704607045,103987.65718157182,21880.89837398374,680.0676151761517,5082.275067750677,16044.50677506775,9829.681571815718,6214.825203252032,82106.75880758808,4700.453929539295,11697.349457994578,5953.031165311653,17313.746612466126,40.27330623306233,3.732113821138211,40.762059620596204,1428.128726287263,173.0149051490515,279.68157181571814,630.9024390243902,344.5379403794038,1356.030303030303,173.1060606060606,260.45592286501375,572.9752066115702,349.4944903581267,119730.48718132792,44220.52810682829,458796.8444201897,821973.77252346,1.4773726491356851,1058.5353658536587,4302.7703252032525,2677.7556910569106,,394.8814742547426,381120.4105691057,721.5469379403794,1365.0832499999997,852.7659153188603,0.1334612949131614,704.6091463414634,,2.929283274571429,18.893170024562497,4.9315040650406505,5.055780189959295,4.484647696476965,4.624485094850948,4.991815718157182,5.660555555555555,5.980447154471545,6.971829268292683,7.978279132791327,0.117652645861601,-0.4465989159891599,-0.3067615176151761,0.0605691056910569,0.7292682926829269,1.04920054200542,2.0405826558265585,3.047032520325203,,2.1663398373983735,198.32703536585365,1.909539566395664,1.1894789972899729,,,,,30.068498644986455,118.30230352303523,127.72370054200542,99.6379810298103,115.099972899729,192.71499322493227,111.1993211382114,90.2824051490515,143.77962601626015,127.61431571815716,123.7059566395664,124.45355149051493,11.59730352303523,13.479878048780488,10.750745257452571,86.5650684931507,4282.292547425474,115650.48135685208,316100.22446404345,1051.2405250677505,19.1642283045977,59.189054200542,98.78966395663956,57.91305555555555,54.917897018970194,154316.19411764707,74.40446043360434,82.43898780487805,50.14239661246612,51.417231842818424,85.86556314363143,73.11059065040651,74.09272181571816,20518.170731707316,59.7345081300813,,3823.464043419267,0.6029151983541384,,,,,,,,,110.94485094850948,113.20718157181572,108.17682926829268,110.590108401084,837602.162601626,111.60487930601754,
2020-08,8405.87535994587,7222.200811907985,822185.7023444443,192336.0936563058,67.36652368064952,70.3682699594046,68.48684803788905,79.51859959404601,63.77930784844384,66.48489309878214,79.28806292286875,119670.48173207036,112460.7550744249,5.982679296346415,17.0595399188092,2633.746955345061,2123.630581867388,2453.405953991881,1024.6251691474963,1428.7686062246278,356512.20297699596,104035.88092016238,21878.24898511502,679.9221921515561,5085.148849797023,16039.159675236806,9826.602165087956,6212.557510148849,82157.63193504736,4701.71948579161,11701.648849797022,5956.664411366712,17319.661705006765,40.27280108254398,3.7319350473612984,40.76156968876861,1428.3031123139378,173.03518267929635,279.58998646820027,631.2070365358593,344.4790257104195,1356.2049518569463,173.0563961485557,260.4057771664374,573.2187070151307,349.52544704264096,119881.0521513126,44243.14949078571,459643.7296104195,823452.8636176016,1.4772136076056912,1064.3128552097428,4321.746278755075,2683.717185385656,,398.0257875507442,384157.5751014885,724.3992109607578,1369.5899637347768,855.8524875474255,0.1334920034173441,707.9961705006766,,2.925673199910569,18.915916544286873,4.924736129905278,5.049173441734418,4.478755074424899,4.618416779431665,4.985263870094723,5.653274695534507,5.9731935047361295,6.965290933694182,7.971962110960757,0.1178319783197831,-0.4459404600811908,-0.3062787550744249,0.0605683355886332,0.7285385656292288,1.0484979702300403,2.040595399188092,3.047266576454668,,2.16467050067659,198.20302286874153,1.908674289580514,1.1896958051420838,,,,,30.082898511502034,118.40270635994588,127.90096617050068,99.66110148849798,115.21334641407309,193.16227334235452,111.29819079837618,90.3020798376184,144.03482273342354,127.78953721244925,123.85710284167791,124.61810284167797,11.616143437077133,13.501217861975642,10.767239512855207,86.54102564102566,4305.032882273343,115945.53032520325,316644.82597560977,1055.6436240866035,19.17170932568149,59.259484438430306,98.77355615696888,57.96826116373477,55.00595399188092,154420.1202346041,74.46829336941815,82.46327875507443,50.19099201623816,51.480216914749654,85.88098051420837,73.19162949932341,74.12579188092016,20525.92963464141,59.81161705006766,,3826.2276422764226,0.602546120398374,,,,,,,,,111.06725304465496,113.33883626522326,108.28728010825438,110.64790257104195,842829.1786197565,111.6000007082837,
2020-09,8405.87535994587,7222.200811907985,822185.7023444443,192800.90974595945,67.41348662162163,70.40635513513513,68.52696986486487,79.54997513513513,63.83625608108108,66.52760391891891,79.27600013513513,119726.11351351353,112507.81891891891,5.9859459459459465,17.063783783783784,2633.2702702702704,2124.995945945946,2461.0905405405406,1032.0472972972973,1429.0324324324324,357425.29459459457,104085.65,21875.609459459454,679.7658108108108,5088.024324324324,16033.835135135136,9823.48918918919,6210.345945945946,82210.04054054055,4702.8924324324325,11706.1827027027,5960.290540540541,17325.8,40.27324324324323,3.732027027027027,40.76202702702703,1428.341891891892,172.88918918918918,279.60945945945946,631.3554054054053,344.49594594594595,1356.3695054945056,172.9835164835165,260.30631868131866,573.5274725274726,349.55357142857144,120035.25883759462,44273.29029983359,460480.3732190541,824931.2981729228,1.4770144011001354,1070.1686486486487,4340.786756756757,2689.671081081081,,401.2716216216217,387309.5148648649,727.2367583783783,1374.0591174324322,858.9405193098783,0.1335232224952638,711.6228108108108,,2.925673199910569,18.915916544286873,4.918216216216217,5.042543978349121,4.472837837837838,4.612337837837838,4.978702702702703,5.646,5.966,6.958918918918919,7.965608108108107,0.1177401894451962,-0.4453243243243243,-0.3058243243243244,0.0605405405405405,0.7277972972972974,1.047837837837838,2.0407567567567573,3.047445945945946,,2.162974864864865,198.07844162162164,1.907871081081081,1.1898758108108107,,,,,30.099462162162165,118.51,128.0790472972973,99.68514054054054,115.3299972972973,193.60881216216217,111.39866351351353,90.32420945945948,144.28993243243244,127.96574324324324,124.0093945945946,124.78354054054056,11.634824324324326,13.522783783783783,10.783405405405404,86.54102564102566,4327.767162162162,116241.9191339648,317191.0710284168,1060.1161409459455,19.173293839541547,59.259484438430306,98.77355615696888,57.96826116373477,55.00595399188092,154561.3245614035,74.53044364864866,82.48467445945946,50.24838878378378,51.541936756756755,85.89635554054054,73.24381662162162,74.16271351351352,20533.967567567568,59.81161705006766,,3830.156968876861,0.6022874352543978,,,,,,,,,111.19054054054054,113.47121621621623,108.3991891891892,110.71932432432432,848186.6959459459,111.59063637138112,
2020-10,8430.938004048581,7240.468016194333,824155.8504462162,193285.07451013496,67.46198636977057,70.44529797570851,68.56770215924426,79.58365991902834,63.89560796221323,66.57235695006749,79.26555479082322,119780.657219973,112555.12685560054,5.988529014844804,17.068690958164645,2633.1605937921727,2125.8151147098515,2467.651821862348,1037.2914979757086,1430.349527665317,358117.3657219973,104136.67071524968,21873.17948717949,679.602294197031,5090.9473684210525,16028.677462887988,9820.516869095816,6208.160593792173,82263.49122807017,4704.130499325236,11710.947233468283,5963.95681511471,17331.95951417004,40.27368421052631,3.731848852901484,40.76248313090419,1428.279352226721,172.84615384615384,279.4264507422402,631.5249662618083,344.4898785425101,1356.628257887517,172.94924554183814,260.2331961591221,573.8587105624142,349.5884773662551,120193.19641001352,44314.12686581487,461310.5872902834,826411.7518240405,1.476802219477027,1076.157624831309,4360.0669365722,2695.7020242914978,,404.5800269905533,390531.0391363023,730.0940748987854,1378.3624538461538,862.0923259189191,0.1335616273027026,715.204318488529,,2.9210400182132252,18.915916544286873,4.91191632928475,5.035905405405407,4.466950067476383,4.6062753036437245,4.972159244264507,5.6387449392712545,5.958866396761133,6.952645074224021,7.959392712550607,0.1174189189189189,-0.4446963562753037,-0.3053711201079622,0.0605128205128205,0.7270580296896088,1.0472199730094467,2.0409986504723348,3.0477462887989204,,2.1612905533063427,197.9536245614035,1.9070435897435896,1.1900554655870446,,,,,30.112323886639683,118.63225371120107,128.25736032388664,99.7083967611336,115.44899325236167,194.05407557354928,111.49991902834007,90.34812550607288,144.5447152496626,128.14229419703105,124.1621551956815,124.9492807017544,11.653387314439946,13.54371120107962,10.799784075573548,86.50936967632029,4350.609446693657,116552.5772027027,317751.56414864864,1064.6123558704453,19.18638512160229,59.400921727395406,98.74096626180835,58.07854790823212,55.183143049932525,154697.34402332362,74.5941085020243,82.50858205128205,50.30145236167341,51.607741025641026,85.9152943319838,73.28680796221323,74.19469568151148,20542.391363022944,59.97014035087719,,3833.8621621621623,0.6021276191864865,,,,,,,,,111.31336032388666,113.6029689608637,108.51309041835356,110.79851551956814,853627.9352226721,111.5818764475218,
2020-11,8443.85166846361,7250.464824797844,825154.9856008097,193777.76443667116,67.51165444743935,70.48642722371969,68.61040849056604,79.61876657681941,63.95480013477089,66.6188283018868,79.25649447439353,119836.02964959569,112605.33018867925,5.989757412398921,17.074258760107817,2632.9811320754716,2126.0161725067387,2472.645552560647,1039.4204851752022,1433.2142857142858,358691.6010781671,104188.22776280325,21870.948787061996,679.4749326145552,5094.016172506738,16023.535040431268,9817.529649595688,6206.005390835579,82317.27897574124,4705.383423180593,11715.452830188678,5967.67115902965,17337.6051212938,40.27398921832884,3.732210242587601,40.7633423180593,1428.455525606469,172.69272237196765,279.40296495956875,631.8301886792453,344.5377358490566,1356.8849315068494,172.8931506849315,260.1657534246575,574.2082191780822,349.6191780821918,120356.88751997308,44357.14246318325,462135.50698396226,827905.3230091633,1.476604105820513,1082.2308625336927,4379.548247978437,2701.8098382749326,,407.911590296496,393781.8059299191,732.7368722371967,1382.8048828840972,865.1986614439946,0.1335928122955465,718.8478436657682,,2.9210400182132252,18.915916544286873,4.905417789757412,5.0292712550607295,4.461064690026954,4.60021563342318,4.965633423180593,5.631603773584906,5.951900269541778,6.946442048517521,7.953301886792453,0.1173009446693657,-0.4440835579514824,-0.3049326145552561,0.0604851752021563,0.7264150943396228,1.0467520215633423,2.041293800539084,3.048153638814016,,2.159607412398922,197.82863247978435,1.9062227762803232,1.1902330188679249,,,,,30.124840970350405,118.75390835579516,128.4353490566038,99.72976145552562,115.56778167115904,194.4951455525606,111.6006603773585,90.37257142857143,144.79938140161727,128.31844339622643,124.31453773584906,125.11487601078169,11.672237196765495,13.565,10.816347708894876,86.50136054421769,4373.595283018867,116866.03865047231,318288.4944804319,1069.2582634770888,19.203177142857143,59.471416442048515,98.72433827493262,58.13288140161725,55.27181805929919,154834.68313953487,74.65906549865228,82.53395040431266,50.35776105121293,51.67589892183288,85.93212479784366,73.33088301886794,74.22378301886792,20550.564690026953,60.04977358490566,,3837.183535762483,0.6019914143279352,,,,,,,,,111.43840970350404,113.73827493261456,108.62830188679244,110.88746630727763,859104.4474393531,111.5731088927352,
2020-12,8455.934409152085,7259.665679676986,826171.1338681941,194252.63420189772,67.56259757738896,70.52882193808883,68.65442422611036,79.65440201884253,64.01527388963662,66.66710511440108,79.24887873485868,119890.71467025572,112655.29878869448,5.9907133243607005,17.08250336473755,2632.757738896366,2126.4024226110364,2477.121130551817,1040.520861372813,1436.5895020188425,359205.47510094213,104240.03230148047,21868.728129205923,679.3337819650068,5097.049798115747,16018.453566621803,9814.597577388964,6203.855989232839,82371.30417227457,4706.694212651413,11720.004441453568,5971.387617765814,17343.119784656796,40.274427994616424,3.732705248990578,40.76406460296097,1428.5827725437416,172.64737550471062,279.2691790040377,632.0605652759085,344.6137281292059,1357.265389876881,172.86456908344732,260.11217510259917,574.610123119015,349.6798905608755,120525.2227992194,44400.452964029966,462958.25192745624,829417.8252692587,1.476379571985175,1088.9142664872138,4399.341722745627,2708.0224764468367,,411.4469717362046,397246.5679676985,735.2953601615073,1387.242771601615,868.3213513881403,0.1336306500336927,722.6569179004038,,2.9210400182132252,18.953040324902965,4.898936742934051,5.022708894878707,4.455181695827725,4.594158815612382,4.959111709286676,5.624549125168237,5.945060565275908,6.940188425302826,7.947039030955585,0.1172371967654986,-0.443485868102288,-0.3045087483176312,0.0604441453566621,0.7258411843876179,1.046393001345895,2.0415208613728133,3.048371467025572,,2.157926917900404,197.7028955585465,1.9054335127860027,1.1903905787348588,,,,,30.139397039030957,118.87631224764468,128.61352086137282,99.75249663526245,115.6869730820996,194.9341467025572,111.7011197846568,90.39678331090175,145.05463122476448,128.494934051144,124.467199192463,125.28075773889636,11.691063257065949,13.586594885598924,10.83279946164199,86.48505942275044,4396.834589502018,117178.29417789758,318847.0274797844,1074.0590561238223,19.21116790299572,59.54164333781965,98.70772274562584,58.187193808882895,55.36009017496636,154968.07826086957,74.7266600269179,82.559333781965,50.41675127860027,51.744543472409156,85.9546257065949,73.37672530282639,74.25412947510094,20559.07940780619,60.12861776581426,,3841.05525606469,0.6019968204703504,,,,,,,,,111.56325706594886,113.87321668909826,108.74670255720052,110.99690444145357,864802.9609690444,111.56276522509565,
2021-01,8467.960592741936,7268.750806451613,827168.6989639299,194716.38200538975,67.61408951612903,70.57232096774193,68.69955228494624,79.69101021505377,64.07557567204302,66.7153373655914,79.24137580645161,119944.9932795699,112704.94758064517,5.991935483870968,17.091129032258063,2633.0336021505377,2126.8333333333335,2481.146505376344,1041.1706989247311,1439.9637096774193,359845.65591397847,104291.86424731182,21866.73252688172,679.1997311827956,5100.165322580645,16013.505376344086,9811.731182795698,6201.774193548387,82425.1317204301,4708.018951612903,11724.796370967742,5975.114247311828,17348.587365591397,40.27540322580646,3.733198924731183,40.76478494623656,1428.9502688172042,172.59677419354838,279.22715053763443,632.3575268817204,344.7768817204301,1357.7390710382513,172.81967213114754,260.09562841530055,575.0286885245902,349.7964480874317,120694.13513416667,44442.02547904724,463775.77443830646,830939.3329068506,1.4761691014979812,1096.3497311827955,4419.219623655913,2714.2341397849464,,415.10766129032254,400847.44623655913,737.8233170698925,1391.646067473118,871.4535228802152,0.133671979538358,726.6524193548387,,2.915902002212366,18.953040324902965,4.89247311827957,5.016177658142666,4.449314516129032,4.588104838709677,4.952580645161291,5.617513440860216,5.9383198924731175,6.933897849462365,7.940604838709676,0.1171870794078061,-0.4428897849462365,-0.3040994623655914,0.0603763440860215,0.7252688172043011,1.0461155913978497,2.0416935483870966,3.048400537634409,,2.1562205645161288,197.5766755376344,1.9046780913978496,1.1905122311827956,,,,,30.162086021505377,119.02540322580646,128.79250134408602,99.77730510752689,115.80975537634409,195.37075537634408,111.80349462365592,90.42096639784948,145.3095873655914,128.67222983870968,124.62100806451612,125.44759677419356,11.710026881720433,13.608185483870963,10.84931451612903,86.47525423728815,4420.137231182795,117491.81869448182,319406.5932974428,1078.918748252688,19.214685185185186,59.61236693548388,98.69103897849465,58.24229301075268,55.4488938172043,155112.37861271677,74.79109717741936,82.58670954301076,50.477354435483875,51.81307446236559,85.9748439516129,73.43399153225806,74.2823880376344,20567.861559139787,60.20501344086021,,3844.6433378196502,0.6019785052597578,,,,,,,,,111.69059139784946,114.01169354838709,108.86962365591398,111.10551075268818,870638.7096774194,111.54842917435764,
2021-02,8481.69177181208,7277.181208053691,828158.2773255375,195216.8311570604,67.66987651006713,70.61906134228188,68.74781395973154,79.73171060402684,64.14150845637585,66.76831489932886,79.23737758389262,119998.9744966443,112755.04966442952,5.99234899328859,17.103087248322147,2632.557046979866,2127.371812080537,2485.0228187919465,1041.579865771812,1443.4308724832215,360492.8429530201,104342.90738255031,21862.31946308725,678.559865771812,5103.153020134228,16006.907382550336,9807.387919463088,6199.519463087248,82480.58791946308,4708.163758389262,11728.479328859064,5979.465771812081,17355.493959731542,40.278255033557045,3.7344966442953016,40.76577181208054,1429.1342281879197,172.5489932885906,279.1489932885906,632.6,344.84429530201345,1358.4597544338335,172.84720327421556,260.07639836289223,575.5634379263302,349.97407912687584,120880.6987111678,44492.36034464622,464594.7935330201,832470.0824593952,1.4759726376518816,1242.5481879194629,4443.739731543624,2720.5187919463087,,418.7837583892617,404472.0805369128,740.2897268456376,1396.059110738255,874.5883030645161,0.1337168059112903,730.7693288590605,,2.915902002212366,18.968871694882903,4.886026845637584,5.009623655913979,4.44344966442953,4.5820671140939595,4.94606711409396,5.610577181208054,5.9317986577181205,6.927879194630873,7.934295302013422,0.1170967741935483,-0.4423087248322148,-0.3036912751677852,0.0603087248322147,0.7247785234899329,1.046040268456376,2.0421208053691275,3.0485369127516777,,2.154516241610738,197.4507851006711,1.9039524832214765,1.1906222818791947,,,,,30.19139865771812,119.15624161073826,128.97200268456376,99.80337181208054,115.936644295302,195.8083986577181,111.90808590604028,90.44285637583891,145.56343489932885,128.8500765100671,124.77565369127518,125.61494362416109,11.729194630872485,13.629946308724833,10.86621476510067,86.4626057529611,4448.410469798658,117807.04858870966,319960.56138440856,1083.831468590604,19.221162731152205,59.68346040268457,98.67484161073826,58.2989288590604,55.537600000000005,155270.24495677234,74.85990053691275,82.6181131543624,50.53776268456375,51.883908322147654,86.00691073825503,73.49149704697987,74.31640040268456,20577.71677852349,60.284614765100685,,3848.4690860215055,0.6020070736370968,,,,,,,,,111.82,114.15328859060402,108.9951677852349,111.22120805369129,876513.9597315437,111.54548926244368,
2021-03,8494.06960991957,7286.194906166221,829221.3400405368,195722.51771046917,67.71857935656836,70.66066983914209,68.78989812332439,79.76645965147453,64.19788324396784,66.81311689008044,79.22762949061662,120052.8780160858,112805.2962466488,5.992627345844504,17.1171581769437,2631.957104557641,2127.5415549597856,2489.138069705094,1042.0697050938338,1447.0563002680965,361072.6112600536,104394.73592493296,21860.0509383378,678.3569705093834,5106.1702412868635,16001.860589812331,9804.43163538874,6197.428954423593,82534.68498659518,4709.403351206434,11733.027882037535,5983.197050938338,17360.997319034854,40.278418230563,3.7348525469168896,40.76635388739947,1429.1152815013404,172.5643431635389,278.9396782841823,632.6756032171581,344.9436997319035,1358.9523160762942,172.84877384196184,260.06130790190736,575.9509536784741,350.0926430517711,121059.89080404828,44547.22791082417,465423.9787963807,834013.553489651,1.4756827414939595,1265.691018766756,4464.237801608579,2726.8912868632706,,422.7075067024128,408343.4316353888,742.7982408847184,1400.394331233244,877.5592579597316,0.1337290216966442,734.9954155495979,,2.915902002212366,19.01136675478926,4.879584450402145,5.003046979865772,4.4375469168900805,4.576005361930295,4.939530831099196,5.603780160857909,5.92553619302949,6.922211796246649,7.928243967828418,0.116979865771812,-0.4417694369973191,-0.3033109919571046,0.0602144772117962,0.7244235924932977,1.0462198391420912,2.04289544235925,3.048927613941019,,2.152831769436997,197.3273623324397,1.9032591152815015,1.1907281501340483,,,,,30.230069705093836,119.3058981233244,129.15188069705093,99.8294892761394,116.06364075067025,196.24696380697048,112.01275335120644,90.46590616621984,145.81789946380695,129.02837935656837,124.93075469168902,125.78263002680964,11.7479490616622,13.651487935656837,10.882613941018768,86.4462837837838,4448.543355704698,118125.566,320525.46432214766,1088.8517530831098,19.22419659090909,59.75439142091152,98.65823726541556,58.35557238605898,55.62616219839142,155435.5172413793,74.92176863270778,82.64381581769436,50.59346782841823,51.95193485254692,86.0210056300268,73.56127024128686,74.34198941018767,20586.227882037532,60.3649289544236,,3853.687248322148,0.6022553708295302,,,,,,,,,111.9534852546917,114.30026809651474,109.129490616622,111.35134048257372,882640.4825737266,111.53101540558824,
2021-04,8511.42405488621,7295.51124497992,830206.9816758713,196159.277392249,67.76851325301205,70.70167108433735,68.83207362784471,79.79815408299865,64.25786800535475,66.86067228915662,79.21996519410978,120107.10174029451,112856.22356091032,5.992637215528782,17.13400267737617,2631.3480589022756,2127.291834002677,2493.314591700134,1042.536813922356,1450.7657295850067,359999.08701472555,104448.21419009371,21858.064257028112,678.2069611780455,5109.365461847389,15996.868808567604,9801.491298527442,6195.377510040161,82590.1499330656,4710.681927710843,11737.6156626506,5986.962516733601,17366.777777777777,40.27978580990629,3.735876840696118,40.76787148594378,1429.6559571619812,172.58232931726909,278.96787148594376,633.0829986613119,345.03078982597054,1359.4965986394557,172.82857142857142,260.0530612244898,576.4081632653061,350.2081632653061,121242.57769721554,44596.541033221,466258.77132811246,837361.265884437,1.4756483142265415,1288.917001338688,4484.772155287817,2733.2995983935743,,427.1232931726907,412700.8032128514,745.2916361445784,1404.7324657295849,880.715048002681,0.1337660853873994,739.2464390896921,,2.9102075390481925,19.01136675478926,4.873145917001338,4.9964745308311,4.431646586345382,4.569946452476573,4.9330254350736285,5.597376171352074,5.919759036144578,6.917014725568943,7.922637215528781,0.1168632707774799,-0.441231593038822,-0.3029317269076305,0.0601472556894243,0.7244578313253013,1.046880856760375,2.044136546184739,3.0497590361445783,,2.1511945113788484,197.20871673360105,1.9025670682730924,1.1908167336010709,,,,,30.273041499330656,119.46760374832664,129.33346184738957,99.85508433734938,116.1978688085676,196.68527844712185,112.11949799196788,90.48955287817938,146.07360240963857,129.20867068273094,125.08794511378848,125.95210709504686,11.766974564926372,13.672998661311912,10.899317269076306,86.44367622259698,4448.473557046979,118442.37882037532,321087.8390348525,1093.9375539491298,19.226318439716312,59.825945113788485,98.64259170013388,58.41329451137885,55.71509504685408,155587.67621776505,74.98010562248997,82.66659170013386,50.655065060240965,52.02295729585007,86.03796680053547,73.58532061579653,74.37606639892905,20595.07362784471,60.4495327978581,,3858.6407506702417,0.6024624480656836,,,,,,,,,112.09036144578312,114.4524765729585,109.2734939759036,111.50468540829986,889275.5020080322,111.5184074342487,
2021-05,8526.049653743316,7306.140240641712,831282.6108838018,196732.55910696523,65.83985868983957,70.23470401069518,68.96300120320856,77.60208877005347,61.059595320855614,65.90025120320855,79.32387901069518,120161.7553475936,112907.45320855617,5.992780748663102,17.149598930481282,2631.057486631016,2127.0401069518716,2497.181818181818,1042.7513368983955,1454.418449197861,360348.0187165776,104501.48930481284,21856.090909090908,678.076871657754,5112.477272727273,15991.951871657751,9798.622994652407,6193.328877005348,82645.39839572193,4711.9609625668445,11742.235561497326,5990.7486631016045,17372.336898395723,40.28101604278074,3.7363636363636368,40.7692513368984,1429.7286096256685,172.54679144385025,278.82754010695186,633.3422459893048,345.0200534759358,1360.6630434782608,172.91576086956522,260.08559782608694,577.2201086956521,350.4429347826087,121199.29885002675,44879.02688449922,477033.72751617647,838623.0955151138,1.4752257595890228,1312.574732620321,4505.73462566845,2739.7204545454542,,431.7491978609625,417256.6844919786,747.7275054812834,1409.0527546791443,885.1987994779115,0.1338315045568942,743.7944786096257,,2.9102075390481925,19.01136675478926,4.866724598930481,4.989933065595717,4.425748663101604,4.56389037433155,4.926510695187166,5.591042780748664,5.91403743315508,6.9116443850267375,7.916858288770053,0.116760374832664,-0.4407085561497326,-0.3025668449197861,0.0600534759358288,0.7245454545454546,1.047566844919786,2.0451871657754013,3.0504010695187165,,2.1495509358288767,197.09085013368983,1.901874465240642,1.1908950534759355,,,,,30.315082887700537,119.62272727272727,129.51728342245988,99.8811270053476,116.33908288770051,197.12286764705885,112.22865909090908,90.51822994652406,146.33126470588235,129.39141844919786,125.24780080213904,126.12395989304812,11.78629679144385,13.69505347593583,10.916122994652406,86.44680134680135,4448.50067114094,118766.76959839356,321664.52499330655,1099.227010962567,19.221709490084987,59.898692513368985,98.62960695187164,58.47115775401068,55.80523663101604,154176.85714285713,63.611656283422455,83.42966189839574,51.45494705882352,50.36741403743316,86.0571070855615,72.25600561497325,67.14839772727272,20603.74331550802,60.53508021390374,,3864.562248995984,0.6027971769062918,,,,,,,,,112.2270053475936,114.60360962566844,109.42179144385028,111.64558823529411,896164.3048128342,111.50518086970688,
2021-06,8538.95788918558,7315.684379172229,832344.5940243315,197313.44888118823,65.88590013351134,70.2739349799733,69.00502777036048,77.63410934579439,61.113006141522035,65.94348144192256,79.3189481975968,120216.1922563418,112959.1388518024,5.992523364485981,17.166622162883844,2630.245660881175,2127.038718291055,2500.5407209612817,1043.0440587449934,1457.4859813084113,360460.23765020026,104555.47396528703,21854.004005340455,677.9312416555407,5115.544726301736,15986.9826435247,9795.6955941255,6191.287049399199,82701.4699599466,4713.252202937249,11746.854606141524,5994.481975967958,17378.084112149532,40.28197596795727,3.736715620827771,40.770226969292395,1429.838451268358,172.45126835781042,278.7516688918558,633.5340453938585,345.109479305741,1361.100407055631,172.89280868385347,260.0352781546811,577.6553595658073,350.51831750339215,121377.7296926836,44941.40184249218,478015.1310842456,840775.329344639,1.4764086128516043,1336.49826435247,4526.927903871829,2746.189719626168,,436.34285714285704,421761.8157543391,750.1247750333778,1413.3507610146864,888.370529919786,0.1338575919625668,748.3659813084112,,2.9102075390481925,19.086094431133688,4.860307076101469,4.983395721925135,4.419866488651535,4.557850467289719,4.92,5.584672897196262,5.908304405874499,6.9063684913217624,7.911121495327103,0.1166577540106951,-0.440173564753004,-0.3021895861148198,0.0599599465954606,0.7245927903871829,1.0482510013351136,2.0463284379172233,3.051081441922563,,2.147886248331108,196.97338838451267,1.9012156208277704,1.190923898531375,,,,,30.36161815754339,119.8297730307076,129.70290921228306,99.90904672897196,116.48621094793056,197.55874365821091,112.34031642189586,90.55138584779708,146.58997863818425,129.57608144192255,125.40989319092122,126.29777703604805,11.805647530040051,13.71723631508678,10.932990654205607,86.44084033613446,4448.500402684564,119092.49344919783,322222.01787433156,1104.741264753004,19.219816124469588,59.97181308411215,98.6191228304406,58.52902803738318,55.89528170894527,154291.849002849,63.663127503337776,83.45358931909213,51.51021201602136,50.42828771695595,86.07584379172229,72.3149349799733,67.18559626168224,20612.499332443254,60.62098130841121,,3872.030748663102,0.6032792461403743,,,,,,,,,112.3671562082777,114.75901201602136,109.5781041388518,111.8142857142857,903034.445927904,111.4889118837005,
2021-07,8549.397157333335,7323.179066666667,831784.7540225635,197876.03228268,65.93120053333332,70.31146293333335,69.04511573333333,77.66273213333334,61.16691253333333,65.98528666666667,79.31300533333334,120270.68533333331,113010.66266666669,5.992399999999999,17.185866666666666,2629.38,2127.0906666666665,2504.292,1043.4253333333334,1460.856,360504.9573333333,104610.42,21852.017333333333,677.8163999999999,5118.590666666667,15982.104,9792.868,6189.236,82758.40266666666,4714.569066666667,11751.665866666664,5998.222666666667,17383.99066666667,40.2824,3.737066666666667,40.7708,1430.084,172.41333333333333,278.63866666666667,633.8493333333333,345.1906666666667,1361.4159891598915,172.84146341463415,259.96070460704607,578.0623306233063,350.5528455284553,121562.41138642668,45014.18592698128,479011.62690946663,842377.7187580641,1.4761196827943923,1360.4157333333335,4548.085733333333,2754.7347999999997,,440.8918666666666,426213.2,752.2487433333333,1417.4544684,891.6117111615489,0.133958262141522,753.0194799999999,,2.9040938050653335,19.086094431133688,4.853933333333333,4.9768624833110815,4.4140266666666665,4.55184,4.9135333333333335,5.578346666666667,5.902453333333334,6.90088,7.90516,0.1165153538050734,-0.43964,-0.3018266666666667,0.0598666666666666,0.7246400000000001,1.0487733333333331,2.0472133333333336,3.051493333333333,,2.1462328,196.85756693333332,1.9005506666666667,1.1909653333333332,,,,,30.416309333333334,120.0016,129.89128,99.938016,116.64386533333334,197.99274266666663,112.45610133333334,90.58988,146.84994799999998,129.763556,125.57519466666666,126.47455066666669,11.825306666666666,13.73964,10.950226666666667,86.43926174496644,4448.501610738255,119422.17081441922,322802.9950200267,1110.5490172,19.213702401129943,60.00610666666667,98.61294666666666,58.58527999999999,55.94332933333334,154410.88352272726,63.70968253333333,83.47454706666667,51.565736266666654,50.48945893333333,86.09100866666667,72.36481933333333,67.22449146666666,20621.44,60.528172,,3879.032042723631,0.6037809243084111,,,,,,,,,112.51053333333334,114.91853333333331,109.74,112.01106666666666,909866.5333333332,111.47407440623712,
2021-08,8561.80101864181,7332.30585885486,832758.8583505333,198440.83916379497,65.97915605858854,70.35191597869509,69.08875246338215,77.69440679094541,61.22314207723037,66.03200985352863,79.31092516644473,120325.38082556592,113063.4380825566,5.991611185086549,17.20226364846871,2628.884154460719,2126.736351531292,2507.081225033289,1043.5992010652462,1463.4713715046605,360547.9600532623,104666.82556591212,21850.141145139813,677.7054593874833,5121.65379494008,15977.31291611185,9790.070572569906,6187.242343541944,82816.6844207723,4715.897203728362,11756.538881491344,6002.002663115845,17390.161118508655,40.2832223701731,3.737683089214381,40.77203728362184,1430.295605858855,172.31691078561917,278.55525965379496,634.1824234354194,345.2490013315579,1361.7794316644113,172.78349120433018,259.89715832205684,578.4397834912044,350.660351826793,121742.97275608523,45067.70744422897,480003.4636246338,843996.03779972,1.475818189884,1384.0106524633825,4568.4355525965375,2760.695605858855,,445.55632490013306,430780.5592543275,754.5188363515313,1421.7706316910785,894.8624029866667,0.1339966921826667,757.8273235685754,,2.9040938050653335,19.086094431133688,4.847603195739015,4.97036,4.408215712383488,4.5458455392809585,4.9070972037283624,5.5719307589880165,5.896351531291611,6.895113182423435,7.898948069241012,0.1163599999999999,-0.4391211717709721,-0.301491344873502,0.0597603195739014,0.7245539280958722,1.0490013315579227,2.0477762982689747,3.051611185086551,,2.1445965379494005,196.7421964047936,1.8998585885486017,1.1910479360852195,,,,,30.472332889480693,120.16790945406126,130.0808588548602,99.9669760319574,116.80313049267642,198.42741411451397,112.57356990679096,90.62929427430096,147.11057523302264,129.95209054593874,125.74169773635153,126.65255525965378,11.845019973368842,13.762170439414112,10.967456724367512,86.43048576214406,,119757.58481333332,323385.41828,1116.0934984021303,19.20848166431594,60.08054593874833,98.6040639147803,58.644186418109186,56.03479227696405,154547.87252124646,63.76438468708388,83.49719081225034,51.62387350199733,50.552257256990686,86.11821611185087,72.41077470039947,67.26044740346205,20630.52330226365,60.61233555259654,,3887.656,0.6044312382253334,,,,,,,,,112.65512649800267,115.07896138482025,109.90545938748336,112.17350199733688,916817.5765645806,111.46245866969124,
2021-09,8561.80101864181,7332.30585885486,832758.8583505333,198994.79150533245,66.02677486702127,70.39213204787234,69.13266515957447,77.72491130319149,61.278919414893615,66.07640239361702,79.30712606382978,120380.1835106383,113116.75,5.990558510638297,17.21875,2628.158244680851,2126.655585106383,2509.5226063829787,1043.7593085106382,1465.752659574468,360542.24468085106,104723.5824468085,21848.33909574468,677.6025265957446,5124.706117021276,15972.59840425532,9787.349734042553,6185.248670212766,82875.24335106384,4717.250132978724,11761.324335106385,6005.789893617021,17396.331117021276,40.28390957446808,3.738164893617021,40.773005319148936,1430.5771276595744,172.3218085106383,278.4494680851064,634.5651595744681,345.24867021276594,1362.2648648648649,172.75945945945946,259.8391891891892,578.8837837837838,350.7837837837838,121933.77465401596,45140.51816360031,481016.18774215423,845626.8766308788,1.4755174998841545,1408.3363031914892,4590.014760638298,2767.153590425532,,450.46928191489366,435605.7180851064,756.7490255319151,1426.1179304521277,898.0716991744341,0.1340311823328895,762.7427260638297,,2.9040938050653335,19.159031701994675,4.841276595744681,4.96387483355526,4.402420212765957,4.539880319148936,4.900664893617021,5.565545212765957,5.890212765957446,6.88933510638298,7.892752659574469,0.1162183754993342,-0.4385904255319149,-0.3011303191489362,0.0596542553191489,0.7244946808510639,1.049188829787234,2.048324468085106,3.0517420212765956,,2.142961037234042,196.6266518617021,1.8991668882978725,1.191139494680851,,,,,30.521877659574468,120.34614361702128,130.27092686170212,99.99646409574468,116.9616329787234,198.86264893617025,112.69228590425531,90.6682659574468,147.3707406914894,130.14104388297872,125.90885638297873,126.83104521276596,11.864760638297872,13.78462765957447,10.984800531914892,86.43048576214406,,120078.04841544609,323953.1617976032,1121.7045785904254,19.202106478873237,60.080545938748344,98.6040639147803,58.644186418109186,56.03479227696405,154696.20621468927,63.81904880319149,83.51835784574469,51.68723351063829,50.61566635638299,86.13509468085105,72.46502619680851,67.2929647606383,20639.635638297874,60.61233555259654,,3897.1877496671104,0.6053152207616511,,,,,,,,,112.8026595744681,115.2432180851064,110.0746010638298,112.35625,924014.3617021276,111.45147654868153,
2021-10,8586.086092961486,7350.621779548473,834678.6539400265,199564.67226030544,66.0720786188579,70.43178379814077,69.17546440903054,77.75436387782204,61.33014023904383,66.12010438247012,79.30286865869854,120434.59760956177,113170.61885790172,5.988977423638778,17.233598937583004,2627.6387782204515,2126.317397078353,2511.0690571049136,1043.6879150066402,1467.3691899070386,360515.6281540504,104780.73572377158,21846.62416998672,677.5013280212484,5127.8100929614875,15967.9203187251,9784.61620185923,6183.30411686587,82934.11155378487,4718.600398406375,11766.204515272244,6009.579017264276,17402.532536520583,40.28539176626826,3.738778220451528,40.7738379814077,1430.706507304117,172.2363877822045,278.3612217795485,634.8047808764941,345.3120849933599,1362.5668016194331,172.693657219973,259.7800269905533,579.2483130904184,350.84615384615387,122117.2357766534,45200.256489433224,482032.13171593624,847271.9924864229,1.4752309074640957,1432.8734395750332,4611.932802124834,2773.698140770252,,455.4397078353254,440504.780876494,759.0430247011951,1430.498836387782,901.3305014095744,0.1340676682579787,767.6335590969455,,2.9040938050653335,19.159031701994675,4.834953519256308,4.9574069148936175,4.396626826029216,4.533917662682603,4.894262948207172,5.55929614873838,5.884209827357237,6.883545816733067,7.8865604249668,0.1160904255319148,-0.4380610889774236,-0.3007702523240372,0.0595750332005312,0.7245683930942896,1.0495086321381144,2.0488579017264277,3.0518725099601594,,2.141340637450199,196.51182363877825,1.8984683930942896,1.1912403718459494,,,,,30.57649667994688,120.51779548472774,130.46198539176626,100.02406374501992,117.12061752988048,199.2965431606906,112.81229747675964,90.70774900398406,147.63155776892432,130.33068525896417,126.0769641434263,127.0106321381142,11.884820717131475,13.807211155378486,11.002403718459494,86.38080133555927,,120406.58950797872,324530.14587765955,1127.4486953519256,19.202106478873237,60.230247011952194,98.58863877822044,58.763354581673305,56.21798140770253,154839.60845070425,63.86540185922976,83.54043891102258,51.74531354581673,50.67755471447544,86.15015405046482,72.50726892430278,67.32733572377157,20648.88844621514,60.78201460823374,,3906.10505319149,0.6061910728297872,,,,,,,,,112.9537848605578,115.41235059760956,110.24780876494025,112.5432934926959,931271.4475431606,111.44105402466668,
2021-11,8599.113783819628,7360.695092838197,835645.2679454184,200149.9114217639,66.1188921750663,70.4710549071618,69.21707533156498,77.78383116710876,61.38529283819628,66.16435570291776,79.29910437665782,120489.00530503978,113224.82095490716,5.987135278514588,17.246153846153845,2626.919098143236,2126.104774535809,2512.141909814324,1043.6220159151194,1468.5079575596817,360427.4111405836,104838.94562334218,21845.136604774536,677.4115384615385,5130.961538461538,15963.413793103447,9782.025198938993,6181.388594164457,82993.80901856764,4719.933952254642,11771.187400530504,6013.411140583555,17408.47877984085,40.285941644562335,3.738992042440318,40.77440318302387,1430.7824933687002,172.17506631299736,278.2785145888594,634.9575596816976,345.37931034482756,1362.9582210242588,172.63477088948787,259.74528301886795,579.6253369272238,350.95417789757414,122300.26066289126,45259.815781697675,483049.7310107427,848939.2182600133,1.474945076245684,1457.6976127320954,4634.001856763925,2780.2058355437666,,460.3106100795756,445323.07692307694,761.2320607427055,1434.8824282493367,904.5507379548476,0.1340966623346613,772.5315384615384,,2.9040938050653335,19.159031701994675,4.8286472148541115,4.950969455511289,4.390862068965517,4.527984084880637,4.88791777188329,5.553395225464191,5.878501326259946,6.877970822281167,7.88054376657825,0.1159760956175298,-0.4375198938992042,-0.3003978779840849,0.0595358090185676,0.724973474801061,1.0501061007957562,2.0495888594164455,3.0521618037135276,,2.1397244031830236,196.40122639257297,1.8977676392572944,1.191309549071618,,,,,30.64400795755968,120.72798408488065,130.65596684350132,100.05159151193637,117.28661538461536,199.7327824933687,112.9361074270557,90.7493978779841,147.8943328912467,130.5232599469496,126.24857294429708,127.19316445623345,11.90473474801061,13.829960212201591,11.019854111405834,86.35633333333332,,120738.24479415672,325104.31673306774,1133.2798194960214,19.202106478873237,60.30611671087534,98.58271352785144,58.82477188328912,56.31007427055703,154985.54494382022,63.91933925729444,83.5605051724138,51.799726657824934,50.74010822281166,86.16879190981433,72.54820769230768,67.3612322281167,20658.358090185677,60.86815782493369,,3915.03187250996,0.6072224783585657,,,,,,,,,113.10862068965515,115.58620689655172,110.42705570291776,112.75570291777188,938432.8912466844,111.4313634887884,
2021-12,8611.060181456955,7369.905298013245,836622.5885449603,200730.1247841192,66.16694609271524,70.51266225165563,69.26104437086093,77.81623814569538,61.44028344370861,66.20987245033112,79.29638370860928,120544.05562913908,113280.38410596029,5.98476821192053,17.26158940397351,2626.051655629139,2125.637086092715,2512.876821192053,1043.4013245033111,1469.4635761589404,360267.9046357616,104897.11920529802,21843.633112582786,677.3025165562914,5134.154966887417,15958.866225165562,9779.374834437089,6179.491390728477,83053.48609271523,4721.300264900662,11775.993907284768,6017.260927152318,17414.437086092716,40.286754966887415,3.739337748344371,40.774966887417214,1431.1139072847682,172.09801324503312,278.15761589403974,635.3523178807947,345.5139072847682,1363.4347240915208,172.5948855989233,259.69044414535665,580.0646029609691,351.08613728129205,122495.83912558942,45329.1504321904,484080.3750756291,850634.0044426923,1.4746334780013262,1482.719602649007,4656.262913907285,2786.7066225165563,,465.2381456953643,450210.4635761589,763.3193446357616,1439.245527417219,907.8038600397878,0.1341332711909814,777.6902913907285,,2.9040938050653335,19.159031701994675,4.82235761589404,4.944588859416446,4.385112582781457,4.522079470198675,4.881682119205298,5.547629139072848,5.872781456953642,6.872331125827816,7.874450331125829,0.1159018567639257,-0.436980132450331,-0.3000132450331126,0.0595894039735099,0.7254966887417219,1.0506754966887415,2.0502384105960263,3.05235761589404,,2.1381105960264897,196.29203933774832,1.8970372185430464,1.1913961589403972,,,,,30.70825430463576,120.92636688741725,130.85229006622515,100.08107947019867,117.4600847682119,200.16948079470197,113.06338807947022,90.7934476821192,148.15809006622518,130.71820794701986,126.42281324503313,127.37812317880795,11.92471523178808,13.85292715231788,11.037218543046356,86.32479201331114,,121068.5497877984,325678.62969496025,1139.2474598675497,,60.382962913907285,98.57773907284768,58.88765033112582,56.40296026490066,155152.8151260504,63.97210344370861,83.5846284768212,51.85464490066225,50.80300264900663,86.18728794701988,72.59648834437087,67.40049867549669,20667.735099337748,60.95465165562914,,3924.689655172414,0.6084178046564986,,,,,,,,,113.26810993377484,115.76614569536424,110.6114503311258,112.9915986754967,945659.8675496688,111.42400307398636,19.294121739130436
2022-01,8623.15306878307,7379.21044973545,837590.0698846357,201291.6510740873,66.21282208994708,70.55040846560846,69.30059761904762,77.8433466931217,61.49523571428571,66.25418439153438,79.29281018518517,120600.02645502644,113337.95502645502,5.981613756613757,17.276058201058202,2625.2261904761904,2124.4074074074074,2513.2367724867727,1043.1084656084656,1470.1137566137563,360055.57936507935,104955.71296296296,21842.2791005291,677.2267195767196,5137.371693121693,15954.412698412698,9776.804232804232,6177.608465608466,83113.43386243386,4722.6911375661375,11780.899338624338,6021.109788359789,17420.428571428572,40.28809523809524,3.739814814814815,40.7760582010582,1431.537037037037,172.0462962962963,278.17063492063494,635.7566137566138,345.57142857142856,1364.135752688172,172.76612903225808,259.7002688172043,580.4959677419355,351.1747311827957,122690.21499976193,45395.55514558732,485118.9407170635,852366.9819202516,1.474335950215894,1507.9501322751323,4678.730423280423,2793.2373015873013,,470.16243386243394,455104.2328042328,765.6100916666666,1443.6716661375665,911.0514738675496,0.1341680371059602,782.8451587301588,,2.891500750910053,19.218898434559684,4.816084656084656,4.938264900662252,4.379391534391535,4.516296296296296,4.875621693121693,5.54191798941799,5.866957671957672,6.866746031746032,7.868399470899472,0.1158675496688741,-0.4364285714285714,-0.2995238095238096,0.0598015873015873,0.7260582010582012,1.051111111111111,2.050912698412698,3.052579365079365,,2.136500661375661,196.1829664021164,1.8962875661375664,1.1915133597883598,,,,,30.762489417989418,121.1317843915344,131.04982936507935,100.1132671957672,117.635708994709,200.60701587301588,113.19246296296298,90.84032671957672,148.42242857142858,130.91435317460318,126.59828042328044,127.56431481481482,11.944814814814816,13.875833333333333,11.054775132275132,86.2986710963455,,121400.45988079472,326252.758410596,1145.2662935185183,,60.46005555555555,98.57363756613756,58.95082142857142,56.49594841269841,155320.94692737432,64.02305026455028,83.60252592592592,51.91246018518519,50.86686031746032,86.2073832010582,72.61568253968255,67.42912619047618,20677.195767195768,61.03852248677248,,3933.55761589404,0.6096940663430463,,,,,,,,,113.42427248677248,115.9410687830688,110.79348148148148,113.18471428571428,952892.1957671958,111.41643521161564,19.296928991596637
2022-02,8635.29756010568,7388.721136063408,838554.5314324074,201887.3344940687,66.26225640686921,70.59305482166445,69.34577714663145,77.87627582562749,61.55204610303831,66.29989114927345,79.2903712021136,120656.94451783356,113395.86261558784,5.978996036988112,17.28573315719947,2624.9511228533684,2123.7239101717305,2513.228533685601,1042.8084544253634,1470.4055482166443,359904.38309114927,105012.38177014532,21837.677675033025,675.6866578599735,5139.659180977543,15949.054161162485,9773.778071334214,6175.2760898282695,83174.70409511229,4723.583091149273,11787.5249669749,6023.536327608983,17431.03038309115,40.28612945838837,3.7410832232496696,40.77661822985469,1431.8507265521796,171.94980184940556,278.1175693527081,636.0726552179657,345.71862615587844,1364.848322147651,172.7234899328859,259.7208053691275,581.0711409395973,351.33422818791945,122901.97561402908,45483.748733325614,486178.8760661823,854160.2848542195,1.4740921195939152,1533.026684280053,4701.356010568033,2799.7836195508585,,474.6541611624835,459573.7120211361,767.8840023778071,1448.109001981506,914.3311117989418,0.13420217710582,787.8530515191545,,2.891500750910053,19.218898434559684,4.809828269484808,4.932023809523811,4.373804491413474,4.510766182298547,4.86990752972259,5.536631439894319,5.861532364597094,6.861545574636724,7.862734478203435,0.1158994708994709,-0.4357595772787318,-0.2987978863936592,0.0603434610303831,0.7270277410832233,1.0519418758256276,2.0519682959048877,3.0531704095112286,,2.1348924702774106,196.0754928665786,1.895573183619551,1.1916067371202113,,,,,30.831785997357994,121.34878203434612,131.24844253632762,100.14723778071334,117.80957463672392,201.04854557463673,113.32207397622192,90.8901994715984,148.68852443857335,131.11145574636726,126.77498414795244,127.75143857331572,11.964623513870544,13.898533685601056,11.07318361955086,86.2669983416252,,121724.38813492063,326806.63436507934,1151.3686743725232,,60.537751651254965,98.57166050198153,59.013360634081906,56.58964332892999,155489.26740947075,64.07723553500661,83.62693645970938,51.971085336856014,50.93222681638046,86.22014280052841,72.67313527080582,67.45724095112286,20694.029062087186,61.124114927344785,,3943.0873015873017,0.6112159354642857,,,,,,,,,113.58511492734478,116.12196829590488,110.98147027741084,113.38331968295904,959695.9048877148,111.4100096849406,19.301988251748252
2022-03,8647.171546174142,7397.944854881267,839557.7936101718,202496.31954091028,66.31024419525066,70.63502282321899,69.38975883905013,77.90725329815304,61.60644155672823,66.34567427440633,79.28805250659632,120714.1134564644,113454.34036939316,5.9761213720316615,17.29802110817942,2624.2994722955145,2123.296833773087,2513.127968337731,1042.4023746701846,1470.7110817941953,359733.99472295516,105072.48284960422,21836.44327176781,675.5465699208443,5142.985488126649,15944.672823218998,9771.250659630608,6173.4221635883905,83236.03957783642,4724.966754617414,11792.693403693933,6027.316622691293,17437.385224274407,40.2877308707124,3.7420844327176783,40.77770448548813,1432.3812664907653,171.89973614775727,278.0474934036939,636.6213720316623,345.82058047493405,1365.5187667560322,172.72117962466487,259.70911528150134,581.5790884718499,351.5107238605898,123098.27775701848,45551.49026070107,487236.9672587071,855994.6319019683,1.473796093015852,1558.4740105540898,4724.152374670184,2806.297757255937,,479.0478891820581,463949.47229551454,770.1280928759894,1452.5947839050132,917.607031228534,0.1342378311756935,792.6658839050132,,2.891500750910053,19.218898434559684,4.803588390501319,4.926010568031704,4.368469656992085,4.50565963060686,4.8648021108179424,5.531715039577836,5.856345646437994,6.856781002638523,7.85759894459103,0.1161426684280052,-0.4348548812664907,-0.297664907651715,0.0614775725593667,0.7283509234828497,1.052994722955145,2.0534432717678097,3.054274406332454,,2.1332934036939313,195.9688976253298,1.8948587071240108,1.1917116094986806,,,,,30.912007915567283,121.55702902374672,131.45020184696568,100.18179551451188,117.99192084432718,201.49008047493405,113.45598416886544,90.9397889182058,148.95647757255938,131.31157124010554,126.95540633245383,127.94185356200528,11.985052770448547,13.921952506596304,11.090963060686017,86.22814569536423,,122056.63610303833,327372.34422721266,1157.5344554089706,,60.61622427440633,98.56920712401056,59.07941029023747,56.683350923482855,155664.04444444444,64.1273060686016,83.6499839050132,52.02904656992085,50.99692664907652,86.23778522427442,72.7227931398417,67.4919573878628,20704.179419525062,61.20976912928761,,3963.687335092348,0.6144409413601583,,,,,,,,,113.7551147757256,116.31512796833776,111.17696306068602,113.6419907651715,966398.8126649075,111.40393509225424,19.311542597765364
2022-04,8659.146378129117,7407.252964426877,840501.8110328496,203148.3309776153,66.360374571805,70.67758274044795,69.434355599473,77.93900395256918,61.66494413702239,66.39384361001316,79.2876325428195,120771.68247694334,113513.63372859026,5.9729907773386035,17.307114624505928,2623.8577075098815,2122.718050065876,2512.4505928853755,1041.7812911725955,1470.6548089591568,359513.13306982873,105133.05006587616,21835.206851119896,675.3797101449275,5146.252964426877,15940.37022397892,9768.7325428195,6171.63768115942,83297.84321475626,4726.371014492754,11798.307246376811,6031.106719367589,17443.546772068512,40.28866930171278,3.742687747035573,40.77905138339921,1432.9104084321475,172.0764163372859,278.00658761528325,636.8827404479579,345.9525691699605,1366.194109772423,172.7322623828648,259.7081659973226,582.0910307898259,351.6639892904953,123299.92429488804,45620.68335260769,488301.89615559945,858019.6046831002,1.4736195810197887,1583.603557312253,4745.339262187089,2812.131884057971,,483.52173913043487,468408.6956521739,772.4256691699603,1457.0908855072466,920.9008404881268,0.1342726350923482,797.4071277997365,,2.891500750910053,19.26330058440951,4.797523056653491,4.92047493403694,4.363293807641634,4.500816864295125,4.860158102766799,5.527206851119894,5.851436100131752,6.852266139657444,7.852898550724638,0.1166886543535619,-0.433965744400527,-0.2964426877470356,0.0628985507246377,0.7299077733860343,1.0541501976284586,2.0549934123847167,3.055638998682477,,2.1317072463768114,195.86693254281948,1.8940971014492756,1.1918094861660078,,,,,31.01423188405797,121.79925823451912,131.65607509881423,100.21718708827404,118.18693017127798,201.9343162055336,113.59550592885375,90.98767193675889,149.22679314888012,131.51592753623189,127.1408906455863,128.13644268774704,12.005533596837946,13.945309617918314,11.108972332015808,86.18380165289256,,122389.78300791558,327936.23985488125,1163.6556118577075,,60.69564822134388,98.56552437417656,59.1492885375494,56.77740843214756,155848.75346260387,64.1869067193676,83.67147167325429,52.091782081686425,51.066462055335975,86.25764202898552,72.75185652173914,67.526530171278,20714.85902503294,61.29412516469038,,3963.687335092348,0.6144409413601583,,,,,,,,,113.93042292490118,116.5146903820817,111.37731752305666,113.90708432147562,973207.3781291172,111.4010358789002,19.32217754532775
2022-05,8671.39107236842,7417.011184210526,841442.38967444,203773.2555421184,66.4116522368421,70.72277197368422,69.4822057894737,77.97423171052631,61.72271828947368,66.4418172368421,79.28713289473684,120828.62236842106,113572.30657894736,5.969868421052632,17.317236842105263,2623.3355263157896,2122.0526315789475,2511.819736842105,1041.1355263157895,1470.671052631579,359282.72105263156,105193.71578947367,21834.109210526316,675.2468421052631,5149.511842105263,15936.18289473684,9766.293421052633,6169.88947368421,83359.60657894737,4727.872105263158,11803.650263157891,6034.9276315789475,17449.786842105263,40.28921052631579,3.7431578947368425,40.7796052631579,1433.1368421052632,171.9907894736842,277.875,637.2236842105264,346.05526315789473,1367.057486631016,172.77005347593584,259.6644385026738,582.9344919786096,351.6898395721925,122875.36255239476,45100.73760245008,479932.7976080263,860098.7027006455,1.473496235063241,1608.6514473684208,4767.68394736842,2818.335394736842,,487.6426315789473,472517.8947368421,774.7887382894736,1461.647165,924.2904552700924,0.1343094504835309,802.1359342105262,,2.8855110721949933,19.26330058440951,4.7916447368421045,4.915191040843215,4.358552631578948,4.496513157894737,4.85625,5.523592105263158,5.847355263157895,6.848197368421053,7.848697368421053,0.1172990777338603,-0.432828947368421,-0.2948684210526316,0.0648684210526315,0.732171052631579,1.0559473684210523,2.0568026315789476,3.057315789473684,,2.130145789473684,195.77549486842105,1.8933065789473684,1.191902894736842,,,,,31.107344736842105,122.03402105263156,131.86266315789473,100.25122631578948,118.38009868421057,202.38053026315788,113.7338,91.03551842105264,149.49991973684212,131.7206855263158,127.32675394736845,128.33168684210526,12.026,13.968697368421054,11.12696052631579,86.14917491749175,,122713.28778656128,328485.15482213435,1169.808137894737,,60.77538684210528,98.5626447368421,59.2185947368421,56.87205131578949,155911.36464088398,64.24447381578949,83.69791355263159,52.15518657894737,51.135792499999994,86.2769475,72.81612710526316,67.56239486842105,20725.436842105264,61.38145394736842,,3973.783926218709,0.6162042555019762,,,,,,,,,114.10809210526315,116.71631973684212,111.58541052631578,114.17560921052632,979670.5263157894,111.40154223721284,19.329368105849586
2022-06,8683.261312746385,7426.309592641261,842369.1562669737,204385.81236795007,66.36759119579499,70.77792812089356,69.53904336399474,78.10725019710907,61.57147477003942,66.44758712220762,79.34122194480945,120885.84625492772,113631.247043364,5.966754270696452,17.324047306176084,2622.603153745072,2121.586070959264,2511.169513797635,1040.6360052562418,1470.5203679369251,359082.6123521682,105254.7358738502,21833.130091984232,675.1160315374507,5152.818659658345,15932.067017082783,9763.929040735871,6168.137976346912,83421.60578186596,4729.352956636006,11808.69776609724,6038.752956636005,17456.148488830488,40.290275952693825,3.743626806833114,40.78015768725361,1433.3863337713535,171.91721419185282,277.8370565045992,637.5676741130092,346.0722733245729,1367.4953271028037,172.71028037383178,259.6248331108144,583.4125500667557,351.7489986648865,123065.08612328516,45159.76714600461,480759.7715927727,861612.7780918289,1.4734784768592106,1633.6547963206308,4790.0089356110375,2824.4403416557157,,491.3617608409986,476228.1208935611,777.0856708278582,1466.239364388962,927.6358833026316,0.1343450189394736,806.3911563731931,,2.8855110721949933,19.285160962339475,4.786360052562418,4.910473684210526,4.354113009198424,4.492509855453351,4.85257555847569,5.520105124835743,5.8434822601839675,6.844625492772668,7.845111695137977,0.1178815789473684,-0.4319710906701708,-0.2935742444152431,0.0664914586070959,0.7339816031537452,1.0573718791064388,2.0585282522996056,3.0590275952693826,,2.128634954007884,195.6875488830486,1.8924530880420496,1.1920264126149804,,,,,31.210423127463866,122.22767279894876,132.0724021024967,100.28627989487516,118.57972667542708,202.82841392904075,113.87551905387646,91.0834888304862,149.77585545335086,131.92846254927727,127.51617739816032,128.53014717477004,12.046872536136664,13.992733245729305,11.14521681997372,86.10345963756177,,123039.06964473684,329037.1158289474,1175.8683722733244,,60.856006570302235,98.56000919842312,59.289612352168206,56.96739684625493,156105.3305785124,64.53293955321945,83.7871532194481,51.98142128777924,50.85157187910644,86.3578144546649,72.98625676741129,67.30709842312747,20735.684625492773,61.46317082785808,,3983.9578947368423,0.6179859343328947,,,,,,,,,114.28957293035478,116.92350459921155,111.80123258869908,114.4986346911958,985730.8804204994,111.40666004119733,19.34305855354659
2022-07,8695.032583989501,7435.572440944882,843288.9996884363,205013.61182678476,66.41583359580052,70.82150997375328,69.5852716535433,78.1427342519685,61.62470157480315,66.49248293963254,79.34015892388452,120942.4566929134,113689.61942257218,5.963648293963255,17.330577427821524,2622.1299212598424,2120.8385826771655,2510.6154855643044,1040.258530183727,1470.3438320209973,358915.50918635173,105315.8687664042,21832.14304461942,674.9918635170603,5156.106299212598,15927.952755905511,9761.523622047243,6166.429133858268,83483.72572178478,4730.871653543308,11813.896587926509,6042.572178477691,17462.300524934384,40.29041994750656,3.7439632545931754,40.78005249343832,1433.5997375328084,171.83070866141733,277.7834645669291,637.9133858267717,346.0800524934383,1367.9333333333334,172.68133333333333,259.54266666666666,583.864,351.8466666666667,123261.95346433073,45220.15188238132,481595.4241234908,863609.388107477,1.4732505156544022,1658.4501312335958,4811.835039370078,2830.2503937007873,,494.9536745406824,479811.81102362205,779.5587148293963,1470.870852624672,930.9755843626806,0.1343795252470433,810.4496325459318,,2.880235231635171,19.285160962339475,4.781666666666666,4.906478318002629,4.350354330708662,4.489383202099737,4.849685039370079,5.5170472440944875,5.8399343832021,6.8412073490813645,7.841732283464567,0.1185939553219448,-0.431010498687664,-0.2919816272965879,0.0683202099737532,0.7356430446194226,1.058543307086614,2.059829396325459,3.0603674540682415,,2.1271146981627296,195.60654409448816,1.8915863517060367,1.1921423884514435,,,,,31.32017322834646,122.41184908136482,132.28664829396325,100.3225564304462,118.79247112860894,203.2799002624672,114.02284383202098,91.13256036745406,150.05511417322836,132.14091994750655,127.711031496063,128.73315091863518,12.067716535433073,14.016627296587927,11.163398950131231,86.04407894736842,,123363.85759526938,329585.9383180026,1181.9251728346455,,60.93774409448819,98.5582624671916,59.363265091863525,57.06335826771654,156327.46703296702,64.59637585301837,83.81233910761155,52.03934566929134,50.91169540682414,86.37413517060368,73.04674002624671,67.333487664042,20746.228346456697,61.547687664042,,3993.880420499343,0.619721467935611,,,,,,,,,114.48166666666668,117.14487926509186,112.02450524934385,114.83973490813648,991663.6482939632,111.41254007479796,19.355421666666665
2022-08,8706.833134993447,7444.842463958062,844201.0114998687,205646.26633290955,66.46493027522936,70.86458597640892,69.63065058977719,78.17712018348624,61.68022280471822,66.53878165137615,79.34019108781126,120998.83617300131,113748.0733944954,5.960419397116645,17.336828309305375,2621.4193971166446,2120.381389252949,2509.664482306684,1039.8361730013107,1469.8152031454783,358766.4718217562,105377.79554390564,21831.283093053735,674.8876802096985,5159.4547837483615,15923.887287024902,9759.153342070773,6164.733944954129,83546.51245085191,4732.347444298821,11819.136566186107,6046.398427260812,17468.639580602885,40.2910878112713,3.744560943643513,40.78060288335517,1433.630406290957,171.87024901703802,277.5910878112713,638.0615989515072,346.11533420707735,1368.3555259653797,172.66977363515312,259.4833555259654,584.3209054593875,351.88282290279625,123459.97711640892,45285.53391314221,482442.150959502,865651.278674265,1.473023152772966,1683.1640891218872,4833.981913499344,2836.177719528178,,498.5754914809961,483427.7850589777,782.0769094364351,1475.5567799475757,934.344370433071,0.1344143219160105,814.5142201834863,,2.880235231635171,19.285160962339475,4.777601572739187,4.903320209973754,4.347575360419397,4.487116644823067,4.8472870249017035,5.513695937090432,5.83608125819135,6.8375622542595025,7.838283093053736,0.119514435695538,-0.4296854521625163,-0.2901441677588467,0.0700262123197903,0.7363958060288336,1.058794233289646,2.0602883355176935,3.0610222804718217,,2.1255982961992133,195.5293520314548,1.8906782437745744,1.1922753604193972,,,,,31.41230930537353,122.5745622542595,132.50025819134993,100.35859239842726,118.99696461336828,203.73337614678897,114.16816775884664,91.1820117955439,150.33524508519005,132.3520786369594,127.90434993446922,128.93539580602882,12.08862385321101,14.040642201834864,11.181651376146789,85.98735632183907,,123676.28765091865,330069.9780183727,1187.9442266055046,,61.01926605504587,98.5562621231979,59.43615203145478,57.15933420707733,156566.80273972603,64.65765779816513,83.83670642201835,52.097298951507206,50.972199606815195,86.39379541284403,73.0939631716907,67.35679226736566,20756.646133682832,61.633152031454784,,4012.6749672346,0.6231531424718217,,,,,,,,,114.66617824377455,117.35473394495416,112.23808125819136,115.07430406290958,997620.7077326344,111.4231914360168,19.362596948682384
2022-09,8725.994180628271,7461.673429319371,845297.8922187418,206272.90341886124,66.51444554973821,70.90803808900523,69.6768310209424,78.21163206806283,61.736217015706806,66.58470890052357,79.33993808900523,121056.09685863876,113806.95287958116,5.957460732984293,17.343324607329844,2620.8979057591623,2119.971204188482,2509.026178010471,1039.6335078534032,1469.3795811518326,358611.67277486913,105439.51570680628,21830.4332460733,674.7814136125654,5162.764397905759,15919.869109947644,9756.846858638744,6163.0222513089,83609.08246073299,4733.888089005236,11824.432068062826,6050.236910994764,17474.74345549738,40.291230366492144,3.744764397905759,40.78075916230367,1433.7290575916231,171.79712041884818,277.44240837696333,638.3887434554974,346.1086387434555,1368.586436170213,172.62367021276594,259.406914893617,584.6422872340426,351.9148936170213,123655.08840290578,45345.51477739695,483293.0774634817,867703.933617025,1.4728225981821756,1707.733638743456,4856.073298429319,2842.078403141361,,502.25039267015705,487098.0366492147,784.5736831151833,1480.347630366492,937.6826422542596,0.1343772690760157,818.8912434554973,,2.880235231635171,19.285160962339475,4.774397905759162,4.900511140235911,4.34532722513089,4.485235602094241,4.845235602094241,5.51044502617801,5.832238219895288,6.833939790575917,7.83476439790576,0.1199213630406291,-0.4287303664921465,-0.2888219895287958,0.0711780104712041,0.7363481675392671,1.05815445026178,2.059869109947644,3.0607068062827225,,2.124069240837696,195.45049620418848,1.889771989528796,1.192405497382199,,,,,31.49379842931937,122.7373704188482,132.71376570680627,100.39489136125654,119.19276178010472,204.19053926701568,114.31089397905755,91.23215314136124,150.61782068062828,132.5627329842932,128.09660602094243,129.13736256544504,12.109633507853404,14.065,11.199803664921465,85.94180327868851,,123999.05972477065,330594.3569069463,1193.8838616492146,,61.10392539267016,98.55738743455495,59.51354057591623,57.260704188481675,156777.00546448087,64.72068154450263,83.86076596858639,52.15726230366493,51.03276662303664,86.41212290575916,73.13827892670157,67.38283507853404,20767.240837696336,61.75456413612565,,4012.6749672346,0.6231531424718217,,,,,,,,,114.84521989528795,117.55608769633508,112.4434620418848,115.38024607329844,1003621.9895287958,111.43354077924496,19.366666481994457
2022-10,8737.799790849673,7471.055163398694,846246.545501178,206898.0329568758,66.56537411764705,70.95281986928104,69.72493150326797,78.24745385620916,61.793728758169934,66.63168522875816,79.34050901960784,121113.13333333332,113865.9450980392,5.954248366013072,17.347058823529412,2620.2875816993464,2119.3503267973856,2508.316339869281,1039.4496732026143,1468.853594771242,358412.50718954246,105501.7385620915,21829.630065359477,674.6517647058823,5166.091503267974,15915.904575163398,9754.571241830065,6161.333333333333,83672.10849673202,4735.427581699347,11829.648104575164,6054.007843137255,17481.175163398693,40.2918954248366,3.7449673202614377,40.78130718954248,1433.6888888888889,171.7359477124183,277.37124183006534,638.475816993464,346.1137254901961,1368.8459495351926,172.56573705179284,259.33997343957503,584.9907038512616,351.95086321381143,123853.84253571244,45414.43015121189,484147.6368393464,869775.0829185734,1.4726225686034031,1732.0247058823531,4877.42954248366,2847.6959477124183,,505.6871895424836,490528.1045751634,787.1380640522875,1485.137448888889,941.0754264397906,0.1344120657565445,822.854156862745,,2.8753510634836603,19.289165145357796,4.771503267973856,4.898298429319372,4.343738562091503,4.484117647058824,4.8439869281045755,5.5080784313725495,5.829215686274509,6.831006535947712,7.831960784313725,0.1206151832460733,-0.4274509803921568,-0.2870718954248366,0.072797385620915,0.7368496732026144,1.058,2.0598039215686272,3.0607712418300657,,2.122564967320261,195.38230509803924,1.8887814379084968,1.1925904575163395,,,,,31.56277385620915,122.88698823529413,132.9282065359477,100.43061307189544,119.38603006535948,204.65228496732024,114.45249803921568,91.28196470588234,150.9035176470588,132.7740745098039,128.28911764705882,129.34009019607842,12.130732026143791,14.089607843137252,11.218091503267974,85.89705400981997,,124323.36671465969,331123.7863481675,1199.7215006535948,,61.186231372549024,98.55637908496732,59.58449411764707,57.35863267973856,156990.553133515,64.78507895424836,83.88612183006535,52.222024183006546,51.09739006535948,86.42963986928103,73.18630065359477,67.41307660130718,20777.72026143791,61.84201176470587,,4029.541176470588,0.6261776175411765,,,,,,,,,115.0257725490196,117.75973725490198,112.65053464052288,115.690077124183,1009383.0065359476,111.45057019167504,19.377350899031818
2022-11,8737.799790849673,7471.055163398694,846246.545501178,207539.3827833029,66.614318537859,70.99502610966057,69.77081932114882,78.2813309399478,61.84987519582245,66.67641018276763,79.33933838120105,121169.99216710182,113924.3550913838,5.951305483028721,17.351566579634465,2619.753263707572,2118.911227154047,2507.6135770234987,1039.143603133159,1468.4569190600523,358230.5065274151,105564.15665796344,21828.934725848565,674.5412532637075,5169.425587467363,15912.02088772846,9752.35639686684,6159.664490861619,83735.22193211489,4736.975848563969,11834.826109660577,6057.832898172323,17487.608355091383,40.29255874673629,3.745169712793733,40.78172323759792,1433.6657963446476,171.65013054830288,277.2793733681462,638.6422976501306,346.1018276762402,1369.0358090185675,172.48541114058355,259.2745358090186,585.3554376657825,351.92175066312996,124054.19130524808,45484.1266045586,485009.2887494778,871860.8357513596,1.4724361338732028,1756.0033942558746,4899.018929503916,2853.3579634464754,,509.0161879895561,493851.04438642296,789.7440407310704,1489.964575456919,944.4626911111112,0.1344462696718954,826.644229765013,,2.8753510634836603,19.290515946315928,4.769295039164491,4.8969281045751645,4.3429242819843346,4.483720626631854,4.843446475195822,5.506344647519583,5.826801566579634,6.828746736292428,7.829908616187989,0.1214640522875816,-0.4260574412532637,-0.2852610966057441,0.0744647519582245,0.7373237597911229,1.057793733681462,2.059751958224543,3.0609268929503917,,2.1210928198433416,195.31921005221935,1.8877950391644909,1.1928206266318535,,,,,31.635864229765012,123.0171266318538,133.14378590078329,100.4650992167102,119.5812676240209,205.10918929503916,114.59512924281984,91.33053002610964,151.19043733681465,132.98644778067887,128.48215665796346,129.54423368146217,12.152023498694518,14.11429503916449,11.23659268929504,85.85457516339868,,124646.64245751633,331630.6000261438,1205.382106396867,,61.186231372549024,98.55637908496732,59.58449411764707,57.35863267973856,157212.0,64.85039712793733,83.90876958224543,52.28162806788512,51.16024960835509,86.44299347258486,73.23188563968668,67.44223446475196,20788.157963446476,61.84201176470587,,4037.732375979113,0.6275799278355091,,,,,,,,,115.20981070496084,117.96812271540468,112.8550143603133,115.9234177545692,1015036.1618798956,111.4705568635953,19.39191464088398
2022-12,8760.953328552803,7489.207170795307,848150.5297165796,208167.09023730116,66.66298200782268,71.0375996088657,69.81605488917862,78.31466623207301,61.905053846153834,66.720785136897,79.33791029986962,121226.46023468058,113982.43285528032,5.948370273794002,17.35684485006519,2619.2620599739244,2118.362451108214,2506.994784876141,1038.8357235984354,1468.1460234680574,358062.0182529335,105626.62711864409,21828.28031290743,674.4400260756192,5172.803129074316,15908.127770534553,9750.131681877445,6157.996088657105,83798.34680573664,4738.483963494134,11839.882007822684,6061.683181225554,17494.093872229467,40.29269882659713,3.745241199478487,40.78174706649283,1433.638852672751,171.5436766623207,277.25814863103,638.7887874837028,346.0560625814863,1369.0119205298013,172.4132450331126,259.194701986755,585.5774834437086,351.82781456953643,124243.85989546288,45540.50939087386,485865.8555177314,873943.2954958095,1.4722371310874676,1779.7006518904825,4920.467535853977,2858.96740547588,,512.4284224250325,497258.0182529335,792.3660062581487,1494.9120112125163,947.880279321149,0.1344842366749347,830.6740156453716,,2.8753510634836603,19.290515946315928,4.768005215123859,4.89635770234987,4.342672750977836,4.483715775749674,4.843298565840939,5.504458930899609,5.8242764015645365,6.8262320730117345,7.82761408083442,0.1221932114882506,-0.424980443285528,-0.2839374185136897,0.0756453715775749,0.7367666232073012,1.0565971316818774,2.0585658409387224,3.0599608865710564,,2.119586831812255,195.25027366362448,1.8868627118644068,1.1930199478487613,,,,,31.70461799217731,123.17480182529336,133.35917731421122,100.49988396349414,119.77219947848762,205.5611395045632,114.73641720990872,91.37749022164276,151.47828292046935,133.19839374185136,128.67407301173404,129.74841199478487,12.173324641460235,14.138670143415906,11.255319426336376,85.80717781402936,,124974.11002610966,332150.06842036557,1210.9991881355932,,61.35195827900913,98.55185136897,59.7283076923077,57.556273794002614,157442.36856368562,64.91099074315515,83.93201903520209,52.34127405475881,51.2210517601043,86.45321916558018,73.27472112125162,67.47082555410691,20798.362451108213,62.01920860495436,,4037.732375979113,0.6275799278355091,,,,,,,,,115.39405736636245,118.17576923076923,113.05788005215123,116.13334680573664,1020777.5749674056,111.48463089220368,19.39694193103448
2023-01,8772.76123828125,7498.475390625,849075.38691382,208773.5823073047,66.71058411458334,71.07866497395833,69.85998567708333,78.34769596354167,61.95964453125,66.76308684895834,79.33489361979166,121283.07942708331,114040.78776041669,5.9453125,17.35859375,2618.8489583333335,2117.8203125,2506.3046875,1038.6432291666667,1467.6484375,357879.125,105689.21484375,21827.65625,674.3415364583333,5176.197916666667,15904.2421875,9747.94921875,6156.29296875,83861.55859375,4740.037239583334,11845.042578125,6065.49609375,17500.571614583332,40.29270833333333,3.7449218750000006,40.78151041666667,1433.52734375,171.59505208333334,277.0546875,638.8346354166666,346.05078125,1368.9695767195767,172.3373015873016,259.0833333333333,585.781746031746,351.76851851851853,124456.7923695573,45625.74685765554,486742.04581002606,876035.4632982921,1.4720777606427635,1803.0194010416665,4941.679166666667,2864.509505208333,,515.8071614583333,500633.984375,795.0205743489583,1499.9036561197915,951.2923411342896,0.1345182488148631,834.6866536458333,,2.8708541476536453,19.290515946315928,4.767135416666667,4.895853976531942,4.3425520833333335,4.483802083333333,4.8430859375,5.502187500000001,5.82140625,6.823111979166666,7.824700520833333,0.1225684485006518,-0.4242187500000001,-0.28296875,0.0763151041666666,0.7353776041666668,1.054609375,2.056328125,3.0579296875,,2.118039973958333,195.17171184895832,1.885991796875,1.1932354166666668,,,,,31.762867187499996,123.33930989583332,133.57369921875002,100.53537760416664,119.9538828125,206.01260546874997,114.87405598958333,91.42295182291666,151.76830208333334,133.40926562500002,128.86366015625,129.95170312500002,12.194856770833336,14.163502604166666,11.273984375000005,85.76465798045602,,125304.61588005217,332669.82452411996,1216.6020740885417,,61.43458854166666,98.54863671875,59.79847786458333,57.655635416666655,157646.72972972973,64.9679046875,83.95588606770833,52.39584583333333,51.27852083333333,86.46544348958332,73.33101184895833,67.49569986979166,20808.71875,62.1054296875,,4046.335071707953,0.629004406196871,,,,,,,,,115.57267578125,118.37561588541666,113.24923307291664,116.37015104166667,1026486.71875,111.49332217405,19.4002108815427
2023-02,8785.486006501951,7508.704811443433,850014.0960454427,209412.85853317296,66.75606267880364,71.11857321196358,69.90291859557868,78.37873133940181,62.01107724317296,66.8049022106632,79.33148569570871,121341.01040312092,114100.7321196359,5.942002600780235,17.36254876462939,2617.9739921976593,2117.3875162548766,2505.6475942782836,1038.4499349804942,1467.184655396619,357663.0923276983,105765.24967490249,21829.0611183355,673.8797139141742,5181.300390117035,15901.05721716515,9746.17945383615,6154.877763328998,83936.18855656697,4743.796228868661,11827.266059817948,6071.442132639792,17504.92587776333,40.292197659297784,3.744993498049415,40.78088426527958,1433.3745123537062,171.5149544863459,276.94408322496747,638.9765929778933,345.9466840052016,1368.9299867899604,172.24966974900926,258.9762219286658,586.0145310435931,351.6908850726552,124646.60148221068,45681.248756356064,487611.3539429129,878134.5525387892,1.4719318260585936,1826.1187256176856,4962.821586475943,2869.9453836150847,,519.0764629388816,503902.6007802341,797.6803739921976,1504.9449374512355,954.717903346354,0.1345446606041666,838.7516384915473,,2.8708541476536453,19.290515946315928,4.766566970091028,4.8954817708333325,4.342808842652795,4.484044213263979,4.8428868660598186,5.499765929778933,5.818426527958388,6.819960988296488,7.821677503250975,0.1227734374999999,-0.4233940182054617,-0.2821586475942783,0.0766840052015604,0.7335240572171652,1.0521976592977893,2.053745123537061,3.0554746423927184,,2.1164873862158644,195.08754512353704,1.8851305591677503,1.1934291287386216,,,,,31.82314954486346,123.48880494148244,133.791044213264,100.57283615084523,120.14138361508452,206.46184135240577,115.01429258777634,91.46774512353706,152.0613563068921,133.6230676202861,129.05632639791938,130.15804291287384,12.216996098829648,14.188322496749024,11.29336801040312,85.73073170731706,,125631.75751302084,333169.5254036458,1222.1977175552663,,61.519050715214554,98.5479856957087,59.87080624187256,57.75649804941481,157838.41239892182,65.0274232769831,83.97651729518854,52.45218842652796,51.33390468140442,86.47579479843954,73.3575344603381,67.52157503250974,20802.586475942782,62.19258257477244,,4055.3815104166665,0.6306873456705729,,,,,,,,,115.75861768530558,118.58433810143045,113.4451599479844,116.58423407022109,1032080.1040312094,111.4956865298336,19.401348005502065
2023-03,8797.421192207792,7518.132857142857,850972.9593795838,210048.4730026104,66.68457818181818,71.10626766233767,69.86390974025974,78.585492987013,61.88144311688311,66.70304181818182,79.35282909090908,121399.33506493506,114160.75064935064,5.938961038961039,17.365064935064936,2617.5467532467533,2117.033766233766,2504.811688311688,1038.1467532467532,1466.651948051948,357449.24415584415,105829.57402597404,21828.663636363635,673.7624675324676,5184.867532467532,15897.244155844155,9744.023376623376,6153.220779220779,84000.91038961039,4745.4855844155845,11832.186753246757,6075.362337662337,17511.505194805195,40.292467532467526,3.7449350649350657,40.78077922077922,1433.3818181818183,171.43116883116883,276.7883116883117,639.209090909091,345.961038961039,1369.168865435356,172.1741424802111,258.89313984168865,586.3799472295515,351.72295514511876,124831.61758418182,45734.89437094554,488478.1080287013,880223.0420673473,1.4717602632158648,1849.0071428571428,4983.89974025974,2875.3490909090906,,522.3267532467532,507152.3376623376,800.1776363636365,1510.129075844156,958.1140488036413,0.1345748450611183,842.9606363636362,,2.8708541476536453,19.290515946315928,4.7663116883116885,4.895279583875162,4.343207792207792,4.484467532467533,4.843,5.49774025974026,5.815740259740259,6.817025974025974,7.818779220779221,0.1228348504551365,-0.4227402597402598,-0.2814805194805195,0.077051948051948,0.7317532467532468,1.0497662337662337,2.0510649350649355,3.0528311688311693,,2.114941038961039,195.0069720779221,1.8842516883116884,1.1936264935064935,,,,,31.8816,123.66104675324672,134.00904025974026,100.6112038961039,120.32806493506492,206.90622077922075,115.1544168831169,91.51261948051948,152.35592077922078,133.83742337662338,129.2486766233766,130.3652805194805,12.23874025974026,14.213571428571427,11.312233766233769,85.70032467532467,,125966.04257477244,333684.3000520156,1227.9084523376623,,61.60304025974026,98.54558311688312,59.94274675324675,57.85724025974026,158042.26075268816,65.74326597402596,83.9816335064935,52.13837467532467,51.04774753246753,86.48293571428573,73.40145597402598,67.60460415584416,20813.074025974027,62.28078051948052,,4068.5799739921977,0.6329908066944083,,,,,,,,,115.9423987012987,118.79036103896104,113.64090909090908,116.77606623376624,1037650.12987013,111.50249502397008,19.40246442307692
2023-04,8809.31418158236,7527.521660181581,851903.4516401299,210437.53594294423,66.7330046692607,71.14650985732816,69.90588261997407,78.61856848249028,61.93895875486381,66.74583346303501,79.35144837872892,121458.13099870298,114221.36186770428,5.93579766536965,17.367833981841766,2617.0985732814524,2116.5356679636834,2503.94682230869,1037.752269779507,1466.1815823605707,357117.7924773022,105894.0233463035,21828.20752269779,673.6535667963683,5188.334630350195,15893.463035019457,9741.884565499353,6151.578469520104,84065.8158236057,4747.184176394293,11836.93722438392,6079.267185473411,17518.070038910504,40.29273670557717,3.744876783398184,40.78067444876783,1433.3579766536966,171.4396887159533,276.5810635538262,639.4837872892348,345.86121919584957,1369.2490118577075,172.1357048748353,258.8208168642951,586.6166007905139,351.6772068511199,125027.53118005188,45799.9821437991,489349.64225953305,882083.9666880391,1.4719008343025974,1871.1241245136189,5004.5665369649805,2880.6092088197147,,525.875486381323,510441.504539559,802.7526145265888,1515.2072002594034,961.5719617142856,0.1346076417506493,847.0145914396886,,2.866273182590142,19.29349314129779,4.766160830090791,4.895298701298701,4.3436575875486385,4.4848378728923475,4.842788586251621,5.49556420233463,5.812944228274967,6.814150453955902,7.816044098573282,0.123012987012987,-0.4221400778210117,-0.2809597924773022,0.0769909208819714,0.7297276264591441,1.0471206225680934,2.0483398184176393,3.050246433203632,,2.11339831387808,194.92740959792476,1.8833821011673153,1.193853047989624,,,,,31.935294422827496,123.81731128404668,134.22667833981842,100.6499169909209,120.5123942931258,207.34731258106353,115.29317380025942,91.55798832684825,152.65117250324255,134.05145265888456,129.43976783398185,130.5722944228275,12.260622568093384,14.239079118028537,11.33112840466926,85.66191247974068,,126299.93883116884,334159.08637662337,1233.2726450064852,,61.68721400778211,98.54309597924772,60.014079118028526,57.95854734111543,158229.89544235924,65.79449818417639,84.0071765239948,52.19408158236057,51.110367444876786,86.49737380025938,73.46065162127108,67.62859053177691,20823.516212710765,62.36769520103762,,4075.8545454545456,0.6342819542246754,,,,,,,,,116.1211841763943,118.98909208819714,113.8315784695201,116.96260181582362,1043529.9610894942,111.5102874036982,19.40608875171468
2023-05,8820.145060880828,7535.852331606217,852830.3991736706,211054.77359068653,66.77932448186529,71.18459054404144,69.9461134715026,78.6497031088083,61.99443898963731,66.78714546632123,79.34888523316062,121516.7189119171,114281.99611398963,5.932512953367876,17.372409326424872,2616.125647668394,2116.274611398964,2503.080310880829,1037.2875647668393,1465.779792746114,356962.1994818653,105958.2098445596,21827.834196891192,673.5547927461139,5191.853626943005,15889.704663212437,9739.7603626943,6149.944300518135,84130.37564766839,4748.844689119171,11841.740155440417,6083.211139896373,17524.594559585494,40.29274611398964,3.744559585492228,40.78031088082902,1433.2655440414508,171.37953367875647,276.4481865284974,639.6735751295337,345.7720207253886,1369.7052631578947,172.1184210526316,258.69473684210527,587.203947368421,351.68947368421055,125471.06028474092,45836.36829441177,494814.58313743526,884533.006938768,1.4721188617548635,1892.865544041451,5024.898186528498,2885.729922279793,,529.4294041450778,513588.34196891193,805.3135265544041,1520.2738180051813,964.9306184176396,0.1346426351608301,851.2290803108807,,2.866273182590142,19.29349314129779,4.766243523316062,4.895473411154345,4.34440414507772,4.485233160621762,4.842577720207254,5.493031088082903,5.809896373056994,6.811113989637306,7.813082901554404,0.123112840466926,-0.4214766839378239,-0.2806476683937824,0.0766968911917098,0.7271113989637307,1.0439896373056996,2.0452202072538856,3.04720207253886,,2.1118246113989634,194.84780738341968,1.8825546632124353,1.1940532383419689,,,,,31.996841968911916,123.97919948186528,134.44519041450778,100.68898575129532,120.70017098445597,207.7870816062176,115.43322020725388,91.6045103626943,152.94687694300518,134.26655829015544,129.63158031088082,130.7802810880829,12.282694300518136,14.264572538860104,11.350259067357516,85.62605177993527,,126641.34600518808,334662.39769131,1238.4602507772022,,61.7716554404145,98.54082512953369,60.08574740932642,58.060124352331606,159555.46256684492,65.84835867875648,84.02960168393781,52.24834650259067,51.16864287564767,86.51331437823833,73.50576930051814,67.65274339378239,20833.95336787565,62.45586787564766,,4091.0608808290153,0.6371233520595855,,,,,,,,,116.29947279792746,119.1871658031088,114.02044948186528,117.1555220207254,1049422.5388601036,111.51457914640729,19.40346808219178
2023-06,8832.032693402329,7545.18745148771,853737.3986566062,211666.9265355886,66.82653492884864,71.22393285899093,69.98759301423027,78.68065200517465,62.05039598965072,66.83088382923674,79.34820892626132,121575.3234152652,114342.0724450194,5.9296248382923675,17.377360931435962,2615.43596377749,2115.9495472186286,2502.489003880983,1037.0556274256146,1465.4204398447607,356797.6300129366,106023.27037516172,21827.46959896507,673.4527813712807,5195.395860284605,15885.9340232859,9737.648124191464,6148.285899094437,84195.80077619664,4750.542173350582,11846.54294954722,6087.1448900388095,17531.310478654592,40.293143596377746,3.744372574385511,40.78033635187581,1433.4540750323415,171.2949547218629,276.4579560155239,639.9702457956015,345.738680465718,1369.8712220762154,172.07227332457293,258.6005256241787,587.5124835742445,351.6872536136662,125681.76266470892,45905.177980715365,495858.72727309185,888165.2128883292,1.4720513502759067,1914.4853816300129,5045.312031047865,2890.870375161707,,532.9302716688228,516712.2897800776,808.0991812419146,1525.3861902975425,968.3543028497407,0.1346737127784974,855.5186157826648,,2.866273182590142,19.301545334401556,4.766623544631307,4.89580310880829,4.345433376455369,4.485937904269082,4.8426649417852525,5.490569210866753,5.8069987063389386,6.808344113842174,7.810439844760673,0.1230699481865285,-0.4208150064683054,-0.2803104786545925,0.0764165588615782,0.724282018111255,1.0407244501940491,2.042082794307891,3.044191461836999,,2.1102539456662353,194.77304075032345,1.8817342820181115,1.1942571798188877,,,,,32.04804915912031,124.14765588615782,134.66362354463132,100.72845019404916,120.88682923673996,208.2262613195343,115.57245407503235,91.65136222509702,153.24329495472188,134.48154075032343,129.82252005174644,130.98821086675292,12.304734799482535,14.290155239327298,11.369456662354464,85.58336025848143,,126984.95180051812,335154.03240932646,1243.6120688227682,,61.85594307891333,98.53890168175936,60.15671798188874,58.16163777490297,159781.928,65.9039618369987,84.05134139715393,52.30759715394567,51.22924954721863,86.52598990944374,73.53700892626132,67.68100038809831,20844.430789133246,62.54385640362225,,4091.0608808290153,0.6371233520595855,,,,,,,,,116.47327943078912,119.37841914618372,114.20318887451488,117.31791979301424,1055269.469598965,111.52023289988428,19.400722435020523
2023-07,8843.845310077519,7554.539664082688,854665.4835225097,212286.1088010465,66.8723250645995,71.26259638242894,70.02867842377262,78.71168914728683,62.10404237726098,66.87350749354006,79.34663824289404,121633.94832041344,114402.34625322996,5.926614987080105,17.381653746770024,2614.7286821705425,2115.656330749354,2501.8669250645994,1036.9005167958655,1464.954780361757,356668.3695090439,106087.86175710594,21827.13565891473,673.3532299741603,5198.94315245478,15882.187338501291,9735.56976744186,6146.617571059432,84260.72609819121,4752.211111111111,11851.297286821708,6091.102067183462,17537.981912144704,40.293540051679585,3.744315245478037,40.78023255813954,1433.3720930232555,171.19379844961242,276.26614987080103,640.173126614987,345.7467700258398,1369.9645669291338,171.98556430446197,258.51837270341207,587.7926509186352,351.6692913385827,125911.23971552972,45996.73109653384,496930.3813722222,890313.7869984348,1.4719710768602847,1935.7748062015503,5065.972739018087,2896.081007751938,,536.4609819121447,519887.5968992248,810.6184107235143,1530.4463560723516,971.7772206080208,0.1347048776739974,860.0274677002583,,2.866273182590142,19.301545334401556,4.767028423772611,4.896222509702458,4.346485788113696,4.486847545219638,4.843178294573644,5.488578811369509,5.804341085271317,6.805555555555555,7.807777777777778,0.1230918499353169,-0.4201679586563308,-0.2798062015503876,0.0765245478036175,0.7218863049095608,1.0376614987080104,2.0388888888888888,3.041124031007752,,2.1086908268733846,194.7040291989664,1.880934496124031,1.1944307493540052,,,,,32.09740568475452,124.31611757105944,134.88219896640828,100.76834625323,121.07352713178292,208.66441472868215,115.71156589147289,91.6975723514212,153.54023126614987,134.69671317829457,130.01325968992248,131.19633591731267,12.326989664082689,14.31560723514212,11.388837209302324,85.5491935483871,,127336.18297542044,335664.5587839586,1248.729361498708,,61.94025581395349,98.5365529715762,60.22761369509043,58.263355297157624,159994.77659574468,65.95952829457364,84.07321447028424,52.36408785529715,51.290001421188634,86.53866369509043,73.57778010335916,67.710742248062,20854.726098191215,62.63240051679587,,4098.75808538163,0.6384332103260025,,,,,,,,,116.64638888888888,119.56894573643412,114.38351550387596,117.47923514211888,1061151.8087855298,111.52567096440592,19.393389071038253
2023-08,8855.593611612903,7563.836387096774,855590.3692027131,212914.7654348516,66.91801754838708,71.29980258064518,70.06880567741935,78.74148103225806,62.15925122580645,66.91390064516129,79.34329974193548,121692.61806451612,114462.81032258064,5.923483870967743,17.385806451612904,2613.9406451612904,2115.1174193548386,2501.4270967741936,1036.8490322580644,1464.5664516129032,356508.0232258065,106152.61032258064,21826.846451612902,673.2516129032258,5202.529032258065,15878.445161290325,9733.49935483871,6144.945806451613,84325.76387096774,4753.906580645162,11856.050967741938,6095.0670967741935,17544.585806451614,40.29354838709678,3.744258064516129,40.78,1433.3806451612904,171.1109677419355,276.1625806451613,640.3187096774194,345.7961290322581,1370.0602883355175,171.90170380078638,258.4180865006553,588.0851900393185,351.65661861074705,126116.31553525162,46062.28555434685,498007.5899123871,892444.5805552844,1.471878090972868,1957.0800000000004,5086.405806451613,2901.2052903225813,,539.8701935483871,522967.2258064517,813.1236456774193,1535.496882451613,978.577448540052,0.1348911384366925,864.7346322580644,,2.866273182590142,19.301545334401556,4.767483870967742,4.896808785529716,4.347651612903226,4.4878580645161295,4.843858064516128,5.48683870967742,5.801883870967742,6.8027870967741935,7.805109677419355,0.1232299741602067,-0.4194580645161291,-0.2792516129032258,0.0767483870967742,0.7196903225806452,1.0347483870967742,2.035664516129032,3.0380000000000003,,2.1070954838709675,194.63465109677415,1.8801710967741936,1.194594193548387,,,,,32.15414451612903,124.47787612903224,135.10086451612904,100.8080864516129,121.25940645161288,209.09983741935488,115.8501135483871,91.74324387096772,153.83801548387098,134.91193677419355,130.20358193548387,131.40467999999998,12.34931612903226,14.341251612903225,11.408270967741934,85.526731078905,,130289.19435400514,341808.5113178294,1253.7545314838708,,62.02464258064516,98.53337032258064,60.298343225806455,58.365498064516125,160208.46684350132,66.01352103225805,84.09393109677418,52.4210175483871,51.3497215483871,86.54853200000001,73.62426916129033,67.73596890322581,20865.08387096774,62.72152387096774,,4111.127741935484,0.6406767695238711,,,,,,,,,116.8216670967742,119.76198193548386,114.5629729032258,117.6382670967742,1066901.2903225806,111.52830807978584,19.385803683492497
2023-09,9353.280662371131,7981.105154639176,811053.270836645,213536.25156186856,66.9661074742268,71.33988737113403,70.11076030927835,78.77166082474227,62.216291108247425,66.95685438144329,79.34194793814433,121752.0850515464,114523.40463917526,5.920747422680412,17.389690721649483,2613.4342783505153,2114.810567010309,2501.1649484536083,1036.8041237113405,1464.3492268041236,356354.9845360825,106217.14175257731,21826.592783505155,673.1534793814433,5206.128865979382,15874.724226804125,9731.46262886598,6143.261597938144,84390.54896907216,4755.606701030928,11860.788530927835,6098.993556701031,17551.06056701031,40.29407216494845,3.744201030927835,40.78041237113403,1433.2061855670104,171.00386597938143,276.0128865979381,640.4639175257732,345.7332474226804,1370.2840314136126,171.83376963350784,258.3520942408377,588.4109947643979,351.68848167539267,126318.37956162372,46120.439549018,499085.5015233247,894567.2417416646,1.471772441823226,1978.1663659793817,5106.743041237113,2906.2474226804125,,543.3342783505154,526122.293814433,815.61128814433,1540.5492485824743,982.0188333290324,0.1352606604025806,869.3643041237112,,2.866273182590142,19.301545334401556,4.768208762886598,4.897509677419355,4.348878865979382,4.488878865979381,4.844536082474227,5.485322164948454,5.799780927835052,6.800399484536082,7.802809278350515,0.1232129032258064,-0.4189561855670104,-0.2789561855670103,0.076701030927835,0.7174484536082476,1.0319201030927836,2.032551546391752,3.0349742268041235,,2.1055119845360823,194.57040592783505,1.8793855670103097,1.1947916237113403,,,,,32.217592783505154,124.629168814433,135.32144201030928,100.84806958762888,121.45384407216496,209.53521649484537,115.9911713917526,91.78834664948457,154.13690721649485,135.1292912371134,130.39632731958764,131.6150206185567,12.371688144329898,14.367061855670103,11.427886597938146,85.50096463022508,,130766.81576774194,342529.4295612903,1258.7151278350518,,58.67730283505155,110.05233118556704,62.0583762886598,52.358418814432994,160435.51058201058,66.06653363402062,84.11540451030926,52.48117976804124,51.41170670103093,86.5592118556701,73.67547667525773,67.76095889175258,20875.327319587628,55.33987499999999,,4111.127741935484,0.6406767695238709,,,,,,,,,117.0031275773196,119.9642113402062,114.7492474226804,117.81467783505155,1072690.850515464,111.53425724412828,19.380894141689375
2023-10,9365.824202059202,7991.076576576578,811944.356827835,214170.66565252253,67.01331930501931,71.37858712998714,70.15159227799228,78.80255534105535,62.27307477477478,66.99853693693694,79.33958301158302,121811.5148005148,114583.95366795368,5.918018018018018,17.394980694980696,2612.710424710425,2114.7194337194337,2500.8906048906047,1036.8494208494208,1464.029601029601,356167.6550836551,106282.59202059204,21826.40025740026,673.0577863577863,5209.750321750322,15871.037323037322,9729.447876447875,6141.589446589446,84456.19176319176,4757.291377091377,11865.53783783784,6102.921492921493,17558.178893178894,40.29433719433719,3.743886743886744,40.78005148005147,1433.096525096525,170.92149292149293,275.9073359073359,640.6061776061777,345.66924066924065,1370.41568627451,171.7516339869281,258.26143790849676,588.7111111111111,351.6928104575163,126537.41510916346,46203.8116455015,500184.6475960103,896703.2401414821,1.47164129176933,1998.9270270270272,5126.700257400257,2911.1346203346206,,546.8041184041184,529328.3140283141,818.1189703989703,1545.6409118404115,985.505445476804,0.1352922014110825,873.9199485199484,,2.8614858578023252,19.31762930451355,4.768931788931789,4.898273195876288,4.350128700128701,4.48993564993565,4.845302445302446,5.4840411840411845,5.797953667953668,6.798249678249678,7.800694980694981,0.1232603092783505,-0.4184298584298585,-0.2786229086229086,0.0767438867438867,0.7154440154440156,1.0293693693693693,2.0296782496782497,3.032136422136422,,2.103959974259974,194.51027027027024,1.8785602316602317,1.1949953667953668,,,,,32.291225225225226,124.78848777348776,135.5430115830116,100.88666023166024,121.64889189189188,209.9709227799228,116.13216344916346,91.83275032175032,154.43786486486488,135.34773101673102,130.58951866151867,131.82638223938224,12.394195624195625,14.393024453024452,11.447387387387383,85.47191011235955,,131245.53886597938,343263.71091494843,1263.6326785070787,,58.757904761904754,110.04858687258688,62.13341184041184,52.45068339768339,160681.60422163588,66.12038108108108,84.13756332046331,52.53700244530244,51.47265855855856,86.56860025740023,73.72104105534106,67.7855963963964,20885.66151866152,55.4189897039897,,4118.333762886598,0.641820378136598,,,,,,,,,117.18703346203344,120.16990218790218,114.93609652509652,118.00696010296012,1078481.8532818533,111.54345008937602,19.37499142857143
2023-11,9378.378502570697,8001.067223650385,812857.0268962677,214801.0735372879,67.05893059125964,71.41519922879179,70.18961041131105,78.82980475578407,62.32884781491003,67.03974331619537,79.33683020565553,121870.53341902314,114643.8997429306,5.915424164524422,17.400385604113108,2612.2673521850897,2114.36118251928,2500.7133676092544,1036.9061696658098,1463.795629820051,355980.7429305913,106347.47300771208,21826.109254498715,672.962853470437,5213.366323907455,15867.258354755784,9727.330334190232,6139.928020565552,84521.36375321337,4759.017223650386,11870.244215938304,6106.838046272494,17565.008997429304,40.2948586118252,3.743573264781491,40.780077120822625,1433.0488431876606,170.81619537275066,275.8624678663239,640.7262210796915,345.6516709511568,1370.5822454308095,171.69451697127937,258.1462140992167,589.0548302872063,351.6879895561358,126731.44542393315,46260.67739789985,501284.46938573266,898845.0364862164,1.4715104792960103,2019.5982005141384,5146.749614395887,2916.052313624679,,550.3129820051413,532638.6889460154,820.6333975578407,1550.7211299485864,988.9752681209782,0.1353229395907336,878.2843187660668,,2.8614858578023252,19.31762930451355,4.7696529562982,4.898996138996139,4.3514010282776345,4.491015424164525,4.846041131105399,5.4831233933161965,5.796670951156812,6.796722365038561,7.799190231362468,0.1232689832689832,-0.4178791773778921,-0.2782647814910026,0.0767609254498714,0.7138046272493573,1.0273650385604112,2.0274293059125967,3.0299100257069407,,2.1024169665809764,194.45253637532133,1.8777105398457583,1.195221850899743,,,,,32.359796915167095,124.9531413881748,135.76418894601545,100.92531491002568,121.84015809768636,210.4078843187661,116.27150899742932,91.87623007712082,154.73976221079693,135.56563239074552,130.7818213367609,132.0372763496144,12.416773778920309,14.4190616966581,11.466915167095111,85.43717948717949,,131725.12526383525,343997.1491763192,1268.462981362468,,58.83827892030848,110.04449485861184,62.207840616966585,52.5428881748072,160926.51315789475,66.16558354755783,84.15740244215937,52.59140539845759,51.529009254498725,86.59011928020566,73.7649119537275,67.81778431876607,20895.911311053984,55.49763367609255,,4125.182754182754,0.6429046025534105,,,,,,,,,117.36305526992288,120.3641259640103,115.11915681233933,118.18784190231364,1084295.5012853472,111.55479590890162,19.37454470108696
2023-12,9390.949880616176,8011.099614890886,813723.3083526992,215429.1132374968,67.10406534017972,71.45225802310655,70.22893106546854,78.858786521181,62.38301668806162,67.08053170731706,79.33373401797175,121930.08344030808,114704.65083440307,5.912580231065469,17.402952503209242,2611.568677792041,2114.317073170732,2500.2567394094995,1036.8510911424903,1463.392811296534,355806.5057766367,106412.51732991014,21825.88189987163,672.8653401797176,5216.978177150193,15863.550706033377,9725.306803594352,6138.243902439024,84586.63543003851,4760.740436456996,11874.85507060334,6110.738125802311,17571.992297817716,40.295121951219514,3.7430038510911423,40.7798459563543,1433.2079589216944,170.78433889602053,275.7586649550706,641.012836970475,345.65982028241336,1370.7079530638853,171.58018252933508,258.0573663624511,589.3207301173403,351.7509778357236,126948.88772762516,46344.95996894776,502407.1594121951,900962.9554624552,1.4713800031015425,2040.1639281129656,5166.7973042362,2920.9652118100134,,553.9754813863927,536127.0860077022,823.150089602054,1555.8285567394096,992.461198714653,0.135354573911311,882.8822336328626,,2.8614858578023252,19.31762930451355,4.770372272143774,4.8996529562982,4.352580231065469,4.491976893453145,4.846598202824134,5.481848523748396,5.795006418485237,6.794775353016688,7.797252888318357,0.1232133676092545,-0.4174197689345315,-0.2780231065468549,0.0765982028241335,0.7118100128369707,1.0249807445442876,2.0247625160462133,3.027252888318357,,2.100860847240051,194.39506071887033,1.8768966623876764,1.1954471116816432,,,,,32.41798716302953,125.11143388960204,135.9851810012837,100.96170089858796,122.02871887034658,210.8477907573813,116.40860847240052,91.9189974326059,155.04356611039793,135.78327599486522,130.97330038510913,132.2478433889602,12.43966623876765,14.44553273427471,11.48668806161746,85.39856,,132224.65780205658,344731.87948586117,1273.2553137355585,,58.918010269576385,110.03980487804878,62.28075866495507,52.63475481386393,161142.1312335958,66.21714172015403,84.17776598202823,52.64646264441592,51.588372913992295,86.60093940949936,73.80466084724004,67.85178831835687,20906.064184852377,55.57580744544287,,4130.844473007712,0.6437625415951158,,,,,,,,,117.5392785622593,120.55857509627728,115.30142233632864,118.35760718870348,1090260.975609756,111.56148625929625,19.367057259158752
2024-01,9403.588671794872,8021.199615384616,814627.8612302952,216062.8771948846,67.14916935897435,71.48937371794872,70.26784974358975,78.8871903846154,62.43753358974359,67.12144564102564,79.33071961538461,121988.44615384616,114764.03076923075,5.9091025641025645,17.40897435897436,2611.035897435898,2113.971794871795,2500.0923076923077,1036.871794871795,1463.2115384615386,355620.3435897436,106477.5217948718,21825.694871794873,672.7624358974358,5220.628205128205,15859.851282051282,9723.279487179489,6136.571794871795,84651.82692307692,4762.443333333333,11879.630512820511,6114.620512820513,17578.92948717949,40.29525641025641,3.7428205128205128,40.77923076923077,1433.2192307692308,170.6948717948718,275.62307692307695,641.1705128205128,345.73846153846154,1370.8671875,171.484375,257.9778645833333,589.6731770833334,351.7330729166667,127165.20453823076,46431.04646675857,503549.579720641,903082.1082795764,1.4712498618908858,2060.758076923077,5186.926410256409,2925.883076923077,,557.7420512820513,539745.2564102564,825.6478846153848,1560.9073001282052,995.9203522207958,0.1353839574480103,887.7568076923076,,2.8614858578023252,19.31762930451355,4.771089743589744,4.900192554557124,4.353717948717949,4.4927820512820515,4.84674358974359,5.4799487179487185,5.7927307692307695,6.792141025641025,7.794487179487181,0.1230423620025674,-0.417,-0.2779358974358974,0.076025641025641,0.7091923076923078,1.0219871794871795,2.021410256410256,3.0237692307692305,,2.0992761538461537,194.33042794871793,1.8761130769230767,1.1956344871794873,,,,,32.468605128205134,125.26429615384616,136.2068025641026,100.99816025641026,122.21751794871795,211.2904807692308,116.54555,91.96086794871796,155.34890897435898,136.00160256410257,131.1650794871795,132.45893974358972,12.462717948717952,14.471692307692308,11.506871794871795,85.39856,,132717.406957638,345471.33251604624,1278.1411196153847,,58.99812435897435,110.0345794871795,62.353273076923074,52.72747435897436,161364.64397905758,66.26804923076922,84.19757948717948,52.70163551282051,51.6459291025641,86.61426653846154,73.84163628205128,67.88006371794872,20916.264102564102,55.65546538461538,,4143.419230769231,0.6457622067858975,,,,,,,,,117.71341794871796,120.75019615384616,115.4789794871795,118.50938205128205,1096334.1025641025,111.56645948436277,19.35801788617886
2024-02,9416.45075928297,8031.453777208706,815539.4216646153,216676.67760820745,67.19464199743918,71.52781011523687,70.30849206145967,78.91861754161332,62.49081984635083,67.16123354673495,79.32677631241998,122046.43277848912,114823.42637644046,5.906274007682459,17.413316261203587,2610.432778489117,2113.6312419974392,2499.6363636363635,1036.6542893725991,1462.9731113956466,355431.9692701665,106540.38028169014,21825.823303457106,672.6962868117797,5225.384122919334,15855.363636363636,9720.859154929578,6134.504481434059,84714.55697823303,4765.261203585147,11885.459795134446,6119.920614596671,17587.179257362357,40.29475032010243,3.7412291933418698,40.778361075544176,1433.202304737516,170.63764404609475,275.4711907810499,641.3623559539052,345.73879641485274,1371.0208062418726,171.4551365409623,257.9128738621586,589.9375812743823,351.71651495448634,127355.32591526248,46484.10145713542,504691.1244329065,905197.714551013,1.4711328748884611,2081.078489116517,5206.400896286811,2930.5690140845068,,561.5185659411011,543339.8207426376,828.1262957746477,1565.9979143405887,999.3765040641026,0.1354120120820512,892.7718309859154,,2.8614858578023252,19.31762930451355,4.771805377720871,4.900653846153846,4.3548271446863,4.4934571062740085,4.8466709346991035,5.478028169014085,5.790512163892445,6.789679897567221,7.791779769526249,0.1227948717948718,-0.4166069142125481,-0.2779769526248399,0.075236875800256,0.7065556978233035,1.0190524967989756,2.0182330345710624,3.0203457106274008,,2.0976882202304736,194.26892202304737,1.8753371318822023,1.1958222791293214,,,,,32.52197439180537,125.41920614596673,136.4287567221511,101.03499871959028,122.40214212548014,211.73129321382845,116.68073495518568,92.0025838668374,155.65678489116516,136.22023175416135,131.35624071702946,132.67046222791294,12.486274007682455,14.49898847631242,11.52661971830986,85.37348242811503,,133221.43938461537,346223.5487820513,1283.0264609475032,,59.07880409731114,110.02952240717028,62.42639308578746,52.82083482714469,161588.03133159268,66.31971690140846,84.22102035851472,52.754538668373876,51.70366786171574,86.62196491677336,73.89846939820742,67.9078866837388,20926.11267605634,55.73497823303457,,4143.419230769231,0.6457622067858975,,,,,,,,,117.8877567221511,120.94191549295776,115.65551600512164,118.66423815621,1102412.0358514723,111.57176085551389,19.34988159675237
2024-03,9429.226083120206,8041.494245524298,816409.1547994878,217292.38006650895,67.2399088235294,71.5647358056266,70.34747404092073,78.94663797953963,62.54553606138107,67.20327826086957,79.32455358056266,122104.46291560102,114882.43478260867,5.9037084398976996,17.41777493606138,2610.0690537084397,2113.400255754476,2499.2225063938617,1036.574168797954,1462.6406649616367,355235.189258312,106605.67135549872,21825.74168797954,672.6097186700766,5229.134271099744,15851.657289002558,9718.858056265984,6132.799232736573,84779.92966751919,4767.023017902813,11890.190409207162,6123.872122762148,17594.40537084399,40.29488491048593,3.741176470588236,40.778260869565216,1433.3746803069057,170.61253196930946,275.3682864450128,641.7058823529412,345.69565217391306,1371.2194805194806,171.4935064935065,257.87792207792205,590.1805194805195,351.66883116883116,127544.42780028134,46537.471291523034,505823.4375730179,907309.1681815494,1.4710417956632522,2101.2460358056264,5226.198081841433,2935.32621483376,,565.3627877237852,546989.641943734,830.5788864450127,1571.0946741687976,1002.8689340717028,0.1354403277234315,898.0393350383632,,2.8514640248935894,19.35944461024072,4.772519181585679,4.901062740076824,4.355959079283887,4.494219948849105,4.846764705882353,5.476381074168799,5.788491048593351,6.7874296675191825,7.789194373401534,0.1224967989756722,-0.4161892583120205,-0.2779283887468031,0.074616368286445,0.7041943734015346,1.016317135549872,2.0152685421994887,3.0170460358056266,,2.0961273657289,194.21181982097184,1.8745540920716113,1.1960194373401534,,,,,32.579171355498715,125.58539130434782,136.65206265984654,101.0720063938619,122.5926304347826,212.17238874680308,116.81738235294118,92.04379411764708,155.96598081841432,136.44046163682864,131.54896163682864,132.8833925831202,12.509411764705884,14.525485933503838,11.546739130434782,85.34968152866243,,133720.7556722151,346947.1144814341,1288.1138054987214,,59.159680306905365,110.02476342710996,62.49939769820972,52.91448849104859,161794.28645833334,66.37203452685422,84.23999104859332,52.811626598465466,51.76385063938619,86.6349168797954,73.92119833759591,67.92917135549872,20936.11125319693,55.81486445012787,,4147.432778489117,0.6464215872586427,,,,,,,,,118.06934015345269,121.14349360613812,115.83775447570332,118.83332480818414,1108543.094629156,111.57901547952768,19.342490945945944
2024-04,9441.966975734354,8051.610217113665,817300.217261381,217802.94790805873,67.28437369093231,71.60288901660282,70.38758326947638,78.97586372924648,62.59691839080459,67.24488454661557,79.32194482758621,122162.94380587483,114941.92848020434,5.901021711366539,17.423116219667946,2609.5312899106,2113.228607918263,2498.876117496807,1036.5044699872285,1462.3639846743297,355054.3014048531,106671.54150702426,21825.736909323117,672.5245210727969,5232.964240102171,15847.946360153255,9716.833971902935,6131.112388250319,84845.80459770115,4768.78914431673,11895.01392081737,6127.817369093231,17601.688378033206,40.295402298850576,3.740996168582375,40.77828863346105,1433.2681992337166,170.5006385696041,275.22222222222223,641.837803320562,345.71519795657724,1371.5226977950713,171.65239948119324,257.77950713359274,590.4370946822308,351.6549935149157,127741.21780309068,46596.59818871662,506959.7499132822,909322.8930304222,1.470797496691816,2121.529885057471,5246.132694763729,2940.096040868455,,569.1657726692209,550611.1111111111,833.0245337164749,1576.2137418901657,1006.4542543606136,0.1354729830601023,903.49595146871,,2.8459576954482757,19.35946582502945,4.77323116219668,4.90156010230179,4.357088122605364,4.495006385696041,4.846947637292464,5.474750957854407,5.78647509578544,6.785159642401021,7.786590038314176,0.1222890025575447,-0.4157726692209452,-0.2778544061302682,0.0740868454661558,0.701851851851852,1.013588761174968,2.0122860791826307,3.013729246487867,,2.094585185185185,194.15512349936145,1.8737836526181353,1.1962206896551724,,,,,32.64136909323116,125.75473435504472,136.87630012771393,101.1100025542784,122.78534738186464,212.6158058748404,116.95400638569603,92.08453512132822,156.27709706257983,136.66178799489143,131.74247126436782,133.0971877394636,12.532924648786722,14.55227330779055,11.56719029374202,85.34022257551669,,134226.1441943734,347688.8171483376,1293.119689144317,,59.24106896551723,110.0200893997446,62.57256577266922,53.00887100893997,162023.43636363637,66.42885249042146,84.25931826309065,52.86916641123884,51.82014878671775,86.64833486590037,73.95062120051085,67.95415721583653,20946.4061302682,55.89483524904214,,4158.787994891443,0.6481754950114943,,,,,,,,,118.2482324393359,121.34085312899109,116.01655555555554,118.9821085568327,1114640.740740741,111.58585138931706,19.334965047233467
2024-05,9454.188781887757,8061.049362244897,818179.3779034482,218421.20180103317,67.33011607142856,71.64091989795918,70.42673660714286,79.00622908163265,62.65132742346938,67.28546160714286,79.3184950255102,122221.38647959183,115001.30229591836,5.898469387755103,17.426275510204082,2609.0880102040815,2113.0676020408164,2498.391581632653,1036.2908163265306,1462.093112244898,354869.60204081633,106737.30484693876,21825.72193877551,672.4267857142859,5236.769132653061,15844.261479591836,9714.82525510204,6129.436224489796,84911.58290816327,4770.576658163265,11899.8368622449,6131.77806122449,17608.900510204083,40.295280612244895,3.740688775510205,40.777806122448986,1433.0561224489795,170.3545918367347,275.125,641.9362244897959,345.6479591836735,1372.5686528497408,172.0142487046632,257.7862694300518,591.1424870466321,351.6269430051814,127944.94584160716,46660.09211732593,508094.6647730867,910825.37209424,1.470464421983397,2141.760714285714,5266.0512755102045,2944.842091836735,,572.8141581632653,554109.693877551,835.4830367346939,1581.334312755102,1009.9261620689656,0.1355032221596424,908.87875,,2.8459576954482757,19.35946582502945,4.773941326530612,4.902107279693487,4.358214285714286,4.4958418367346935,4.847321428571429,5.473584183673469,5.784885204081633,6.783239795918367,7.784311224489796,0.12213282247765,-0.4153571428571429,-0.2777295918367347,0.07375,0.6999744897959184,1.0112882653061226,2.009655612244898,3.0107397959183673,,2.093074107142857,194.10376492346936,1.872990178571429,1.196439030612245,,,,,32.70859948979592,125.91410841836732,137.1012117346939,101.14990561224492,122.97994132653062,213.06127040816327,117.09094770408164,92.1243405612245,156.58923724489796,136.88396811224487,131.93648469387756,133.31159311224488,12.556262755102042,14.578915816326532,11.587512755102042,85.32730158730158,,134738.64659003832,348433.3961941252,1298.0775854591836,,59.32241071428571,110.01511734693878,62.646228316326535,53.10308928571428,162255.96113989636,66.48496211734695,84.28026772959184,52.91961505102041,51.87792538265306,86.66290331632652,73.9986506377551,67.98089859693877,20956.718112244896,55.97378826530612,,4158.787994891443,0.6481754950114943,,,,,,,,,118.42761224489794,121.53873979591836,116.19700637755102,119.14708418367348,1120585.331632653,111.5955165656331,19.33101266846361
2024-06,9466.844015286624,8071.046751592356,819054.6542071428,219034.73784969427,67.37277974522293,71.671496433121,70.43987949044586,79.00239681528662,62.70891796178344,67.31835859872612,79.34255133757961,122279.3617834395,115060.0050955414,5.8960509554140135,17.43108280254777,2608.7057324840766,2112.8191082802546,2498.145222929936,1036.187261146497,1461.9503184713376,354701.6152866242,106803.27388535033,21825.68917197452,672.3206369426753,5240.5605095541405,15840.585987261147,9712.812738853503,6127.773248407643,84977.58471337579,4772.338089171974,11904.688152866243,6135.717197452229,17616.188535031848,40.29566878980892,3.740509554140127,40.77796178343949,1432.8624203821655,170.2484076433121,274.9707006369427,642.0624203821656,345.58853503184713,1372.6028460543337,171.9469598965071,257.6856403622251,591.385510996119,351.58602846054333,128140.8312609172,46712.988430761834,509232.60405363055,912909.8665175892,1.47033627858801,2162.012866242038,5286.052611464968,2949.6179617834396,,576.3853503184714,557551.3375796179,837.941705477707,1586.4727299363055,1013.3772369260204,0.1355296539846938,914.3900254777068,,2.8459576954482757,19.389145369066327,4.774649681528663,4.90265306122449,4.359350318471337,4.496700636942675,4.84771974522293,5.4723439490445855,5.783222929936307,6.781286624203821,7.781974522292994,0.1219770408163265,-0.4149299363057325,-0.2775796178343949,0.0734394904458598,0.6980254777070064,1.0089171974522293,2.0069936305732483,3.0076942675159235,,2.091565477707006,194.05505834394907,1.8722138853503183,1.196655923566879,,,,,32.76899617834395,126.10804076433122,137.3255732484076,101.18913503184714,123.17032356687898,213.50925859872612,117.22652866242038,92.16329299363058,156.90160764331208,137.105523566879,132.1292127388535,133.52530700636942,12.579554140127389,14.605363057324842,11.60796178343949,85.3015847860539,,135251.46082908165,349154.39605867345,1302.9943859872612,,59.403782165605094,110.00910063694268,62.71945350318472,53.197729936305734,162497.83204134367,66.46931707006371,84.29250420382165,52.94163987261146,51.95116242038216,86.6743076433121,73.98684229299363,68.00245388535032,20967.00127388535,56.0520280254777,,4163.593112244898,0.6489057386262754,,,,,,,,,118.60396050955414,121.73237834394904,116.37269044585986,119.30476687898089,1126451.210191083,111.60445689534846,19.322304576043067
2024-07,9479.474136132318,8080.970610687024,819943.6202527388,219655.58042240457,67.41904669211196,71.70999249363868,70.48025916030535,79.03382086513994,62.76382150127227,67.36010903307888,79.34053536895674,122337.54198473284,115118.70610687025,5.893765903307888,17.4352417302799,2608.094147582697,2112.8053435114502,2498.2786259541986,1036.2519083969466,1462.0190839694656,354551.6132315522,106869.00763358778,21825.669211195927,672.2236641221375,5244.3638676844785,15836.90076335878,9710.795165394402,6126.105597964377,85043.33842239185,4774.141348600509,11909.456361323157,6139.67175572519,17623.460559796436,40.29643765903308,3.740330788804071,40.77837150127227,1432.8396946564883,170.23282442748092,274.8702290076336,642.1984732824427,345.5458015267176,1372.7080103359174,171.87596899224806,257.62015503875966,591.6679586563307,351.5452196382429,128314.36964353692,46740.89391313885,510346.1147354962,915007.417006102,1.470195722819108,2182.193765903308,5306.023282442748,2954.3928753180658,,579.9515267175573,560992.8753180661,840.2999115776082,1591.571286259542,1016.8256650063694,0.1355554069566879,920.1161704834605,,2.8402981873511446,19.389145369066327,4.775356234096693,4.9031337579617835,4.360470737913486,4.497531806615776,4.848053435114504,5.470877862595421,5.781348600508906,6.779185750636133,7.779478371501272,0.1217579617834394,-0.4145165394402036,-0.2774554707379135,0.0730661577608142,0.695852417302799,1.0063358778625957,2.0041857506361325,3.0044910941475824,,2.090041603053435,194.00900865139948,1.8714497455470736,1.196877099236641,,,,,32.82866666666667,126.30570865139948,137.5491399491094,101.2284465648855,123.35580916030534,213.9573524173028,117.36074300254452,92.20136132315524,157.2138027989822,137.32610941475826,132.32078244274808,133.73818575063612,12.603129770992368,14.632150127226463,11.628587786259542,85.2745253164557,,135765.78533757964,349894.0018980892,1307.995408015267,,59.485069974554705,110.00310432569977,62.792061068702296,53.29246692111959,162725.80670103093,66.51458842239187,84.31769796437659,52.99461895674301,52.01086972010179,86.68754847328245,74.0394227735369,68.03569478371502,20977.25954198473,56.132155216284985,,4173.7035623409665,0.650330661408397,,,,,,,,,118.7768982188295,121.92131806615777,116.54534732824428,119.47481043256998,1132310.3053435115,111.61373738580905,19.313380241935484
2024-08,9492.169115628973,8090.965184243964,820836.2950361322,220277.4335603685,67.46383557814485,71.74713850063533,70.51877801778907,79.06329364675985,62.81709326556544,67.40070724269377,79.33760736975857,122396.1080050826,115177.34307496824,5.891740787801779,17.43926302414231,2607.767471410419,2112.841168996188,2498.43583227446,1036.3163913595934,1462.1118170266836,354403.834815756,106934.85641677256,21825.68487928844,672.1277001270648,5248.1791613723,15833.242693773826,9708.791613723,6124.451080050826,85109.17153748412,4775.909783989835,11914.240914866585,6143.613722998729,17630.650571791615,40.29631512071156,3.740152477763659,40.77776365946632,1432.5628970775094,170.22998729351968,274.70775095298603,642.1969504447268,345.43583227446,1372.7509677419357,171.83612903225807,257.52516129032256,591.901935483871,351.4890322580645,128517.96002518426,46807.12415810472,511458.0497866582,917109.4520989696,1.470080969991094,2202.358195679797,5326.033163913596,2959.171410419314,,583.4108005082593,564332.5285895807,842.7467614993648,1596.664203811944,1020.2911931806616,0.135581772370229,925.9838754764928,,2.8402981873511446,19.389145369066327,4.776060991105464,4.903651399491094,4.3615374841169,4.498182973316391,4.848119440914867,5.4692121982210935,5.779402795425668,6.777077509529859,7.777013977128336,0.1215776081424936,-0.4141550190597205,-0.2775095298602287,0.0724269377382465,0.6934815756035578,1.0036848792884372,2.0013722998729353,3.001321473951715,,2.088518932655654,193.9626416772554,1.8707071156289703,1.1970988564167726,,,,,32.89089199491741,126.49419822109276,137.7727547649301,101.26690978398985,123.54035578144855,214.40252731893267,117.49434815756037,92.23886531130876,157.52669504447266,137.54674459974586,132.51196188055908,133.951249047014,12.626759847522235,14.658958068614997,11.649288437102925,85.24470774091628,,136291.79506361324,350645.6340966921,1313.0362409148668,,59.5661334180432,109.99668869123254,62.864683608640405,53.38695298602287,162949.8149100257,66.55871296060991,84.3407331639136,53.04578691232528,52.06805628970775,86.69886137229987,74.08133252858958,68.06428551461245,20987.592121982212,56.21319186785259,,4173.7035623409665,0.650330661408397,,,,,,,,,118.95309275730622,122.1145667090216,116.724207115629,119.64606353240151,1138055.7814485386,111.62212230117932,19.306714093959737
2024-09,9519.405260152284,8109.921192893402,822489.5526027954,220899.99646194163,67.50791637055838,71.78249035532994,70.55500774111675,79.0897043147208,62.87102677664976,67.43987296954316,79.33354492385787,122454.67766497462,115236.04441624366,5.8895939086294415,17.443781725888325,2607.590101522843,2112.722081218274,2498.6916243654823,1036.482233502538,1462.201776649746,354247.230964467,107000.461928934,21825.676395939085,672.0355329949239,5252.006345177665,15829.543147208122,9706.752538071069,6122.790609137056,85174.78553299492,4777.690101522843,11918.954060913706,6147.577411167513,17637.836294416244,40.29682741116751,3.740228426395939,40.77766497461929,1432.464467005076,170.16497461928935,274.6015228426396,642.3401015228426,345.3654822335025,1372.8762886597938,171.80154639175257,257.4587628865979,592.1894329896908,351.42783505154637,128722.41946677669,46872.55107392489,512574.6334798223,919211.9712195552,1.4699538023036849,2222.543908629442,5346.139086294417,2963.968020304568,,586.8850253807107,567.6968274111675,845.1496477157361,1601.8254134517765,1023.7002807496824,0.1354876737052096,931.7608121827412,,2.8402981873511446,19.42243215237357,4.7767639593908635,4.903926302414232,4.362411167512691,4.498489847715736,4.84758883248731,5.466979695431472,5.776979695431472,6.774657360406092,7.774251269035534,0.1211562897077509,-0.4139847715736041,-0.2779060913705584,0.0711928934010152,0.6905456852791879,1.0005583756345178,1.9982487309644672,2.997855329949239,,2.0869572335025377,193.90211053299495,1.869975888324873,1.1973125634517765,,,,,32.94646192893401,126.6787043147208,137.9965469543147,101.30571446700507,123.72486294416244,214.84573984771575,117.62730837563451,92.27571065989846,157.84053934010151,137.7676002538071,132.7026421319797,134.1645888324873,12.6503807106599,14.685697969543147,11.670012690355328,85.21735015772872,,136814.4434942821,351359.50148665824,1318.1463408629438,,59.651081218274115,110.00244162436547,62.93459137055837,53.48454695431472,163174.04871794872,66.60115736040609,84.36034416243656,53.09668375634517,52.12518794416244,86.71194708121828,74.11775431472081,68.08751459390864,20997.75,56.36084010152285,,4177.801778907243,0.6508143202592122,,,,,,,,,119.12931979695428,122.30800000000002,116.90186421319798,119.79528934010152,1143.807233502538,111.62692662004838,19.307207774798925
2024-10,9532.88234854246,8120.457541191381,821633.252409137,221528.1206742839,67.55217338403041,71.81945196451204,70.59315842839037,79.11943789607098,62.92333789607098,67.47993358681876,79.33015652724968,122513.28897338404,115295.14195183777,5.8873257287705965,17.450316856780734,2607.0050697084916,2112.556400506971,2499.0088719898604,1036.5868187579215,1462.4144486692014,354082.4689480355,107066.66159695818,21825.714828897337,671.9451204055767,5255.871989860583,15825.847908745249,9704.705956907475,6121.14195183777,85240.94676806084,4779.453738910012,11923.7082382763,6151.512040557668,17645.268694550065,40.29733840304183,3.740050697084918,40.77769328263625,1432.403041825095,170.18884664131812,274.4955640050697,642.4765525982256,345.2496831432193,1372.943371943372,171.74388674388675,257.3861003861004,592.4131274131274,351.4015444015444,202642.04336734695,65737.59183673469,827241.3333333334,921319.3189718148,1.4698396477322333,2241.726742712294,5369.368060836502,2970.2240811153356,,590.2435994930291,570.9584283903675,847.6025893536121,1606.897943092522,1027.1345877918782,0.1355059251852791,937.7044106463878,,2.834498810572877,19.42243215237357,4.777211660329532,4.903870558375634,4.362864385297845,4.498390367553865,4.846552598225602,5.464486692015209,5.774372623574145,6.772002534854247,7.771267427122941,0.1206598984771573,-0.413979721166033,-0.2784537389100127,0.0697084917617237,0.6876045627376426,0.9975031685678074,1.9951457541191384,2.9944233206590627,,2.085385931558935,193.83753751584285,1.8692812420785805,1.1975119138149557,,,,,32.993728770595695,126.8642382762991,138.22048795944232,101.34632826362484,123.90812801013942,215.29078200253485,117.7594702154626,92.31400633713562,158.15549302915082,137.98847148288974,132.89339290240812,134.37799873257288,12.674182509505703,14.71256020278834,11.69088719898606,85.19354330708663,,137338.37200507615,352098.3689086294,1323.2773759188844,,59.73262103929024,109.99664512040556,63.00594803548796,53.57993282636249,163391.21994884912,66.64980012674272,84.38250659062103,53.145392775665385,52.17987693282637,86.7248411913815,74.16636020278834,68.11274968314322,21007.91634980989,56.44369581749049,,4186.656527249683,0.6519520117262356,,,,,,,,,119.3044968314322,122.49970342205324,117.07292648922687,119.94471356147022,1149.4390367553865,111.629617398438,19.305002275769745
2024-11,9545.585988607596,8130.302025316455,822542.8439776932,222156.8319139367,67.59604632911393,71.85467,70.63015493670886,79.14891860759492,62.97697278481012,67.51876329113925,79.32579240506328,122571.47341772151,115353.6240506329,5.885063291139241,17.457215189873416,2606.378481012658,2112.5151898734175,2499.4443037974684,1036.8367088607597,1462.5987341772152,353934.2632911392,107132.16202531646,21825.703797468355,671.850506329114,5259.732911392405,15822.113924050633,9702.611392405064,6119.502531645569,85306.4582278481,4781.271898734177,11928.417721518988,6155.43164556962,17652.615189873417,40.297721518987345,3.7397468354430385,40.777594936708866,1432.2708860759494,170.1,274.4101265822785,642.4949367088608,345.27341772151897,1373.0025706940874,171.70565552699227,257.30719794344475,592.6221079691517,351.3688946015424,129117.41967065824,46981.834330682825,514807.2103570886,923432.4934724842,1.4697257825259822,2261.9772151898737,5389.549746835442,2975.0159493670885,,593.5618987341772,574.2139240506328,850.0342837974686,1611.981002405063,1030.5810777186311,0.1355295363409379,943.849493670886,,2.834498810572877,19.42243215237357,4.777278481012658,4.903510773130545,4.363050632911392,4.498139240506329,4.84573417721519,5.462518987341773,5.772253164556963,6.7696962025316445,7.7685569620253165,0.1202408111533586,-0.4138607594936709,-0.2787721518987342,0.0688227848101265,0.6855696202531646,0.9953164556962026,1.9927721518987345,2.9916455696202537,,2.0838364556962023,193.78190886075947,1.868566075949367,1.1977374683544304,,,,,33.04309113924051,127.07663544303796,138.44483417721517,101.38437974683544,124.09195316455695,215.7367265822785,117.89127215189872,92.35234303797468,158.47161392405062,138.20980126582276,133.0842506329114,134.59178987341772,12.69813924050633,14.739962025316451,11.711784810126582,85.17044025157234,,137869.55224334603,352846.88935361215,1328.4448293670885,,59.81424430379747,109.99092151898736,63.07691139240506,53.67557721518988,163605.02040816323,66.6916593670886,84.40618012658227,53.189844430379736,52.23806113924051,86.73673493670887,74.21475329113923,68.1459517721519,21018.153164556963,56.52620759493671,,4186.656527249683,0.6519520117262356,,,,,,,,,119.4784835443038,122.6895025316456,117.24667721518988,120.11180506329114,1155.0311392405065,111.63603634152732,19.305861631016043
2024-12,9559.097642225031,8140.815297092288,823452.7264536708,222790.75121619468,67.63926649810367,71.88871896333754,70.66450922882429,79.17497029077117,63.03060366624526,67.55721795195954,79.32111694058155,122629.26675094815,115411.50948166878,5.882932996207333,17.46510745891277,2605.8761061946902,2112.457648546144,2499.9418457648544,1037.0834386852086,1462.849557522124,353763.6763590392,107198.20986093552,21825.692793931732,671.7601769911505,5263.582806573957,15818.385587863464,9700.558786346395,6117.826801517067,85372.51706700379,4783.035777496839,11933.070670037929,6159.394437420986,17659.997471554994,40.29785082174463,3.739570164348925,40.77737041719343,1432.093552465234,170.02402022756004,274.2882427307206,642.590391908976,345.1984829329962,1373.1566110397946,171.66495507060333,257.25673940949935,592.8883183568678,351.34788189987165,129316.66060659928,47042.84337125367,515934.29985094815,925532.200442772,1.4695868891303796,2282.3342604298355,5409.850316055626,2979.8233881163083,,596.9286978508217,577.560429835651,852.4867743362832,1617.0528335018962,1033.9855603037977,0.1355459042493671,950.1529962073324,,2.834498810572877,19.458186933832913,4.777104930467762,4.903037974683545,4.363122629582806,4.497901390644754,4.845082174462705,5.460960809102402,5.77046776232617,6.767635903919091,7.766042983565108,0.1199493670886075,-0.4136283185840709,-0.2788495575221239,0.068331226295828,0.6841719342604299,0.9936915297092288,1.9908723135271809,2.98929203539823,,2.082315676359039,193.7312523388117,1.8678141592920352,1.1979897597977245,,,,,33.089749683944376,127.26757395701644,138.66986093552464,101.42264096080912,124.27679519595448,216.18358407079648,118.02374589127686,92.39085461441212,158.78826295828063,138.4317572692794,133.27569785082176,134.8062490518331,12.72204804045512,14.7670796460177,11.732730720606828,85.14945054945055,,138396.7470253165,353575.16007594933,1333.5740983565108,,59.8959165613148,109.98526422250318,63.147773704171925,53.77132996207333,163605.02040816323,66.7317793931732,84.42597699115045,53.2344236409608,52.295265486725654,86.74836169405816,74.24976776232617,68.17021731984829,21028.26295828066,56.60950316055626,,4191.069620253164,0.652517174913924,,,,,,,,,119.65564601769913,122.8839216182048,117.41997471554993,120.26796839443745,1160.6714285714286,111.64667047260032,19.30142416555407
