DATE,IPFUELS,WPSFD49207,WPSFD49502,WPSID61,WPSID62,OILPRICEx,PPICMM,CPIAUCSL,CPIAPPSL,CPITRNSL,CPIMEDSL,CPIULFSL
1959-01-01,-0.702285292652005,-0.4088173541093524,-0.31307279289870465,-0.4099422181627169,0.22625767576714703,-0.09699163330941953,0.3689047504107561,-0.2534375747054748,0.39229182765738074,0.2923543229427249,-0.008239411247338874,6.303731072093264e-05
1959-02-01,-0.702285292652005,-0.4088173541093524,-0.31307279289870465,-0.4099422181627169,0.22625767576714703,-0.09699163330941953,0.3689047504107561,-0.2534375747054748,0.39229182765738074,0.2923543229427249,-0.008239411247338874,6.303731072093264e-05
1959-03-01,1.1214321835184147,-0.4088173541093524,-0.31307279289870465,-0.4099422181627169,0.22625767576714703,-0.09699163330941953,0.3689047504107561,-0.2534375747054748,0.39229182765738074,0.2923543229427249,-0.008239411247338874,6.303731072093264e-05
1959-04-01,-0.2681919790064478,0.003079207844307217,0.6334649324428469,0.003989599169782278,0.07462956015614206,0.09906252047217329,-0.5610496983710127,0.5081190783894997,0.39229182765738074,-0.2937239404492846,-1.7108572047589021,1.1550617472808486
1959-05-01,-0.9678068972423987,0.4137369812750764,-0.6285853680125552,0.8278235944202356,-0.30109547068983916,0.0010354435813768937,0.3677664881703567,0.6342797562811385,-0.0016172186897753498,-0.29075720870838034,1.7025426287301588,-0.003912869728867043
1959-06-01,-0.056236462402398706,-0.8182363390172311,0.6334649324428469,-0.819844396080671,-0.0011867826774629657,0.0010354435813768937,-0.09649500086988198,0.12526916244678762,-0.0016133195621605885,0.29138774899002756,-0.008088929619827635,-0.0038855906978374735
1959-07-01,-1.1516576621876888,0.0018404193214168207,-0.6285853680125552,-0.40725870085583704,-0.07774793632265452,0.0010354435813768937,-0.37353079749091184,-0.38003158328785686,-0.0016094463997651243,-0.00016818531666092546,-1.6949065055018406,-1.1470111376112604
1959-08-01,0.7132525073122187,0.00183292285339763,-0.31592525215363426,0.41523789919540155,-0.002454674810564789,0.0010354435813768937,-0.005865831472917514,-0.12626878692049817,-0.0016055989728753037,-0.28880368744877116,1.686740311296065,1.1432155834694997
1959-09-01,-0.38443959960393087,2.0613456510592463,2.2139086359974907,0.003989599169782278,0.38524924616838424,0.0010354435813768937,0.7431149039570097,0.5034317854022423,-0.0016017770538082634,0.28944729490895477,-0.007942608715201504,-1.143089508848058
1959-10-01,-0.33166060541895376,-2.874025137751864,-2.8353265834441777,0.003989599169782278,-0.30891024878960033,0.0010354435813768937,-0.1930830180158285,0.37452206613379274,-0.38943070279863296,-0.00015524881193311344,-1.679250508972373,1.1393206779780376
1959-11-01,1.7317890506693945,0.821917110225539,0.9451987806346503,0.41523789919540155,-0.0012373721886265925,0.0010354435813768937,0.35537511220951157,-1.25494167938965,-0.0007408908313766912,-0.28687616987242615,1.6712286127440759,-1.1391946033565956
1959-12-01,-0.6986148019265195,0.4162220547888764,0.3198559051552506,-0.40725870085583704,-0.001250645630168479,0.0010354435813768937,-0.8182300578799313,0.7516469362992,-0.0007408908313766912,0.0008052920748651733,-1.6715304836717488,1.135452223534393
1960-01-01,-0.6527751901559791,0.4162220547888764,0.3198559051552506,-0.40725870085583704,0.23445745163685958,0.0010354435813768937,0.6248755498149198,-1.2513520269692655,-0.0007408908313766912,-0.28687616987242615,1.6635792516621513,-0.0037792346251181116
1960-02-01,0.4324510274096152,-0.41006363910026195,-0.3149763407249589,0.826486199221021,-0.07854301606708032,0.0010354435813768937,-0.36259839437265706,1.0017021338121652,0.7740712359207372,0.2884867540221565,-0.007730598131332469,-1.131483876977112
1960-03-01,0.427433248053097,1.235059957170108,1.2626149035747551,-0.40725870085583704,0.23317821682432746,0.0010354435813768937,-0.18098505092960807,-0.5001634811644724,-0.7755530175834908,-0.28783671075922446,-0.0076618480018413055,6.303731072093264e-05
1960-04-01,1.365670695889103,-1.2289015414814939,-1.2577353391444637,-0.40725870085583704,-0.1563397310861475,0.0010354435813768937,-0.003564828874999632,1.6227898497301214,0.3853889422650147,0.28944729490895477,-0.007594029030891953,6.303731072093264e-05
1960-05-01,-1.3712572008697992,0.003079207844307217,0.0024397822151458223,0.41523789919540155,-0.0775242901673906,0.0010354435813768937,0.08579565046472551,-1.2485028488074068,-0.0015867399929494603,-0.28880368744877116,-1.6413474538172679,6.303731072093264e-05
1960-06-01,-0.27011610914544276,0.003079207844307217,0.0024397822151458223,0.41523789919540155,-0.3109311084681216,0.0010354435813768937,0.08579565046472551,0.12432631782184163,-0.3860248747661953,0.29041427159850147,-0.00015093546383645968,6.303731072093264e-05
1960-07-01,1.108196535463713,0.41128162470136537,0.3151394624558334,-0.8185070008814562,0.3104739055153145,0.0010354435813768937,-0.09240501356478803,-1.242889269017552,0.38370094164747615,0.0008052920748651733,1.6336693938734088,1.127793597254132
1960-08-01,-0.4236798179228245,-0.813325625869809,-0.6229595782662294,0.41523789919540155,-0.47403306120865063,0.0010354435813768937,-0.003304681550031265,1.4926774149956523,-0.3851827233102295,0.0008052920748651733,-1.6339712648010818,-1.1276675226326902
1960-09-01,-0.056236462402398706,0.41128162470136537,0.6278391426965211,0.003989599169782278,0.6325624264609315,0.0010354435813768937,-0.003304681550031265,-0.745651121756216,0.3828624637029817,-0.5813396656235428,1.6263592113550065,6.303731072093264e-05
1960-10-01,0.20645811588664284,1.2240435883955914,0.6223018778481495,0.003989599169782278,-0.0012849984331917666,0.0010354435813768937,0.08553550313975714,1.7355175671141212,-0.001575719248504757,0.5829502497732731,-1.6266610822826795,6.303731072093264e-05
1960-11-01,-0.7955319559640388,-1.217885172706977,-0.9301219936585455,-0.4085960960550517,-0.1581587727247034,0.0010354435813768937,-0.9012019086753372,-1.3638647929512964,-0.7662779430658374,0.0008052920748651733,1.6191141532813502,6.303731072093264e-05
1960-12-01,0.26212229626371125,-0.40269703950608965,-0.6183488323466438,0.41657529439461627,0.0783447042117788,0.0010354435813768937,0.4391486293164979,8.510364506986952e-05,0.38202763528585365,0.29236779285811065,-0.0073317354986385625,1.124002899145996
1961-01-01,0.3648335192279635,0.4088554551947041,0.6232283967769355,-0.4099422181627169,-0.0004874925739091333,0.0010354435813768937,-0.28908180957643353,8.585459973950877e-05,0.38202763528585365,-0.29075720870838034,-1.612235224174221,-1.123876824524554
1961-02-01,1.843538216895715,0.4088554551947041,0.6232283967769355,0.8318532338347807,-0.00048579213517073975,0.0010354435813768937,0.6490761780453593,-0.36953177993560016,-0.383509416948607,0.29138774899002756,1.6048159601446024,1.1202375994216185
1961-03-01,-2.5359915533845867,-0.8084732868564866,-1.2391374469084335,0.00264347706211707,-0.23465746393089948,0.0010354435813768937,0.09075332732139851,0.00045839049440678025,-0.0007408908313766912,-0.28977716484029725,-1.6051178310722753,-1.1201115248001765
1961-04-01,-0.003251647099833261,-0.4063326780061832,-0.001244444775653695,-0.8211817912798857,0.07756973135800045,0.0010354435813768937,-0.0035945371986308913,-0.36953177993560016,-0.383509416948607,0.0008052920748651733,1.5977611378352348,-1.1201115248001765
1961-05-01,0.2605607847485555,0.4088409271038224,-0.0012884359354980056,0.00264347706211707,-0.15894581897803484,0.0010354435813768937,0.5513358459057462,0.7404387313544207,0.7647961614030839,0.5790562744325911,-1.5980630087629077,2.240412161532516
1961-06-01,-1.499116181043726,0.4125056217856794,0.6306408419183789,0.002634664455116913,-0.08305609322183975,0.0010354435813768937,-0.4689636138371276,-0.36953177993560016,-0.383509416948607,-0.2897642283355695,1.5907680648145535,-0.0036771184384761743
1961-07-01,3.2948729513030863,0.003079207844307217,0.3170091195239751,0.41927635121694684,0.4804873442166677,0.0010354435813768937,0.08602853029177229,0.9852832449823246,0.38119643262068975,0.28563055522967074,-1.5910699357422264,-1.1163713690509796
1961-08-01,-0.8204658719394401,0.4125056217856794,-0.31212955509368345,0.003989599169782278,0.47092901934378567,0.0010354435813768937,-0.2753876417833462,-0.7385716914512847,-0.38267821428344306,-0.2868636150839434,1.5838359338971841,6.303731072093264e-05
1961-09-01,-1.8361118805684606,-0.8157736200384371,0.0024397822151458223,0.003989599169782278,-0.7883557915770006,0.0010354435813768937,0.08685165593578781,0.24576097183935325,0.38036883213829104,-0.0001301375829000798,-0.007022917455517731,1.1127821808755678
1961-10-01,2.1328221473286946,0.4125056217856794,-0.31212955509368345,-0.4126609870229081,0.1561430370461828,0.0010354435813768937,-0.6384500651464957,-0.4906389633927659,-0.38185061380104435,-0.28309709621065793,-1.5772658228331757,-1.112656106254126
1961-11-01,0.5005530890341214,0.4125056217856794,0.6315784568328044,0.837290771555163,-0.0788019071645859,0.0010354435813768937,0.35783038138313705,0.00045839049440678025,-0.38185061380104435,-0.28309709621065793,-0.00015093546383645968,6.303731072093264e-05
1961-12-01,-0.6130260138389189,-0.40634720609706493,0.001502167300720268,0.0026257650242564796,0.3910913654361155,0.0010354435813768937,0.2726151559524861,0.3683516001144051,0.38036883213829104,-0.0001301375829000798,1.570151339366941,6.303731072093264e-05
1962-01-01,0.5005530890341214,0.41128162470136537,0.0015077400614296917,-0.8265839049245468,-0.3129752627007403,0.0010354435813768937,-0.09537053587507167,9.08035460774728e-05,-0.38267821428344306,0.5704809279614418,-1.570453210294614,1.1090915633396143
1962-02-01,0.29478033200259407,0.0018625073310782935,0.0015132632863598097,0.8345631032641114,-0.07803031848997158,0.0010354435813768937,-0.18771580141541494,0.48906716727231325,0.763133756072756,-0.0001301375829000798,1.5633973302188784,-1.1089654887181726
1962-03-01,-0.15631491109278892,-0.8108922248433512,-0.6211065404086573,-0.4112971528773823,0.07757311553716449,0.0010354435813768937,0.27345170385569567,-0.12342919097925169,-0.0015684913137753852,-0.28309709621065793,-0.006847094159654891,1.1054253466476394
1962-04-01,0.34255543585461345,0.41006492418813645,0.0015132632863598097,0.003989599169782278,-0.3140074598314458,0.0010354435813768937,-0.18799521263071783,-0.24443245897270527,-0.38185061380104435,1.1271821330352119,-1.5570030424507328,-1.1052992720261976
1962-05-01,0.04299919496292268,-0.4051232090127509,0.0015077400614296917,0.003989599169782278,0.3135502568786387,0.0010354435813768937,-0.0035857939029880605,-0.12180388707607058,-0.0007408908313766912,-1.1255715488854816,1.5500621231832428,1.1017832896042308
1962-06-01,-0.006759834134770294,0.41128162470136537,0.3160715046095496,0.003989599169782278,-0.15868521052194368,0.0010354435813768937,-0.0035875106236251068,-0.7297289913822484,0.37954481047285016,0.0008052920748651733,-1.5503639941109157,-1.101657214982789
1962-07-01,0.04256116546779883,0.003079207844307217,-0.31212955509368345,0.003989599169782278,0.39551853075895016,0.0010354435813768937,-0.003589243118219305,0.4872902468406103,-0.0015613568435253165,-0.842598466315518,1.5434794576747888,6.303731072093264e-05
1962-08-01,-1.7656864913126036,0.41128162470136537,0.9452101792272081,0.003989599169782278,-0.0025741804554484985,0.0010354435813768937,-0.0035909915804607194,0.6083043256115681,-1.1399570627197602,1.407391495302412,-1.5437813286024618,6.303731072093264e-05
1962-09-01,1.4057036530046587,0.8122127002778936,0.6195001786262917,0.003989599169782278,0.3041650677797948,0.0010354435813768937,0.09017539701548015,0.9676305401463492,2.275244162896796,-0.002839927277456436,-0.00015093546383645968,1.098165154182476
1962-10-01,-0.006655548512159916,-2.024606894393153,-2.1753834497729243,-0.4112971528773823,-0.8462605453505292,0.0010354435813768937,-0.003304681550031265,-2.1802872234868333,-1.1399500654483135,-0.838047845341599,1.5369524597778075,-1.0980390795610342
1962-11-01,0.3387933542580811,0.8134294007911225,1.2467747194007386,0.41927635121694684,0.46030606422795733,0.0010354435813768937,0.1833691655505621,0.48444775429866743,-1.1326256544281497,0.28012120400648743,-1.5372543307054805,6.303731072093264e-05
1962-12-01,0.6272549521041765,-0.403906508499522,-0.933806220649345,0.003989599169782278,-0.46275483811704876,0.0010354435813768937,-0.6588281999242477,0.00045839049440678025,0.3754706282818135,0.0008052920748651733,1.530480426318374,6.303731072093264e-05
1963-01-01,0.9980223419530538,0.0018625073310782935,0.626912623767735,0.003989599169782278,0.07428294433088488,0.0010354435813768937,0.6539526606737912,0.7262038349187387,1.1343905916728376,-0.842598466315518,-0.0065686958664934215,6.303731072093264e-05
1963-02-01,1.067640821604027,0.41128162470136537,0.0024397822151458223,0.003989599169782278,-0.0025587228767313727,0.0010354435813768937,-0.28577036137166056,-0.2422510509326322,-0.3801991288520083,1.1262588913209026,-1.52436453684339,6.303731072093264e-05
1963-03-01,-0.056236462402398706,-0.40634720609706493,-0.9412738526019377,0.003989599169782278,-0.08276888563553429,0.0010354435813768937,0.09075332732139851,-0.12071642894380709,-0.3777658333463077,-0.00011194479927989686,-0.00015093546383645968,1.094570705471989
1963-04-01,-2.3314620200686567,0.4125056217856794,0.9461534170322292,0.003989599169782278,0.47887235250973426,0.0010354435813768937,0.09075332732139851,-0.7232639766237512,0.3754775806026486,-0.28032731190664406,-0.00015093546383645968,-1.0944446308505473
1963-05-01,0.8099628293247577,0.4125056217856794,0.6325216946378256,0.833208168549446,-0.3203429872574533,0.0010354435813768937,0.08988554136688053,0.724180757612565,-0.7531778336994273,0.2810266056280848,1.5176984987363502,6.303731072093264e-05
1963-06-01,0.3236600633561409,0.0018552107599931862,-0.3140104078131302,-0.8252289702098814,0.39951200056822045,0.0010354435813768937,-0.09735914480329087,0.842236577485198,0.7516960520366738,-0.2794160214783545,-0.006462177946333312,1.0909997116279797
1963-07-01,-0.6752250110699193,-0.813325625869809,-0.3111919401792579,0.003989599169782278,-0.16055165868898894,0.0010354435813768937,-0.003589243118219305,-0.24309726782133403,-0.0015439191290010548,0.0008052920748651733,-1.5116891271815263,-0.00348473049515805
1963-08-01,0.7515575730411759,0.41128162470136537,-0.3111919401792579,0.003989599169782278,-0.15894930535943114,0.0010354435813768937,0.08875775491671818,-0.24120348511293135,-0.0015404983442582514,0.28012120400648743,1.5051282810149502,-1.0873258692006589
1963-09-01,0.3657994746961425,0.003079207844307217,0.3160715046095496,0.003989599169782278,-0.0004944657984640405,0.0010354435813768937,-0.00442234180619763,-1.0769989684616939,-0.375356726454896,-0.2785106198567571,-1.5054301519426232,6.303731072093264e-05
1963-10-01,0.08352717234103504,0.41128162470136537,0.3160715046095496,0.41657529439461627,0.15902383105074502,0.0010354435813768937,0.08655599936671546,0.7185294351530259,0.37307873625245425,0.5567441825454995,-0.00015093546383645968,1.0839271761918143
1963-11-01,-0.14936612785876735,-0.4051232090127509,-0.6248236625736616,-0.4085960960550517,0.15743570544983582,0.0010354435813768937,-0.18632556273020534,0.00010828266480749809,-0.0015337220247759044,-0.8326561466467955,1.4989209264105898,-1.0838011015703726
1963-12-01,-0.3368546195775192,-0.4051232090127509,0.3160715046095496,0.003989599169782278,-0.8756353916966791,0.0010354435813768937,0.2660973552758869,0.8348712112082899,-0.3737676867218084,0.555850388576918,-1.4992227973382628,1.0804251857953995
1964-01-01,0.22438169477272185,0.8194840415584235,0.6287711848502372,0.003989599169782278,0.9590871931311323,0.0010354435813768937,-0.09609797721121138,-0.47863406228020783,-0.0007408908313766912,0.27566928486469305,1.492764556454294,-1.0802991111739575
1964-02-01,0.17636140022227187,-0.4051232090127509,-1.5647923603638663,0.003989599169782278,-0.6426276566305517,0.0010354435813768937,-0.09370123265740926,-1.0703770368291425,-0.0007408908313766912,-0.8273333154282878,-1.493066427381967,6.303731072093264e-05
1964-03-01,-0.10264061697153726,-0.4051232090127509,1.2579098594678957,0.003989599169782278,0.40167865500606886,0.0010354435813768937,0.2576061312058751,0.714117680263548,-0.0007408908313766912,0.5523094249994626,-0.00015093546383645968,1.0769457525613144
1964-04-01,0.3599985759049736,0.8194840415584235,-0.6266988924025128,0.003989599169782278,-0.08093633038180198,0.0010354435813768937,-0.354309021397792,-0.2375049216633406,0.37149642976882763,-0.5506988408497322,1.4866585455638932,-1.0768196779398727
1964-05-01,0.4931219904520363,-0.4051232090127509,0.3170091195239751,-0.4085960960550517,-0.08093633038180198,0.0010354435813768937,-0.0035516589700948843,0.23796075680931847,-0.372978211431581,0.27655735853716384,-1.4869604164915662,6.303731072093264e-05
1964-06-01,-0.5136475381764178,0.003079207844307217,0.3170091195239751,0.00264347706211707,-0.24512053036384363,0.0010354435813768937,0.42441378235087474,0.00011346187231018489,-0.0007408908313766912,0.27655735853716384,1.4806022783500443,6.303731072093264e-05
1964-07-01,0.12723802234835951,0.003079207844307217,0.001502167300720268,0.8318532338347807,0.4887284232328204,-0.1645646642356503,-0.34807429447729277,-0.23696732523925726,0.3707102891192388,-0.5506988408497322,-1.4809041492777173,1.0734886592452857
1964-08-01,-0.7014892079718066,0.41006492418813645,-0.3111919401792579,-0.8238740354952161,-0.0013436775163359962,0.16663555139840414,-0.08841467046561151,0.23742523872250104,-0.3721920707819921,0.5523094249994626,1.4745951494102367,-1.073362584623844
1964-09-01,-0.1957046595707006,-0.403906508499522,0.0024397822151458223,0.8318532338347807,0.3968114605333318,0.0010354435813768937,0.41385852561660424,0.000115015353582378,-0.7444293913821965,-0.5506988408497322,-1.4748970203379097,6.303731072093264e-05
1964-10-01,0.26851012332603835,0.003079207844307217,0.3151394624558334,0.00264347706211707,-0.7975937796717064,0.0010354435813768937,0.634267182180615,0.11833257221200846,0.7429476097194431,0.27655735853716384,-0.00015093546383645968,6.303731072093264e-05
1964-11-01,-0.28791900553167243,0.003079207844307217,-0.6229595782662294,-0.4085960960550517,0.3174804400962851,0.0010354435813768937,-0.9037939055391755,0.5896084924942016,0.37149642976882763,0.27655735853716384,1.4686365631252192,1.0700536913833827
1964-12-01,0.22162267454922718,0.003079207844307217,0.0015077400614296917,0.41523789919540155,-0.1594810340035521,0.0010354435813768937,-0.400846821296043,-0.5906610505729087,-0.001527031480965525,0.5470708253098167,-1.4689384340528922,-1.069927616761941
1965-01-01,0.12813556198490178,0.003079207844307217,0.9424029072446408,-0.40725870085583704,-0.16109418388450483,0.0010354435813768937,0.15558728077028697,-0.11771877956634173,-0.0015237179236038878,-0.27751114727026854,-0.00015093546383645968,1.066640637247917
1965-02-01,0.12741673946602788,0.4088554551947041,-0.6238916204199455,0.003989599169782278,0.5603812121305218,0.0010354435813768937,-0.08306289665540652,-0.35249080986816983,-0.37140924368976497,-0.814319009729692,1.4627259334639848,-1.0665145626264751
1965-03-01,-0.14791518438411133,-0.40269703950608965,0.0024397822151458223,0.4139091463143269,-0.2409862644701396,0.0010354435813768937,0.15621174866071924,0.35306924678826085,-0.0007408908313766912,0.2722284335273058,-0.006014185137130207,1.063249287804231
1965-04-01,-0.1942070653206667,1.2132224914740883,0.935001558088837,0.0026694051055638377,0.23522893810924164,0.0010354435813768937,0.2338956114718139,0.46929405328170604,0.3691479275867976,0.2722284335273058,-1.457164554718364,-1.0631232131827892
1965-05-01,-0.28701086174640156,-0.8060546634909671,-0.6210957364125994,-0.40460975391054393,-0.004343986011844471,0.0010354435813768937,0.38104743188926066,0.34933377316642267,-0.001517153350277926,-4.42340137335687e-05,1.4510462466775544,6.303731072093264e-05
1965-06-01,0.3125085398598722,0.0019049472697895025,0.3087565941924301,0.41127723457420634,0.2985485245860923,0.0010354435813768937,-0.5509395136261263,0.3460093662635013,-0.0015139019853300567,-0.5403419386528185,-1.4513481176052274,6.303731072093264e-05
1965-07-01,0.6725902850075883,-0.7965910955956712,-0.6129032870080845,-0.40329803623464183,-0.9124945371776729,0.0010354435813768937,-0.38778619192097447,-1.8646772416328414,-0.737419980322016,0.271378907438707,2.884978584547626,6.303731072093264e-05
1965-08-01,0.07922215104309317,0.8027495112842856,0.0024397822151458223,0.4099739119130206,0.530008272522501,0.0010354435813768937,0.2275010393304945,0.00012644421804158294,0.7359381986592626,0.0008052920748651733,-2.885280455475299,6.303731072093264e-05
1965-09-01,-0.828843101276165,0.0019118042802997426,0.0024397822151458223,-0.4019947135734561,-0.30325444580242494,0.0010354435813768937,0.1507601622322623,1.1652578081270812,-0.36908043557669634,0.0008052920748651733,-0.00015093546383645968,1.0598794366680817
1965-10-01,0.35435498306324537,0.0019186014045060671,0.6142052552405959,0.003989599169782278,0.3762165537990844,0.0010354435813768937,-0.3114343691146184,-0.4659251873395432,0.3668288737402525,-0.27061784937757544,1.4338722707196236,-0.003285519294337497
1965-11-01,1.0215680649722525,0.001925339337011524,-0.0010964541416581298,0.40867890393115797,-0.07791934802458284,0.0010354435813768937,0.3048250060145558,0.8119910952920227,-0.0015074602396839252,0.5436515749797464,-0.0057856187781140005,-1.0564048054415816
1965-12-01,0.03242090516712082,0.3959975354065895,-0.0010558074090364332,-0.40069970559159346,0.21676045929933302,0.0010354435813768937,-0.5440042272665173,-0.0031905269873213076,-0.0015042695207809296,-4.42340137335687e-05,-1.4285394583330189,1.053203416780463
1966-01-01,0.6912438184319903,-0.7861923929268599,-0.30122537628209023,0.003989599169782278,-0.1514156902198822,0.0010354435813768937,0.5385739369444126,-0.809943170989,0.36302145321582885,-0.5403419386528185,1.4226470113707173,-1.0530773421590212
1966-02-01,-0.715113446260179,1.178497715274386,0.5994424490596949,0.809516047901968,0.13777907894739752,0.0010354435813768937,-0.23607154868317212,1.954549411590461,-0.3667744246092113,0.5419525228025489,-1.4229488822983902,1.0498968481385293
1966-03-01,0.07630069913807178,-1.1723392995857718,-0.8956313731766311,-0.4006834687944641,-0.5686963986342067,0.0010354435813768937,-0.0035026969645035053,-1.1551113444096623,-0.0014917038040787216,-3.8932745916793744e-05,2.8288470878473264,-1.0497707735170876
1966-04-01,0.20761281734582865,0.3926475369913478,0.0024397822151458223,0.0027270667459646015,-0.0010757862184868276,0.0010354435813768937,0.07441628443733052,-0.0030936619121132844,0.3600368367509148,-3.3680945838520525e-05,-1.4228632152256488,2.08989355307886
1966-05-01,0.336842260997366,-0.38648912130273333,-0.2960664178716181,0.39982448783964003,-0.07300254844911795,0.0010354435813768937,-0.23766585278696456,-0.3440250851006731,-0.3637525757622431,-0.5369755429698473,-0.005570161786716735,-1.049729955451889
1966-06-01,-1.3346973994911084,-0.7771720966870301,0.0015905457935602185,-0.7914361378441971,0.2148715391870018,0.0010354435813768937,0.07380682889933028,-0.4553773354810935,-0.0014794458133025098,0.5385861271195775,-0.005528555289015054,-0.00316189041703275
1966-07-01,0.9605738596883812,1.5635818169069817,0.6011506552318449,0.7944593804234455,0.28614116777360743,0.0010354435813768937,0.1539449792375405,0.45383602687193897,0.3571007975765815,0.5336040778001784,1.3793691491100273,-0.0031419526400724286
1966-08-01,0.6384406510894268,0.3849081664476267,0.892061572096368,-0.3930845506966219,-0.21554180562232922,0.0010354435813768937,-0.003304681550031265,1.4662380832715318,-0.7186278806794207,-0.5352978358088138,-1.3955589775305914,-0.0031221991878433238
1966-09-01,0.11573462594990276,-0.38973926430172834,-0.8913805466825393,-0.7828016636047358,-0.14234173168457417,0.16663555139840414,-0.08223531372390126,-1.1347833751165275,1.0706252747034235,-0.26478078328912535,2.727912296932381,-1.030359331517697
1966-10-01,0.6682540855782119,-1.1502717442665802,-0.29271711527674105,0.002765971596760709,-0.2876766207016532,-0.1645646642356503,-0.003509963009193435,-0.0029710933645664614,-0.36147147008432595,0.26557793254998985,-1.3949337758243012,2.0514301712095926
1966-11-01,-1.1687688156185267,0.3871683689665734,-0.29271711527674105,0.7932281170903436,-0.0791916423535964,0.0010354435813768937,0.3126241908649414,-0.7852148707616843,-0.35713251378973804,-3.1752612156398478e-06,-0.020246537196827296,-1.0303207260263918
1966-12-01,-0.31668142532088783,-0.3820934220220478,-0.29521257818874064,-0.3906296597904984,0.289608714795217,0.0010354435813768937,-0.3188240533070102,0.11190422219230413,0.3513697833175857,-0.7918956946783473,-1.3539870438251442,-1.020920333251038
1967-01-01,0.2782476957946455,0.3882518377106623,0.5952490401109192,0.003989599169782278,0.22133148191527427,0.0010354435813768937,0.8536672653837046,-0.6702917147817341,-0.0035663169308465838,0.5295421056890338,1.3240938547496695,1.0179383867163678
1967-02-01,-0.6299081801905524,-0.38318302072887495,-0.29522198619188883,-0.3906296597904984,-0.5965618954702249,0.09906252047217329,-0.6282615203264923,1.340330730174943,-0.003543803485843384,0.5295421056890338,-1.3390290874240596,-0.003026118726641927
1967-03-01,0.38379417927309406,0.3893414364174894,0.0015953505354165845,0.3986088581300629,0.21842122074425602,-0.09699163330941953,-0.15659337673226778,-1.115875891001285,-0.35214817038721036,-0.5279315215393034,-0.004957901610596436,-1.0147231560575631
1967-04-01,0.6133178256715601,0.003079207844307217,0.5994521823886736,0.003989599169782278,-0.004160797293616161,0.0010354435813768937,-0.003304681550031265,1.1134149534199926,0.3465036473226152,0.5263278802778806,1.3050761650076397,1.0117787685183028
1967-05-01,-0.19664750922332766,0.3893414364174894,0.0015953505354165845,0.003989599169782278,0.6151431847908039,0.0010354435813768937,-0.3106582205145614,-1.112498172431179,-0.35005444722887785,-0.26314917059341775,-1.319591811283075,-0.002988900149157924
1967-06-01,0.7850525647236962,0.7690905410158194,0.5927441691957713,0.3986088581300629,-0.07973607026778835,0.0010354435813768937,0.38117878880460715,2.2163196905251454,0.34445909059290314,-0.2607628334598674,1.2911675242690748,-0.002970542589104301
1967-07-01,-0.6108361558563917,-1.1491943539003873,-1.1806832706644013,-0.3906296597904984,-0.30422336865222743,0.0010354435813768937,-0.15756454433024802,-1.1124579649460775,-0.0034563879319968955,0.5215791533389807,-1.3053802116667095,-0.0029523501645991167
1967-08-01,0.4588346503265272,0.3850196156048133,0.5927535771989195,0.003989599169782278,0.07558774135720146,0.22600516758579361,0.07382524984007713,-0.0028389087280383187,-0.0034351730297698044,-0.2607533838579145,-0.00472221830945071,-0.002934320901604269
1967-09-01,0.8777399204438799,-0.3788611999161988,0.0016141674377331905,0.39738523055704134,-0.07628755702047553,-0.2239342804230398,-0.003304681550031265,-0.002819252653302713,-0.6877810938758158,0.5146044932380972,1.2730772912701516,0.9907597437220229
1967-10-01,0.09680384079210803,0.3839542295413825,-0.2918915004993284,-0.3894060322174768,0.15188930961174044,0.0010354435813768937,0.6083288095039765,-0.002799771818823605,0.6836259972710494,-1.029113293998406,-0.01805347102313917,-0.9995191707661016
1967-11-01,-0.3897024991839976,-0.377795813852768,0.2959500561013728,0.39616916793297147,-0.22864963852908943,0.0010354435813768937,1.0062934849540248,1.0838728030286762,-0.3439203424875093,1.0261429916495692,-1.2778560359771294,-0.0028637969867252927
1967-12-01,0.5667370926413141,0.3828947705328593,-0.2910704916710812,0.3925508910259319,0.4558871773486014,0.0010354435813768937,-1.6245363391080951,-1.09261534540585,0.677680721412817,-0.7676282079211356,1.251164965999105,-0.0028465549209453402
1968-01-01,-0.2623530000729034,0.0020256265670232096,0.0024397822151458223,-0.7767512614495565,-0.3795575717669669,0.0010354435813768937,0.2824039118874538,-0.002723559803356748,-0.34387961201843587,0.5093255792029845,-1.2645247011627423,0.9762980110588203
1968-02-01,0.7468433652067611,0.0020314555203317652,0.5870155355439165,0.39256567465809317,0.15092194447194085,0.0010354435813768937,1.5723801887552133,-0.002704924622046403,0.33264075209814553,-0.25457220937572583,-0.004443829475705995,-0.9847987709965292
1968-03-01,-0.3297845218792606,0.0020372362336859916,-0.29106147025462653,0.0028031054895778606,-0.0004681431553695685,0.0010354435813768937,-1.4001434477916304,-0.002686452670018524,-0.006506014360727824,-0.2523374936026632,1.2341707470038927,-0.0027790881225803255
1968-04-01,-0.7670728953054426,0.3766484353225929,0.2911098055671512,-0.3833999826383242,-0.000466629460098119,0.0010354435813768937,-2.3702126485590793,-0.002668142044407078,-0.006440563042936167,-0.2523374936026632,-1.247176376782238,-0.0027625880854575714
1968-05-01,1.5037340167466076,-0.7471622771106499,-0.5773047419958579,0.003989599169782278,-0.22575973939463295,0.0010354435813768937,0.16809425703854558,-0.0026499908740359635,-0.006376220037990083,0.25394807775239353,-0.004328200617603052,-0.970537917266248
1968-06-01,-0.08944628016580974,0.37665976029205256,0.2911186051521923,0.3901999110204804,-0.0011867826774629657,0.0010354435813768937,1.9494810691343494,1.0589325589043932,-0.3347576279603511,0.5063517593543261,-0.004300023369010556,2.895075009867628
1968-07-01,0.1289114580251106,0.002059887198774398,0.0016499622873710526,0.002817487164867309,0.377890361434357,0.0010354435813768937,-0.521272177396722,-0.011761226752109484,0.6506385748673394,-0.5047411752045957,1.2135662327114753,-1.9354883226405433
1968-08-01,-0.059474856929261515,0.00206543453217445,0.0016542723633441623,-0.3810486006760009,-0.15185824526787534,0.0010354435813768937,0.21834484169008497,-1.0610712531081312,-0.33463426301590127,0.25247417298210467,-1.2261491263039772,0.9513035899984065
1968-09-01,-0.2537941992948117,0.3716073104132747,0.2872038105804042,0.3878627799891169,0.07416100133140556,0.0010354435813768937,0.1456684241330388,-0.0025443308506901377,-0.006129443763725418,-0.2508635888323743,1.2015304279576668,-0.95936637949462
1968-10-01,-0.2706519969606861,-0.73699635321474,-0.2846552651899657,0.002831608931766497,-0.0011629032414826664,0.0010354435813768937,0.07063706793738982,1.0409681022037442,-0.006070282624620875,0.25174363819298995,-0.01609463895342075,-0.0026356095722759186
1968-11-01,0.3192895216354848,0.37161818122148815,-0.282332691902471,-0.37872559141153656,0.3639619244146663,0.0010354435813768937,-0.0777894684111437,-1.0489575539104259,-0.64558395280603,0.24956891266950512,-0.015885538940148308,0.9406011418108883
1968-12-01,0.6055265119968342,-0.36545976553287374,0.0024397822151458223,0.7659738084435799,-0.8046126412805258,0.0010354435813768937,0.1435102681130304,1.0322126124066198,0.6370866721163945,-0.9985986413506643,-0.015680525630450446,-0.9484799140913448
1969-01-01,-2.680438685691401,0.37062615048385555,0.5696830155760789,-0.0005595873938549229,0.43767946706280225,0.0010354435813768937,0.7854805969308529,-1.040052169296626,-0.005935971936492308,1.0002092255003947,-1.1900343481771152,0.9327310212361739
1969-02-01,2.6261532802952323,-0.3644677347952411,-0.8480428279878303,-0.37641694556160055,-0.3662364311887873,0.0010354435813768937,-0.6602634644653628,-0.002427731063815372,-0.32136357510085767,0.7378654712692078,2.3338273706206505,-0.010372873305164416
1969-03-01,0.08747676977869857,0.7352182635249718,0.851397537660619,0.3776733084349462,0.5120495568495508,0.5567712376843572,-0.35588964224648933,2.0411039783765994,-0.003008530078090878,0.22517425896027896,-1.1896438196975645,0.9121482950531671
1969-04-01,-0.45218181210884406,-0.0008255523470970918,-0.0005854642134139734,-1.1215234203925666,-0.0037853812849749434,-0.25911372849383807,0.27585086949126614,-1.0368627762927654,0.31024384695422735,-1.460325820717656,-0.014899273553746305,-1.8549545843482225
1969-05-01,0.6263208438486102,-0.0007841222376391253,0.27818427311236815,0.753591263806597,0.3484310042362723,-0.29455117844638845,0.2682831582253002,-1.0198492872197367,-0.3173242403873027,-0.7266733308615149,-0.014713172786668383,-0.0024606091080210555
1969-06-01,0.01655116565544654,-0.0007433480201013212,-0.280728135611145,0.002885618683560311,-0.2908791622699836,0.0010354435813768937,-0.3500624482364709,1.0040627617358673,0.3075189262164998,0.9714576324214811,-1.1523230860807396,0.9098915399296601
1969-07-01,0.5533319250930526,-0.35861588938197775,-0.5528299230306561,-0.3697072526624031,-0.6244044416608834,0.0010354435813768937,-0.13959786031823454,-0.010525435697956283,-0.005664731996729695,-0.24236842533537084,1.1305191649674173,-0.9172539996298069
1969-08-01,0.07140151943157737,0.0021385689876647334,0.27897966533408075,0.7480972423340954,0.48514881117725595,0.0010354435813768937,0.7297791312457989,-1.0058923985446677,-0.9288806084404356,0.24329689437494387,-1.1414714251542615,0.9025249376401483
1969-09-01,-0.010984737337484595,0.002143487369252611,0.0017149061988321408,-0.7401180439945306,-0.20842032665007348,0.0010354435813768937,0.29544699647796646,0.9905560870082495,1.2292086552483963,-0.48417791252529224,2.2403279408103622,-0.009706916788929671
1969-10-01,0.5385619507111405,0.3572684809552332,0.5497582944616886,0.7437583975987586,0.2745536881224543,0.0010354435813768937,-0.849793806945757,-0.010231366433551818,-0.6189261041932825,0.9687405881557737,-5.615329262311491,-0.9048417529952424
1969-11-01,1.08435778664772,0.35176518582183414,-0.003949416883187806,-0.00029893969410826584,-0.0033690392592791068,0.0010354435813768937,-0.005391623334564727,-0.010117036660329384,0.3011699134083252,-0.4841703758981898,4.487819011143449,0.8905088194171045
1969-12-01,-1.0213832292722687,-0.7053092069548742,-0.8143045380356846,-0.36534325050128447,-0.33949042301192145,0.0010354435813768937,0.4864147048378253,-0.010004531316475414,-0.6109093634608553,0.2392758848468142,-1.1273165622752679,-0.009448117879953116
1970-01-01,0.44553364029172593,0.3518405774726099,0.5434351382615995,0.7299865760854848,0.06739136824313205,0.0010354435813768937,0.451766985549367,-0.009893811787808559,0.3011990610638682,0.47185644819361683,1.1064275442954008,-0.009347470026626576
1970-02-01,-0.12884857438581693,-1.0468096677362346,-0.8087055680808258,-1.0881547876399393,0.06739136824313205,0.0010354435813768937,-1.375440803201823,-0.009784840479125782,0.29809247120647203,-0.7133093034449898,-0.013667115174097844,-0.009248411365294064
1970-03-01,0.6094202517775854,0.7024066412003961,0.5427397707141819,-0.35901491019511894,0.20072381547403811,0.0010354435813768937,0.8149246987759968,-0.009677580776958515,-0.9050208690925606,-0.47094506628237626,-0.013503776155099616,-0.009150908613055456
1970-04-01,-0.3874662369404909,-0.3465845088337372,-0.2677102120343722,1.0919674496538283,-0.33566011331568324,0.0010354435813768937,0.4325618895497422,-0.009571997022946584,0.599539788560026,1.4096726811172189,1.0734269698698076,0.8583172666658043
1970-05-01,-0.674334797816854,0.003079207844307217,-0.2677102120343722,-0.360044694891361,-0.27051560181553846,0.0010354435813768937,-1.3609334342141786,-0.9611681026547102,-0.3016477646098618,-0.9394863747605933,-1.106415475838162,-1.7437048340589636
1970-06-01,0.2528808203107641,0.3518497850654358,0.5427397707141819,0.002965657235373795,0.3369175240320338,0.0010354435813768937,-0.17668675437475564,0.9472336910291295,0.2971085202856464,0.2316350796367134,-0.012954810230236678,0.8585047801856182
1970-07-01,-0.8612368123316153,-0.3456913693768213,-0.2677102120343722,0.36085600217146496,0.06758429281182339,-0.11612647030058278,-0.010160261497851757,-0.9536850169954538,-0.30011125342544115,-0.0016668814396512313,-0.012804175098484217,-0.008775820838865467
1970-08-01,0.7187760250187741,0.003079207844307217,0.0024397822151458223,-0.7127919089554935,-0.34046170801246456,0.11819735746333654,-0.06928223502477057,-0.0019724226697901575,0.295602996987148,-0.6904745710695285,-0.012656182719034355,-0.860588748679725
1970-09-01,0.9274052271494013,1.3893206245455747,1.0761569045906862,0.3608674419998102,0.813945054239475,0.0010354435813768937,0.22655627143038873,0.9375855275085068,0.2926104323120244,0.6908589309263534,-0.012510771630943125,0.8476252176753697
1970-10-01,-0.5383736630082748,-1.3831622088569606,-1.338681206973856,0.3578698588060344,-0.5419820449444481,0.0010354435813768937,-0.1267240700945297,-0.009116699337667913,-0.2990687454496223,0.4533638816858268,-1.0615011106533603,0.8347559760553782
1970-11-01,0.5890014846560351,0.6909577747277376,0.8039735521015448,-0.35287708981861693,-0.26956183269661393,0.0010354435813768937,-0.6276461221956967,-0.00901973577799407,0.2901845302172872,-0.008723764809833985,1.042926631143386,-0.8560073952599411
1970-12-01,0.6878559418265072,-0.6847993590391231,-0.7984161571172681,-0.3499018143080985,-0.14070557964517805,0.7112189113565248,0.024266379639505425,-0.008924237675090846,-0.29656017648910243,-0.00852677640536951,1.0250020728021858,-0.008338316820520828
1971-01-01,0.0838228149688186,0.3457233192542835,0.5358918547340985,0.35689661245156323,0.6153699352051195,-0.7091480241937712,0.49190648308385054,-0.9295612281649316,-0.2936304370733201,-0.22858614293658205,-2.0863417589195032,-0.008254720737126717
1971-02-01,0.2634369885552143,0.3431545524885884,0.2671460117580146,0.0030106602890687677,0.5336536129816895,0.0010354435813768937,-0.07933801269561487,-0.9225831564229083,0.289251164107464,-0.22339177370514945,1.0252734178939786,-1.663481658027314
1971-03-01,0.0463678899142752,-0.33955636943012535,-0.2642794761479581,0.35300247607915786,-1.0732622982794293,0.0010354435813768937,0.5939875066264898,0.9211894430134806,-0.5821697453987682,-0.4391356041624016,-0.011754568302577135,6.303731072093264e-05
1971-04-01,0.13443928440922812,0.002234278082495379,0.26516329246051845,-0.6969513521406607,0.7326129204527544,0.0010354435813768937,0.8557331347798636,-0.001840565836198775,0.2892543411202491,0.0008052920748651733,-0.011624554584081558,0.8287420093323601
1971-05-01,-2.0408018975400584,0.3398000885575445,-0.2622665990678838,0.7010792071399782,-0.3997069683531672,0.0010354435813768937,-1.255810157026625,0.9120393397555925,0.864486869933193,0.0008052920748651733,-0.01149671381880891,0.8226061570571459
1971-06-01,1.3350393180019957,-0.3361514580290171,0.2632100537838455,0.00018034732947031106,0.13145264018514569,0.0010354435813768937,0.39016297759666746,-0.008601117123830746,-0.8683398319862501,0.43851862992823915,-0.011370997853250712,-0.008051108899022788
1971-07-01,-0.02489993897752884,-1.0079407423361397,-1.044561033725422,0.00022175254823228764,-0.3297062966238713,0.0010354435813768937,-0.003304681550031265,-0.9133877494582185,-0.0012104813283432395,-0.43690804577850884,-0.011247359858814152,-0.8245088958933502
1971-08-01,0.7766388620808506,1.6875615814840055,1.3102173486364523,0.34177006660786646,0.13126821815601156,0.0010354435813768937,0.06262761215759356,-0.0017731182730280548,-0.8626738645214105,0.21883365363883722,-1.0057212074364452,-0.0019358316191991957
1971-09-01,-1.0698093576427716,-1.0071123794728702,-1.0426141267166158,-1.0233033777766358,-0.0004140552391716097,0.0010354435813768937,-0.003447237971956024,-0.0017621660663005563,1.1488161344199792,-0.6538310659256945,0.9890020873723225,-0.0019260929013492152
1971-10-01,0.19502776327153104,0.003079207844307217,0.5239932831766236,-0.33751798111369047,0.5277933825932775,0.0010354435813768937,-0.20081644982905622,-0.001751294291885821,-0.2888330020314804,0.4374132885114528,-3.9731052081377567,-0.0019164251824954725
1971-11-01,0.05121966549669027,0.3381557115664083,0.26128564308509056,0.6870047597367277,-0.07317259189141477,0.0010354435813768937,0.19434964315091846,-0.0017405021642329219,-0.0012074270851260564,-0.2183284109058933,2.980921654019559,-0.0019068277743826188
1971-12-01,0.8681658892597732,0.6683266414445855,0.25747120922978217,0.3427516887709936,-0.26068964289637553,0.0010354435813768937,-0.6007394261484771,-0.0017297889079186416,-0.0012059111259139245,0.21993899505562362,-0.0028647054197472105,-0.0018972999967738146
1972-01-01,0.21309879726652423,-1.329872437806656,-1.2880160976472066,-0.33750820194885195,0.2519421003669755,0.0010354435813768937,0.6619462995949781,-0.0017191537553605711,-0.0012044025431579197,0.6565469914922112,-0.0028499365766138387,-0.0018878411784901655
1972-02-01,1.0493631635370733,1.3311689685850567,1.0340434652092105,0.34005969105447253,-0.19263767305566634,0.0010354435813768937,-0.13705321180421962,0.8878489438241268,0.2831659049312153,-0.872964768906453,-0.002835287968083627,-0.0018784506542924137
1972-03-01,0.13253521390203318,-0.9923828445678586,-0.5133620592818866,-0.3347727226478135,-0.18812209635894617,0.0010354435813768937,0.5258867723670038,-1.780813194288937,-0.569939019759475,0.21883365363883722,-0.0028207582932950645,-0.001869127769781137
1972-04-01,-0.5625291835110582,0.003079207844307217,0.0024397822151458223,0.0031016730658493257,0.37116025652724227,0.0010354435813768937,-0.40162392665722035,0.887869830379366,0.566621111910639,0.0008052920748651733,-0.002806346267691806,-0.802750779480997
1972-05-01,0.19328912512226415,0.6627114411621062,0.515725507165277,0.003106352526409005,-0.0059425033790656044,0.0010354435813768937,-0.19954263330798097,-0.0016773791747309403,-0.2851067450962267,0.21883365363883722,-0.002792050625121353,1.5999311328779733
1972-06-01,-0.8041814663072611,-9.211321612537594e-05,0.254418266427371,-0.33031886691605583,-0.3055009753236033,0.0010354435813768937,-0.0034454044636697207,-0.0016671233635557616,-0.28373703930854227,-0.2172230694891069,-0.0027778701157363723,-1.5998050582565315
1972-07-01,0.5691378313985651,-0.3263309929794749,-0.2557228914423629,0.3374194611783031,0.2985958554488271,0.0010354435813768937,-0.40033522533743005,-0.001656941246662531,-0.0007408908313766912,0.21828515403668397,-0.9760559815908378,1.592312684514161
1972-08-01,0.12797272225230452,0.3277891932928615,-0.2520245011663107,0.003115601150520773,-0.18185777831789268,0.0010354435813768937,0.5257410794764934,-0.0016468321195220012,-0.5671892655792059,0.21665064586014385,0.9731412426216524,-0.7988960976613774
1972-09-01,0.6427637650546577,-1.7054171183565986e-05,0.5040951147239002,0.6639028599799308,-0.060160860511378395,0.0010354435813768937,0.32621482534434215,0.8731124003780953,1.9784224552391527,-0.0013559399290497282,-0.9734431135493253,-0.0018145751243732603
1972-10-01,1.3113134156528239,-1.2942496618889885,-1.0026833501858017,-0.3311205965936695,0.11570377697328577,0.0010354435813768937,-0.4649807358164908,-0.8784513519835423,-0.5712416351173151,-0.6456718777851643,3.8671665098317387,-0.0018057079927533543
1972-11-01,-2.023663762645837,1.6235883627553493,0.7543349194942187,0.3263265767527843,0.3969762696569357,0.0010354435813768937,-0.0034466228410290085,0.8669455077142231,-0.28371118617747954,0.6462099102814819,-3.8674683807594117,-0.0017969035271170328
1972-12-01,-0.8967325638478838,0.3163602731334528,0.7436961755705682,0.9612777210129373,0.3663905550394595,0.0010354435813768937,0.06248505573566881,-0.8721960389474743,-0.0025134577713651594,-0.2150401826815837,0.9602839993195453,-0.0017881611372129454
1973-01-01,-0.2350503010021768,-0.32607809800033066,-0.2564781085345025,-1.2938495537611416,-0.35522222421924127,0.0010354435813768937,0.25900506054021705,0.8608651622019547,-0.5582122555820472,-0.21344066525845584,-0.002681728738582962,-0.0017794802416991955
1973-02-01,-0.8068334240037948,0.6256671159244538,0.2355053248649243,1.263184222569661,0.441432039168715,0.0010354435813768937,0.7615798816965962,0.8488078334616889,0.5549691080621686,0.4277108487076451,-0.0026684262538915773,-0.0017708602645795596
1973-03-01,-0.8565459413380138,1.2207353507411722,1.6493686507717766,0.28506547555191997,0.0007356535116522271,0.0010354435813768937,1.2785009838771926,0.8310705392551991,0.5497292869655752,-0.21343545980195666,-0.002655228376675752,0.7767521233838713
1973-04-01,-0.1525768524417997,-1.8736442806511246,-2.157119879691571,-1.559550831432592,-0.7026836295347392,0.0010354435813768937,-1.7327110970255144,-0.8715475197845095,-0.007654562088202439,0.42301383917202545,-0.0026421340120679304,-0.7820766223230021
1973-05-01,0.06988152982208116,-0.003071266548963402,-0.002236915710492951,2.1231425002323827,0.729348111436969,0.0010354435813768937,-0.41115135579530804,-0.853810151627278,-0.5529398686315361,-0.6340680597782532,0.942818494505735,0.7713773408735018
1973-06-01,0.12942575288565686,0.5985251271131447,0.6878165744214202,-0.3484332099134943,-0.006697074322180421,0.0010354435813768937,0.16556104239455874,0.8259654262518303,-0.002437226973060114,0.42147862602216674,-0.950516413910585,-0.007070722237089857
1973-07-01,-0.8154049599279678,-1.8061313776322827,-1.8415895603427928,-4.460936335281877,-2.211641590078482,0.0010354435813768937,0.32607840587142195,-2.504649113484573,-0.5461120823232052,-0.4198680418724364,-0.9431460462441689,-1.5408235332229576
1973-08-01,0.04678020078300351,5.032760942175268,4.968974102200774,5.6353528109784055,5.85039263591286,1.8657052385333754,-0.2346947018644777,6.598516259581984,0.8141581808283914,0.0008052920748651733,0.9404043404802375,1.5338812959779824
1973-09-01,0.3237759743153875,-5.017004241198123,-4.946718760170603,-5.01177413116295,-5.962351544485323,-1.8636343513706215,-0.4963915528745618,-4.966413375593092,-0.004499085913968747,-0.20927549062321993,0.9331351095976514,0.7538600463631567
1973-10-01,1.5143522373009377,0.0024584436309734994,0.22279902811050883,2.6454415330734884,0.2613371802628522,0.0010354435813768937,0.4305121367584164,1.6101026214048302,-0.2731920099067316,0.839603024434556,4.609417502585708,0.7384575083943347
1973-11-01,-0.8017910169052717,1.456608048534247,1.3283339458728962,-0.006787896915862065,1.1576993213068247,0.0010354435813768937,0.3095341508158026,-0.8283510813163388,0.26552301452065236,0.20332743469809078,-5.5667268885864445,-0.7742762797139042
1973-12-01,-0.1529884542219606,-0.006727493545533935,-0.2266545771183404,1.704040576952477,-0.16226277838044478,0.0010354435813768937,2.357354007494767,0.7800572349880766,-0.004408118411304426,-0.007111390962432667,0.9097749386791792,-0.014998415995515692
1974-01-01,-0.5879365318070122,2.2504071436236197,1.9220524448671177,0.21746809831365566,1.5913256526865374,8.31683953815844,-2.3966872695545525,0.7598096822187681,-0.004374855404019045,0.3979483237307871,-0.009284772017553868,0.7225158058028013
1974-02-01,-0.05352822276507186,-0.9012397297589867,-0.4841337028337818,-0.6099205510769299,-1.2594810493403552,-8.314768650995687,-0.1544591952878048,-0.041529343462902726,1.0488471419832879,-0.016185498756038877,-0.009193887506518518,-0.025893978951619392
1974-03-01,0.932092574183373,-1.1253890687570387,-1.478735889133365,1.0165248176842332,-1.1238206269627222,0.0010354435813768937,1.2683067435675934,-0.04064629599546318,-0.5403019999493122,0.37633708854795106,1.7816599156231316,0.6975237789052154
1974-04-01,3.7195393194475415,-0.010467241823200617,-0.00400790074174285,-1.1201867516370665,0.09322098176083637,0.0010354435813768937,-0.060823594393503294,-1.5660662981347193,0.506149204544045,-0.6057702086404663,-0.9208307596696707,-0.7541681801240886
1974-05-01,0.3183130141333037,0.2562252762401852,0.19863931605271265,1.728553307948984,-0.2623053627191459,0.0010354435813768937,0.7066836955873919,1.5029839378782723,-0.5305561776278531,0.18103408337488264,0.8595260866733174,0.6846974222636465
1974-06-01,0.19257031912406813,-1.6033346942034912,-1.4197045264196624,-1.8357580564734364,-0.29328588120616383,0.0010354435813768937,-2.0982170603618036,-0.7883888913795661,-0.010057536982873816,-0.014361723979931025,2.565620983917936,-0.03746103942447481
1974-07-01,0.6101302613945236,3.6794753165757537,3.214048008371886,2.3636073502841417,3.0290203375903695,0.0010354435813768937,-0.5653292290291825,-0.7694079122408232,-0.5153319763749987,-0.20007805561206135,-1.8033582569550604,-0.03667845115317257
1974-08-01,0.1678105871211421,-1.106632176549334,-1.038477891811793,0.9852255844917615,-0.6154871377065299,0.0010354435813768937,0.5203018675558451,2.204925792309845,2.4979027696676686,-0.5639832950521456,0.792233907140113,0.6499710076348839
1974-09-01,-1.2699020414812796,-1.0464387216093707,-0.7947421750931439,-5.346449323306529,-1.969523810055623,0.0010354435813768937,-0.6389861040782374,0.6749339589310297,-2.7640894571319623,0.3678625041508575,-0.9011953096207485,-0.7280394397920129
1974-10-01,0.7619955731170073,0.977653215361964,0.9441490828643132,2.6935074512349373,1.6489210383612194,0.9647988618415484,-1.0123988621919835,-2.2273215821016485,-0.002136508892524547,-0.1880292841025059,-0.8711287061172127,-0.7064365216636522
1974-11-01,-0.46265169296235314,0.20073541645816673,0.15413935747056023,-1.5888175636840207,-0.508212072561547,-0.9627279746787947,0.9068864750969351,0.6927615508493443,0.735323421322166,-0.002672350275115033,-0.847887451087204,-0.02159658636260336
1974-12-01,0.5206126302499726,-2.6863178031713364,-2.2447351275807783,-1.319883173057486,-1.3946006854207238,0.0010354435813768937,-0.09066219375782389,-0.7422649285005023,-1.2315511504040664,-0.0026286517174610503,0.7955978201340066,-0.02125209381591031
1975-01-01,0.8114388136000155,0.7274501732516211,0.5593413904930318,0.44222834050989657,0.27511492527886794,0.0010354435813768937,-0.053761881127865674,-0.021391411870802908,0.24439095140381226,-0.3620382626724182,0.7742371576790822,-0.020915755110367425
1975-02-01,-1.4523256845165224,-0.9623220174041879,-0.739877495117656,-0.8724878835104463,0.057847382574545476,0.0010354435813768937,-0.3533475083560576,-0.7196946855543495,0.2433683844330404,0.3591368188696215,-0.044440727420540393,-0.6730202908416149
1975-03-01,-1.1043359253293694,0.24410946768548844,0.0011259435871209514,-0.4388167937638724,0.3568897944552749,0.0010354435813768937,1.1324275643243766,-0.7074993959417105,-0.2458708402986976,0.17516436696726412,-0.043478922604353674,-0.011416904273511552
1975-04-01,-0.32081099615656034,1.2039981782004336,1.303632895422824,1.1058702800104896,1.3090649196302926,0.0010354435813768937,-0.3853922355869289,-0.004819308401943897,-0.24485205886366176,-0.5348438886278664,-0.8201407318875963,-0.01128354467251323
1975-05-01,-1.250235203566507,-0.48232577545834593,-0.18916144723809003,-0.6589021070670212,-0.30924919339497153,0.0010354435813768937,-0.08996900982150466,-0.6968434686673959,0.2430319386753341,0.00044228321869647675,-0.7994562503438462,-1.297199442625977
1975-06-01,1.1245522656154665,0.47181901671725934,0.17951696003637485,0.4460457588396473,-0.5535782245169025,0.0010354435813768937,-0.3537307828121527,2.0675671441789447,-0.24451372033808746,0.7032785283046746,0.7527771740185778,1.2824002039357942
1975-07-01,1.1123529545083612,-0.007103667926077393,0.17489689975599512,0.4460457588396473,0.22885400952446328,0.0010354435813768937,0.47190942861036017,0.6616975959503423,0.9709857153679571,0.5101213251706699,-0.026039760682664306,0.6253115887224276
1975-08-01,-0.33212402015084147,-0.006930043673830985,-0.008667605061693404,0.660381768546862,-0.11808778385169254,0.0010354435813768937,0.30369889814092504,-2.0614344421471373,-0.9724674970307106,-0.7018502475656451,-0.7805917452395437,-1.2834411123463254
1975-09-01,1.8819440277639836,-0.23682592621205434,-0.3621351452717083,-0.6577285586172947,0.33160318005793565,0.0010354435813768937,0.25538809657892514,1.3452930362708557,0.2413542173624859,0.6707828645455381,0.7360162491003984,1.2546710374387398
1975-10-01,-1.3885432839208511,0.2253912620349645,0.17347997157376055,0.8685014961171437,-0.3394315734326904,0.0010354435813768937,-0.4373739776931249,-0.6886777471442959,0.481456314864621,-0.8521779788184793,-0.024878699970449697,-0.6432509342312184
1975-11-01,0.28932335941284504,-0.6874837595726939,-0.5288269195655116,-0.8664541282195278,-0.4772661966853444,0.0010354435813768937,-0.08962457388258514,0.6552337748693937,-0.2438234152594053,0.6603359616234818,-3.7301593774975155,0.6104809692701624
1975-12-01,0.4844071678876592,-0.22544316905017475,-0.34830509242121294,0.0025317339769351677,0.10863939339227921,0.0010354435813768937,-0.09036270355652445,-0.679761040750072,-0.002053879610113869,-0.8324932294307972,4.449697513759999,-0.6347061972241447
1976-01-01,-0.37372862975349647,-0.45168728107712314,-0.34830509242121294,0.002541567834248595,-0.2264516821927412,0.0010354435813768937,0.08301239616792086,-0.6688575159399269,0.2367612704742611,0.32639215417194867,-0.7682475299102802,-0.010181214013403257
1976-02-01,1.986902022515114,0.002699919521005137,-0.17513460348062848,0.002551302526413767,0.032087383549522064,0.7332154285108381,0.04013214524658803,-0.6616968445621878,-0.0036551803607148088,-0.16615870207301736,0.7011754601563477,-0.6207936497718409
1976-03-01,0.16301032521308856,0.4586042734123417,0.5307590425472789,0.0025609393819654544,0.11100570364614613,-0.6745548390044053,0.30113013914567915,-0.0007187449215920616,-0.240509841004871,0.320034147098345,-0.0362160816747461,0.6040949987087076
1976-04-01,0.2071077135691024,0.456333581762735,0.7062776236308832,0.0025704797075778926,1.1404408590892294,0.0007090075536507173,0.6735081561990583,-0.0007145446139451458,-0.2385783708022177,-0.4856003955341112,-1.458306157592579,-0.6150833449382885
1976-05-01,0.5563631941268408,-0.4516847775893614,-0.7013980592005916,0.21315256975891358,-1.021986568245101,-0.05522782273457604,-0.3178128692695579,1.305976135011725,0.4711074201952356,0.158971002586583,0.6952049601052167,-0.00432645529628425
1976-06-01,1.1763334464949338,0.0027049265796020754,0.17766607576790025,0.4188726994982131,0.7021726301249119,0.0010354435813768937,-0.29923697236726415,-0.009948950698231394,-0.003585285987743268,0.31424801887386156,-0.02216703984239967,0.596553130548978
1976-07-01,-0.5912440433610167,0.22783994302914864,0.17679309578737276,-0.41919895692216413,-0.7370458758768417,0.0010354435813768937,0.5910283408282209,-0.009839109917149341,0.23016781186808322,-0.31961018836046134,0.673912387084524,-0.00963688048566591
1976-08-01,0.008772164281379845,0.0015968388008234793,-0.1727845820974727,-0.205866106337916,-0.29824319893562456,0.0010354435813768937,-0.767367784553994,-0.009730998927702886,0.22648353817487787,-0.001757431131407036,-1.4129787932741438,-0.009533229685753326
1976-09-01,-0.3745627987902823,0.0016065592797479436,0.0021513532285858637,0.8251378421546353,0.3691923802427868,1.2974361371001837,0.03491969848140661,-0.009624581598796488,-0.47002689693048777,0.4626305396571906,0.6745667799366472,0.5808103941447068
1976-10-01,0.007952210060477484,0.22418119990449617,0.521774917276732,-1.0269726051965333,-0.07580086136267443,-1.2953652499374297,-0.004555025354122963,-0.009519822736637835,-0.46450222503849453,-0.009119178037450906,-1.3849284791411618,-0.6026817402782414
1976-11-01,0.795428702933061,0.44170855328322844,0.16941355868389954,0.6150823713219293,0.3006382677370109,0.0010354435813768937,-0.2753536392298146,-0.6419737887841225,0.4593807258841885,-0.31170597353771,3.38266138042545,-0.00919946754629723
1976-12-01,0.6449747317608981,-0.00583010582864112,-0.004538199911338174,-0.001223771810410281,0.25818688219637037,0.0010354435813768937,-0.39561870219321327,0.6264886156441598,-0.0034457492821215433,-0.15418999643591424,-2.734454701029256,-0.009102730540277265
1977-01-01,0.7447484744772702,-0.8767824403042095,-0.511527457122507,-0.40328148618946524,-0.48289249624154446,0.0010354435813768937,0.6240842605455879,-0.009248315885458505,0.22454953827658208,0.2980830210289067,0.655117729149891,0.5679931494932916
1977-02-01,1.5557768405116514,1.3052222673815734,0.842466871206512,0.20329598898256687,0.5855410080101803,0.0010354435813768937,0.6527630911647737,1.856443135145287,-0.005462747237520272,-0.15407295934563173,-0.6812170248736583,-0.5888860774378532
1977-03-01,-1.2496655348745787,-0.4417092678551139,-0.17647114385984164,0.5981762473146504,-0.18879860891433606,0.0010354435813768937,-0.24877404324885313,-1.8840586790479814,-1.1364924856374075,0.14411851537945208,1.9593206994747405,-0.008790988532426268
1977-04-01,-0.13194723899718291,-0.43136713537728494,-0.5013788261965928,-0.20404679902760284,0.27547387172106846,0.0010354435813768937,-0.38433812775423837,0.6047031797687802,0.4528557376778338,-0.29801631125447786,-0.6912116608932388,-0.008700563846896556
1977-05-01,-0.6223517874075432,0.2122679689190099,0.3284161882246753,-0.003658266788446482,-0.8441726460943123,0.0010354435813768937,0.2538857612305356,-1.235897354555512,0.902086183031956,-0.29348482979493096,-0.029132034164837724,-0.5739063165318997
1977-06-01,-0.8582147387718094,-0.424271159206093,-0.8202646821910297,-0.9772217067775667,-0.5054511344992282,0.0010354435813768937,-0.9290334419942552,0.6048880322639313,-0.23186078296223958,-0.1455930486478653,-0.028621344011736112,0.5596236023385954
1977-07-01,-0.1360151203767791,0.0017704225484042955,0.49299248870415957,0.39435910552214004,0.45776236808393533,0.0010354435813768937,0.4782155818439952,-0.008586148734818166,0.4399636493929253,-0.1455930486478653,-1.2947608958470256,0.551152102145255
1977-08-01,-0.40870441960396087,0.4212676261841775,0.00016342736075789955,0.19693141677575943,-0.0038627663153084518,0.6458567347755048,-0.04066225731768792,-0.008497112531859962,-1.1177372925145745,0.0005569487145293629,0.6204557247326061,-1.1276169802741967
1977-09-01,0.10030455801033249,-0.2103646475419807,-0.16157324666350753,0.00131997278556031,0.2209849103332601,-0.643785847612751,-0.608145503426944,-0.6079724569371938,-0.4451681598877353,0.4404970009637282,0.6075278961283095,0.5513218339775459
1977-10-01,0.13420562207225836,0.20757034855754714,0.16270547353536832,-0.3836939023195827,0.1859568978402079,0.0010354435813768937,0.17727563410895852,0.5941577159420244,0.6656196169254804,-0.00018472678731416703,-1.8896221840701488,-0.008213389814780156
1977-11-01,-0.7636956915383984,0.20384147210310577,0.3205337669845212,0.7714446910074367,0.4024237030386055,0.0010354435813768937,0.5743761284691847,0.5854901537262485,0.6605971345270294,-0.00017805997463342282,-0.004414476267842015,-0.008131646824090741
1977-12-01,-0.9477906527867026,-0.41347690404933823,-0.3215317545828553,-0.3836462397147222,-0.153876523260424,0.0010354435813768937,-0.08077800474030286,-0.6047992878663179,-0.44625477739829333,0.14451175263522129,1.2299940697612317,-0.008051108898874297
1978-01-01,-0.7246594072057202,0.0003169348031606084,0.00027229647198918515,0.0014153098138319216,-0.040911024896073456,0.0010354435813768937,0.11197598431579116,0.5790509585879355,-0.6607119028515439,-0.0013704206872936075,-0.6293699679364791,0.5352806725811874
1978-02-01,-1.066000270249999,0.4055158209996957,0.3153320883345696,0.37846682405470256,0.06512043224573652,0.0010354435813768937,-0.042280688847240705,-0.5979095526432985,-1.3231686872616737,-0.28807604652838614,1.8157760141854555,-1.094398404636824
1978-03-01,1.445561586832843,-0.40660369280266007,-0.15967166223905138,-0.18997859815314416,0.09600008877090517,0.0010354435813768937,-0.4255522839265392,0.5727519121690464,2.2044093021826683,0.0005667507816148466,-1.8437111585579018,1.073443762164454
1978-04-01,-0.04092672446059857,0.9992662323846946,0.7729966585719655,-0.18658927437485967,0.2887678346223207,0.0010354435813768937,0.5348545782950246,0.5619040317531323,0.8688009527614039,0.0005675413085039715,1.1905727494874567,-0.013765550417027601
1978-05-01,1.937924780012241,-0.6070172543716783,-0.7800388628880359,0.5567580661597012,-0.541152862381798,0.0010354435813768937,-0.15756258434655276,0.5486611979256482,-0.45016903800041386,0.28587617611047084,-0.6192975839682358,-0.013589388265651103
1978-06-01,-1.5898158010914802,0.1919723978402573,0.4553634007769423,-0.18889372291733747,0.35065580622160336,0.0010354435813768937,0.5256946822828993,-0.5968329939385085,-0.6557601618417768,0.14029594455402275,-0.01573140167482118,0.5135682410923709
1978-07-01,0.11123211205709188,-0.007039484854879389,-0.1587233140198621,-0.5498814495382974,-0.708548627076498,0.0010354435813768937,-0.7967940399874269,-0.021307452490569763,-0.8642316433891637,0.13755218783410228,-0.01552938376922875,-0.02066869807537006
1978-08-01,1.4920450614535496,-0.9732098610303619,-0.90466380933492,0.5486141513862479,-0.03314769608467735,0.0010354435813768937,1.584707926197336,-0.5787200532623182,0.6460167563504974,-0.14421068574374654,0.5677072055507077,-0.5391541833737282
1978-09-01,0.2694852731777089,1.159959839900836,1.0509375035574775,0.17758312264528,0.6077460148413644,0.0010354435813768937,-1.3673872414728088,1.0948344306052857,-0.0017948862999478574,0.27384143163917474,-0.6018920160606741,1.017585508601784
1978-10-01,0.6026355345766955,-0.7729719942359586,-0.4515740699117534,0.35117655993312674,0.14635360206844034,0.0010354435813768937,1.1250413535518933,-0.029486741741203516,0.6397261092148337,0.1295403185408638,0.5598429985140574,-0.02842902766137899
1978-11-01,0.9752879702188013,0.5707889011652034,0.14636852200568937,-0.36440028931526797,-0.47092627991826075,0.0010354435813768937,-1.2022746094998153,-1.1172143280951514,-0.6448566314947508,-0.144947998496675,-0.022832850392968788,-0.5333854127373884
1978-12-01,0.6199964759968664,0.36923270254422275,0.7254862910850624,-0.1799595337631438,0.06015948022689474,0.0010354435813768937,0.03133133999369926,-0.01245884002026103,-0.4271218713668201,-0.006816829695734335,-1.154954434316333,-1.0247000037858482
1979-01-01,-1.3367310740411038,0.17198471525505168,-0.3042931797082007,0.3455277593937708,0.447686514497957,0.0010354435813768937,0.5121408736263104,1.0632254362386215,0.8489325893249337,-0.6732032613412863,2.24281862278468,0.4941690642150558
1979-02-01,-0.6232485078899339,-0.38384459476914323,0.1318113042699446,-0.17967182845799456,-0.04550420109182981,0.636674781561844,2.278930344413559,0.5041697910512166,-0.21584217931669333,0.6660994974819983,-1.711396245958632,0.981749639821607
1979-03-01,0.3788872408798071,-0.19094529026801066,-0.4342168188802474,0.5068103296185335,-0.09927561095302488,-0.6346038943990903,-1.9731770045850896,-0.03718211602932109,-0.003022161871491174,0.7781932684797461,0.5398976523620157,0.46492605269088827
1979-04-01,1.0009709507264153,0.3550896384671827,0.2744067622416827,0.3211576228126413,-0.3177886576350089,0.0010354435813768937,1.1874205346891658,-0.03643196612875541,0.20650232828633053,0.22795233779631377,-0.5707516442776104,0.45038481366507965
1979-05-01,0.019762936756675675,-0.7270206955575725,-0.700241532167205,-0.35362352552649745,-0.08546670824380337,1.2957536859488623,-3.293457798424929,0.479827757915019,0.203538527655883,-0.16107783431404216,0.5327792402273485,0.43436748775748246
1979-06-01,-0.30240288021500833,-0.000683386462812374,0.27661089257022836,-0.013525651685644223,0.16666080117700316,-0.7691686871203521,1.7368938710176862,-0.045722272106527254,-0.6287574035645831,0.09291093992094347,-0.020640718960438342,-0.5288118322157301
1979-07-01,0.40016826547551543,0.7068372179619373,0.5438400535106253,0.4714242439587693,-0.002856215091166692,0.7437634982841724,-0.0677140979782093,-0.044704485213873185,-0.20900744814599612,-0.27409490424611277,0.5170241604629423,0.4251065878944151
1979-08-01,-0.6214714382040869,-0.011508686934655617,0.12264568982346638,-0.1843958461095158,-0.5252053374743952,0.6604337797526983,0.047954220605733164,-0.5424751242588517,0.20605641761134177,-0.26090806098165004,-0.5613421124428848,-0.05292001553212515
1979-09-01,-0.786506881802642,0.8502649926431611,0.6466439550983317,0.2931399605939399,0.9341421953860105,-1.2159385442535824,-0.23354987276665462,-0.03272570935389883,0.8220904697490239,-0.2504663634291379,-0.019690573348815365,-0.9651955486646492
1979-10-01,-0.5150321724887756,-0.7110738382705913,-0.9446500936234068,-0.028613561297063782,-0.4160944535238011,-0.5389987598324296,0.9810847723953741,0.45735944229857844,-0.21354031886463576,-0.3591939444836593,-0.019407181084316015,0.4221719285247816
1979-11-01,-0.8531706362743814,0.1538154709787506,0.5078748535522347,-0.7877508017354458,0.07669011175200466,0.48188492625504764,-1.105263641167823,-0.04117274116917702,-0.006672364311989864,0.22862326530225088,0.5020521313323519,0.4081958540998651
1979-12-01,0.18840084960442696,-0.34934909471311865,-0.5285338561678403,-0.007740786809588365,-0.004454471044846977,-0.18856004329123047,0.6581025148911709,0.43833533345109454,0.39679534800110694,0.45061270005531695,1.004262500389838,-0.04834783375886496
1980-01-01,0.8517734715435124,0.6466062564585139,0.6215210320198156,1.7752274081681079,-0.39336090759426046,-0.459850863510794,-0.45970904302779114,0.8944420836130037,0.18770317070577952,1.2104173332062866,-0.04683106314899119,1.2597889115188383
1980-02-01,-0.8660182045153293,-0.025192153454141265,-0.022825671855474655,-0.6426408203278148,0.5184938970421697,1.265862623666881,1.5439911832684021,-0.5380196496741529,-0.41137516942975333,-0.5002360476796835,0.45735724971133707,-0.5097756689277094
1980-03-01,-2.3279125745512688,-0.5026575455657122,-0.509771013485334,-1.468683823378644,-0.9072070210931847,-1.0036800004017974,-3.439358742140707,0.4010183992145144,0.7772775498275797,0.16843365775171903,-1.0510810456363586,0.7779294533517023
1980-04-01,-1.778325294553678,-0.32849067063552045,-0.37252423078581776,-0.4312221766145819,-0.19725254893394584,0.11853004000812384,0.6076240832092762,-1.4304191880169677,-1.1899647168726881,-1.7174115189608268,-0.5271622341737146,-2.170537049233621
1980-05-01,-0.9874190120478368,-0.4781228320134983,-0.24393781014057161,0.2879536529413711,0.9842038939631251,-0.37657088894769986,0.400149337383464,-0.03551269247441897,-0.3933272099859355,0.2078228712030884,-0.024310821621138897,-0.033292369259694345
1980-06-01,-0.1578269007983497,0.4701961670794907,0.4801455213169796,0.42453669977786385,-0.16225729205863337,0.0010354435813768937,0.3144888142189032,-0.03481165578137124,0.19263384824663699,-0.7323807936073874,-0.5102420180146802,0.37638162385431256
1980-07-01,-0.7131242223904928,1.0761452634347537,0.8208625540501796,-0.14619023608455697,0.999369952184801,0.0010354435813768937,0.9401798219052239,-3.1382156943041886,-0.0026693482737713456,0.5223956211351067,-0.016437973618201884,-4.108249940312889
1980-08-01,-1.2798394280279874,-0.6384773078633714,-0.49123762217956746,0.41304967780370955,-0.07806863367460062,-0.37657088894769986,-0.019025550740142942,2.217116234306662,0.3826273438174766,0.20561627456663256,-0.49675675798814556,2.042157294926557
1980-09-01,0.7463446997895786,-0.9201582317213673,-0.9361246043741058,-0.8367860035803887,-0.7470322369144948,-0.1487089248003491,-1.027081237216422,0.42000680543458485,0.18527573308297623,0.30346160420934704,1.4218121972244027,1.2058178716908765
1980-10-01,-0.8307850951825037,0.45227018508540834,0.23204422423999518,0.6870009560378948,0.08835893279026334,0.5283861444921797,1.0385834517453778,0.40938536356810956,0.1816130983327023,-0.211433789050392,-0.5031658011115046,0.7760968946843012
1980-11-01,0.8146985548168253,-0.1543457587214293,0.22827937034664153,-0.2790337403877778,-0.12214947192101216,0.0010354435813768937,-1.0151772081068158,0.39760399073792946,-0.5766111117111794,0.09544610540721496,-0.9616217972451511,-0.4340716699465713
1980-12-01,0.6726183950463396,-0.2999620800252636,-0.34473290962507624,0.26595587317990577,-0.48509049811680827,0.26827440838984984,-0.4557183725214797,-0.46569082037242937,-0.38060889622073457,-0.10619568191907099,0.4576704392077058,0.36185651632159277
1981-01-01,3.3185665947035115,0.8861781248776495,0.5658822394835531,0.3912107689577708,0.3456573066143904,-0.006091785124766227,0.4648231206913567,-0.031078615005853717,-0.18975892052280202,0.9775593030805025,1.3749865394993341,-0.4247528349631583
1981-02-01,-1.445902171138886,-0.304225625171508,-0.11911324595990012,-0.936783215467358,0.021503375087208915,-0.25907629252095293,-0.3062298716238669,-0.030502584517989078,0.7498892332110956,0.4467807266793618,-0.9546456642529265,0.35537630735564874
1981-03-01,-1.335115001103673,0.42634705004653084,0.43741479368440067,0.6555384739205247,-0.2748327096078052,0.0010354435813768937,0.48402153233950873,-0.8593266786746414,-0.19214236270645896,-1.079785497206133,0.4342442199708023,-0.7964404710659779
1981-04-01,-0.7895131471342102,-0.15794918567270624,-0.12334139906470377,0.24892385373122974,0.18260549564272413,0.0010354435813768937,0.4076745852928213,-0.4290096852018027,-0.00390551447496447,-1.1355440903450353,0.4226892276499627,-0.7776890371363269
1981-05-01,-0.6943487333328187,-1.0038486836674632,-0.9870651008913117,-1.0391015253486664,-0.18306269859553123,0.0010354435813768937,-0.1414302377119566,0.3991725793433124,-0.5595888357055541,0.5651105817103304,-0.4821933098191255,1.1170721059016258
1981-06-01,-1.2231126692811554,0.2850313604567718,0.21916810321762092,-0.1261809880766499,0.34174413248050434,-0.5263152573294259,-0.3565697720746853,0.7977880452942948,0.18429993204345213,-0.0017370881702750405,0.8574529326691374,-0.39903846673864246
1981-07-01,0.2155698164742125,-0.4235407451807271,-0.32394631182377115,-0.12500413542595143,-0.22813692610825376,0.5283861444921797,0.35010608094010665,0.7765983114839359,0.36759213062768237,0.27611010541812586,0.8291816629035677,1.4543747175225208
1981-08-01,2.5655825517569895,-0.1384895164525946,-0.10598203568439178,0.38580464480355625,-0.25032653359374657,0.0010354435813768937,0.7419017477778367,-1.2383858240678236,0.17966426303800065,-0.37299791598788934,-0.9248283643401507,-1.1410301288531397
1981-09-01,-0.44268829490474826,0.42501606986857127,0.4350133203620619,-0.6338699117139848,-0.07175559895604232,0.0010354435813768937,-0.9379958986239406,0.7702920199172486,-0.5537263107931443,0.27382080239258655,-0.46851036021712317,0.6967986372245243
1981-10-01,-0.3370667800283808,0.0007668102941783846,-0.10686663542964399,0.13117756919013782,-0.05096410932135469,-0.2737323614699732,-0.4816773853655351,-2.389305783070197,0.18104229410949046,0.17730498914556933,-0.032278190762235835,-2.546202492679486
1981-11-01,0.26085266018715075,-0.13861562051025753,-0.10586635451363059,0.0038622201098844748,-0.005450990406502214,0.5505710536840771,0.06979458061178605,0.38901751527283657,-0.5489451839973009,-0.18641222326433482,0.38736581993197217,0.7125834366943142
1981-12-01,-0.23285596005912576,0.14077271646849707,0.2160878023126825,0.0038624749955343683,0.13917326636717914,-0.5485001665213234,-0.25858391144914716,-0.3969178011118155,0.5457600201180839,-0.4509960146836552,-0.869200019575589,-0.7216863124562357
1982-01-01,-1.0421118131257094,0.2772224303190735,0.21348846225844642,0.38352382881262215,0.4308385940495066,-0.05005578236041098,0.15097676372746188,-0.0032802595668832146,-0.5472418017808373,0.08987779077921362,-0.023417242320792054,-0.0033572980417135136
1982-02-01,-0.9104917796934886,-0.9659496528019549,-0.6372179016990412,-0.6289056009649217,-0.1443498170509188,-0.3563314521077253,0.27372201788924594,-0.003256534599215638,0.5440671906305441,-0.715957964583034,-0.43219339623130754,-0.35773067539246794
1982-03-01,0.1419952544553854,0.1412113458198912,-0.2103476815274623,-0.376556556634169,-0.14305336585328324,-0.3173215374223221,-1.029084583902573,-1.1666452753438827,-0.002423265351312468,0.08875527775110868,0.795597820134168,-0.7098561127351195
1982-04-01,0.49264045727481837,0.2792038858555683,0.32167476637811204,0.25671469769857436,0.19008549603153438,2.571483923779922,0.9190191492890762,1.16387063108833,-0.18271232645416272,-0.8201221796814976,0.3727744869938108,1.0621236255075344
1982-05-01,1.5259226291631873,-0.27304547016695385,-0.21045525862557035,0.2582381601505956,0.2807433961496118,-0.8702438502737639,0.17461083941703712,2.305366001225609,-0.18159574263686967,1.7290764461974,-0.4340514298995586,2.1040925393864836
1982-06-01,0.6471747227870156,1.1020276489046479,1.1685474662082456,0.13117756919013782,-0.423438991137212,-0.9328470780375577,-1.2160673640567292,0.7272596960178718,-0.0009255292861621951,1.3418422255343183,0.36642928630148863,1.0093253580028152
1982-07-01,-0.04091827202804657,-0.5496940780060043,-0.741392135359711,0.1307956868960943,-0.23511909339478745,-0.019097555281361513,1.768565274528908,-2.303492207516933,0.5377646059926896,-1.0906107316530795,-0.4254673611029801,-2.4508307083787453
1982-08-01,-2.210788973171891,0.000903205442046282,0.10624664856759874,-0.37693792536309517,0.0446149594951413,0.19731889121549206,-0.3500057416233373,-1.136958086094496,-0.7193611687143634,-0.7078803040773498,0.3602945950792482,-0.6939732591360654
1982-09-01,0.9923609237910587,-0.40525812879245476,-0.20800368079313306,0.25785653274220194,0.06982751664306942,0.5322721713722676,0.30747018780362034,-0.7532956917539411,-0.0007408908313766912,-0.2635174675094624,-0.4172148888287992,-1.030359331517697
1982-10-01,0.3949125555941232,0.27359599583631317,0.10625787770594576,-0.2498773344026374,0.022995533345188533,-0.4563777258226109,-0.5314706953739782,1.5033485851097934,0.35747118478893847,0.35329552440773576,-0.0260944669513465,1.3690385179039282
1982-11-01,-0.8917463715870095,0.1365993566872711,0.10533320715440868,0.384663129475371,0.23997810796573438,-0.4401209150793492,0.33796304447975295,-1.8775790711339246,-0.3589529664516918,-0.17543982409157016,0.7285386778062795,-1.3689124432824864
1982-12-01,-0.23654312820437834,0.0009544041041149006,-0.1026112708993876,-0.24975046434959666,-0.21636603967167026,-0.29145068132399127,-0.5949404232654599,-0.7521372700950908,-0.17975573410554715,-0.4404830553229991,-1.1594512720249452,-1.3689124432824864
1983-01-01,-1.4283793227529977,-1.6117674436932368,-1.2437372926526669,-0.37681105531005443,0.0958054819977942,0.5566531054530981,1.1469553467673406,1.8804139798783086,0.893242694441183,0.35356500957873854,-0.019005147737459267,2.7380139984971352
1983-02-01,-0.6420644787378997,1.2154767175255643,0.9377647404253701,0.6387843113962866,0.2867173784749914,-0.5615281297342316,0.04023112944066932,-0.37622400546607027,0.17393347961841973,-0.5329180157962596,0.7178887153097566,-1.3689124432824864
1983-03-01,-0.2756239873401337,-0.26717040697468714,-0.10200029083719893,-0.6311864863439084,-0.16862868319265492,0.6840488368377842,-0.7606295296704969,7.539168636876607e-05,-0.8903840032795625,0.26546334027461327,-2.591647335000668,6.303731072093264e-05
1983-04-01,1.8298980680413648,0.27332882266330155,0.10687985526749058,0.13041252633423442,0.04620268547140726,0.6326576663057054,0.11613704842923331,2.2406832835283064,0.35386017350342863,1.5152117023695926,0.7305397283074779,2.7213134105839396
1983-05-01,1.2390975865930514,0.27252834603128906,0.3154495270480047,0.6406957703952798,-0.23577012347155005,-0.7830236200167215,0.2327911288895588,-1.1287224005668062,0.7041917811530395,-0.45174101557443785,0.358032743933709,-1.3688223213241784
1983-06-01,0.38429984503479453,-0.13244320883952207,0.0015114276789985697,0.129523163067191,-0.024077113034973677,0.5171887330271371,-0.6251051507451663,-0.7448830534808217,-0.3574482440340308,-0.3534677322681025,-0.009257363327886247,-0.3416056086113557
1983-07-01,0.5353657624112318,-0.2659723210683425,-0.3096416080815658,-0.12420827313905372,-0.14350176708683476,-0.1133058857257403,0.5292211760025294,0.7368468502757441,0.34543425511979325,0.17315930908942684,-0.3696274132512741,0.6671012174113632
1983-08-01,-0.5331269254943758,0.4056650721964751,0.3135983085026569,0.12865979142299785,0.8738334418701095,-0.12772651604351323,-0.12264438116166919,-0.37273155135816366,-0.875515492989225,0.17004737110763335,0.7118433017638559,-0.34151870828352726
1983-09-01,0.542448984363681,0.0018957102105743443,-0.10178973940498935,0.37716599156258385,-0.3821472744395048,-0.32332595038851847,-0.12092820537836567,-0.002845500058483868,-0.5235944300692107,-0.4328577957963024,-0.7263718533193682,-0.33746743857307154
1983-10-01,-1.2453066351901576,-0.3983231588741278,-0.10117712287962263,-0.7483291232885855,-0.2777062050293133,0.02671007321759468,-0.2677958313949757,0.36226790583414514,-0.0014332976661134778,0.08558796633704492,0.3497616248749398,-0.0029105323325538516
1983-11-01,0.8372599398429278,-0.26439121410570376,-0.5147307268310307,0.0038669351457093866,-0.18540007949937154,0.038451107654800636,0.29085527296629093,-0.36898383732474116,0.8722968329120429,-0.0005479547702611204,-0.008835089306270007,0.3273508978068749
1983-12-01,-3.0939218053313158,0.6715590420889463,0.8301566011622841,0.0038671760177401257,0.4851488111772243,-0.01252611614199432,-0.06227319155771715,-0.002780464147603688,-0.17617815817364305,-0.34055033225543957,0.3429902949105231,-0.6633629251264919
1984-01-01,0.9259718049302941,0.5332036983200795,0.4114466803245092,0.12818882688306715,-0.02613618064894249,0.3481157225440409,-0.21019638828828666,1.4411340040918172,0.34547835055928394,0.4256130242408217,-0.012391524433652266,0.9836603271145307
1984-02-01,3.89808847510245,-0.39881524652656897,-0.41139346525775045,0.25129580631235654,-0.43399054915333196,0.0004124732752854588,0.4987177738734624,-0.733155206143351,-1.2158598134294942,-0.2546621321979354,1.375248745753757,-0.007971752468872361
1984-03-01,-1.384112307477535,0.0010358072038564655,0.10247192237957263,0.12529205689276285,0.6133884553042435,0.04999661320720655,0.3696945711396478,-0.7225142037677018,0.6935880520317936,0.4215573746171696,-2.78711115143716,-0.657790346237692
1984-04-01,-1.0130511233405912,-0.3926352633191431,-0.6082404230225107,-0.3672732016218107,-0.5440619035560806,-0.2417140573298937,-0.47096883642670384,0.35358550655161547,-0.3481622886197463,-0.25389114113937733,1.3755232159163926,0.6452229353942571
1984-05-01,0.27193840177822237,-0.2598839453469391,0.10405578717833933,0.003513102010234909,-0.04621181796404769,0.015214441652312055,-0.8091742738827158,-0.7151572880665711,0.5202198089819806,-0.0004909274179490188,-0.6958020591475806,-0.6526539116942205
1984-06-01,-0.1362008870602481,0.13456078443993041,-0.0992744499310013,0.003514943546820814,-0.11606311600022538,-0.14604478628667264,0.45616237378689173,-0.0009151119915222307,-0.5215301937755369,-0.1667275356701133,0.3355493597021157,-0.32471656401296556
1984-07-01,-1.288603252735682,0.2659158756128631,0.3074842514706336,-0.486329353285761,0.43480967310812824,-0.22431216508082252,-0.26975415127895874,0.7064593670142935,1.2114750617500345,-0.3323285278919853,-0.008133630130262845,0.6412268644856042
1984-08-01,0.0174276865749071,-0.5225941276928044,-0.5060333414191888,0.003514943546820814,-0.3212695192854776,0.5722234470360936,0.021081477496228875,-0.35713323903656247,-0.006838831936238573,0.2506957743273808,-0.008059337546798035,-0.32468436684983654
1984-09-01,0.5125623114277339,0.2659158756128631,0.20567141141618955,0.1266280941748394,0.04496701533691683,-0.1461362734197154,-0.038759211414109165,-0.0025789442105477378,-0.6904694559809331,0.16697164632523018,-0.34411593143643343,0.31621220784825393
1984-10-01,0.40764776389805274,-0.2602643776302234,0.002340983113577127,0.24998087286113418,-0.18739364061258465,-0.2026863043505706,-0.2885789580902379,0.3475877859243913,0.16943432131476505,0.3306735864134745,0.6643458779698714,-0.004798815413829008
1984-11-01,0.6905599635626214,0.7926030465619244,0.4101838018057872,0.0038704750476807005,0.3957457791246922,-0.04439170229637707,1.2920755717108843,-0.7028430289921647,-0.5137662472795237,-0.496103519065008,-0.0112269523349245,-0.6380420504544836
1984-12-01,-1.6293287807140215,-0.5231010453987792,-0.20157994880382948,-0.2417634262773665,-0.21062628947919163,-0.7436252680378259,-1.021125672809252,-0.0008685559023906642,0.16993555956680045,-0.2466216477453026,-0.3420337070749581,-0.31762876029594544
1985-01-01,-1.3220877700573175,0.003079207844307217,-0.20098868207714843,0.0038704750476807005,-0.23754556575033206,1.0555035359424276,-0.009502402320972402,-0.0008635295862287664,-0.0009063551815155321,0.49542363927616223,-0.3374166152111953,0.6318461634750511
1985-02-01,0.7116079613466776,0.13430805671895668,0.10415401436129296,-0.24271873459347892,0.2347418766084165,0.5211844145553914,0.622276019802308,1.3858796363421935,1.3559536809321069,0.08145570330901215,0.6518337137343951,0.9406011418110367
1985-03-01,-0.1939956309292709,-0.12814964103034224,-0.09937286720050749,0.2502191177263066,-0.3153274712186778,-0.2602297987315643,-0.22280628551698847,-0.35551137112937925,-0.8534218699070093,0.1616698900819228,-0.010811075935687012,-0.32290107106087185
1985-04-01,0.5718390579487242,0.6573382782237001,0.7136558625727826,0.37429290236484775,0.2139372927109721,-0.1449208011697031,0.9529100697112508,-1.0374650061312973,-0.6752654695672662,-0.16468015333980873,-0.010696552557864326,-0.6299048373878209
1985-05-01,0.5518078380915494,-0.2601239196002595,-0.3035803584182069,0.1265059563915028,-0.0022875756050481223,-0.6015487439793734,-0.8070050411799385,-0.0008267261303152384,-0.16912967184405234,-0.648038806261184,-0.010583864834145978,-0.0025507749955815903
1985-06-01,-0.2308078635875337,-0.7790326780253448,-0.7056492568443166,-1.1051244076236235,0.07269224914696411,0.2387373225520847,-0.5816412782076952,0.34150648711152454,1.342997828186595,0.24397900948506276,0.31051990482427777,-0.002536220096072831
1985-07-01,0.11856271381782373,0.5246116124454621,0.4071455309659775,0.37225011026138466,0.07408347785222227,0.23862168949703086,0.08310780833433912,-0.3437815966066308,-1.0088230384519359,0.08193922532875575,-0.3330483821557546,-0.002521786431073186
1985-08-01,-0.374217532254415,-0.3884749753198027,-0.20049830375964273,0.37549788650721244,-0.4314783190092794,0.08529076800056594,-0.07087402752563408,-0.0008100750675311204,-0.0008998151217841627,-0.4053222552831064,0.30711131471011055,-0.6194297769389554
1985-09-01,-2.4369264600302585,-0.6535663978490572,-0.5080036097986624,-0.12008864003029851,0.22292608260077343,0.036045426068319474,0.34022119029010056,-0.0008053770427229661,0.16589240836310643,0.32579890617894613,-0.3291368366444233,0.6161316652409503
1985-10-01,2.3286574972523577,2.360183064992877,1.733463282609329,0.25214607756994384,0.8710520685087135,0.23656080156885664,-0.2905065178691024,0.6778560620275919,-0.0013729786439720258,0.24466497292505557,-0.010012299994581449,0.30441534512962437
1985-11-01,-0.9150140660267967,-0.657533393130609,-0.308663801670515,0.1277043869240104,-0.18765427690445713,-0.008185861651368479,-0.39993893158038624,0.33307436724500117,0.1646342071307816,0.1618559511844051,0.3022617469022346,0.6062849700052978
1985-12-01,0.49689267132303705,-0.13009126904917084,-0.002272753147840383,0.250335422663254,-0.4506945793125497,-1.617575814038181,0.9064270249015753,-0.007281608946391588,-0.3333778047276067,-0.0010824086716617993,-0.32358233726209606,-0.9214674291037748
1986-01-01,0.037447756452115365,-1.2881156963337526,-1.401212024098733,-1.108124118848903,-0.2762751926075552,-0.46182206482213556,0.25564565176797654,-0.3417557765970118,-0.1665891523735223,-0.0010648893124310533,0.9156965674388022,0.6038667872706571
1986-02-01,-1.3256507416137389,-1.1754062823633897,-1.1222223820201493,-0.8735733553902049,-0.6268650847028858,-2.1921926831690794,-0.3288753360109722,-2.0107749828292203,-1.1649763270654838,-1.2045222627901524,-0.3271670988022325,-2.427597413365164
1986-03-01,-1.1795188010583275,0.11127017576645157,-0.02982565472893817,-0.14078370555138792,0.3403118467220485,1.8936485057616637,0.18893709263201297,-1.3469024839983412,0.49474062816818576,-1.9865620470397751,0.2871871830450337,-1.2227558884618361
1986-04-01,0.7602541032136816,1.0532282410212686,1.12938352632626,0.36793191779283485,-0.09955181923031803,2.146368349289749,-0.4203111071059299,0.6667401007282665,0.668013026403168,0.5951100077939064,-0.6240625478097577,0.6010273534982983
1986-05-01,1.621742601419227,1.3345650902395494,1.466059302665554,1.0235364786675005,0.959558792771402,1.621347439879492,0.12477838571776506,2.365318156519238,-0.16832743836840183,2.539735945646927,0.28762242253344644,2.145299830028028
1986-06-01,-1.4667194417444567,-0.26477047439190404,-0.5212129072344347,0.13220534408596338,-0.33140248939559136,-3.129289657767139,0.3488011323223494,0.3340523378137909,0.16684565670564844,0.4230189456480537,-0.6124202406053121,0.9154455385046741
1986-07-01,-0.3977021937795398,-1.4584502512761337,-1.2506450908198488,-0.6417910940866871,0.13743167789795463,-0.14247256054309843,-0.1645366619404768,-1.0108395878023717,1.0023914957175617,-1.7831508821811302,0.28790328829210005,-2.1395707714646712
1986-08-01,1.3131753623399611,1.5995691837297643,1.5711285711254048,0.7783764762413616,0.0270743972121199,4.066929584206001,-0.2571671918957383,0.00015161455825071215,0.4901787599444077,0.16152176449968214,-0.012021314127790644,0.6107879451159617
1986-09-01,-0.7982632904449217,-0.26412544373263475,-0.3125446181626221,0.6496397939931903,-0.11004518954295342,-2.7031407050403553,0.2502273198780253,1.0047004455029884,-0.6702153825177718,1.2908727289868638,0.28139631859341013,1.524788862475781
1986-10-01,-0.6961068487530767,0.5312904986198279,0.4175189658524009,-0.8995265166825034,0.24576332802795106,0.07743262755509904,0.15263860681509944,-0.6713719242866776,-1.3196009210327355,-0.5159043719959371,-0.3066846886564752,-1.2205501756524868
1986-11-01,0.7900857549211348,-0.922771170711688,-0.7251354292737447,0.26185552019866,-0.16446236942629605,0.2714064602126249,-0.31764365108691367,-0.0007531749127257745,0.9878240782946855,0.3444505703843227,0.2781701899109246,0.30334712994607826
1986-12-01,0.04980794685447905,0.3989216337598405,0.20987866537217603,0.26185552019866,-0.24524948809010166,0.31266643643879505,-0.09726587296552916,0.663807603758116,-0.0021260841030928622,3.9555623552687013e-05,-0.30286292958651534,0.30169759665893214
1987-01-01,0.19756391325637115,0.39663584767750026,0.518899139667392,0.3885047440499126,0.8379979233903208,0.9107422100774614,0.05927152344120183,0.6566383267273068,0.8140412122753176,1.0170934657190684,-0.584717933864267,1.503102063973584
1987-02-01,-0.23581524392531283,-0.26139838068443205,-0.2063079355950387,0.38270047941488994,-0.4094139393156317,-1.9494495190269736,-0.28756299908424243,-0.6676419620890003,-0.33400190182695233,-0.5173761725207447,-0.005812334160095071,-0.9132517452927003
1987-03-01,0.7631298347898392,-0.25912600878574565,-0.3063844015899179,-0.8900417560238757,-0.15965553635031732,0.813287775639607,1.002481935561774,-0.004250173772677146,-0.006109614396077511,-0.5039935763590455,0.27879132720118516,-0.6026531833105693
1987-04-01,0.583277737469845,0.6540932527507151,0.6152931980487888,0.38390266771892995,0.4403988578380512,-0.13400589328042742,-0.507912409843153,0.32230964867992573,-0.006050778625548062,0.1660106756686086,0.557633222849821,0.8889308034201899
1987-05-01,0.17609614653005193,-0.6488051026037526,-0.6112078816183568,0.12789734642060932,-0.1880603653372399,0.2183335205808331,1.4611704441563746,-0.6572361231245609,-0.16537856888879013,-0.3317676600759513,-0.5765153689766205,-0.8959508192952469
1987-06-01,0.41200693885960615,0.2620519348931583,0.3068954558836217,0.12604802531371775,-0.15522789774675957,-0.08860372017358337,-1.3916322935512084,0.6465993979704259,-0.7998429848175248,0.4956597691081658,0.5517080437440287,0.2926968436614795
1987-07-01,0.44131824683283544,-0.12714415751732272,-0.20128109630211774,-0.12489590381812529,0.0981252195288886,0.31773724680902854,1.0661727044000007,-0.6525658163274823,-0.0007408908313766912,0.07864085546559534,-0.5701909185790613,-0.2980505221367482
1987-08-01,-0.4850083746968185,0.00259035047708799,0.0020506418322462517,0.0009349891454092891,-0.05258557543500676,-1.1284494270065706,-0.5412476563357249,0.6420911753407967,1.111937450313696,-0.08518608060228465,-0.007823743097011891,0.8765052034624988
1987-09-01,0.7257320875805334,0.13122490068019563,0.1027925583479318,-0.36945884321606,-0.3464155186631771,0.14104133836632435,0.39479862744130895,-0.3271311126028452,-0.1652656240028892,-0.3257919275914548,0.26795687732211293,-0.5916803139064575
1987-10-01,0.23204559777096778,-0.6405697260548341,-0.4008117222270522,0.37321148324689374,0.07367474184298885,0.5272301510002833,0.5705271157903821,-0.32372989372463273,0.15086297298299742,-0.16131014065304336,-0.5591058644842246,-0.004003506196878349
1987-11-01,0.4661749546237926,0.26046591317026635,0.0023432413051191047,-0.12151483832928574,-0.12497014816487112,-0.625536773529439,-0.8039473330735367,0.31683847829111583,-0.007574758563670933,0.1620137859778843,0.26809406910256506,-0.003975290718791042
1987-12-01,0.36104616616391205,-0.254793591642511,-0.09868754692528885,-0.12007195258808964,0.12404334230392872,-0.438321986916148,0.5822420239417813,-0.6397984121207587,-1.5612289749427057,-0.3218380765089816,-0.27975032005427575,-0.5814462922072572
1988-01-01,-0.017205133678060296,1.033113952451385,0.7085898276224223,0.002929836737497215,-0.1261597844095036,0.8615002817387257,-1.3510335467836432,0.6340975879287264,1.2454086071507688,-0.08002491343339548,1.0782808123647867,0.2874397681430817
1988-02-01,0.6626248014564748,-0.8974735382203762,-0.703130461036212,0.002935936102159736,0.42672998358733466,-0.18017242811593107,-1.3238380620852237,-0.6364724801523058,-2.496785407019766,0.16223988527498787,-0.28523213317720775,-0.28980507312818743
1988-03-01,0.049678608444256304,0.5162808038594346,0.5057566620681716,0.12405892721457555,-0.5274511339412958,-0.09596999302770833,1.5533818163251725,0.3152398051192626,3.7446496220284233,0.0008052920748651733,-0.5478673511520327,0.8597468174352794
1988-04-01,0.10208655753396723,0.1296682867699906,0.20181070065492412,0.3634230113684283,0.6021204263344777,1.2746262023023938,1.4459835174042308,1.255565281085107,0.5884399806977222,0.40382793128806854,0.7914151417721363,0.27910348585191125
1988-05-01,-0.9512255281959506,-0.25333719944072436,-0.29900901960513576,-0.0015958695565141102,-0.22689420524534487,-1.1898256692471365,-0.708445051946901,-1.262730555739543,-2.617852776958343,-0.08114659910271516,-0.015908568493929888,-0.860588748680022
1988-06-01,-0.833875314946012,0.12968035857658736,0.10165709907458977,0.5904990778818616,0.19619792838876707,-0.2791220966055083,-0.8563135086038476,0.6220333414901094,0.6094316841376322,-0.00038276151287634054,-0.541027491683785,0.2813731025562097
1988-07-01,0.417683027679182,0.7598916066168635,0.5955167671120681,-0.36280439672527626,-0.36972909947258487,-0.1061675532069044,-0.0677129755726414,-0.006145946722133444,-0.0028503940035737208,0.07911860123545572,0.251970361165638,0.27851018194431176
1988-08-01,0.3395349526117653,-0.6323941947076435,-0.39731989450628086,-0.8206593642426996,0.1470202720180361,0.6461603992855695,0.17510341948863203,-0.006090331003043354,-2.7462859614981667,0.31477239687950864,-0.2721142309920543,-0.5683321501728579
1988-09-01,-0.9999742723442935,-0.24907554425340656,-0.29363704226691173,0.003558516904187675,-0.07385303822362338,-0.7031095098078292,-0.08871272148851415,-0.006035414857156276,4.880191211343318,-0.553892928472429,-0.00926518177936131,0.8391181218719836
1988-10-01,0.5970579161296938,0.0026195029825577584,0.002074209741050683,-0.3464262980301095,-0.09844528389924886,0.22703131979580723,0.8219877626152455,-0.3126355298489231,-0.9387133605268194,-0.07803457942379599,0.5053681883615052,-0.5661318336174662
1988-11-01,-0.314663016522288,0.25201597019054345,0.19729522578690706,0.3541905501072516,-0.24900207175804845,0.5885540863696019,0.18974185490795717,-0.0036354732168015396,-1.507099288512932,0.07921610369726145,-0.7820776032166782,-0.003664640793840521
1988-12-01,0.18551875085368488,0.0012604572965671161,0.000993702401718087,0.46828664670089626,1.0599901260046687,1.3545875997993169,0.1799743664230541,-0.003608293964288608,0.44571991442340414,0.0005205488035973832,0.24819539845366803,-0.0036398721000233634
1989-01-01,0.2030677086742138,0.8643061023280861,0.7725815339325404,0.9195251528676271,0.21316464503046845,-0.49946229083090493,-1.339336706639643,0.30003552373753745,-0.4489716332392422,0.23469291787049448,1.0037049762538537,0.27261084887961406
1989-02-01,-0.4241912492661749,-0.3758855815330616,-0.20047543261452364,-1.0380444176316352,-0.9968604978989813,-1.063265330302438,-1.1146773581723783,-0.3081708002053995,-2.239907695655295,0.23153996326185133,-0.02142320782097222,-0.5560434662738878
1989-03-01,-0.6962219304598823,-0.489388828937449,-0.5739315431075411,0.1148578661130844,0.34859292082494026,0.9344629772344345,0.6003942673329001,0.5989875233535361,3.4366814464172672,-0.08050618435327732,-0.5194214887817874,0.8212594463662952
1989-04-01,-0.10940745826412925,0.4851156824733738,0.566789260257883,0.0003419969219540368,-0.003461270816058299,-0.07793449728248898,0.08385884899922734,0.8891067908556924,-0.7532856040010424,1.4376573170816298,-0.2618886461203102,0.8091778208357798
1989-05-01,-0.6735247362894324,0.11607503597152605,-0.005963894856472582,-0.561737926995808,-0.18465327591576383,-1.246742324178247,-1.2956522404916682,-0.9101977571286589,-0.29946712622370625,-1.3768119605491622,0.23556427259471152,-0.8291229520990827
1989-06-01,0.5131175243215574,-1.0791743317399058,-1.120283625418589,-0.22145686518541535,-0.388920767690295,0.46672789658585856,0.07832988098727459,-0.6005175920468335,-0.7411726015384696,-0.673176659803946,0.47590979206702994,-0.8171199980735747
1989-07-01,0.24873750815809595,-0.23668135726099296,-0.09146507116071088,-0.2220590374186124,0.36630342366059176,-0.16342549101179274,-0.32115489096539723,-0.0033630581086673684,-0.29833837191365364,-0.14895317605521488,-0.2629875357521665,0.2674284179140264
1989-08-01,-0.6458301579947501,-0.23794807148799768,-0.37444377356579533,-0.11034611893310445,-0.6033664655417205,-0.3949849976167975,1.5964093292218002,-1.1832332614804495,-1.2002512763240514,-0.45159983062771064,-0.016394453525612643,-0.8094444661277413
1989-09-01,0.2861014616388693,1.2044154618248175,1.410722672485259,0.7970794961571332,0.8372961920633931,1.1234510343269934,0.7449474030331833,0.8857340607102282,4.179365807609991,0.22345941949724832,0.46308813843702207,0.268526262293426
1989-10-01,-0.6288498752758878,-0.0007032159219999427,-0.18878833064249195,-0.22286743419827895,-0.2572773083615422,-0.30342965746251066,-0.13685807855699503,0.8793677012533971,-1.05910967361834,0.9091947673420354,-0.49837489148642095,1.337224325845485
1989-11-01,0.177761596614323,-0.4755984756833759,-0.4642657032197075,-0.3354871907349173,0.13787003871051487,-0.3757366545799563,-1.7514155802864346,-0.3000085291800348,-0.7420202513019655,-0.5289230454157363,0.6926734535912541,-1.0744216153783237
1989-12-01,-1.3091064423611904,0.5950457824271284,0.7427186110717355,0.4566926254783623,0.17996369065505052,0.7383407670953329,-0.7699658257367193,-0.29646451821708686,-0.8813750843390832,0.30274198826013365,-1.1975496336973401,0.5293229212301981
1990-01-01,1.835746481522435,1.749395231724538,1.7201607617736996,1.4625232669945814,-0.005737754962716043,0.08926305063445863,1.7281215781194317,2.312004651129245,0.4393922807163234,1.4907370262733812,0.6899109978551139,1.3138202243480595
1990-02-01,0.6651744936355911,-2.68935086410837,-2.7287316490347058,-2.689139215055884,-0.33707708036733836,-0.9243985005088723,-1.0337657577452621,-2.0382261421888717,2.906344580262822,-1.5678809978009047,-0.01822602887571008,-1.5917215212631675
1990-03-01,-2.4098756974031703,0.002980476083258454,-0.17866547366850424,1.1246568015537761,-0.40387353487766464,-0.5422386137705909,2.4406726928042755,0.2809848324729663,-0.4785539338712749,-0.07311343639979777,0.21174148697104642,0.7807573399170562
1990-04-01,0.03536332528909496,0.002980307957546639,0.18261469148502799,0.11611474257922724,-0.16790309520850924,-0.14235070324905083,0.37395269318168106,-0.8626405906344924,-2.1510721662754007,0.22136750721333717,0.20680224080566473,-0.789646345787069
1990-05-01,-1.338538901751606,0.23559281362134535,0.36465455308629724,-0.22055911337707926,0.6412196391886039,0.737263652608755,-1.7625567316140738,-0.2863438778693456,-0.5682170967388349,-0.44050751818698836,-0.25027259786060585,-0.5223879307734892
1990-06-01,1.4378495610755064,0.002980307957546639,-0.17866760322042988,-0.22055911337707926,-0.6760690659560585,-0.5755537514192336,-0.13894999899261812,1.7025039358197203,0.42449455015734,0.5149102764318868,-0.02039678834761483,1.2937666339234357
1990-07-01,0.27404502173386747,0.23480329364326727,0.27351772938027774,0.11611474257922724,0.6775367492196028,1.7319373977676853,0.7933602950642122,-0.5767885164477599,-0.28419311710204026,-0.0007468656316213486,0.4251248972526173,-0.266832219732887
1990-08-01,1.271533266596916,1.15252718579197,1.1654332992154448,1.4589652676396705,2.0421129286942956,2.707192572735259,0.8475184354406212,1.3928818788785797,0.42358276089746505,1.225502361366164,-0.026838041916211156,1.525586755139293
1990-09-01,-0.32657939845002154,0.21327803867505624,0.1586761452353445,0.6489975662304122,-1.0233623387394117,-1.5810663067087338,-0.01202731668620453,-0.5800412005179845,0.8417985697418108,0.18284406091612013,-0.6831607127642442,-0.28055228608417254
1990-10-01,-1.3052028153617123,-0.35363619783153355,-0.2807286894182838,-0.24261704981896842,0.8549522502595627,-1.467989790861242,-0.8412484280771597,-0.016512812510575826,-1.267604003133406,-0.10359993276488541,0.6363189005925554,-0.5247360432435111
1990-11-01,-0.8972150979874784,-0.5658872648776269,-0.6141417874382581,-1.4131780462285346,-3.53064110743649,-1.662156392523327,-2.112085247134149,-1.6632956784830881,-0.0007408908313766912,-1.3235996245584833,-0.025608272707885453,-1.264258236828078
1990-12-01,-1.2554203198459128,-1.4486477470456178,-1.4653150410492641,-1.1850679971680993,0.10538810853318704,-0.5894818149997819,-0.5113151396608442,0.5471999216179175,1.1177497995961228,0.20405735508535025,-0.6668900527630254,0.24650380634384605
1991-01-01,1.0570914624165548,1.3428392792614459,1.2984054872698072,0.8692614235016297,1.9861893383499813,0.7405495976894939,1.3577191961395871,-0.00464768625760019,-0.14635317945476836,-1.5049276536862632,0.19724220194466388,-0.004585487006481628
1991-02-01,1.3524170757063163,-1.5607065196411922,-1.5564365137582334,-1.085965467810289,-2.5434379203258515,-1.0199887866622588,0.2834201785543457,-1.0944828345879702,-0.4200954106498669,-0.1493858148764873,-0.2292207214335319,-0.996017402188223
1991-03-01,0.2629858792988424,0.3353074035945219,0.5186125605621332,-0.2264834485646837,1.176139660185597,1.589408438082772,0.20371987756638915,-0.2725151755935151,-0.9692442850288993,0.26866789272975716,-0.015002290511882005,-0.24826359427896397
1991-04-01,-0.9689936290735023,0.5647567038710227,0.52637463215249,0.7701573763833274,0.7652259175026451,0.7831681937430586,0.13844979079632116,0.8181657226301506,1.1053281876810395,0.7011321141555662,-0.014814242681387747,0.49616371298487594
1991-05-01,0.9418961582682599,0.3403628871505679,0.17737476009981162,0.4471067061989691,0.23629737710252935,-0.26740771067826047,-0.7226016122229157,0.5415699786640578,-0.0034457492824339726,0.6344137849600316,-0.42937526684933064,0.7410033362797539
1991-06-01,0.3082547944705257,-0.5589676608869276,-0.4350068452444309,-0.10744615634167874,-0.5695686580343542,-0.684440595811839,-0.7656863172948024,-0.2749080132699431,-0.8265871674858316,-0.3515541755192824,0.6090211323040884,-0.4969441552137607
1991-07-01,-0.35106234923450297,-0.10999762681737033,-0.1740286165047249,-0.10803377882602132,0.4515139678101613,1.0675067321542129,1.590035369975218,-0.5424622676850672,1.2334167851911577,-0.209502574445158,-0.4265791629612361,0.24420007333065283
1991-08-01,-0.040246798503541896,0.5662387661363241,0.7050275632730755,0.5617582290809834,-0.1199446226578421,-0.4520780537849595,-0.13730708182631526,0.5386131216668762,0.5348908977753893,0.5602856545370745,0.8024624565365646,0.24204612002515344
1991-09-01,-0.22523413070731343,0.0027080058077314823,-0.08579563501636855,0.003597735463623509,-0.09687009634111522,-0.04453268093924437,0.5300277398249402,-0.0026956683619444735,-1.497722825122331,-0.41890320890880384,-0.6281446805783402,-0.004416891932659045
1991-10-01,-0.9992375769866833,0.22691881212901827,0.17693766420828774,-0.21878480305619,0.7410173134452932,0.5187092514260997,-0.32306183734482763,-0.5384848934247236,-0.0008449630918357464,-0.2083155116962179,-0.2146400705543721,-0.49074333387541624
1991-11-01,0.23321556942545255,0.11320980351198966,0.08827772261898693,0.11523028097401533,-0.5965803958124224,-0.918116827889073,-0.37766331217709864,1.068956185587739,1.0765372384880496,0.5578628667545049,-0.011259631457413922,0.7261554504014787
1991-12-01,0.6113221698772281,-0.6674401533289002,-0.6073351695392737,-0.21849176443868384,-0.5741649128111359,-1.045261410650317,-0.4757288578915734,-0.5384485906217004,-1.6165061796798066,-0.0012025280081422638,0.38615665352835227,-0.24759441369269267
1992-01-01,-0.2510740969721043,-0.22067078270004045,-0.1724932760117297,-0.5542698978410341,0.3540175943262729,1.0184046303787508,-0.5467996564233073,-0.7996588279558138,0.6714372580195773,-0.7610205631626323,-0.015765458059331234,-0.9679029618062753
1992-02-01,-0.8125585518195425,0.6737808470370515,0.7004395263205027,1.1202155545739088,0.5829542268634885,0.44600887036991077,2.8026308858476408,0.5314313171004732,-0.13536137776493418,0.27760556913498213,0.18035445036444647,0.4816927967945407
1992-03-01,0.1462464663319581,-0.22067078270004045,-0.34656008983753256,-0.33130007937235595,-0.7044967658026869,-0.12989035692398135,-0.8159665971689091,0.5279896396222228,0.26726958069766626,0.4166999593018958,-0.21254015774868892,0.23862661949037342
1992-04-01,0.2388309423833745,0.0029880679166682735,0.08950918309691526,0.11513248710610972,0.6076691723660579,0.7029891683526773,-0.3629995509096625,-0.5316518827609664,-1.2086318874681388,0.06827770846805935,-0.2085685024319557,-0.002694041469243919
1992-05-01,-0.46293132893294,0.3366998452740878,0.34963994104689083,0.22540053077424604,0.28338399986329355,-0.33008777963384883,-0.2741117382187589,-0.001245208264254317,2.011800042493477,-0.206915010631092,-0.5900909534607,-0.002678275439596612
1992-06-01,-0.238048772532118,0.11232888256298648,0.0006548632470000744,0.2230847596500535,-0.2212863566118162,0.31735393919610777,0.4270606775856278,0.26140535601503034,-0.5407350061850917,0.1372078989255821,0.1850980114566726,0.23523974504866202
1992-07-01,0.0988848888519426,-0.6619968730576163,-0.43004485853022284,-0.5489174524603174,-0.30631430074769195,-0.9177534248913517,0.2810126242652334,-0.0025400458231154173,0.12933043673358016,-0.0005474195157356125,0.18243427231076978,-0.24122467556428684
1992-08-01,-2.33107605116023,0.2244713671024637,0.0024397822151458223,-0.21636645370602117,-0.2117135656159565,0.0882432081235438,0.16126806083507741,-0.2636744908077658,-1.3287560407609773,-0.27238668886828177,-0.19993813504014635,-0.23918388991302084
1992-09-01,1.2904537561994096,0.22393393476892298,0.34715217883539096,0.3344280793161492,0.7018255898658229,0.43509012673707237,-1.3157789506522084,-0.0012114982327504833,0.3972321285107954,-0.06729096945061713,-0.008180386210299987,-0.23766591894447525
1992-10-01,1.839690203514399,0.22233030488106556,0.08703587570333776,-0.21627085453868294,-0.4907978286790771,-0.34370657746400607,-0.5413482535373056,0.7783759577545677,0.5309262793630964,0.7463451499498999,0.36782469683574565,1.1771764373392695
1992-11-01,-0.7872812002361602,-0.6577054699115599,-0.5983819731887754,-0.21627085453868294,-0.06969305420778808,-0.5281229143966135,-0.2056380249513722,-0.5234811066320703,-0.13413373788706268,-0.34077028148361477,-0.19875291858372846,-0.4763476118508446
1992-12-01,-0.6054365380626527,0.22304475617513683,0.25974462581529134,0.22425005287824745,-0.21067007237054172,0.16701762949787965,1.1686083519671249,-0.5190741065371357,-0.13353188895609663,-0.2689226305853233,-0.3818427572070068,-0.4713682020431685
1993-01-01,0.006110804895717806,0.1127965723792162,0.08802180036149657,0.3342370467366375,0.3733460279092469,0.29167981693075035,0.024521236652046054,0.7733006555940903,-0.13323209734767186,0.06753345223501915,0.5494555198039319,0.23184693294891354
1993-02-01,0.45643808688101556,0.1122678834981955,0.08760438263317279,0.22225139106767497,-0.21104098115192532,0.6570189124838536,-0.0872689428425571,-0.5177829207253691,1.5814173193510852,0.06706880232731609,-0.19566416404413955,-0.23514511227502266
1993-03-01,-1.0128636925729957,0.0022889255907130443,-0.08341976415494114,-0.10741330104642148,0.23405874635438442,-0.344686006992005,-0.2295273548831478,-0.2577553053340737,-1.582899101013839,-0.3999334994062662,-0.5595802421208164,-0.0013942982253079576
1993-04-01,-0.04115284127095247,0.4374918294153706,0.5964074394274659,-0.1062724473228058,0.23063399014550717,-0.177906593625313,-0.5272485211761306,0.7679256625281199,-0.0007408908313766912,0.2678268108991853,0.5434746151305259,0.46173067007601276
1993-05-01,0.05220829313562757,-0.759431945827374,-0.6775878116783665,-0.6496989863421299,0.1981892744011319,-0.1220812364816751,-0.5428947900855761,-0.25898478470558056,-0.658244715740852,0.06717485185152657,0.7166386143101855,-0.4654612704535128
1993-06-01,-0.2164058806834982,-0.5411367646496874,-0.6759439531443235,0.33083389192573837,-0.9552886530618441,-0.2739886086042547,1.0298653208488466,-0.766301339966109,-0.0032080779420686233,-0.1990750271139563,-1.0997940226658747,-0.23189399660261742
1993-07-01,-0.0005353309801911085,0.4381912138910452,0.3407048037695328,0.003989599169782278,-0.10076978055368878,-0.1999436766776773,0.7030675877173166,0.2549247839442866,0.39454674793597105,0.13380254836333766,0.17393655793031934,-0.0005731046385136018
1993-08-01,-0.10239916907526823,-1.2039099712836017,-1.0289498613543944,-0.10514588237254455,0.32105499288893946,0.7148937457859923,0.2637216981637337,0.253869026596682,1.8461006926039047,0.1331902842181836,-0.5447137063179264,0.22931644808323737
1993-09-01,1.0761892062215306,1.5394040249436394,1.4618267840127885,0.2222605622544359,0.2817973068396288,-0.34856560908998263,-0.7583623862722355,-0.25471022579513697,-1.9771063672711775,-0.3308461811709898,0.35393922809319905,-0.46034521229632097
1993-10-01,1.283198393413784,-0.10716968951444486,0.0021574623538305124,0.0038957998618011263,0.48566784960370335,0.6181030881157291,-0.8940816213945995,1.011676322321305,0.5249669933897126,1.121333918706075,0.17204252509529686,1.3740379044631212
1993-11-01,-0.054597535092203595,0.1127965723792162,-0.16977525616431907,0.00389596095965712,-0.7412438804372065,-1.1541890278162112,0.1848574156649527,-0.5093225096027214,0.6547041813664582,-0.9225711179940417,-0.5385310289185508,-0.9186872774044528
1993-12-01,-0.7434341917615448,-0.21662093085601655,0.0024397822151458223,-0.4320836526553313,-0.14114096318019376,-0.5594516517186103,0.9772705011674535,-0.25363972392746603,-1.1807192994817979,-0.19549442586465982,0.1734206021468318,-0.0013372111807758165
1994-01-01,-0.7137783718464208,0.4414218210406224,0.2602350070280987,0.6582400147715683,0.7874646714561373,1.6954612602884764,0.2176841871820482,-0.7545850427820626,-0.6601096268953144,-0.1959410318917285,-0.18044018172667667,-0.4559499146452399
1994-02-01,-0.42434416859717194,-0.21661867209349317,0.0018097321578664004,0.11172339284185012,-0.8785165789625533,-0.46701523233076936,0.9743665718231188,1.0047780954404326,0.9196665099967567,0.6559153803251632,0.347838831076781,0.6811413928128136
1994-03-01,0.2481130635329495,-0.1063743106837775,-0.2547253925405276,-0.2139975726226906,0.7847583599328068,0.06563426500702609,0.08568637116204919,-0.002276315965971438,0.9217356994979263,-0.19633600084205574,-0.1803835392160411,-0.002399349351430485
1994-04-01,0.6905076253239526,-0.10611200688612285,0.0024397822151458223,-0.21288223051070573,-0.3927220821810088,1.162598964851415,-1.046506685570956,-0.7511559130686899,-1.1860206040519272,-0.06470924601589316,0.6921350010310346,-0.4539347830627381
1994-05-01,0.0989487178140619,0.003079207844307217,-0.16893381423586626,0.11228665181459214,-0.3694539419721703,-0.2263865112775141,0.27212110522898064,0.4993821451465555,1.0515601106939858,-0.3902649952268687,-0.7029785475343783,-0.0005475764570725028
1994-06-01,-0.13134833372997168,0.11218317429156383,0.25953506565698076,0.543540708994265,0.48499698549463055,-0.22513171696339612,1.4742652966621486,0.2477239632308363,0.38867544878367283,0.782358233556014,0.16853503231087028,0.6747255098471162
1994-07-01,-0.5033222557610869,0.4381912138910452,0.4295868520525034,-0.10650075247968503,-0.3487982507127161,-0.33519820250851945,-1.0062400192588954,0.2457165678694886,-1.8322663788137672,0.25535680305787317,-0.005401578451895144,-0.22790238963113907
1994-08-01,0.477124047355627,0.0009187576467490169,-4.786906751655441e-05,0.32169813854780416,0.2089582088183005,-0.9428717289814926,-0.18859116019138786,0.24323264196675068,-0.5316395933384215,0.24854747590274462,0.1659906474513476,0.4446776633853977
1994-09-01,0.10866510000781705,-0.8639513351524555,-0.93308681063739,-0.31957203789322897,-0.42554255606565317,0.1518619340799309,-0.434639762936798,-0.7438775656569981,1.8421460440186632,-0.9587207693816403,-0.00669024275252774,-0.6733841535724419
1994-10-01,-0.577128178266169,-0.1064524443819887,0.08622774398931811,0.0017722180342591824,0.18477140666524183,0.6405550885957455,1.050504343063879,-0.49310960289598893,-1.3197923606330273,0.0007586218579947562,0.16319642000125453,-0.22381808409428247
1994-11-01,1.5352280029317604,1.0888284829241415,1.0254085330370892,0.4218903292788719,0.5509924516053907,0.07482722551975181,0.17887290674751133,0.7376781310279428,0.12847088567501444,0.25408692889783224,-0.17712332860934682,0.443818144530129
1994-12-01,-0.4929475901531965,-0.10782392089042465,-0.2553957395396732,-0.4200225072460754,0.019856198474034845,-0.7315908437689336,0.003696334095609765,-0.24714057633497463,0.1299480861301118,-0.06338311644441035,-0.006521024227274859,-0.6672714308767054
1995-01-01,0.33345357347150323,-0.21407998039648693,-0.2523023669576389,0.8310595959444139,-0.07389504936801096,0.981915223925087,-0.1943239136960144,0.24347680786182513,0.6641196723692049,-0.06282487220399217,-0.3419774278898733,0.8856694197940913
1995-02-01,-0.031456813199072516,0.002316089577964967,0.08644851002982513,-0.4198182364256009,-0.048661036617802564,-0.1712129703750566,-1.2169730382261512,-0.0021399607825623185,-0.5334144356394064,0.12586227683751922,0.16330529836658983,-0.22408264348833237
1995-03-01,0.2870178188212004,-0.10481535917678655,-0.08224508010600458,-0.30856027412619486,-0.3247359393602594,-0.27690586117711247,-0.48067051203921846,-0.2453208330732919,0.7984206872808022,-0.00033121013280500345,-0.17171322770694675,-0.002264800548688133
1995-04-01,-0.7944947108021645,0.10970988829239817,0.08611449473744953,0.10257007619220139,0.4618389555567287,0.6609894018585785,-0.42865112221827584,0.7266700318674874,-0.7999024689435558,0.18618881651674743,-0.3363368517631971,-0.0022525648490463014
1995-05-01,-0.5425202572993496,-0.2111906175303712,-0.16571560999999416,-0.5056493588513108,-0.6231472295313532,-0.7334631410876564,-0.2923623903866432,-0.7300803027676709,-0.0016507529958374946,-0.18749499649677306,0.16382649148599898,-0.0022404253673536977
1995-06-01,0.11164183046426492,-0.10380424711935535,-0.08143695794704107,0.10479777044454781,0.43848093971717467,-0.609989147897866,0.6840720027794039,-0.0009725918427276083,-0.0016549060428016208,0.2459892218383372,0.16247649227838126,-0.002228381097435944
1995-07-01,-0.02240496537121405,0.2165954464170716,0.08624971493076536,-0.19859696377265731,-0.4643715334669271,0.06423371785097833,0.6158211736452415,-0.24193118014773138,0.5345671458545396,-0.9858116548597506,-0.0038346112686568857,-0.6559249365562654
1995-08-01,-0.016168677259137825,-0.3171534150147245,-0.16518008321609323,-0.09706177173968579,-0.12364377991465667,1.0160067014784213,-0.284421229229261,0.24047548142975145,1.3316035270660573,0.1227590085673203,0.4886580909933941,0.43558439376312813
1995-09-01,1.0739958885733571,0.32314502107408083,0.33747951584063185,-0.09706177173968579,0.9905571602402424,-0.29448909417772334,-0.4180570984413954,-0.24113517969090445,-1.7326716121816808,0.12407903694624273,-0.33431731545555127,-0.2185487326797546
1995-10-01,-1.2409921389365537,0.10913017423465175,-0.08163610751195542,0.00390904804840743,-0.5656316025335028,-0.5386682110370731,-0.7335251262258946,0.4794029297981666,0.397833675688781,0.43528544759884796,-0.33073946064216647,0.6502376020359169
1995-11-01,0.21730906090519606,0.002333815345927002,0.0021746688427866957,-0.09738449062043954,0.5307791211613462,0.7359876650665897,0.5931928709812968,-0.48036437603535775,-0.6658025771523575,-0.4956671210619336,0.1597590734503291,-0.8685760596542711
1995-12-01,0.3051238448151128,0.3195118929265252,0.5004717749590705,0.4090016228119117,0.03383090574993501,0.25147261906926516,0.47097932469862175,-0.00016442867557770374,0.7977154633491269,0.24904149864326455,-0.1657450315635608,0.4324866070319085
1996-01-01,0.039370091353019214,-0.2102518304848497,-0.16653335826775784,-0.09738449062043954,0.18332371077295345,-0.6345572230929297,-0.9869679724941761,1.429237420817382,0.3969300643255881,0.8049803891139756,0.4818394324387886,1.075688297903312
1996-02-01,0.8366284799104924,-0.41867744174422444,-0.5760036501780197,-0.6036100192901104,-0.3390477388367942,0.18101033711832656,-0.5375885164557703,-1.1940231309238691,-1.3286554035068092,-0.49605273927867805,-0.6496480708831691,-1.0801491927254192
1996-03-01,-0.0700000449228425,0.8427043392267163,0.9888513259767532,0.8145804683229984,-0.7732018381904253,1.009464666630163,1.6109998810178665,0.47248060074176024,1.1945825350268682,0.06083240322819693,-0.001935004008301191,0.42695623352736006
1996-04-01,-0.24886630157262976,-0.41866156754738,-0.5746950800558099,0.1042332690633853,1.3201368411399328,-0.14477024589817394,-0.2031227471570325,0.23236946589941287,-1.5964496023674652,0.4845754398621872,0.15839235281355415,-0.003358757081577079
1996-05-01,-0.15994644008650802,-0.4148051481464146,-0.24280421635175797,0.10327561914783252,-0.851001035734719,-1.9699015657797874,0.6967173731555112,-0.7098599966651604,1.0636016511841833,-0.4880953760934249,-0.002695136938371006,-0.003336969095605455
1996-06-01,0.15212793881565406,0.4196885523771133,0.24642012486016457,-0.902425473015325,-0.5863887601899127,0.637398242289523,-0.2312366485590588,-0.0008949876482291673,-0.26783595861298515,-0.4216720123701516,-0.0026817287382600876,-1.064477161665037
1996-07-01,-0.26093010332307404,-0.5175633659070895,-0.4043624129008951,0.10383883683965249,1.0058789359485942,0.7816826547608846,-4.088558560616153,-0.0008898105513739183,-0.13505048948174342,-0.18040663464749196,-0.0026684262540530145,0.6371641396782404
1996-08-01,0.5389901880551438,0.5227706172379429,0.48952301937722237,0.4079539419986679,-0.35854175476070277,-0.11684378035880814,2.1863664657948907,-0.2348000054366173,-0.5395251591621777,0.24228086678430805,-0.16129560242342025,-0.21297739430981932
1996-09-01,-0.332371528690847,-0.30886183347072926,-0.3223863059604083,0.4069912928323478,-0.687079108004042,0.5749130353368098,1.2437947633156443,0.7002729764113833,1.8796369786941758,0.3627661818089866,0.15641253482217726,0.6338070895485419
1996-10-01,1.0343535777771313,0.6231844737256721,0.6474269879868237,-0.6007139978289746,0.37255980187367893,-0.4981908371558922,-0.4137959718861252,-0.003239279526013337,-0.940929825594153,-0.18074189836284987,-0.002631300334896721,-0.4246614194328579
1996-11-01,0.14129711559288252,-0.61765251118167,-0.5628732307501356,-0.09690079953885508,0.962839164104415,-0.8397418136676067,1.0438401378375466,-0.003215942957985163,0.40066377560059857,0.23989841029655146,0.1547855546742657,0.41946017155344395
1996-12-01,-0.541656232783555,0.3115746868060885,0.24233961239991111,0.8091953780274356,0.5634480417708542,1.1463962450515253,1.118737415065464,-0.23431558849088704,-0.0016549060428016208,0.2364378104612869,-0.7888089370622826,-0.0032393760252582907
1997-01-01,-0.3554881105449179,-0.3058039758766064,-0.3181798370420037,-0.39909024318134717,-0.40678859430032493,-0.7515638176669599,-0.5436215321919928,-0.23255456091781837,0.13134136550193456,-0.713687427236736,0.6274259140892354,-0.21213580802264348
1997-02-01,0.1844136848921309,-0.4079647548994104,-0.4777283242633009,-0.2968482675774516,-3.0752045850557055,-1.1343589770231757,-0.4687716534633967,-0.0008445242291130965,0.3948259192238206,-0.17766320638292207,-0.3155649809860684,-0.21055301987593006
1997-03-01,0.4859106256706238,0.20848493655175937,0.4026812878420706,-0.2975630676094476,0.1925014028282205,0.6702665344811782,-0.01402524947134403,-0.4609170713292159,-1.7241286927282657,0.11947043620950734,0.6233828365804808,-0.417770820373897
1997-04-01,-0.4374382593283141,-0.720273124132141,-0.8026396231119846,-0.09825793724695062,1.9973924951761748,-0.056669662018505575,-0.7490159787189494,0.0003143462591354031,1.5897552777442836,-0.29838472284695955,-0.47119160251664016,-6.692606760614437e-05
1997-05-01,1.0875905477033387,0.5182152566360485,0.4837547322245716,0.3058593708015049,0.21845077401022445,1.1439021657276311,0.28917896932506487,-0.22965226037730893,-0.39970926936317563,-0.18202005487019868,0.153501325113519,-0.20833322625428388
1997-06-01,-0.11983571356968269,0.10640177439095652,0.08272545948976227,0.20617289211009324,-0.9254854433439283,-1.343096220095084,0.3745460330495709,0.6899278771267152,-0.6611078358925356,0.7827683942043405,-0.4675030741813232,0.6244736652026628
1997-07-01,-1.4736527065570773,-0.2057011669704395,-0.07959868298879413,-0.2998907604098281,0.6401108192717939,1.042332523716653,-1.5512102950631053,-0.2300816998336125,0.5274335877788788,-0.36077671298984515,-0.0007464073066751761,-0.20872069546748506
1997-08-01,0.7584438177516653,0.9402519230531599,0.8158560369871309,0.5105377166549625,0.13367825031131905,-0.08231234418506635,1.2140257423122913,0.4576735859029946,-1.0582824156616504,0.6628679595376243,0.15391344919984665,0.20690941051975212
1997-09-01,-0.296257253249215,-0.30981323801852567,-0.24235546704617916,0.003666364969095944,0.21930456605754495,-0.21565568386622566,-0.4376884734803655,-0.0018177474818567142,1.0575960777909792,-0.061540390866050475,-0.0012032581497477446,0.4124769896100541
1997-10-01,-0.1269217977598331,0.10632365094267296,0.08260314045364013,-0.29948684656594415,0.7181271752472012,0.7686445940185714,-0.828543460967028,-0.22949564851051313,-0.5305062570257968,-0.47784310993180823,0.3068718670768889,-0.4154258078579366
1997-11-01,-1.3888139126365846,-0.6187515279788516,-0.5631845240360804,0.30730481414093613,-0.5742385946598333,-1.2111594018476701,0.5676985449698828,-0.2282185113990699,0.2641417922658334,-0.41874281298189575,0.3045321198995092,-0.4131239260770055
1997-12-01,0.7366716397920764,0.10632365094267296,0.08291483609371002,-0.4003769867108397,-1.9800511406454309,-0.42394866535603176,-0.3601222155218772,-0.22737147156254506,0.396433688937738,0.3598418623895966,0.14860544159741598,0.20589332133788524
1998-01-01,-0.2235821658186139,-0.5185955520051433,-0.6488456952036952,-0.6057978120302836,0.13352212988382284,0.04216619230549545,-0.08133939997607349,0.22744469919338237,-0.2657230041495878,-0.30110138743723375,-0.9202689747342241,-0.4119786587821598
1998-02-01,-0.9502549140748416,0.6279138986991021,0.733943929926501,0.4080178635059439,0.8810796455248879,0.5112506211795256,0.44062020957433357,-0.4539355689858339,-0.26512582373318366,0.05946312229947012,0.6087011200967971,6.303731072093264e-05
1998-03-01,0.27429440748140066,0.002999153455941666,0.0023763542774551546,-0.09984755565366828,0.15821837073860154,-0.26497899333008557,0.14725086915449648,0.00045839049440678025,-0.2657230041495878,-0.18381785821934138,-0.15509100873020532,6.303731072093264e-05
1998-04-01,-0.21067615259815917,0.3167722980446463,0.2475570228245922,0.4131650721762209,0.569626592352019,0.9230244976560281,0.839638496811415,0.45429171570636695,-0.13453144890220617,0.1815670695768811,0.4516873741126447,0.4115976050343736
1998-05-01,-0.5061707166786151,-0.41512487616390115,-0.24261403045660987,0.003906552522381754,-0.4990015710383143,-0.6414096575815253,-1.4052538455881827,0.45261533469368437,1.0611893848485117,0.5520166765540772,-0.005250277031243156,0.6151543729902104
1998-06-01,0.06410169805302085,0.10751002452796773,0.0023763542774551546,-0.30490506788418364,-0.3669916127776682,-0.4467790237695294,0.18898531341562166,-0.45337218654971856,0.2617482568538251,-0.06070067852456602,-0.45595557621760147,-0.6167934593349292
1998-07-01,-0.08122920047566498,0.42152370048929877,0.32915715484088043,0.3124670082816113,0.677304582108152,1.1176746149249752,0.09136190491337857,0.4509540306777797,-0.5305038700923865,0.0616617842372519,0.1475486217922582,0.20400771058180922
1998-08-01,0.23947397740993576,-0.6244673268047886,-0.48754118400489876,-0.20272295268427387,-1.0194334830086809,-0.806306911400057,0.21232020607696092,-0.4516985839409857,1.830985806639529,-0.2434418780934404,0.1462647793177223,-0.0010613249924940663
1998-09-01,-1.2025055836357148,0.3168524751688551,0.16563984926627714,-0.10046314422247803,0.3803254535898804,1.6097602667621835,0.593207894152604,-0.2249975235119302,-4.7193554438707235,-0.18271479223921086,-0.004081289604169537,-0.6125266804146443
1998-10-01,0.13818394599718925,0.5256347891554728,0.5740217651520159,0.31448018234965175,1.206488785361355,-1.4680917465578887,-0.43102321481753236,0.6742114172204092,2.0930886122529104,0.36771605439486,-0.15252378115228793,0.6115325050037852
1998-11-01,1.0456104177071561,-0.6238276255797297,-0.5688255517698896,-0.10004455958207988,-0.717675728211375,-0.7306018268401442,-0.38347926209479954,-0.44976158154861295,0.5286261553886415,-0.1827149142919626,-0.2993942750456709,-0.20438045916433287
1998-12-01,0.5592387311069174,0.628391056602856,0.6529095706123186,-0.5182360489386378,-0.8036233014185092,-0.16597424823999352,-0.34749994034217246,0.2237220984259492,-0.9309844483498444,-0.18310521395443743,0.14620302245924235,0.40560561681175317
1999-01-01,0.9684748341973354,-0.10253929898490761,-0.16200608692012158,0.6293934955145634,1.0891019437291392,2.2502874271719846,0.30571483359148444,-0.0007664765601614736,0.26201773526680855,0.18449869134362745,-0.002315249699700202,-0.4069605345659898
1999-02-01,0.365353995208107,-0.9316382010072086,-1.0501393001376405,-0.31078065785047765,-0.7383139694440856,-1.3437988011381499,0.07615567964907845,-0.6701559491743061,-0.2720111261185844,-0.4304022981204325,0.29180889119102554,-0.6081929474774119
1999-03-01,-0.4029302567710598,0.8343167258160106,1.0559542429546436,0.7380787938143902,0.6876785962054864,2.312340931880702,0.14515249929162458,0.22372508227931762,0.39932451837429234,0.9245529420998317,-0.29712003647142177,0.6080732372032654
1999-04-01,0.9736724148090483,0.31281265027838645,0.24249839274920237,0.5246666837107231,0.28681093416732834,-0.3061037074683649,0.9480445824309898,2.2242224940601893,2.2826918185174647,1.3333308919174143,0.2901768375902356,2.0162961702240487
1999-05-01,0.00076391115201413,-0.4119451282514425,-0.48233524437400954,-0.5195236396347518,0.9433945768443494,-1.4085929540770006,1.3194289939066939,-2.224920175538515,-1.7454838426783972,-1.883369606535545,-0.29543165359866574,-2.2204642975830082
1999-06-01,-0.14208939397202738,-0.1003235192366044,0.08236470701925844,0.10675004231580622,-1.341532425456597,-0.15027392970018583,-2.5822997184602174,-0.2211938388233656,-0.0007408908313766912,-0.12018496760989916,0.14318223680544778,-5.7722679666419825e-05
1999-07-01,0.6104105421141117,0.208949479211623,0.08181706184520494,0.41455499361515785,0.024110872624083374,1.0459192608534007,2.713369215168465,1.5482953868151517,-0.2680389184690856,1.2041622733329287,0.2868909124288396,1.001956339909708
1999-08-01,-0.006304300231782646,0.5147406907515165,0.4783129919908189,-0.10353363416348205,1.14064793005826,-0.5586566149284048,-1.7159940695289284,-0.6658158988438694,-0.5377829921528511,-0.18735212412174546,-0.1492274766784289,-0.2036943514561472
1999-09-01,0.516943160506551,0.20136574436520693,0.23230296128815114,-0.2035274047018713,-0.3037239948356877,0.5727210342991025,0.5488329876009285,0.6565647152384082,1.2062291010999728,-0.12359492523225958,-0.0038233298631407463,0.5932925387060873
1999-10-01,0.23991412768523965,-1.1174648296379663,-1.180535042095489,-0.20104541768052805,-1.499027760860152,-1.6525622027215978,-0.34699985941677775,-0.8801723062069846,-0.13546199167016612,-0.29638683508235636,-0.2909441957250141,-0.997042351795712
1999-11-01,-0.9488531854906327,0.611668547307229,0.6304057376921948,0.2057636671017327,1.9017904025822359,1.4765607640720217,-0.11701763356643331,-0.0007131495058818145,-0.8048758864090173,-0.40991544418588755,0.28427140877444984,-0.1989060629857452
1999-12-01,0.158757803427221,-0.20063494114909877,-0.1556593764798929,-0.0988378929161209,-2.491230675859039,-0.5301776576568619,0.1509278343968464,0.21726546487838005,0.9378082058032094,0.8179727187000054,0.28158103294578146,0.5922769943088437
2000-01-01,-1.4783979272946848,-0.3002388141324277,-0.388347742026139,0.20360955294181426,1.716989645023549,-0.020236804906633453,0.5270467735744284,0.21572338997814566,-1.2086318874681388,-0.5836577798059253,-0.4321675446760966,0.19389717199129158
2000-02-01,0.6897845970750482,1.4097218866289638,1.4773184682838252,0.49963835191551875,0.3763585443243521,0.3472737082215598,-0.6585514100974259,0.43024819652435353,0.4006553259597718,0.34694154492924667,0.28068293652733933,0.1918379398591628
2000-03-01,1.3796571795483634,-0.7056391714451792,-0.7028478156393484,-0.20291711334690887,-0.4505521469106304,-0.5703282976831459,-0.9396284129564619,0.6401075329417406,0.26850039524510305,1.5308048001769785,0.41881492560284594,0.7738618961819227
2000-04-01,-1.4466686607093704,-1.0932220532904302,-1.0726707587649942,-0.9872641885770462,-0.8690320045407648,-1.6347350709671515,-0.32793692892984333,-2.3720887008801377,-0.5420205062509303,-2.897815638393906,-0.7107680176021003,-2.342419157584053
2000-05-01,0.0455030126055244,0.5011594281992962,0.3860470789816977,0.003912525555895307,1.200051164574145,2.547823260096754,0.7996532332876021,0.8607582538798698,0.5399147678533248,0.7923200820218559,0.13745698432556078,0.5840053014339561
2000-06-01,0.010627127797415292,0.9953335492711658,1.149091503006971,1.18685794023092,1.1249458106319201,-0.10533705399381554,-0.08299110837956641,1.497627761359173,-0.40845181137882475,1.7472555484463823,0.4155955580242383,1.9368799921032414
2000-07-01,-0.432435565336648,-0.9900411771652146,-1.2202678616289848,-0.7859338038181407,-2.443221511270717,-1.634026977766367,0.8893148019389113,-1.0753523812814336,-0.0024241328939431516,-1.9121703339539224,-0.28488583681061114,-1.5542350195048638
2000-08-01,0.016145430014127334,-0.39248454219459994,-0.15000246261822583,-0.584052330157892,-0.37289983448996245,1.117490511515091,-0.42799506019114997,-1.0660307979752206,0.5442078590923012,-0.5622230207845706,0.4113856956625439,-0.9644899966184955
2000-09-01,0.8921661697584194,1.3846649520402528,1.2930429370607315,1.2754421277496812,2.4565820504703546,0.3346890980855205,0.5966321946834756,1.912381130411194,0.816050368128688,1.9084775329089323,-0.42171210464351283,2.3072994157111357
2000-10-01,-1.2902514429277738,-0.591497224255297,-0.6077388194443809,-0.5845681293471713,-0.7095667177720266,-1.0295502673860004,-1.2879182393623752,-1.2763588159472992,-1.2254536353128218,-1.3994135384277087,-0.1420187477115448,-1.731381588096397
2000-11-01,0.5174081261765419,0.19624815947063645,0.22478432977160256,-0.3848842362293261,-1.0568270081702285,0.6157441033961288,-1.098527282506317,-0.000636305020968273,0.4071805946900036,0.44724190627203386,-0.2780518505967984,0.3817640401082676
2000-12-01,-1.1500305555184893,-0.3885086262819951,-0.4480309281067549,0.5850745362301601,2.314005588588148,-2.2294660698764135,2.6343696091290187,0.2100989852654794,-0.13692523238808946,-0.11092088635018603,0.4088207304338984,-0.19226143460350265
2001-01-01,0.3104679994325503,0.8724719800612489,0.9642674834749959,0.19356756009541579,1.692671696628775,2.226378958251594,-1.735174446569799,1.2575086321628581,0.5436805430951767,0.11209995660307497,0.9492714737400355,1.7074883280383393
2001-02-01,0.6929118427257919,-0.9655912399093731,-0.888856858865215,-1.0551235696487022,-7.510318601253734,-0.36555581893398975,0.6909296289896679,-1.2633103553210112,-0.13734539124393808,-0.27757502159888314,-0.6900142249254716,-1.9012907426298644
2001-03-01,-0.10133515954701229,-0.8647505260425118,-1.0292691849685942,-0.47998254317485495,2.090882058600853,-0.8225531758014311,-0.5222246330894695,-0.6275385123511406,-0.4081373400376825,-0.446677944002252,-0.006261498870843914,-0.18932884884136011
2001-04-01,-0.361608098574681,1.4497575810172432,1.4036894793124648,0.6795277086927528,1.7207461223834128,0.8754183795731943,-0.813371728573534,0.417619304722875,-1.6395104322266367,0.8953407140869223,-0.14062634765850404,0.37756412599931516
2001-05-01,0.5882236572340466,-0.4801875378463387,-0.294416284685375,0.29456858085869236,-0.5587239532376809,0.3685028043458757,2.107124894338186,1.2462833705463892,0.6728056992822581,1.2147728277772076,-0.13909167276629242,1.3151606315978792
2001-06-01,0.2612169143779726,-0.7657075170869694,-0.9524177201129479,-0.38339975689975814,-1.5627459251805573,-0.7878854782996084,-1.7162458833089074,-1.042546303411609,1.1002459176992752,-1.7135994064982416,0.26285138372652134,-1.1318936415184806
2001-07-01,0.19931881655271738,-1.1631765709884612,-1.043424046869907,-1.264529251450193,0.6675748931606005,-0.05330236854604969,-0.1365862920788809,-1.44997156600656,-0.13885009960290473,-1.6673718078314435,-0.9376814525850136,-1.6870538370888968
2001-08-01,-0.7623447405800351,2.2334741738621977,2.158717050575183,1.1717271980101902,1.1347979314350727,0.785205918208719,-0.061834329912034684,0.6219711208826736,-1.1105191517778166,1.4962289677761031,1.459806825379327,0.9374670548771566
2001-09-01,0.9029745495613295,0.0005961340579386225,0.07393222956877832,0.4948587407553663,-0.8942130799179782,-0.9495747251189254,0.7879345268886532,1.449024563014891,0.41027552339690504,1.7912194118174516,-0.8027269925884298,1.3116940598792497
2001-10-01,0.8618497125007248,-2.818824109606719,-2.610180839316536,-1.8715171224256857,-1.1742076772422076,-0.9090136366526103,-0.775028537200544,-2.482215473038221,0.8361301646583095,-3.187318950552491,0.25919383381275124,-2.6231990078263365
2001-11-01,-0.3906900950353492,1.75189545828902,1.4912836607130182,1.085128760188605,3.5378395193752628,0.3080774559534631,0.7603931512645301,0.8273952151896014,-0.5608753398409475,0.19579099643187922,-0.0059127678739655,1.1238974842788738
2001-12-01,-1.1251677360077015,0.0012996395386127662,-0.0002403787331626067,-0.30031556042166613,-2.987246053702658,1.0155248856225616,0.7762365464354697,0.00034164161996308825,-0.14329242776445777,0.9635202822905717,-0.39766645797982497,-0.18805025699783381
2002-01-01,1.6981821409978726,0.19975130029605073,0.22939421728341033,0.5031869909980135,2.774204953640563,0.34117001947572706,-0.04287262163900377,0.8292587360740661,-0.003559534499778191,0.6362054661803157,1.0377153062385802,0.9396793527289578
2002-02-01,-0.12236805272741758,0.5973932911319771,0.613316059986834,0.20504939682551226,-1.3828203436802144,0.34761279579363374,-0.5324961354670933,-0.0005899868330518367,0.987305274774484,-0.4052304774094162,-1.3061813849246167,-0.0008856976884323799
2002-03-01,-0.2536446056013401,0.49519376697163936,0.608032139209328,1.112589737724378,1.6053875558928974,1.0775288818041764,0.6597609288549554,0.41178114713010117,0.702053866405329,1.3890840000555784,0.5152890880746095,0.3731351961850282
2002-04-01,0.6857807087385688,-0.8846022038489457,-0.984209376611592,-0.10214399135986682,-0.30528210040205583,-0.8798437979410526,-1.0393694383660916,0.6135342271475354,-1.2670390143104373,0.10188754100953365,0.3812336117702255,0.7421548080829707
2002-05-01,-0.5712439709242018,-0.19416668695460515,-0.22496081381734878,-0.8962344144560219,-0.767938434271992,-0.43666185890309206,0.42737740467764235,-1.23433554635855,-0.4241535235677945,-0.9705466624578666,-0.13586231943732713,-1.120417305523751
2002-06-01,0.02717538815354314,0.6928004302083894,0.6084783001735581,0.3032505402986051,-1.063312318460488,-0.8306024146356544,0.31130939146897263,-0.2047474204888626,-0.2872539407468529,-0.16908968472334981,-0.6447439161431386,-0.18626635280747503
2002-07-01,0.06355155621673068,-0.5878769077937418,-0.22496081381734878,0.20253226538851052,1.1803078614146787,1.086267055841067,-0.8344641756807305,0.6139089075103114,0.421408637943019,0.28322370573973127,1.3965561128812243,0.3699415587095234
2002-08-01,0.03586593053851805,0.2984505949121513,0.002385477964131866,-0.0963336815852467,0.08361352832974069,-0.019224874032593865,-0.8733757486519724,0.20248336923515745,1.7036398980612932,0.11222901535404503,-1.2780655091087374,0.3674884106719067
2002-09-01,-0.738623444801533,0.39593974428251055,0.3038853752534605,0.5952221645673178,0.1438424212936971,-0.07329428015237699,1.174322032732646,-0.40903289504563595,-2.414498819484224,-0.28083929565280724,0.12323027810216546,-0.7396958430018533
2002-10-01,-1.4897543984282868,0.29422487717424645,0.4501273292885274,-0.002195528581777859,-0.15963565087244547,-0.7058888395552922,0.026412613583195185,0.20249940856106075,0.7063280550108963,0.6143637613465295,1.0012071844133634,0.5512740797554274
2002-11-01,2.0232162181153663,-0.7794077859967145,-0.822257716592248,-0.7810533395537947,0.44644189459764605,-0.6393472011117363,1.3128540308947534,-0.20394046259597945,0.7132407427283661,-0.7805623073187744,-0.3869777560386826,-0.3690963849499
2002-12-01,-0.10692502366911155,-0.2898281767211504,-0.22183745714078826,0.003914412520595269,-0.3656447099433631,2.019345515499217,-0.9064181626239851,-0.0005465473261556721,-0.716116455680763,0.0007694944664562356,-0.6302817380508896,-0.0008424855010925083
2003-01-01,-1.2584938707476299,1.657543810428646,1.6391323888682707,1.2653473773494304,1.2883499631217918,-0.0012478955279676435,-0.586216066329427,1.0080449044432338,-0.290469509571943,1.546500020568112,-0.37600201139318223,1.276434923833793
2003-02-01,-0.0036106222605217543,0.18114204256806082,0.12936964186507144,0.9413540593651398,-0.6111150863226711,-0.2701095365253835,1.12579717524874,0.39430465044688445,0.42875340419771635,0.029334999984277067,-0.37369734583706843,-0.19103871245764967
2003-03-01,0.22897785884549246,-0.29825758492180054,-0.3790025365674096,0.0562789847344023,1.8316854866038255,-1.4822743202753637,-0.7840233426548379,-1.4079170680620745,-1.1637085372425118,-1.5177717658137828,0.12338969946097463,-1.0917576934176494
2003-04-01,-0.61861565434835,-2.952756343103469,-2.8239830186234443,-5.358780028498403,-7.052866313221106,-1.0238641395397137,-1.2786648925275192,-2.002876349988562,1.0110597617737305,-1.6820699455245574,0.24655306613972608,-1.9938285136441385
2003-05-01,-0.35689411715508734,1.4322605220560731,1.3780621581080594,2.34912190365412,4.391632317995951,1.640051918956895,1.8304427584727694,0.8004126999519716,0.14394408231077857,-0.14451357828882747,0.7379576659126378,0.72301570829183
2003-06-01,-0.5322525391258761,1.0590901923579956,1.0988518002868444,1.3419812889542466,0.6898474729859891,0.8946932007884179,-0.9393748116256165,1.0052989468294875,1.3156346797361425,1.9409064700813814,-0.37428408204874336,0.9098196269081945
2003-07-01,0.22705362309895818,-0.6689085320794436,-0.728331290694898,-0.4745107302487459,-1.6434404618680782,-0.8418777593440991,0.5219586309970375,0.8018331672703007,-0.15027147138139194,0.5018110021080445,0.4857563454399962,0.9083366755368398
2003-08-01,0.29861565596711026,0.7652953539879256,0.7265724616189819,0.38327044317054804,0.44074563221403523,0.24803819572018954,0.3690339050953638,0.3954843280085939,-1.1646811638219545,0.7649238503302077,-0.49423202152620577,0.35800217429178255
2003-09-01,0.4682928800742048,-0.5700266279577657,-0.5781497849530617,-0.6605719641679072,0.844158419815591,-1.3347968263773473,-0.4945597295586292,-0.4036840544107758,0.5810483538089842,-0.45221888905238583,0.7248027699815401,-0.18609782486223322
2003-10-01,0.09899151874414597,0.474792840170868,0.5039143123166954,0.47749147072816145,0.017134078786499748,1.7563068397773796,1.2215252018902576,-1.5914580627251504,0.1444358299309418,-2.230571954521584,-1.0967441070056079,-1.8023852158832456
2003-11-01,-0.002903199741381501,-0.9421235105763818,-0.9301359904568044,-0.37472706852537724,-0.714578688478842,-0.43670699702548926,-0.45275988635932035,0.5969962887503149,-0.7277068562340562,0.9782200208396237,0.4811670473780569,0.3600863028297079
2003-12-01,0.16133536640456886,0.6631337873004239,0.7891220056920599,0.7580482199829967,0.8146554363244285,0.08664605908573143,0.05032870427252744,0.7943757539837992,-0.44025229964940854,0.6058108355311684,0.7164113038517547,0.9009951227306174
2004-01-01,-0.06175972572059241,0.28250825374900457,0.1410635823954654,0.744734597035082,0.26549359843228615,0.2968786743112125,0.5887273912967456,0.5905852439410413,0.7286368377003526,1.0339495491871054,-0.9663023649863004,1.0742411752632215
2004-02-01,0.1593719390339844,-0.8412971156917765,-0.7080515394878554,-0.3811568918543008,-0.6958644602739076,-0.4889515007380098,0.5501373471582872,-0.793551790216109,0.1456445261359393,-0.8218753625941935,0.7126930241346898,-1.079510189283075
2004-03-01,0.915893126653528,0.47079072121076077,0.2852984605112149,-0.5544574385245418,0.04175114356061317,0.4194372296528025,-1.4289720247776132,-0.0012300341816146177,0.4380503596253546,-0.4309304513161177,-0.1263859806370095,-0.0014636107161848833
2004-04-01,-0.3043446381664202,0.5597581035247146,0.5636233164601583,1.001660377573559,0.08541319518997267,-0.5688153979999491,-0.41430509632822043,-0.19745214883476395,-0.14761162890702886,-0.5922645769605676,-0.0066907168863595086,-0.35736112618621696
2004-05-01,0.04683034883758357,0.18092253933101188,0.204017617706158,-0.10419457299240815,0.19910710974527887,0.9301341801431771,-1.1532859679204135,0.9780527931572254,0.1443129043754426,1.5084131496890465,-0.5951486084828653,1.065128559530015
2004-06-01,0.01709767073674994,-1.1055353265918604,-1.1819973901218255,-0.9898239669027612,-0.5276785389966557,-1.4726725266303569,0.9003150714744013,-0.20085966328145605,-0.0018238518113871806,-0.3279403769966286,0.4670759136586092,-0.1825425518560002
2004-07-01,0.4829406136429954,-0.1810659404214851,0.0022564041905925067,0.18011012451576885,-0.16250734384234483,1.2262135316780465,1.0136670974521664,-0.9758947181387314,-0.7271064047561447,-0.9046779198165719,-0.23945816227604014,-1.0620908609459303
2004-08-01,0.3449514615877922,0.555266645632945,0.34987224103409226,0.7057803287467297,0.08809333501366308,0.3080389639991804,-1.1756523856667092,-0.19431601270881002,-0.7307208735450431,0.16012355504422118,-0.003914278505938235,0.17637278108407475
2004-09-01,-1.5212401856633904,-0.18131328029598248,-0.06726655765873732,-0.9698502343688095,-1.218762042251156,-0.7511662652233192,0.3533585124493424,0.9706328086222351,0.5805568054912301,0.7979268039550251,0.11230749360967951,0.8793857598932147
2004-10-01,1.962543560858897,2.0041737230389898,1.9908973438469824,1.2204261639452962,2.2159831200975293,1.2003621083973666,1.73485768442327,0.7687279403147276,0.8775720165845022,1.038776171920045,-0.004643667409428806,0.5203180176814698
2004-11-01,-0.26337631220792773,-1.3713149157861768,-1.3127262603824672,-0.4433196319673336,0.6106159792952285,-2.3124327401252556,-2.0662370100046936,-0.2014746083326661,-0.0018346813876761172,-0.4919616503047546,-0.4663771988690311,-0.009074004854565111
2004-12-01,1.0593114818818403,-1.4371272895805622,-1.5536865390271803,-1.2877702410957053,-2.436891739320637,-0.19296833372239558,0.6835312775663184,-1.7305182788590614,-1.609404003811168,-1.542206223371852,0.45879121400635875,-1.743276647334299
2005-01-01,-0.618722112562833,1.0831291504271996,1.08543288379113,0.8609898930578133,0.3387036215638439,1.8521323398732907,-0.11412702299654556,-0.19147057990365277,1.9023973456732854,-0.7241436261166599,-0.004561532014250851,-0.34787850716216345
2005-02-01,0.8921118701444628,0.2701221853787719,0.40528083087611033,0.17014689589987073,0.241182845596309,-0.5261865576670736,0.4282455790986892,1.7250223425083846,-1.1724351312158274,2.0139446363348528,0.45244509890525714,1.9108981810882664
2005-03-01,-0.15350815115138144,0.1771225632115035,0.06395051167661292,0.16679909263130563,1.2725090848759784,0.9792669391160087,0.011388741971515369,-0.19633956187283438,1.1697349879741759,-0.5703966066684963,-0.23556395602301058,-0.17969810761945124
2005-04-01,0.43260151442203715,-0.44473299190898413,-0.40146577431137426,-0.50617970305337,-0.46485581958444444,-1.4404955792368817,-0.9559613901564183,-0.1942240623935281,-1.610009235416046,0.15129389705217214,-0.3460631206579278,-0.5215080177792591
2005-05-01,-0.8587839264359678,-0.706296352886472,-0.7962204929437052,-1.088465118456852,-1.434566062256863,-0.37708388246028207,-1.0230807853574766,-1.3306429308165857,0.8772080286556795,-1.3754274481323052,0.10929798584077714,-1.2058565737352518
2005-06-01,0.5783186052210604,0.2689869973219392,0.4684302735993009,1.012841910080027,0.30345213361965945,1.793707635430941,1.2722379523630425,0.3803518803949074,-0.7357276199738054,1.0215739158203259,-0.11699714078429115,0.6887794608336486
2005-07-01,-0.5931005815969511,0.9755531625494226,0.8646171806789107,0.5870633541112326,1.7562416142464299,-0.7686285889326783,0.25076889744308506,2.0822545129778685,0.14403700146345796,1.6672096697921914,0.33300897767159615,1.8854301041418378
2005-08-01,-0.7069182720324748,0.1710339112867007,0.19056362927673764,-0.252083927022804,-0.2967673472293783,0.5767909121097453,0.18271479635180807,-0.013485899081362563,1.3269200466608881,0.3521097027920674,-1.3490717343134127,0.15506774311922492
2005-09-01,-1.8113900316194669,1.0293670192231905,1.0844484420805836,2.5264980594846453,1.3939414821832763,-0.8991570988641567,-0.203938456870193,2.7725990741682582,-1.3279071007939125,2.7060611146901845,1.1190407664968354,2.6689072423291478
2005-10-01,-0.7458074234669849,-0.7096671720669011,-0.7346299498241673,0.7846170713149765,-0.9151721201081447,-0.5766371835641234,1.499542175963842,-4.4748210070705206,0.4412352271596823,-6.413409977020077,0.552135734224288,-4.55232925353149
2005-11-01,2.663534283026038,-2.9908726950138025,-2.921361272097276,-5.619777620498261,-1.7428798002139665,-0.16914961204640785,-0.6568954142497655,-2.4063295730885406,0.44234908985620397,-2.197990240565674,0.2123969490385048,-2.5103695385040523
2005-12-01,-0.4086613768094976,2.3152229662074926,2.2296045185336664,1.497933194802589,-0.5971015549906016,0.8464722275057719,0.8476183252573356,1.8525864901104874,-1.1836409452899535,3.2940631218871532,-1.443771373777145,1.841329890835738
2006-01-01,0.46746084871944343,-0.0012628691532859185,-0.06618810895326248,1.813589300092032,1.0523919268118669,0.7638322538439856,-1.0771068119519018,2.2218956209553387,1.331141056903789,1.8539924035344133,-0.1112654072861154,2.345281361973106
2006-02-01,0.3694114356424165,-2.3047224735212852,-2.412426945999126,-2.352959798691734,-2.1666340820106056,-1.5444994021424325,0.27182239960718596,-2.0364632286620665,-2.0798163701099517,-1.702139123943798,1.3188229571244647,-2.1771714636392083
2006-03-01,-1.6431398295287811,2.0583205259000104,2.2327070420737263,0.551976380988196,1.1166081396047154,0.7954811561645617,-1.4555874762082759,0.3689349105387518,3.564342486877515,0.0486797600938764,-0.2271647427763588,0.6671391569491693
2006-04-01,-0.0824095883654399,0.5975894179757338,0.5070617106700432,1.2554429864730308,1.341320265546248,0.8019364527229939,4.309853718932574,1.284792074386128,-1.1942484633855321,1.972291266827003,-0.2243363595428922,1.3262673008192771
2006-05-01,2.053157070736799,-1.106690507099897,-1.077473199743558,-0.08390292636151665,-0.2388549046277744,-0.8254179305176382,-0.10174546595103175,-0.7388610469597703,-0.2969517331952099,-1.3498362908373618,-0.004849078271154145,-0.835934332254676
2006-06-01,1.0840708422919119,0.6815581528782171,0.6965313969262651,-0.4651633599706154,-0.9672809264076061,-0.16961107294133465,-6.262879757810369,-0.18503979561190761,-0.14822740856985617,-0.28426561496192176,-0.22113468386163562,-0.4977093205163762
2006-07-01,-0.686068187460409,-1.014217793779187,-0.8172520585579061,-0.3817008442911018,1.0375209573431035,0.46132902270805337,3.1712743607677862,1.0875353047332008,-1.912210153643824,1.6819523771522613,-0.11125769638673168,1.3113152225802036
2006-08-01,0.6177458304128264,1.2716313883869432,1.007226570459526,0.5380844542150175,0.5758144003503053,-0.6419246780721335,-1.4240667374789737,-0.3711492506021418,2.796035250980753,-1.1311399928685704,0.31995733813173605,-0.5002131207258174
2006-09-01,1.0493439590813312,-2.536557852461704,-2.515255246975801,-2.1393249593605868,-1.394031363844283,-1.1289026380872946,-0.4204723420717645,-3.436828494225932,-0.592910514284614,-3.915761173697544,-0.21907256415142892,-3.432513152918859
2006-10-01,-1.5431827877996556,0.32846084839586837,0.4899503303033058,0.06669329753262743,-1.3562935994568717,0.5174509428148958,1.2484860810195548,0.17374496469951486,-1.1732890987466904,0.517048565082783,-0.11021556289054946,0.15339980117927426
2006-11-01,-0.055067189329537566,2.4015488768975417,2.049007619474642,1.9414728430567374,4.673793519539087,0.8753089162410482,-0.1632734388887972,1.8186213059760579,-0.0027016774370200313,2.2172275328333604,-0.10935044550565108,1.9736527542302766
2006-12-01,0.6402554785476883,-0.17534406434132663,0.05916201155880916,0.07801762301272777,-2.0239792325753347,0.3476936105244669,-0.34998753953379574,1.8159290055534751,1.1757288902952236,2.1580693286813433,-0.4280761255792796,1.8069573442284617
2007-01-01,0.8090570648115996,-1.1020653022938371,-1.0764749619292024,-1.154219837293436,-2.05432158989982,-1.676224443018173,-0.280606052197422,-1.3873216203103065,-0.5009099855131737,-2.2522586707833696,2.0992877443955136,-1.6490838532569725
2007-02-01,-0.6871410954911505,1.6917408111465162,1.5768545182386435,1.3913948690051336,3.367849200007192,2.0549912416796463,0.5744389383403998,0.8144493662676396,0.46353336131767064,0.8998695169318546,-0.657014163706695,0.8130509214574089
2007-03-01,0.8324510753546889,-0.34605956610843497,-0.13904335498022366,0.14960820716961037,-1.820856192792005,-0.5914983803222609,1.143234477671193,0.48445095301614105,-1.1978912302838962,1.287523867172586,-1.29171517207527,0.6896457570621359
2007-04-01,-0.9372275129665558,-0.17196657463090118,-0.2566371623809211,0.14589704574582832,-0.1882138377417333,0.3236805152255201,1.3912406040366547,-0.8052692181511382,-0.041430813484844606,-0.907634538719338,0.9127645988814659,-0.7997710301035739
2007-05-01,0.32423219766057726,-0.41477470551210494,-0.43206755435151534,-0.15691204659078628,0.046148073050944566,-0.6113358390629646,-2.634055416408262,0.41548572115980215,0.441397386573634,0.3387108904301335,-0.2669271606239567,0.3659559574061049
2007-06-01,0.04619606486782497,-0.4916940975286652,-0.5470307351231296,-0.5247574340133334,0.03406496298492874,0.6781888245495103,-0.518853190280946,-0.6654660619994468,-0.6303474102961596,-0.9167744436415138,-0.15919564171251913,-0.7105667584048253
2007-07-01,-0.03803393079716268,0.8221299933893333,0.8515090056487605,0.5198370134519794,-0.3828764039699342,0.32526348268593974,0.8494321117287272,-0.19635362069890758,0.6837493472601328,0.1224553125679688,1.2225460770307488,-0.17139173426526094
2007-08-01,0.3050050799273291,-1.881713620464541,-1.878536877400959,-2.295770685775548,-0.34756295392614633,-1.1605194663426517,-1.8121746131058596,-0.5405410878081753,-0.6278628095548696,-0.7292861923364024,-0.578779950077386,-0.5957401264394946
2007-09-01,-0.334171061965354,2.2963716827336937,2.428054546715484,2.2315750196761375,1.1466808972594458,1.2056990651880917,1.0346725879669845,1.4424943060737903,0.9967620133465012,1.4313166448133885,-0.5225141160403356,1.4676329105917867
2007-10-01,-0.2330613849549244,0.0713102392500525,-0.19417425972932437,-0.003308948773611383,0.7307626864035836,-0.22880020502757858,1.1854392422757214,-0.42258718536182427,0.4302642195528295,-0.6532609808764792,0.6668500146588973,-0.35606252292418994
2007-11-01,-0.421377656675625,1.1026605034754218,1.1594349474989236,1.9503547820224798,0.3422000949218494,0.17347702717912114,-2.099251247583041,1.7475382401816915,-0.16573406247111933,2.170975596628747,-0.4208550459907371,1.793918450617215
2007-12-01,-0.3390108443743831,-3.0300539678888843,-2.8767455643411286,-2.757484455504641,-0.994393838776637,-1.2105395497340337,0.3271212798468163,-1.8145493365625658,0.4570296871899332,-2.0355406979897506,-0.25788919429929363,-1.792881650318024
2008-01-01,0.78672127929389,1.825119710266424,1.7487112921112382,1.499365253918073,0.14065565565770102,0.43245355738064,1.3710470145630196,0.20201258256112428,-0.7767913297558133,0.005096519445506916,0.396657113728948,-0.017210587886787615
2008-02-01,-0.024615557015839503,-0.7914959191978195,-0.9300560098447814,-0.5071634932957181,0.19275916813636,0.12081353746655013,2.2752368793741784,-0.3772559121846484,-0.918496853163336,-0.059254213292768795,-1.282427519860413,-0.2708781873332131
2008-03-01,-1.0682745320312477,0.7038802492734164,0.8606209769675695,1.5151287433395253,0.043803027929165884,0.7445782761024919,-0.5193908821223536,0.42594173927062534,0.038796528698326005,0.06072241317597527,0.49869349693806875,0.5406744770071993
2008-04-01,0.6203594905482265,-0.7809660302979926,-0.8596477613567076,-1.4037970946203595,-0.24027286568829342,-0.36403680180042375,-1.740108255971247,-0.4629858215820004,1.2373768981748041,-0.7205741037835219,-0.24675235436647533,-0.8426763550445495
2008-05-01,-0.25886131459858147,1.541379016759206,1.5221851012950542,1.9322064903047065,0.4693282362286941,0.4258822151426802,-1.594792236635568,1.3203660561916182,-0.509533900273519,1.7810001475777653,0.04615879924079249,1.6291384964374687
2008-06-01,-0.3238398796937001,0.20251549084339562,0.24653418628778756,-0.39716853193529783,-0.66705585895722,-0.40827717469088187,0.27982653088383963,1.6644071529393847,-0.3003010713585615,1.8491287733757116,0.42597857298194064,1.6467512769041426
2008-07-01,0.010601917337784757,-0.47550712366404735,-0.5219583765381434,0.6429133376247195,0.16756245868057743,-0.6773646748562022,1.3481163621642132,-1.2162019245293312,1.0660189282473058,-2.05845509258105,-0.5296739987772334,-1.4747570067713556
2008-08-01,-0.3862023854741215,-2.6910680164301213,-2.6628598846827782,-4.984152634583697,-3.477828195436977,-1.278166073310624,-2.007165171728103,-3.1649738856275214,0.32690885885856,-2.7199759573034386,0.3340211177024515,-3.0868093949396527
2008-09-01,-4.88000818388362,1.573555853007784,1.5252638726808274,1.5309966418781333,1.3791638359247398,0.1903605603572958,-1.1742011265989434,0.8627706402136317,-1.2497488577207994,1.4620864337739738,0.040739831460020755,0.8750733092935938
2008-10-01,6.936740404997563,-3.849732804421182,-4.034793698609045,-5.565720538477802,-2.6087469802227763,-1.8401846988310007,-1.674286761286899,-3.490392049079661,-1.0356934397079036,-4.416965826887349,-0.17570207171783603,-3.6132946772221306
2008-11-01,-0.87819911170853,-0.867549272470471,-0.48027313613681016,-1.0320988665497475,0.5970353858489249,0.15388051566438254,-0.19503946781337161,-3.394069755968297,1.3082744381698157,-4.958683804341157,0.23607226315570837,-3.482734346127256
2008-12-01,0.15810392646208715,1.651558119467035,1.4089622605263503,1.3387553543794273,1.9926450107074405,-0.4688203501828807,1.941287651602613,3.530352835924259,-1.2116646210945317,4.910078319482768,0.352599219270803,3.837196360350134
2009-01-01,0.24956036018813452,3.436103568369366,3.7519409745629444,5.412693856619991,0.895229664450565,3.454607283872248,2.2121872881643365,3.971269340152494,0.883060102127031,5.358106242835666,-0.2139044616140185,4.183111873970609
2009-02-01,0.8118030121677925,-1.039124745392527,-1.1346092388545654,-1.1783096510112134,-0.8816646891118411,-0.7909991418647306,-3.144026668940582,0.40818820339295675,3.066768281236131,0.6451898237149711,-0.049296528280997697,0.5458691339483533
2009-03-01,-0.530687775714717,-1.0428083430298822,-1.1988884894325758,-0.832301951437004,0.8855179982949147,2.6045917237235052,3.0180533238107894,-1.7003272778101295,-2.1389930312593006,-2.5380163616400404,-0.17601300678665965,-1.765950903756236
2009-04-01,-0.04993630616906182,1.9337457688119366,2.105334796239644,2.024329418944424,0.823735666022566,-1.6190252436361423,-0.78480256389247,0.73404250393082,-0.9755144094564348,1.3289725421584029,0.5049780440287157,0.7519959346287102
2009-05-01,-0.7130266049091945,-0.4809720463769958,-0.42076921156106284,0.6797854090838011,0.3956844453915321,1.321689866857346,2.607744764877098,0.17107226420478674,0.06038783580077234,0.7577805235722147,-0.09245208463428088,0.18687990176428954
2009-06-01,0.3225465848690544,2.3042296463780816,2.1234421031323722,0.9637997998389458,0.30594881874081226,-0.0844430908891132,-0.4244102515926855,2.499856599660108,0.5585014128874436,3.049281730140687,-0.45372501512210334,2.559291602572427
2009-07-01,-0.5931260021012377,-4.1219501910521075,-4.006097944219068,-2.151096699233049,-2.0116206338124423,-2.410961436901846,-0.10320152776442003,-3.1494218473282,-0.7766347475488068,-4.0124645832629255,0.0039219171027328765,-3.2339549860665016
2009-08-01,-0.3451281090173558,3.483778857163431,3.4669917991167285,2.4345165121525567,2.089252462603391,1.823607408782914,1.806622604257047,1.3396862568730272,0.7957900922920526,1.2165080149533727,0.2546238115050079,1.3127156728553984
2009-09-01,1.169398960056399,-2.2089240437054243,-2.2247757911267505,-1.6179534225013628,-1.3909227484379934,-1.228015146567547,-0.5186837983583691,-0.5195949234887096,0.42276091664877363,-0.5839095800880777,0.16787297553647837,-0.522454446143846
2009-10-01,-0.9119676857834671,0.9456636356742902,0.9907450945186385,0.1480227768563031,1.9574805723361555,1.0776840673163368,-1.992224215971076,0.39345345945575644,-1.200015222586152,0.3930112816440541,-0.3261242157034123,0.33527406893531364
2009-11-01,-0.6260023094028414,1.164926368773961,1.0283375150055274,0.8655136911780079,-0.6415178132087596,-0.567007419319787,0.5863636713419403,0.12756693801381816,-0.3150425195242701,0.4327791627162608,0.21462001073100181,0.15031737222185415
2009-12-01,-0.981034652453639,-1.4008729470493486,-1.2659139213663086,-0.722202209539643,-0.3850526821608077,-0.769449408072946,0.37542698220345827,-1.037914551016252,1.3552413624516184,-1.449179254358192,-0.47823405710943423,-1.1461451447615731
2010-01-01,-1.472721518553266,0.9978252043199091,0.9562986285062068,1.482964190482973,0.8418069776792718,0.9865151236380373,-0.9824695622551936,0.047717693531649695,-1.412806054293021,0.5958075279219389,0.9212209567063984,-0.02151800548397156
2010-02-01,1.124635199539725,-2.296683944922629,-2.3055443793263213,-2.399811677229857,-2.087332817067195,-0.7275139726601255,-2.6541810817137956,-0.5883491095377955,1.177842289266023,-1.2288969701224084,-0.06823185729290282,-0.4847678463480303
2010-03-01,1.395095906689611,1.8410258885485729,1.8011407314090213,0.916356156535771,0.9688293931735577,0.8246716248831092,4.309027826671122,0.4725864490786027,-0.3421904174757022,0.23977701900074627,-0.15883621414891752,0.406444902905898
2010-04-01,0.3073145141209421,-0.9158941325078257,-0.952895458247133,0.3485476192983089,-0.5530177105602199,-0.21409228617965803,-0.2822422405894617,-0.03680267124185649,-0.9098207103134562,0.21582946421952037,-0.5001883513442411,0.013921075190522401
2010-05-01,-0.2643846456592903,0.003079207844307217,0.0024099793039794814,-0.48677513416596807,-0.3333847549312962,-1.6933748483873388,-4.053219305920922,-0.27538653753631914,0.8512881387402318,-0.40364353714319656,-0.35120347477062513,-0.2664221454559713
2010-06-01,-0.34382932360574203,-0.45563434813536247,-0.44702315412392973,-1.2444078716885096,-0.04641446149868341,1.5114560521545302,0.7738091154298509,0.03761834217628307,-0.04043464436439653,0.0955909494221329,0.5512270269736128,0.08007945947471293
2010-07-01,0.8155337899110466,0.6148685721699917,0.6766797372385345,0.48854186339985417,1.1993526653210955,-0.06526289138705096,1.6382597087286985,0.8414660508294026,-0.4071061188640834,1.119867256563471,-1.0869651177538757,0.8887555712100391
2010-08-01,-0.33352800462687615,0.6128188289558738,0.5618696154384912,0.9088478883877503,-0.1633293336318872,-0.0728086637212001,2.4343472825555867,-0.14932713404043765,-0.09202534442147496,-0.20821055062817911,0.9363468515007396,-0.23187283027679284
2010-09-01,-0.17200962070049075,-0.30408416336573674,-0.28012614948130693,-0.1372883833687881,-0.6805858497304287,-0.24989738026197061,-1.4435797204035754,0.05697560307719071,0.9028990668492898,-0.0812586215877491,1.2009901737928845,-0.06051739499826294
2010-10-01,-0.36779251047179284,0.6799490422533533,0.8275757351409968,1.0311026943694508,1.0050215805662506,1.0128571871449186,1.5615736218837337,0.6853070249438927,-0.8028008561033521,1.1033097194958905,-1.4846661038761688,0.8302394696029682
2010-11-01,0.08222014583940793,-0.5292500404386047,-0.6113586921233471,-0.4195861310296006,-0.530479326371861,-0.5539741033946202,-1.6997386343744831,-0.3472022512905436,0.5947008734476114,-0.7161356358753863,-0.02796998992609149,-0.39623391617338954
2010-12-01,0.7018450530519069,0.5954147265516829,0.5393588111139772,0.26309715224528646,0.7958061173040368,0.28994271410897954,-0.42144962441621164,0.5440751076559339,0.12602497418039163,0.7357673348614898,0.3409372532676941,0.6097813928741864
2011-01-01,-0.131076587057229,-0.15446268181566758,-0.2780867142909688,0.45321911043061364,-0.30599815345670345,-0.5095170374898529,0.8852951140266798,-0.28304307385826893,0.5883931068007446,-0.8252090220673379,-0.39055863061850965,-0.5341401385460522
2011-02-01,-0.24058005397072177,0.4331671482361331,0.5236074577731683,0.04404313590229865,-0.1803317377679888,-0.023065281814351715,-0.49555496746300254,-0.010015853322812815,-0.7559998904075269,-0.13424949783027199,0.8162071514300666,0.041094017185547706
2011-03-01,1.1206106196123085,-0.4457167927195576,-0.4342010923102385,-0.022224921960227233,-0.16765108907321422,1.3394895214748481,-1.0841720666733055,0.7180586795645284,-0.36619824370946685,0.9982559107098771,-0.6227578046138577,0.5996621336699561
2011-04-01,-1.1791254622279776,0.21076980962481037,0.14830010756554987,-0.14816716989475065,0.743652404778429,-0.7043123407500399,0.8812600315902388,-0.17503247619757195,0.6786393255976209,-0.20973011325785154,0.5830265263286739,0.01788917923198718
2011-05-01,-0.053648450908060516,-0.5059999807403889,-0.41988701712465687,-0.5188734777989883,-1.8366464446549424,-1.453804165627474,-1.3850506658654975,-0.5536627506988638,1.1795591099746199,-0.8136827921079111,-0.3610371362689424,-0.5865840530720935
2011-06-01,0.5866584024268672,-1.2118398799491612,-1.3370307544386457,-1.0060504677573907,0.7321242066123346,0.30772189940978284,0.5961373268129014,-1.1680197712591744,-0.801297165739696,-1.216168903463737,-0.2982051183804749,-1.1603473516605367
2011-07-01,0.31801225820064494,1.074421664785953,1.0843740205095773,0.44188806843784084,-0.00040940817016683976,0.5893869821115765,0.9419730912163878,0.9629311134248006,0.3877347394953496,0.9098243972543928,0.38740377989159247,0.9214620705049065
2011-08-01,0.3392095214562866,-0.9250241834514787,-0.7704668661295464,-1.4999392311473758,-0.423261294904262,-1.2454178257731754,-1.6181919830368572,0.19647112418750817,0.22894920725541995,0.11512673574845987,-0.25198269998558875,0.16575937786101583
2011-09-01,0.19827248119450608,1.5691722799982752,1.440152643644542,1.5722280173888756,0.42361246204195396,1.0750602844776647,-0.47244907906921896,-0.36012859512804135,-1.8734087205886387,-0.075631249819206,-0.031598836424268396,-0.35610487128736484
2011-10-01,-0.8044990225023116,-1.489803231479536,-1.4840628358192511,-1.819181835560672,-0.7376994045192533,0.17344394380796427,-0.864355882890591,-0.5491610481527104,1.1930001049303487,-0.6331042442542701,0.945132448763857,-0.38673478415370893
2011-11-01,0.8029269184157807,0.6410417461918423,0.718071809917226,1.3257658116201543,1.323250196243715,1.0589986809239265,1.8119966758634594,0.43125026968031965,0.6400414707109908,0.4993654992000601,-0.17182181916984277,0.45627037364379724
2011-12-01,-0.6163036263228772,-0.4929463259172097,-0.5596935093500279,-0.5652025805747605,-1.2562146833560761,-1.0121386439991802,-0.2915194181774509,-0.5911861547433999,-1.252544550729599,-0.7372548351746347,-0.1884656340807561,-0.6750495228646838
2012-01-01,-0.839818879859689,0.6398301217620163,0.6149956513928824,0.5734972171637803,0.7871662795132819,0.029389057905853302,1.9765807176264403,0.9137157238235765,0.604692449898729,1.1960049700385273,-0.2852293666470768,0.9212282560504486
2012-02-01,0.45326002815156047,-0.13947619126486915,-0.049884696183857186,0.31969608294997104,-0.3191313564097758,0.030814483528763214,-0.30421487292893595,-0.21484357491168285,-1.2063414681985296,0.27446295975820273,-0.5965061161775593,-0.06260609833459434
2012-03-01,-0.9096444781874421,-0.20870693131961962,-0.30272759007244954,1.0043923594612867,0.2894503377359911,0.17616801612881228,-1.0071927466685198,-0.01568314039679172,1.540735376512864,-0.6121981765514499,0.7719185193200647,-0.1427009482964584
2012-04-01,-0.5269426121187362,-0.20805257816380807,-0.149824925878469,-2.126782520688519,-0.8677515434781097,-0.6340353037587878,-0.9689429117888213,-0.15839765857134197,-0.2756923260653288,-0.24233444453369143,-0.13579971984337189,-0.16666523445853412
2012-05-01,0.2136242235412469,-0.7029752260797729,-0.7629224645937469,-0.4419277095427351,-0.022283808593216776,-0.5833186489684392,0.033646599322898006,-1.371456078420343,-0.49118638714807206,-1.491487920242289,0.14725953684446041,-1.39095906669957
2012-06-01,0.451927400431908,0.21204404360173995,0.2530759804346695,-0.1340004424043854,-0.034253220832868934,-0.504137885488498,0.06724274775837112,0.4579003389491928,-0.8990043576677612,0.29588921788328976,0.903733071929765,0.41954750078923536
2012-07-01,-0.2186568330290189,0.7836059660029784,0.7216420890770202,0.7635318920857894,1.5482696978650952,1.9892260230359873,0.41442023733761446,0.4107649130084728,0.139870526327676,0.9585456039238841,-0.6309646057303756,0.504856619222963
2012-08-01,0.3430897558724586,1.4126059827597242,1.5332589413014144,1.7933487311020426,0.28006822082433647,0.03634512801798585,0.5808455986437945,2.024986395904328,-0.40691943324354884,2.5062107314638182,-1.0182710670169703,2.092172577362428
2012-09-01,0.035436982223502056,-0.36297443242272065,-0.2722989937708155,-0.008736184795808434,-0.7683658826309379,-0.6088063347543546,2.285545958842401,-0.3794375781213032,2.3135552234978056,-0.7523568367768112,0.3007918631975554,-0.3487818638287353
2012-10-01,0.7881800041172315,-1.1145609145656001,-1.2066724381292238,-1.0089435797960002,-0.42734830719245986,-0.6020736646325311,-1.8067092960948283,-0.759759992507902,-0.21732789106210718,-1.0536251592801333,-0.24549828218025152,-0.8721794679830475
2012-11-01,-0.2855947389868508,-0.8317682133543618,-0.8992643272943831,-1.1925121788926054,0.3095690047313936,0.22416592449678613,-1.5080470635659973,-1.608409095089157,-1.393902417410039,-2.116969876076672,-0.155151658146135,-1.6944728051192492
2012-12-01,0.04001593854264678,0.41964841957428234,0.4519959809573803,1.0123686615202996,-0.001496027880491694,0.5005111445225544,1.4000045822687557,0.574153697125148,0.27295066103769655,1.0790725082313217,0.3221919413429652,0.603718996955025
2013-01-01,0.9206671951840609,1.0493575056912685,1.1086641191514233,0.5084120055857558,-0.1635898235900755,0.5106950567086699,-0.6799072176030693,0.772875399732752,0.9478874617394765,0.7449077736344732,-0.017908915383385272,0.8376170647948128
2013-02-01,-0.004783881275067196,0.0679143937426269,0.046011825924013296,0.6887663181793741,-0.07687388499101962,-0.6212786351672118,0.34713760809911753,1.2644787789505565,-1.005202035249685,1.8054046989580463,-0.26519205249599564,1.42407742070362
2013-03-01,-0.3944636948658707,-1.590895819902,-1.642663279258962,-2.500867652025807,0.028432565609138663,-0.2987313218271702,-1.2313992810852732,-3.0272090163537726,-1.6854284879836825,-3.7060249612833402,0.8604572647375758,-3.263287993778368
2013-04-01,0.2986782188667077,-0.07109666219259289,-0.15501543664233863,0.5622757897855595,0.04779420719927877,0.13285398257539263,-0.8299039641228007,0.26740053575760714,1.5142527596534943,0.05175078522528934,-1.3359103036063844,0.22917813233409187
2013-05-01,0.812515724722658,1.3976657987096255,1.5113641237598232,0.5081594663831587,0.24815341170980293,0.38930799042246234,1.0206832123349616,0.9215946712428258,0.10456643796553691,1.2658741699118996,-0.5549437607654588,1.127507705117975
2013-06-01,0.19028707544879744,-0.4854849304659176,-0.5012872360122788,0.13057471147559274,-0.3820883215419672,-0.18162021759225486,0.7301639917645436,0.7226998484704161,0.09345979433602843,0.9132223049105933,2.301444670445827,0.5963284427343412
2013-07-01,-0.03955385725902015,-0.20579179722692173,-0.1482260917139687,0.13076451009544393,0.36127837171209054,0.7567764062246647,-0.5612663424322184,-0.15478156584573377,0.7877370864067111,-0.07770664462969216,-1.07388245704614,-0.09111748895885105
2013-08-01,-0.24031640455028633,0.8372182858074831,0.7041696969128073,0.13057471147559274,-0.6384676371425405,-0.6759975648607173,1.5698592516124734,0.15822392065554614,-1.2200082941955976,0.06053926409857273,1.2246173575555883,0.1551003965687731
2013-09-01,0.3943052305607621,-1.0387986143965577,-0.9993082231275731,-0.24927555632700177,0.34258811960921326,-0.2056800310131879,-1.0791491110043128,-0.7379905464339237,0.13967518427450615,-0.9308975154512452,-0.8894146897818994,-0.7377365415370709
2013-10-01,0.4156131356256832,0.6277459680793629,0.703405077141725,-0.05939779314257362,-0.24325323849919017,-0.5157568681496103,0.3468322561925146,0.05865461352860342,-0.2251589094871505,0.31351248375512314,-0.7025804186915419,0.024403368051108133
2013-11-01,-0.5030927478620223,0.1408577641688074,0.05144115522373764,0.06728212374745006,-0.18279506924428623,-0.1270860401013361,-0.7842666062785977,0.481473068065697,0.8817922749334514,0.28141372961921884,-0.336981100334695,0.5172897279428594
2013-12-01,-0.7196301885581812,0.13960267283278582,0.1502189194694318,0.6367272523474419,0.917645239753822,1.0557116638094173,0.7184350068534031,0.29394740574672235,1.2320404813966959,0.41916611828712325,0.20173833319797704,0.301521383851368
2014-01-01,-0.42795487330896,0.4800778450635881,0.4435620904061503,0.37791504387389807,-0.008029086272979083,-0.6885104581955652,-0.5782533584412183,-0.08025781548008551,-2.663987175918755,-0.3862400473306277,1.0411775692496883,-0.11381929546607762
2014-02-01,-0.10461186925326896,-0.7528029896860052,-0.6903961097874965,-0.5014793843458755,0.754238244026954,0.9255201645423339,0.5260283878044137,-0.48547270120106184,0.12124150298542116,-0.5259072817595244,-0.18843377744272813,-0.6376530946153723
2014-03-01,0.5716977572736662,0.1386015052475417,0.19745056101014166,-0.24664713721487516,-1.0901172468939297,-0.619940669016696,0.05895053689459876,0.34614675092781705,1.0515136600096968,-0.10829271869527274,-0.06496303205163177,0.33679129155186527
2014-04-01,0.48018675756136486,0.20510041773874957,0.1464425333699292,0.06595081113786457,0.16222013345425312,0.1250905603564507,-0.1126246531518665,-0.06484021534907669,-0.1720224534586273,1.0042081597637655,-0.023371108940784733,-0.012216123695694109
2014-05-01,-0.7862047665528703,-1.08225049142363,-1.0690566223409068,-0.7438939789978727,-0.5624032164450302,-0.1105788970887079,0.012247432139676204,0.014710887270973687,0.36026354031016533,-0.8626204650425727,-0.04162393147262583,-0.06880693811937003
2014-06-01,-1.1427268355898903,0.817017044315772,0.7817831273289533,0.3152032216071258,0.06961691993823076,0.32917544919387676,0.27510945025028577,-0.21322882339578003,-0.12396528605997256,0.40814938001580325,-0.06640097597647533,-0.019005201301858652
2014-07-01,0.3949214488783019,-0.336159741173827,-0.33866362730329597,0.31658509832573783,-0.17095386492699235,-0.5425843676166971,0.2062540667459581,-0.07141885267881416,-0.3431779692053071,-0.34510601632795096,-0.20857433734277928,-0.15314752606883994
2014-08-01,-0.8267301091951628,-0.06470118905211045,-0.046308550745000274,-0.05858493541132924,-0.30529128605326533,-0.48145792381265845,-0.19117514622239437,-0.47215646747051,-0.7518060211346367,-0.20971921235842933,-0.4176357367910745,-0.49048137262615155
2014-09-01,-0.5668427518780159,-0.33653087174226765,-0.33968172002079255,-0.37121143423830416,0.858769511089706,0.34612752022456383,-0.590168854181458,0.08564920320637591,1.4339223432220398,-0.24409481159810686,0.7265809802784554,0.06078655647757953
2014-10-01,-0.6899799849582691,0.001860082407135638,-0.04856237344586723,-0.9419326815849335,-0.9662026005958811,-0.625002021605854,-0.8235113559207833,-0.0986803643797193,-0.7009307159300076,-0.012019527100623881,-0.3201618060726026,-0.03960449641033478
2014-11-01,0.04334485887426706,-0.06657299878811031,0.00014210307717495206,0.24664944890835064,0.47034444373983403,-0.08005055969981927,1.1038077136425724,-0.6198904494868954,-0.6285193556366057,-0.8307591520739686,0.8131568837335573,-0.6859784256187639
2014-12-01,1.089070244163924,-1.3792365387283754,-1.3988812411253548,-1.2312666679761988,-1.0424719808235499,-1.34422814640724,-0.1912596192561895,-0.44275769774723106,-0.1562419378549518,-0.957743924170723,0.32919851887594037,-0.5416098019442337
2015-01-01,-0.36982000722307434,-0.5865634246660895,-0.7519385962121038,-0.8986169841524762,-0.9927776604071694,0.17565020549707383,-0.7716453843123005,-1.2138711324365212,0.14714597102183807,-1.5509699193276798,-1.7901848926897093,-1.0904874274419878
2015-02-01,0.008348901997136936,2.594502724241582,2.702557012426709,2.6912769400858068,1.5787562597795675,2.8916338150061356,0.8081521186195813,3.2823022342285673,0.4704008864708294,5.005491765169546,-0.11306299711426897,3.4026137957810008
2015-03-01,-0.24990076754359322,0.35494076730552826,0.362504609924655,0.3369287350317197,0.5725638685801623,-1.2167126652385376,-0.7803695623712222,0.05890419139290955,1.1625888642156335,-0.09840086746784799,1.7207091017301563,0.22299027065775195
2015-04-01,0.13656185304931007,-1.4070993775687626,-1.3376399675513273,-0.8016777222240425,0.38151762869498707,1.8147309825221853,0.937496361057368,-0.6058733373747583,-1.256355739602241,-1.0958776233692575,0.8401198175355409,-0.7210776980543411
2015-05-01,-0.8481113869477582,2.4686421532242524,2.524821631535608,1.7488010640791165,0.578013583684049,-0.4380571594143932,0.5421940313138611,0.8282212613567956,-0.45225348978000407,1.7810047958624426,-1.6050965408647742,0.8067295420371074
2015-06-01,-0.08136841001491166,-0.7776809881207559,-0.8794923016159293,-0.3339975332409508,-0.595648146692313,-0.7361781462971951,-1.66613723145165,-0.19383868787725916,0.3296232746276522,-0.89554172943064,-1.0865845146006503,-0.3086311869592057
2015-07-01,0.708067905013995,-0.9038690168227247,-0.8617293634692885,-0.7305040281021853,-0.8653448595470864,-1.6640417773585985,-0.05970056832333607,-0.43322798124000017,0.6991756935896759,-0.5434322758347969,0.8431353264407648,-0.34990280319324074
2015-08-01,0.2876600566172268,-0.34619025083883886,-0.3542113950919416,-0.6005574629521985,-0.023642894642195003,-0.09858320283028649,-0.08300453715067337,-0.5841235456448206,0.4148215124638584,-0.7906521631507921,-0.7846692889934589,-0.7027592025198817
2015-09-01,0.7908885725376408,-1.1967426578766067,-1.289234789859436,-0.8856797147779393,0.26009083863414945,2.252081626792552,1.6184003807546488,-0.825661093769674,-0.8831753150592375,-1.6933125013964434,1.1195898656360193,-0.9105738624213953
2015-10-01,-0.15195441485965747,1.337046929215859,1.4911592297200493,1.2183060366317873,0.172779204344516,-0.41798414174386833,-0.33153978147962826,1.191906234567861,-0.7474490495795497,2.041765640127304,1.612284239359607,1.369556969539541
2015-11-01,0.00013275184013734442,0.49932548360649975,0.4702149957665606,0.0016222573779965145,-0.813245746859886,-0.9885780033569683,-1.6646852504803165,0.07583144342236474,1.5240553086324988,0.4032843669767194,-1.2115929259358764,0.1921734269859918
2015-12-01,-0.5666583558067092,-1.063542652758593,-1.1455040909491647,-0.899910655653543,0.12923407072509477,-0.45475196635232495,1.2436564389336375,-0.8345334583499131,-0.11831226025732695,-0.9331609792383335,-0.8361029762295391,-0.8676118325822822
2016-01-01,0.5265398633570568,0.570486914719399,0.6265592287251891,0.057538625831486674,0.8643271180542383,-0.27502040606962014,0.012578162317293574,0.2276253055222889,-1.9065293435009447,-0.08112592072046812,0.7645536602879675,0.13432939594360935
2016-02-01,1.8488833143834262,-0.6451562167851838,-0.7409831044055728,0.4145931277128439,-0.3070409206669932,1.137100426449868,1.538619944818787,-0.32029520453389215,2.7211687546320653,-0.8223684345977754,1.0047024549303838,-0.3575545432499156
2016-03-01,0.24207170913182435,1.2967320736540273,1.4854056189497276,1.3470478430371087,0.7849008539674529,2.5149687074283906,-0.32088685643906995,1.641155178909435,-1.3380206359856708,3.024660945872224,-1.5403234482992005,1.9172136603920016
2016-04-01,-1.0047643564990714,0.1459762920538085,0.001131233352375282,0.21439541278785929,0.2644922060230537,-1.2872543687536262,-1.0640423165451662,0.25552547934507147,-0.009164139196273013,0.030813509086100414,0.569906017962248,0.09463239008701606
2016-05-01,0.2008490147318913,0.07319335416638939,0.1589360419937686,0.21159673662585007,0.17680930262235803,0.5347528350469388,0.30418125055584766,-0.5373195668722146,1.3732380685677124,-0.8656879766795381,-0.2251182623599882,-0.4394592103220316
2016-06-01,0.8752927783292909,0.4277241031515597,0.3131348435657485,0.13835479021536434,-0.19728012258518,-0.9114189112898273,0.10328464276246475,0.15156579561933178,-1.8887349097780475,0.34072949151460535,0.2813128565096647,0.11319779540012039
2016-07-01,0.07351316221623,-0.92264370573425,-0.7309304071906328,-0.5555536005125283,-0.5000502895175987,-1.2767660310588183,0.5387965871301733,-1.2045363847842372,0.04751685099728352,-1.9141053847270828,0.579850855723659,-1.301230874252406
2016-08-01,0.3034357740051482,-0.4233977866832362,-0.5193469598435745,-0.4122432241231845,-0.38719880792450484,0.8751787230772583,-0.8844677016298212,0.8653567981913266,0.9229523150229507,0.9403274685057555,1.7246406235972673,0.8865582172751129
2016-09-01,0.24479351349961745,0.9978966971866944,0.9937033443755652,0.5576677690208448,0.17216348310673685,0.08557156632172945,-0.1788412651187998,0.28452063164197267,-0.6999585000871699,0.8907596701299223,-2.9517759803960497,0.3120391160564066
2016-10-01,-0.5933638051843221,0.21236425471270584,0.20605442921545816,-0.13553031523928508,-0.11002724177173051,0.8469184601618456,0.7131565891730653,-0.10247108064014963,1.1716634120520877,-0.07829797264334355,-0.6684311008528028,-0.11266016897567245
2016-11-01,0.13052995628970818,-1.0568071201288012,-1.1369218458339623,-0.20318202682853123,0.35341790737036843,-1.787283880773676,0.4801532425856913,-0.42684981806978317,-0.7298541932955016,-0.5315174506425226,0.17936066502553197,-0.42361821058055005
2016-12-01,-0.08269838410316475,1.4809393480012507,1.549379094572794,0.6208801583073944,1.5070115634607768,2.1062028258081598,-1.2955057450637846,0.4944888058920119,-0.7019159356465894,0.7134075704160626,0.355360363815062,0.5058150169420237
2017-01-01,-0.38134820449427487,-0.07673369812868501,-0.06142818139585673,0.7452263226031045,-0.7925110794653593,-1.1625455763846386,0.6549614786563439,0.557203004188729,0.3870592946713555,0.4745093808335687,0.24601842389908715,0.511022786723352
2017-02-01,-0.07517025732497369,-0.6966268569056553,-0.764391991290408,-0.616149650527852,-0.885648823858548,0.0806350498262804,0.5694939584757214,-0.898351642025849,0.21543539041358065,-1.4854135378553261,0.5443089849607949,-1.0152928499371225
2017-03-01,0.26030284545857546,-0.48225991720773065,-0.45284191941208474,-0.8716761351904742,-0.7522186366329925,-0.9635569259472976,-1.1424269389414452,-0.7567975162867242,0.4520785042731201,0.04967273842184438,-0.85469410287669,-0.7646306546653809
2017-04-01,0.14021132769494074,0.7633495801316899,0.7085423217985347,0.740245890795616,1.2671405740697848,1.1232600067078842,0.731482240896561,0.6260310264187812,-0.6067300745844068,0.060724228739575156,-0.940110863837221,0.6944261919869225
2017-05-01,0.34734111554569463,-2.0734705083322695,-1.9178928172161576,-1.1333312713527302,-0.604528904040861,-0.8408872447782848,-0.9160265080997856,-0.7380264290049349,-0.7746086483690601,-0.874080021437762,0.5005629703869624,-0.7849792912885408
2017-06-01,-0.2857189985539179,1.458229126270261,1.3177489708365568,0.40505417806646093,0.15012553189776429,-0.18083782597906126,0.6001157931630312,0.5248741004975016,0.7064815031161906,0.7434112202558234,1.1793071028795146,0.6778916901973902
2017-07-01,-0.5717796592557042,0.0030437368451873294,0.10420319920078802,0.003989599169782278,0.10011309193011318,0.9967468822989412,-0.0530334996362923,-0.1186529742984201,0.003239614763737593,-0.26203602510473717,0.20688327524290465,-0.25983104179084104
2017-08-01,-0.7524599741461284,0.696512032186989,0.6607810307259742,0.6717279272641976,-0.23864960403674856,-0.016518262614985676,1.26282699496984,1.2928881847556886,0.2264208821128819,1.6798827962385126,-0.6651393183433858,1.3904885635895674
2017-09-01,-1.68300704715397,0.34234528541214343,0.39726792072766615,0.26521977962832,0.25088427866010315,0.06533736222857775,-0.8007087715828304,0.46104177189166207,0.4852263313747274,0.9312768417300928,-0.7085283892981409,0.469197125864226
2017-10-01,2.2120909995730313,-0.6881261815190252,-0.7537303845848825,-0.19981721355154297,-0.18855812769444882,-0.01520453509203719,-0.37496128450850186,-1.5880766556680483,-0.23528641072981052,-2.619080925314949,0.3729475456945298,-1.6422591892721452
2017-11-01,0.07225148455763403,0.750031397985051,0.6432954180543855,0.06521465331077488,0.7076058933038494,0.5751716567154534,-0.6255217553674537,0.6955512070995357,-1.5962681929619733,1.5398740379940152,-0.2750805148298798,0.7448982599451666
2017-12-01,-0.6483633885919395,-0.8162088530725905,-0.6438196590442717,-0.26083428071645776,-0.4256072259238202,-0.7004930695335909,-0.1793984012853351,-0.20544717303597826,0.19761565786796215,-0.7545313438510755,0.7445027704643359,-0.29226457807692546
2018-01-01,-0.4764822198384478,-0.06527132751354656,-0.14581443149757473,0.4546153136214163,0.18966314109406848,0.724326331801057,1.9386135918058833,0.7874904239983919,1.9911261283898172,0.8305366775420269,0.6078486493284663,0.7926844975965814
2018-02-01,-0.945653515016124,0.1372696853978835,0.14831885583683455,0.060656035513780536,-0.04199108284816201,-1.161205210343472,-1.2700781001437786,-0.5717609309084182,0.5029973490011371,-0.4758125750193014,-0.8374854678716517,-0.43993873677046763
2018-03-01,0.4128719855410872,-0.40149473775217176,-0.53499259695262,-1.0889249986701444,-1.1321368603492905,0.3068108646066374,-0.42068839194252805,-0.917769844478578,-0.47530806726834907,-1.367914972042171,0.5071426217731442,-1.0070595037466619
2018-04-01,0.03821330196792974,0.003079207844307217,0.14888846968515898,0.8346375475282933,0.957875735390868,0.45548606755137216,0.6974315852006079,0.8864465966424151,0.2531172695478135,1.1195736169722101,-0.7387638179086647,0.8497759935255431
2018-05-01,-0.2529748507893464,0.6747166011091248,0.6355839024166989,0.31553309495603976,0.47212191227390055,0.0027750911506337194,-0.18414393987045144,-0.1266704157192318,-0.9702263600274207,0.05713962528758765,0.34999384899112035,-0.03173430473178966
2018-06-01,0.328066857554412,-0.5346262406520864,-0.582158378665438,-0.5699389636861572,-0.8306069241040474,-0.8318196206213785,-0.03392722667762972,-0.49783058255093987,-1.687858939437127,-0.32051817511701564,0.5221510832586804,-0.5846175442694682
2018-07-01,-0.30570083120359637,0.1366176850258942,0.1478539975593763,-0.24886148927703308,0.399713897589843,0.7366471363816027,-1.847169634356552,-0.04376366831263561,0.507796698856326,-0.2523788984993597,-1.9686311512422523,-0.0721593852501606
2018-08-01,0.5535523198312093,-0.13085222376108654,-0.1430861614629272,0.12873446543715455,-1.0572752346822518,-0.8457001454133805,0.8664929717750667,0.3702065093348406,-2.154438896408626,0.7131223197048013,-0.009089195260087928,0.4060113100117955
2018-09-01,0.16247554985497667,0.3359008793023805,0.34067889389590444,0.06526794467170159,1.0746013167753043,0.7168957454014134,0.7947944649979184,0.10140348379284933,5.535255835451015,-0.19970597618156807,1.3040599033843556,0.10249839220661552
2018-10-01,0.7348599701694867,0.5967421657465062,0.6240747092070402,0.37490402295448,0.5027033049873821,-0.23313839167090325,-0.19417457020273876,0.10223359373864534,-1.165307234842214,0.07816397305894293,-0.115564422213818,0.2064515750164019
2018-11-01,-0.203494241878377,-2.183493541648294,-2.2556810287422158,-1.7998521147811473,-1.512467363703158,-2.185531605495558,-0.19780448198573833,-1.1182240827166716,-2.5219421320664965,-1.5793245828005344,1.0071112521602552,-1.3440859650377122
2018-12-01,0.2979537573027002,0.596254195567534,0.621734767613461,-0.5085890990535482,1.4311321704583173,0.7504116089374123,0.5271512028325418,0.5114132978411583,0.24305488097870168,0.14195436052515945,-0.569313300067122,0.4823577610355918
2019-01-01,0.8944671927711995,-0.7387235406157807,-0.8860093482794275,0.17763764392887937,-1.934934734271685,1.7259129864527702,-0.45549950843071024,-0.551278808194392,1.2024982551934111,-0.20060251732182377,-0.04464784918087764,-0.5131921003113815
2019-02-01,-1.3144083684200307,1.950886063221402,2.161064152523173,1.657481560242137,0.6723197946448926,0.29659257426750646,1.089596942192259,1.4026601022826795,-0.07148471181207272,1.9441172579118438,-0.7104680859699691,1.4595045552517754
2019-03-01,0.1841225872180486,0.3998123729035912,0.48504517999746855,0.3206026733310067,0.6113246782512982,-0.10208453255394441,-0.6942578827207959,0.28659463125217,-1.3043945329880462,0.33501427036105574,0.7847803627316152,0.35827867516113876
2019-04-01,-0.4084969334865549,0.06081221520728914,0.03861076753336261,-0.2517823684614367,0.3381552650398807,0.3625541491432137,-0.20881967456733933,-0.007645107856333235,1.5520555639793887,0.12481046845867419,0.2232090250365802,0.146674434399589
2019-05-01,-0.14577099513537242,-1.3883802390083144,-1.4925554831971029,-1.073124703097797,-0.9306837903142132,-1.3866831905184869,-0.7439229594734627,-1.2890963581214376,-0.5292330538978604,-1.7198691824334698,0.2394526542027134,-1.5185413855589691
2019-06-01,-0.6265464079266664,-0.39571374844352364,-0.38584710938110045,-0.7048767961877677,-0.05396237163904661,-0.5679981729248955,0.8642733808873196,-0.20992984801560136,1.5895041349209675,-0.5110537674269592,-0.7401939851978374,-0.1508329864298097
2019-07-01,-0.2382955411963152,1.0645156007539462,1.066171788192428,1.5385956948522286,0.971012130932542,1.5127630972940758,0.17514894717662813,0.9679969904292764,-1.4231914235955834,1.3141312756927428,0.7905601471271272,1.0199763014404513
2019-08-01,-0.12822562769592752,-0.7934810462436414,-0.6753280497518822,-0.6391726120461798,-0.7419333095813199,-0.9093749722899357,-0.3439795832558243,-0.5111461625221284,-0.2547834066142345,-0.555177449910852,0.7056951802668954,-0.5614686281300283
2019-09-01,-1.5714416385807597,0.4013593348882815,0.24429891957522346,0.26054761403966303,0.4034077779529327,0.8164492650677833,0.5623316511561625,0.22973219126171204,0.6511462035720162,0.19820931914284406,-1.386839168928588,0.173520918059821
2019-10-01,-0.475731268438589,0.8645559250504172,1.017607669439014,0.584696177433557,0.052240301343110106,-0.8985566734655579,-0.9893439685326314,0.47335398249590954,-2.222129267054786,0.5576049537888376,2.645845192891286,0.4958662861937988
2019-11-01,-0.7666680386059533,-0.46261866199148827,-0.5315007454083198,-0.1897867016014405,0.6063219175218182,1.066764570254182,0.8394309903160699,-0.003891709763928488,1.9364518081990691,-0.0546135310267913,-2.057870504006534,-0.01316140307299252
2019-12-01,-0.9907760835799543,0.3954330348576409,0.3824592802031777,0.1966217141081725,-0.4309478369817902,-0.0630389546566479,-0.16661632497039297,0.03596133861964293,-1.074048063349871,0.4178940822195186,0.477632168189409,0.07368033641799361
2020-01-01,-0.20911403167626877,-1.112889414528286,-1.143199533455518,-0.8321308081310406,-0.4950931143616262,-0.8667918035418428,0.3952823362677726,-0.6768648698763511,0.574363950275347,-1.3899480688426933,-1.122580258176199,-0.7731048406835257
2020-02-01,-1.8243312293295837,-0.855854710705271,-1.0104871602574028,-0.5820147997442257,-1.4127537846681912,-0.8685748105687409,-1.0750607670428467,0.09085816102679882,1.0965935044889479,0.2419502201185599,0.11046629693061132,0.10323033238157468
2020-03-01,-4.757799634630027,-1.687677211201642,-1.6476881512698385,-0.9273805792553529,-0.39548839512285744,-4.084619742643253,0.3298272278765077,-2.0406269916970814,-2.7383235205401633,-2.284872544651377,0.39657194259085005,-2.1625434219251725
2020-04-01,-8.564184802277229,-1.0993391707795717,-1.275505931623741,-2.401826129949851,-1.622205726518943,-0.19277886448371825,-0.7854643603513398,-1.336497835354768,-4.623653708511092,-2.710324098469866,0.2611042218019214,-2.011139310773831
2020-05-01,1.0392908314344966,6.8084024357864354,7.444709603534038,4.441866167161917,5.8165534493486915,10.86408234008666,1.2403840343751005,2.4963107567907645,2.1751698368030747,3.499744124009887,0.2194210536352452,3.0214635865219246
2020-06-01,2.701328132339024,-2.3457068764165383,-2.614671815423561,1.4329506849650608,-0.87598082274824,-2.456067334551157,1.004907792163023,2.058155295187666,6.794235555085127,3.3841108827853397,-0.4814877273063602,2.23604048413738
2020-07-01,2.0955615200213833,0.27207293146461303,0.19952481954422238,0.4556133457668852,-0.9287179817450659,-2.2709808711313584,-0.11376772284486494,0.34620245403793676,-0.8626299619690616,0.7510133136480038,0.018781307464488018,0.8882232464792271
2020-08-01,0.769112584661659,-0.5398698963557851,-0.5480266989506615,-0.5501849343296099,0.5212323191631646,-0.20870916198757009,-0.11849466999222513,-0.6423725923348171,-0.8764267127854372,-1.1157344575507273,-1.1337296189511004,-0.9731065592948835
2020-09-01,-0.3005712008780884,0.33934209507728047,0.3989236065947018,-0.5987631068360819,0.400020885772359,-1.0270378088183938,-0.8863644429780759,-0.5319783340832775,-0.09097841930531633,-0.29515139830324283,-0.23101543587214418,-0.5095500910630378
2020-10-01,0.029400257747549507,0.20171093099145543,0.1963940403795752,0.39065560317951975,-0.7363193114449554,0.5894247006431739,-0.018695964652029832,-0.40682226896759527,-0.9093115810546757,-0.6597979610119563,-1.095612447861567,-0.5237494125378004
2020-11-01,-0.7441645750431741,-0.4672437923876432,-0.4919095917309854,-0.005643337279713852,0.9049169099860868,0.43177791980085667,-0.033278663679395734,0.4909434897795681,1.1415339365897617,0.27424634999530534,0.9963521452526845,0.6175063851456258
2020-12-01,1.1924618985753177,1.1962438499729158,1.2177749280761399,1.266412618821491,-1.005832116117002,0.9776031601812663,1.3214703731684774,0.6501956820171273,0.041210003791149606,1.0268471997289,-0.22607633494670706,0.48527853207426525
2021-01-01,1.6398728263934292,-0.07772227225201432,-0.06527196663569496,-0.4748816826050755,0.8461448509393089,-0.3676002503342281,-1.0804139828789114,-0.8416913584536104,1.1402995424899864,-0.9147603267307903,1.7752667980996988,-0.7670589499502606
2021-02-01,-3.6781445816171505,0.24788536550061943,0.21947863102113901,1.381682612437229,1.3010772507960011,0.25756310919810704,0.24017542988131405,0.7701812234593133,-3.08662231747581,0.6443795703668102,-0.14792369904302968,0.8538399071950522
2021-03-01,5.623194032554774,-0.20765826558651096,-0.207161008329521,1.0431436916784143,-3.6116143440857265,-0.7084792746820707,0.2531148074424355,0.3584246281181201,1.3216415172981806,0.42193614955425324,-0.8153968107439287,0.3546192620153893
2021-04-01,1.5020813011443834,-0.7091917576279564,-0.9353449087309369,-1.911489800720254,1.271808455994841,-0.6238052684519191,0.03902317869017927,0.7020628677913868,1.4837321805711468,0.03821237100526792,0.028616606043903255,0.653216856816564
2021-05-01,0.5552916246768791,0.6307656460033497,0.7333614410201926,1.3668255204639281,1.65956365490254,0.6274712839654442,1.8130094856766592,-0.21159776160114052,-0.15819013779527305,0.07511879711316821,-0.687291244071437,-0.2862058185485868
2021-06-01,0.7995990460297707,0.4883750047408528,0.39453642031684905,-1.6354579057740248,-1.416982012299005,0.35828357557319257,-2.995429067723883,0.6821733227092104,-0.5662086278834734,0.898798808466962,-0.27194839136110244,0.5221719776951129
2021-07-01,0.3165352523920009,-0.8673762296973293,-0.8220695690150616,0.0030712075838438936,0.42196353707850753,-0.7362164335963632,0.4552288526399838,-1.2149552709752953,-0.6737108337288928,-2.0703425516025558,1.3047642209589545,-1.198506904124184
2021-08-01,-0.4764864367636598,0.39813334967699077,0.5072274908468393,-0.8463124095890862,-0.5365898203155991,-0.8119311574732893,0.350872216091351,-0.7290304157237153,0.2710426746418369,-0.5431631668231371,-0.49045813494861085,-0.6610346922566238
2021-09-01,0.07335751100529508,0.9418982993372594,0.8784641194580973,0.18363424827446498,0.27323162549338853,1.2122716541413971,0.2806276082788364,0.4044902953896464,-0.9722637353699192,0.10744118004815212,-0.15544580255116863,0.19508852758729847
2021-10-01,0.9342474083324261,-0.4601049393688449,-0.5056629620648448,1.5390131245802217,0.9388090385196584,0.7062264329748256,0.37068129307865194,1.9277031043605217,1.9656777725795769,1.6260020000871984,1.8753473752465466,1.9971689096529217
2021-11-01,-0.5095259974488859,-0.4170388920925286,-0.38652179384966984,-1.0040929109961072,-1.0023594368330473,-1.5359118439825423,-2.320119126397651,-0.27081182382977265,0.4099283710500848,0.5787113395729584,-0.6403188823698307,-0.20052271387798568
2021-12-01,0.3323055297296089,-0.7301303902283679,-0.7671466913728942,-1.6574425744427421,-1.7659748487197684,-0.6788086133930571,1.3014467913981012,-0.4920419634318213,-0.1348230225109907,-0.5632544750897848,-0.2608316407749768,-0.4298266287733297
2022-01-01,-1.7696541658152887,0.8624002872317155,0.7436774005159209,2.065380954364292,1.8834834202070172,2.4157574087839975,1.3226622508284163,-0.5741454621611759,-0.9716713288136182,-1.6157725935441234,1.4341326508608847,-0.7379488499704836
2022-02-01,0.9528697926062927,1.0327050399185622,1.0651474603954674,-0.6164260040833562,1.4399829371952835,-0.510808188109582,0.004367953845187504,0.7174517689076776,0.022310983753794107,1.1941817215749801,-1.412139392391042,0.7039118824925001
2022-03-01,0.46787335620233766,0.32832729527115956,0.4520809502619784,1.1555907087346207,-1.5273533746763865,0.7081933983448562,-0.9672206616024454,1.0979758328202827,-0.2811048501021921,1.1982736939054572,0.8047443238499283,1.1316525834322044
2022-04-01,-1.3031766962444595,-1.8593754620956133,-2.1386623785324934,-0.6204468374684442,0.6811568504520804,-2.2697894652365815,-0.28981915793038515,-2.3346735637983165,-0.9496417664338894,-2.73708445986815,-0.16553707470082518,-2.3574338472146237
2022-05-01,-0.11309667012343266,1.7235055558690124,2.000587800425254,0.9614355277776332,0.06576684774960571,1.3421960827720583,-3.6662097113536216,1.7454100263595465,1.0576865617372635,1.5274741462073813,-0.2574884568122978,1.675564348734201
2022-06-01,-0.09096185933925295,0.7049187189224939,0.6931470289643534,-0.7978339027192158,-0.22524818628519633,-0.25654433858928155,2.785855678400929,1.2728531208916871,0.4340391095900214,1.5327550696834158,0.7110285175853466,1.3604799836714503
2022-07-01,-0.641819425970254,-5.858169100815844,-5.958866784404828,-5.2236562022064374,-3.298842920071128,-1.6517948616643692,-2.431805595276651,-4.5864133549501584,-1.0621364521632792,-4.844850103409395,-0.40364943863932007,-4.810674012165277
2022-08-01,0.750701838952067,0.8936224555305663,0.9174716891500626,1.0317888827808073,3.263668127486746,0.39934457809881796,3.542785625459862,0.3133371280775435,0.3690488751839115,-0.16633103184849946,0.19786232020058844,0.4344259988223769
2022-09-01,0.782263357966821,2.4084050910708243,2.5504189081931217,1.497511374579758,-1.8545172638015206,-0.23703375979439018,-1.9748637633886554,1.1190517657110814,0.1551751460834273,1.7221419867526484,0.2639145098864667,1.2325858510744803
2022-10-01,-0.1865910139690757,0.47655515125561837,0.4478467578618768,0.0014889612260405398,-1.5777323967839267,1.4072479558679958,0.6328227178763061,0.4770186914717794,-1.1404184179173285,1.1295252369660125,-3.6946841748331964,0.5326125767704317
2022-11-01,-0.5071247487280253,-0.6737905484557013,-0.6546344066025174,-0.5962860022596922,1.6367929218311117,-0.7334210314930085,2.600003531323299,-0.9157585031500322,1.7799908287598651,-1.0620495727178447,-0.19788092325117745,-0.8802349645477195
2022-12-01,-1.4440929501599769,-2.1633222062210433,-2.26390329930755,-2.0143773520684727,1.1047789589281907,-0.6008365303192007,-1.272310159310256,-0.7657288923049653,-0.8309516688507882,-1.28022700654494,2.0476392696721204,-0.759039095810956
2023-01-01,0.37056075004769196,3.1822750638924813,3.1511555940567844,4.177758749371156,-1.400752501086273,1.1758166152729272,0.45042690606738206,1.6942630447206284,0.41287040017618576,1.8625370445884586,-0.9980185619481333,1.7078077682857613
2023-02-01,0.24732438203917428,-2.578116102266535,-2.447534512745852,-1.7886285939521462,-0.24333664305198835,-0.3734145380081386,-0.5038464099798866,-0.48596100105952117,0.29122034071258374,0.04532050034964815,-0.7745266019105284,-0.39245149823340847
2023-03-01,0.20091896031777612,-0.3489188221541042,-0.4222188324168999,-0.5181726874553063,0.13758946368586303,-0.2979766654270037,-2.0688146667141813,-1.1222819331421094,-0.6510961384759921,-0.7254418809042372,0.27497591829653595,-1.0587054838003884
2023-04-01,-0.08543895178687093,1.5900893923038324,1.7189816036479424,0.21279771140070544,1.2612560636405847,1.2509378203361718,1.908105251674993,1.280632975780347,0.06299246088628443,1.4308344403949969,1.2516091093768362,1.384832537950371
2023-05-01,0.11759225012955905,-1.9656385785144561,-2.100202477384189,-0.8951682821589152,-1.329439173438558,-1.8048688486181887,0.597877060871254,-1.1623111783829392,-0.11076988829065962,-1.3434485111032248,0.14247507220292996,-1.322665314443104
2023-06-01,-0.12772280703480682,1.9353693151314086,2.0865674548965147,1.0712035794349974,0.9172187576702923,0.8355231865946942,-0.9571511297533908,0.36923862595444795,-0.09266569834220131,0.46890818753771085,-0.3213974144588618,0.41859919337647594
2023-07-01,0.10862979080741435,0.11450011071382242,0.05101369328468326,0.25437219360445124,0.8545816778484862,0.9602940000445809,0.6664588286678615,-0.016858577459853762,-0.03328698447698637,-0.17798658862980232,-0.5420873852538911,-0.03475506889159956
2023-08-01,0.4045997801548527,1.9363742022376946,2.052435211888001,2.9224702886847473,-0.07700916191131701,-0.11596122477699011,-1.8099975776052022,1.1226678122987632,0.0404414186387344,1.700202060135111,0.8420404027753258,1.1520416597339578
2023-09-01,-0.06542279269192934,-1.0506989205160706,-1.0949679799077,-1.8609930762496754,0.1900949913914403,0.2605335566115423,1.7707057081310873,-0.5569077295498072,-0.8877400708553472,-1.400426888656035,0.2709993607479372,-0.5562235721367267
2023-10-01,0.08461603716145837,-3.574820197753715,-3.6834438371812475,-1.846634649688497,-1.0829339418007713,-1.3401594986252474,-1.1924743054908666,-1.0290719452283554,0.6292136597799979,-0.8892285772965097,0.3492038494595869,-1.1351801337204188
2023-11-01,-0.231330383610325,2.186686331067359,2.237093117453405,0.27108391517154246,-0.10676954747394975,-0.5268513241604087,0.8024032275329634,0.29889150982103213,-1.1374151853799543,0.38952318447791723,0.8928388822679053,0.37700880472306747
2023-12-01,0.6351427015996073,0.3653299237319359,0.4185415743765379,0.40235495690721784,-0.49550681546068387,0.1958699941719224,-0.6495879613322122,0.2676764014382909,1.1144006289447166,0.25998719556433997,-0.38765813428445434,0.2604969881161682
2024-01-01,-1.3017080767102638,-0.30817274261154093,-0.493285954126335,0.41003083335835766,1.3600650562151004,1.0570013578184863,0.6313779227365726,0.26581248176086936,-1.2224554590752446,-0.5918268744206543,0.2577676909086544,0.18783649012552356
2024-02-01,-0.9782471130858962,1.8156465386612521,1.955598571512487,1.917894127358531,-0.44541350108011696,0.09996675330012152,0.535123256204719,0.5011524276288203,2.1979284490598037,1.7446646258707914,-1.739862875184844,0.7145481349179235
2024-03-01,0.884163347870509,-1.8341867620463135,-1.886517759327714,-2.4255088271451406,-0.27839234587079315,0.09755934259884023,-0.38868742488864094,-0.23396583770325005,0.1741970696615752,-0.5191230609814187,1.8521570421404117,-0.28794933855912525
2024-04-01,-1.1598165283657338,0.6393316126830904,0.723834922051931,1.3514257958250013,0.937711836471066,-0.018399629559577017,0.620320124155563,-0.23839215462942814,0.9549882750202974,-0.08883308451551744,-0.14317215522786722,-0.20690711011747417
2024-05-01,1.5811555383409526,-1.7342818619209288,-1.8102063453044992,-2.5777292744349634,-1.0051578653362072,-1.0922996382293781,0.8940534693923243,-1.127589888790539,-2.697754671518211,-1.5049046982005891,0.23739054095903792,-1.247706215716486
