date,news_sentiment_mean,news_count,news_negative_tail_mean
2017-01-02,0.04210731107741594,7.0,-0.7382985660806298
2017-01-03,-0.10041657378453583,21.0,-0.8214003333511452
2017-01-04,0.10579438497208887,27.0,-0.36109771193670376
2017-01-05,0.37301781009660945,42.0,-0.07325831478969617
2017-01-06,0.3235534906653421,35.0,-0.21722818828291363
2017-01-07,0.10112742561361064,23.0,-0.6775680873543024
2017-01-08,0.12722569725547844,26.0,-0.3791584288701415
2017-01-09,-0.3135664779692888,8.0,-0.6864229049533606
2017-01-10,0.12063747786862009,17.0,-0.44950395785272124
2017-01-11,0.007918903565344712,24.0,-0.7693752199411392
2017-01-12,0.16525805310380678,27.0,-0.456487951534135
2017-01-13,-0.10026508886367083,35.0,-0.9381067355473837
2017-01-14,0.013391340322988598,38.0,-0.8802607732824981
2017-01-15,0.1015133336186409,12.0,-0.7169875968247652
2017-01-16,-0.1813803712138906,8.0,-0.7995863701216877
2017-01-17,-0.09604442625475879,22.0,-0.7168542288709432
2017-01-18,0.1514844304662855,34.0,-0.7370565845113661
2017-01-19,0.08102896400461239,28.0,-0.6633422276271241
2017-01-20,-0.06456491660655421,34.0,-0.7085216368238131
2017-01-21,-0.035145971803895885,31.0,-0.7686605665367097
2017-01-22,-0.10315835103392601,8.0,-0.7416949663311243
2017-01-23,0.2405920196324587,6.0,-0.4129468696191907
2017-01-24,-0.03642730707110002,29.0,-0.888172467588447
2017-01-25,0.0641039626872433,28.0,-0.8430751958595855
2017-01-26,-0.052496570688874825,23.0,-0.5957077007430295
2017-01-27,-0.06293896087445319,20.0,-0.540165937691927
2017-01-28,-0.002212456938239836,31.0,-0.7304847916821018
2017-01-29,-0.11332057896428384,13.0,-0.8938475304748863
2017-01-30,0.09222345240414143,2.0,-0.5287274532020092
2017-01-31,0.012466831048103895,22.0,-0.736193879507482
2017-02-01,0.060843956811974444,30.0,-0.5911621480481699
2017-02-02,0.20295361313037574,16.0,-0.4583088573999703
2017-02-03,-0.18506807431112976,20.0,-0.9023457827977837
2017-02-04,-0.02881947263247437,27.0,-0.8773504519569022
2017-02-05,0.1643245778977871,11.0,-0.5664441635211309
2017-02-06,-0.1992648635059595,7.0,-0.7433791616931558
2017-02-07,0.2225113694439642,24.0,-0.4436202693420152
2017-02-08,0.09358735513445493,37.0,-0.5805017496459186
2017-02-09,0.21417323170373073,26.0,-0.3565756283434374
2017-02-10,-0.021162731375975106,26.0,-0.8232163234081652
2017-02-11,-0.041966151512627094,35.0,-0.8591681534113983
2017-02-12,-0.12177304265787825,24.0,-0.6700068786740303
2017-02-13,0.07337777260690928,5.0,-0.2921389015391469
2017-02-14,0.283620458858257,33.0,-0.19285256560477945
2017-02-15,-0.018410110120278073,34.0,-0.7584390683203108
2017-02-16,0.0074457310211773105,26.0,-0.6255854912368315
2017-02-17,0.14606155737248414,34.0,-0.22620782670047548
2017-02-18,-0.07092549385769027,21.0,-0.355347802862525
2017-02-19,-0.2015601996332407,5.0,-0.6963903782889247
2017-02-20,0.34578408642361563,6.0,-0.010789361782371998
2017-02-21,0.08946875063702464,28.0,-0.6011323464502182
2017-02-22,0.17251167951546836,33.0,-0.3461947380047705
2017-02-23,0.038415505801542446,26.0,-0.7063778721328292
2017-02-24,0.11979779173973305,29.0,-0.5192196309799328
2017-02-25,-0.03328831068789347,39.0,-0.837619808409363
2017-02-26,-0.1296629928983748,14.0,-0.8414480700157583
2017-02-27,-0.15445494018495082,10.0,-0.7031898275017738
2017-02-28,-0.1490908855572343,20.0,-0.8668834632262588
2017-03-01,0.11126530673354865,25.0,-0.7670096430395331
2017-03-02,0.060001360283543664,30.0,-0.6920623566256836
2017-03-03,0.1151578951254487,25.0,-0.634966821675854
2017-03-04,-0.024346375175250266,26.0,-0.5642824414452272
2017-03-05,-0.2692615017294884,4.0,-0.7316971570253372
2017-03-06,-0.34418647619895637,4.0,-0.904591022990644
2017-03-07,0.14782344340346754,34.0,-0.34511464839387274
2017-03-08,0.02675787286589975,46.0,-0.6617973379325122
2017-03-09,-0.03163776026022705,22.0,-0.7509055576908091
2017-03-10,-0.0011234220172114233,34.0,-0.8058989425707195
2017-03-11,-0.13759871556734046,24.0,-0.9199765880281726
2017-03-12,-0.46839843355119226,5.0,-0.8780339239165187
2017-03-13,-0.11770900071132928,8.0,-0.9146872144192457
2017-03-14,-0.03219329226865537,36.0,-0.855955781829026
2017-03-15,-0.2722615261029984,28.0,-0.9440397982086454
2017-03-16,-0.03594279708340764,36.0,-0.8789306462018026
2017-03-17,-0.08117302879691124,21.0,-0.8518628148982922
2017-03-18,-0.1558625353500247,17.0,-0.8079618820920587
2017-03-19,-0.14956549710283676,9.0,-0.7395780639102062
2017-03-20,0.030042703554499894,8.0,-0.7337339338846505
2017-03-21,-0.0022822370967612816,26.0,-0.7412467250334365
2017-03-22,-0.27047102709272597,33.0,-0.8861230250654949
2017-03-23,-0.0057901565451174974,28.0,-0.3683900576350944
2017-03-24,-0.0513113003431095,27.0,-0.8913717476118889
2017-03-25,-0.1256694544268691,23.0,-0.8741207659865419
2017-03-26,0.11603732965886593,7.0,-0.2337585873901844
2017-03-27,-0.040875865146517754,6.0,-0.1448242012411356
2017-03-28,-0.17856533647599546,22.0,-0.9344803161608676
2017-03-29,-0.16910819683735276,51.0,-0.8230907970752853
2017-03-30,0.004776165626632671,24.0,-0.6818847927885751
2017-03-31,-0.11065663535285879,27.0,-0.7755664513845529
2017-04-01,0.10355921480804682,20.0,-0.5686160169541836
2017-04-02,-0.038790696817967624,9.0,-0.3515089135617018
2017-04-03,0.23842838313430548,6.0,-0.32062395475804806
2017-04-04,0.021836877528888483,24.0,-0.8887004068431755
2017-04-05,0.09862739127129316,26.0,-0.4581663919878857
2017-04-06,0.004310782900766323,19.0,-0.8028075410053134
2017-04-07,-0.07679558756602246,41.0,-0.8669131149283864
2017-04-08,-0.14654486372859943,18.0,-0.8613810025155544
2017-04-09,-0.055420232471078634,4.0,-0.9420149214565754
2017-04-10,-0.49540032756825286,3.0,-0.9373591877520084
2017-04-11,0.2337418925997458,19.0,-0.39276655819267037
2017-04-12,0.042818962514181345,34.0,-0.7387933194016417
2017-04-13,0.07377030357549136,22.0,-0.8597778260397414
2017-04-14,0.10523954232815992,22.0,-0.8477882542647421
2017-04-15,-0.3435531144961715,20.0,-0.9435107666999102
2017-04-16,-0.3569402645475098,7.0,-0.9461159310303628
2017-04-17,-0.24805434071458876,4.0,-0.9426057459786534
2017-04-18,-0.2473752914535764,19.0,-0.9139272428117693
2017-04-19,-0.04288000484709354,34.0,-0.751401466731396
2017-04-20,-0.13239410548255995,13.0,-0.83750158874318
2017-04-21,-0.007123349130981498,27.0,-0.8078653120568821
2017-04-22,0.050359511306803474,19.0,-0.6189143994823099
2017-04-23,-0.3373979749158025,6.0,-0.8993548573926091
2017-04-24,-0.2470700852572918,7.0,-0.8301146049052477
2017-04-25,-0.11889724057982676,32.0,-0.8398336855461821
2017-04-26,-0.02036113429814577,25.0,-0.656268754042685
2017-04-27,0.10623406530136154,21.0,-0.6018580817617476
2017-04-28,-0.008186809235700854,27.0,-0.8251129676188741
2017-04-29,-0.1512064683650221,21.0,-0.7956111840903759
2017-04-30,-0.05895616080273281,11.0,-0.7090499928841988
2017-05-01,-0.6955196242779493,1.0,-0.6955196242779493
2017-05-02,-0.16478740229554797,23.0,-0.8524679712330302
2017-05-03,-0.2848521811991102,36.0,-0.9358851214249929
2017-05-04,-0.2675953301030301,31.0,-0.939813568838872
2017-05-05,-0.11876979300619236,28.0,-0.765730439552239
2017-05-06,-0.16978535818634555,24.0,-0.8762893322079132
2017-05-07,-0.04491828056052327,10.0,-0.7501478781923652
2017-05-08,-0.03745103348046541,12.0,-0.8617270551621914
2017-05-09,-0.02875325840432197,24.0,-0.7851680271948377
2017-05-10,-0.0765225068224888,19.0,-0.9104520037770272
2017-05-11,-0.18673686063848435,30.0,-0.8504277977044694
2017-05-12,-0.04306546713632997,32.0,-0.8087537628016435
2017-05-13,-0.08930175585429305,23.0,-0.8055333996502062
2017-05-14,0.24409222633888325,6.0,-0.3432455360889435
2017-05-15,-0.0707730056407551,6.0,-0.548984095454216
2017-05-16,-0.062401430652244017,32.0,-0.734923966228962
2017-05-17,-0.07421528560149929,23.0,-0.8311620114060739
2017-05-18,-0.0932890695884176,23.0,-0.8986677884434661
2017-05-19,0.07437046819056074,18.0,-0.37663391176611183
2017-05-20,-0.22126407786272467,20.0,-0.9068731531500817
2017-05-21,-0.2640203558416529,11.0,-0.9204839595283071
2017-05-22,0.440366392582655,5.0,-0.030626067891716957
2017-05-23,0.0010980289961610521,35.0,-0.5088881558428208
2017-05-24,-0.139770908148161,35.0,-0.759777686972585
2017-05-25,-0.1978401504456997,20.0,-0.8308598075062037
2017-05-26,0.042266350239515305,18.0,-0.6452588122338057
2017-05-27,0.08725797710940242,16.0,-0.8208365975879133
2017-05-28,-0.483151632361114,2.0,-0.9504502229392529
2017-05-29,-0.898706465959549,1.0,-0.898706465959549
2017-05-30,-0.898706465959549,0.0,-0.898706465959549
2017-05-31,-0.898706465959549,0.0,-0.898706465959549
2017-06-01,-0.898706465959549,0.0,-0.898706465959549
2017-06-02,-0.898706465959549,0.0,-0.898706465959549
2017-06-03,-0.898706465959549,0.0,-0.898706465959549
2017-06-04,-0.898706465959549,0.0,-0.898706465959549
2017-06-05,-0.0339514782341818,12.0,-0.3241528229167064
2017-06-06,-0.12686847476288676,24.0,-0.9207554706372321
2017-06-07,0.01748112305289223,21.0,-0.8096624100580812
2017-06-08,-0.06421222213398793,29.0,-0.6508644258137792
2017-06-09,-0.04012484260072762,22.0,-0.7019529027553896
2017-06-10,-0.0943315119454355,33.0,-0.9011660593872269
2017-06-11,0.18496139054460561,17.0,-0.5443759172223508
2017-06-12,0.09780795659337725,7.0,-0.9505383730866015
2017-06-13,-0.008115340689463275,21.0,-0.7761421849330267
2017-06-14,-0.1385654006717783,33.0,-0.9080761417539583
2017-06-15,-0.18810819450984984,17.0,-0.9158338356763125
2017-06-16,0.03821160323808298,17.0,-0.8553958562202751
2017-06-17,0.11081396788358688,17.0,-0.2229468058794737
2017-06-18,0.13675669440999627,8.0,-0.28327129781246185
2017-06-19,-0.2655019126832485,11.0,-0.8276020710666975
2017-06-20,-0.08025547925774988,19.0,-0.8915521001443267
2017-06-21,0.00852234371834331,36.0,-0.8275714573553867
2017-06-22,0.000603311454817172,31.0,-0.7246415229747072
2017-06-23,-0.20000142349011224,23.0,-0.9060587217099965
2017-06-24,0.07366713519086657,23.0,-0.4979458046921839
2017-06-25,-0.06853033123271805,7.0,-0.6883371463045478
2017-06-26,-0.20597594364413194,7.0,-0.6792932087555528
2017-06-27,0.058293548645451665,20.0,-0.6186212852597237
2017-06-28,-0.10453151155263185,25.0,-0.9203625187011701
2017-06-29,-0.16646030284464358,20.0,-0.8491311635822058
2017-06-30,-0.0768160576828652,27.0,-0.9349247140011617
2017-07-01,-0.025706515795635907,44.0,-0.7601951018653132
2017-07-02,-0.3350943417421409,7.0,-0.9530821833759546
2017-07-03,-0.19726168426374593,6.0,-0.7686475543305278
2017-07-04,-0.03972954998607747,32.0,-0.8686141374055296
2017-07-05,0.04790950659662485,15.0,-0.44668339705094695
2017-07-06,-0.06637939983220012,27.0,-0.7473719540451255
2017-07-07,-0.1522357445084364,37.0,-0.8743277077097446
2017-07-08,-0.14057036138776885,38.0,-0.8833776040002703
2017-07-09,-0.14186283559180224,13.0,-0.6969338697381318
2017-07-10,0.010485425591468811,1.0,0.010485425591468811
2017-07-11,0.12925299773500723,11.0,-0.2911305446177721
2017-07-12,-0.17614459568126636,22.0,-0.8570325520510474
2017-07-13,-0.15320533192961625,19.0,-0.953735572937876
2017-07-14,-0.07759471915778704,32.0,-0.8946229051798582
2017-07-15,0.038705053162716684,21.0,-0.8328994964249432
2017-07-16,-0.01995254773646593,3.0,-0.9304302735254169
2017-07-17,-0.46880372396359843,9.0,-0.9210327245915929
2017-07-18,-0.2669285193183704,19.0,-0.9403938431292772
2017-07-19,0.010173420076844868,27.0,-0.6942595757011857
2017-07-20,-0.24273308799602092,20.0,-0.9215268727391959
2017-07-21,-0.11764680292634737,21.0,-0.921448269393295
2017-07-22,-0.16859618870710785,22.0,-0.946614403432856
2017-07-23,0.12359377648681402,6.0,-0.3852880746126175
2017-07-24,-0.6497468492016196,4.0,-0.8987060338258743
2017-07-25,-0.1670803450776831,23.0,-0.8670516018755734
2017-07-26,-0.36314553527959753,21.0,-0.9258442580079039
2017-07-27,-0.14647195482393727,16.0,-0.8194717823062092
2017-07-28,-0.06019449120919619,14.0,-0.9265117214526981
2017-07-29,-0.27811776389717124,32.0,-0.9183714824030176
2017-07-30,-0.11960855219513178,13.0,-0.6813245431985706
2017-07-31,-0.5245147743262351,2.0,-0.9593462469056249
2017-08-01,-0.16660763934740555,23.0,-0.881908114378651
2017-08-02,-0.17679513210896403,24.0,-0.9408195431654652
2017-08-03,0.28758071052531403,18.0,-0.4378337685018778
2017-08-04,-0.03948645746956269,15.0,-0.6467696400359273
2017-08-05,-0.13980841244600953,31.0,-0.8183198308688588
2017-08-06,-0.22840660888080797,6.0,-0.6651385966688395
2017-08-07,-0.17304821708239615,8.0,-0.6521024815738201
2017-08-08,-0.21773086473541825,19.0,-0.9509034994989634
2017-08-09,0.20596960186958313,13.0,-0.026939426083117723
2017-08-10,0.018489275069441646,16.0,-0.7516147026326507
2017-08-11,-0.38744847816617595,23.0,-0.9502110232909521
2017-08-12,-0.018605710472911596,34.0,-0.9066741482044259
2017-08-13,-0.29798533705373603,3.0,-0.8577857930213213
2017-08-14,-0.3148447694256902,3.0,-0.9593462469056249
2017-08-15,-0.17713968793395907,16.0,-0.9526673839427531
2017-08-16,-0.26738335972740535,21.0,-0.9383584546546141
2017-08-17,0.07801907382566821,22.0,-0.3529990447374682
2017-08-18,-0.06751535803079606,25.0,-0.6146580024755427
2017-08-19,0.08721306187066215,27.0,-0.5811866032890975
2017-08-20,-0.016313115933111737,7.0,-0.4948656391352415
2017-08-21,-0.09094536832223336,6.0,-0.8612433196976781
2017-08-22,-0.1973481961038141,21.0,-0.9017882744471232
2017-08-23,-0.09661471130775995,29.0,-0.9363214924233034
2017-08-24,0.03555030048031498,27.0,-0.6343806662729808
2017-08-25,-0.014467223458701656,21.0,-0.5310336073550085
2017-08-26,-0.13051507682539523,20.0,-0.9131818870082498
2017-08-27,-0.20599691681563853,10.0,-0.7702095359563828
2017-08-28,0.10328606627881527,5.0,-0.03686906583607197
2017-08-29,-0.19970054700388573,32.0,-0.9274431167868897
2017-08-30,-0.27123828689732093,34.0,-0.9134580214611359
2017-08-31,-0.15777229238301516,30.0,-0.9226741737220436
2017-09-01,0.02151051215827465,25.0,-0.8001171382410186
2017-09-02,7.866701732079188e-05,30.0,-0.7679940493544564
2017-09-03,0.25655728040470016,9.0,-0.3065230194479227
2017-09-04,-0.03217514775072535,6.0,-0.8851577481254935
2017-09-05,-0.17536317569796334,22.0,-0.9195848884992301
2017-09-06,0.1872665375205023,28.0,-0.3897335037056889
2017-09-07,0.07690475793975976,31.0,-0.7536191784311086
2017-09-08,-0.04019064580400785,27.0,-0.9446280154266528
2017-09-09,-0.2001348246820271,30.0,-0.9308673030463979
2017-09-10,-0.08389476407319307,6.0,-0.7852188711985946
2017-09-11,-0.4115806895618637,6.0,-0.8929436132311821
2017-09-12,-0.1417583889061851,14.0,-0.9157297348137945
2017-09-13,-0.06741748494898965,29.0,-0.9118646295391954
2017-09-14,0.2256046065898693,23.0,-0.5548515760650238
2017-09-15,0.002577807940542698,25.0,-0.8763346223692808
2017-09-16,-0.07694878956923883,12.0,-0.8861858348051707
2017-09-17,0.055173666402697566,5.0,-0.5864795967936516
2017-09-18,-0.117115838220343,6.0,-0.9314329775515944
2017-09-19,-0.10455903127465559,23.0,-0.5863881207381686
2017-09-20,-0.01127418558462523,32.0,-0.8268061408307403
2017-09-21,0.09136772739063752,19.0,-0.48587908409535885
2017-09-22,0.010029333601282402,22.0,-0.6084886497507492
2017-09-23,0.12531179680954666,20.0,-0.6677266424521804
2017-09-24,-0.26933324337005615,1.0,-0.26933324337005615
2017-09-25,0.30105017746488255,3.0,-0.7448472827672958
2017-09-26,-0.14920980248245455,21.0,-0.9015129478648305
2017-09-27,-0.04821139471905847,31.0,-0.6167641945648938
2017-09-28,-0.005181162990629673,25.0,-0.571408999817712
2017-09-29,0.07383659236471761,22.0,-0.4381535849533975
2017-09-30,0.08042189811045924,30.0,-0.6478399721672758
2017-10-01,-0.17264089075958028,17.0,-0.8177368815988302
2017-10-02,-0.04866874720901251,5.0,-0.24583647958934307
2017-10-03,0.04280545723158866,40.0,-0.6867559067904949
2017-10-04,0.09902786321061499,34.0,-0.5604933260215653
2017-10-05,-0.018626700310657423,24.0,-0.8325611130955318
2017-10-06,0.12823445798962244,28.0,-0.5283603408773031
2017-10-07,-0.02526922826655209,24.0,-0.69009216921404
2017-10-08,0.16451104854544005,3.0,-0.07799882628023624
2017-10-09,-0.10779055170714855,5.0,-0.9480202021077275
2017-10-10,-0.16027900275281248,17.0,-0.9271731659770012
2017-10-11,0.10543698928086087,16.0,-0.5375599637627602
2017-10-12,-0.1475505943526514,24.0,-0.8330599199980497
2017-10-13,-0.11736917247929211,28.0,-0.9152623736299574
2017-10-14,-0.17960785469040275,23.0,-0.9535124890971929
2017-10-15,0.052291864115330905,9.0,-0.3296780114372571
2017-10-16,0.052291864115330905,0.0,-0.3296780114372571
2017-10-17,0.052291864115330905,0.0,-0.3296780114372571
2017-10-18,0.052291864115330905,0.0,-0.3296780114372571
2017-10-19,0.052291864115330905,0.0,-0.3296780114372571
2017-10-20,0.052291864115330905,0.0,-0.3296780114372571
2017-10-21,0.052291864115330905,0.0,-0.3296780114372571
2017-10-22,0.052291864115330905,0.0,-0.3296780114372571
2017-10-23,0.11026309132575988,5.0,-0.23699012771248817
2017-10-24,0.08001451498757188,26.0,-0.657337515747973
2017-10-25,0.012409384765972694,30.0,-0.6781134041957557
2017-10-26,-0.054861060120165346,25.0,-0.8872207387217453
2017-10-27,0.24525137629825622,16.0,-0.4892576050478965
2017-10-28,-0.07234214235316305,17.0,-0.6713608412072063
2017-10-29,-0.23123166989535093,8.0,-0.9257915029302239
2017-10-30,0.07250741869211197,8.0,-0.02859885897487402
2017-10-31,-0.007533311378210783,16.0,-0.7831563090439886
2017-11-01,-0.20633991981378277,37.0,-0.9162974489852787
2017-11-02,0.05547747411765158,20.0,-0.5902556827291846
2017-11-03,-0.026184416841715574,18.0,-0.8013161761686206
2017-11-04,-0.15922012698138133,16.0,-0.8416497982107103
2017-11-05,0.17439812437320748,6.0,0.019321692176163197
2017-11-06,0.03938786419374602,7.0,-0.820850791875273
2017-11-07,0.11769944662228227,12.0,-0.5807831895848116
2017-11-08,0.36957853997037526,21.0,-0.15007406007498503
2017-11-09,0.0036507091484963895,20.0,-0.8715938977897167
2017-11-10,-0.027479220026483137,18.0,-0.9266471426934004
2017-11-11,-0.047221096276882146,21.0,-0.91917838047569
2017-11-12,-0.07569575181696564,8.0,-0.8421702925115824
2017-11-13,-0.31668819598853587,5.0,-0.8080808729864657
2017-11-14,-0.01025055954232812,18.0,-0.6977241119369865
2017-11-15,-0.15540597410290502,32.0,-0.8905198710272089
2017-11-16,0.031204268607931834,24.0,-0.7080031914326052
2017-11-17,-0.07844126527197659,24.0,-0.7900609032561382
2017-11-18,-0.13775841795811147,33.0,-0.8839049506932497
2017-11-19,0.047988534387614995,9.0,-0.6134263351559639
2017-11-20,-0.4002426164224744,2.0,-0.7683992926031351
2017-11-21,0.06253378512337804,22.0,-0.9001910810669264
2017-11-22,0.15958491906834146,36.0,-0.6732417204313808
2017-11-23,0.026426737010478974,20.0,-0.6235649161040783
2017-11-24,-0.3659612684009167,13.0,-0.9203594967257231
2017-11-25,-0.30385388317517936,8.0,-0.9180446518585086
2017-11-26,-0.5964985126629472,4.0,-0.9564730459824204
2017-11-27,0.09599046422434705,7.0,-0.44112438429147005
2017-11-28,-0.29907469427035677,21.0,-0.9476911331682155
2017-11-29,-0.0170052767761292,31.0,-0.6249870336614549
2017-11-30,0.035525735022257206,23.0,-0.5652450222211579
2017-12-01,-0.040643791135932715,14.0,-0.7723310475703329
2017-12-02,-0.040643791135932715,0.0,-0.7723310475703329
2017-12-03,-0.040643791135932715,0.0,-0.7723310475703329
2017-12-04,-0.01963788488258918,9.0,-0.8134543634951115
2017-12-05,0.08371622624151685,27.0,-0.7031571376802666
2017-12-06,0.04823153182864189,25.0,-0.8105355968166675
2017-12-07,-0.011648917323327623,32.0,-0.8493438360164873
2017-12-08,-0.14846076538378838,32.0,-0.9543953484972008
2017-12-09,-0.1900372070300838,23.0,-0.9436595221050084
2017-12-10,-0.1284178765490651,8.0,-0.5847332552075386
2017-12-11,0.046503329649567604,1.0,0.046503329649567604
2017-12-12,0.046503329649567604,0.0,0.046503329649567604
2017-12-13,0.046503329649567604,0.0,0.046503329649567604
2017-12-14,0.046503329649567604,0.0,0.046503329649567604
2017-12-15,0.046503329649567604,0.0,0.046503329649567604
2017-12-16,0.046503329649567604,0.0,0.046503329649567604
2017-12-17,0.046503329649567604,0.0,0.046503329649567604
2017-12-18,0.08581812453589269,7.0,-0.49988298723474145
2017-12-19,-0.004006279908935539,32.0,-0.7838856889284216
2017-12-20,-0.21695247347551314,33.0,-0.9572605220083561
2017-12-21,0.0008816051553806354,29.0,-0.8422306562424637
2017-12-22,0.003632301489185346,38.0,-0.5813722721301019
2017-12-23,0.09193716047267461,29.0,-0.5117503039073199
2017-12-24,-0.04499320530643066,9.0,-0.5663452229152123
2017-12-25,-0.20269702008614937,15.0,-0.8909239638596773
2017-12-26,0.17950471090700695,17.0,-0.4089156463742256
2017-12-27,-0.022368961945176125,21.0,-0.7190917655825615
2017-12-28,-0.11090714295084278,30.0,-0.7539059336995706
2017-12-29,0.03341254134747115,22.0,-0.39800261333584785
2017-12-30,-0.2517403264219562,30.0,-0.8872210386907682
2017-12-31,-0.24927761771583132,14.0,-0.9080663458444178
2018-01-01,0.009484597947448492,2.0,-0.6965551227331161
2018-01-02,-0.23297881782054902,5.0,-0.8219611700624228
2018-01-03,-0.06742959790345696,18.0,-0.8427435591816902
2018-01-04,0.11099738392390703,19.0,-0.2676288396120071
2018-01-05,0.335605810292893,18.0,-0.35143186151981354
2018-01-06,-0.11087165368271285,29.0,-0.9435402983799577
2018-01-07,-0.06774063772437247,11.0,-0.8734225584194064
2018-01-08,-0.3427245623897761,8.0,-0.882030239328742
2018-01-09,-0.04462076500548344,38.0,-0.768114907015115
2018-01-10,0.019189558345182187,29.0,-0.7082005738047883
2018-01-11,-0.20745713197227036,35.0,-0.9168939377284713
2018-01-12,-0.23640502186026424,24.0,-0.9595803829530875
2018-01-13,-0.01671651078044976,38.0,-0.9429721313994378
2018-01-14,0.22947931768638746,14.0,-0.23927969066426158
2018-01-15,0.01116939727216959,12.0,-0.5779633211592833
2018-01-16,0.07562035261295162,26.0,-0.6317384881632668
2018-01-17,-0.12644094229880265,41.0,-0.9174710545604202
2018-01-18,0.025371529187100963,37.0,-0.7049814194440842
2018-01-19,-0.11650104653341947,37.0,-0.8402623892761767
2018-01-20,0.11160277843362454,33.0,-0.71553757859187
2018-01-21,-0.10712062559005889,11.0,-0.4782939478754997
2018-01-22,-0.10423267659332071,14.0,-0.6705935588106513
2018-01-23,-0.032312680568013875,28.0,-0.8190644765272737
2018-01-24,0.011254633602220565,40.0,-0.8466412649024277
2018-01-25,0.0593269832768581,36.0,-0.780844052011768
2018-01-26,0.14550197824697803,27.0,-0.531300608733935
2018-01-27,0.12200042015562455,36.0,-0.33692900577767027
2018-01-28,-0.19826308699945608,18.0,-0.8559585362672806
2018-01-29,0.014545775639514128,6.0,-0.49951771181076765
2018-01-30,0.0720447315099208,19.0,-0.720581965520978
2018-01-31,0.1119115676868845,27.0,-0.43831833079457283
2018-02-01,0.20091974765010592,36.0,-0.3866865605943733
2018-02-02,0.06374988113888182,26.0,-0.5289359337517193
2018-02-03,-0.07151334679149317,33.0,-0.7017629720891515
2018-02-04,0.17517902422696352,8.0,-0.4749660547822714
2018-02-05,0.020876662456430495,8.0,-0.6287057092413306
2018-02-06,-0.16302813007496297,36.0,-0.9299825057387352
2018-02-07,-0.10445011431875173,32.0,-0.9340831001172774
2018-02-08,-0.03599512622017285,29.0,-0.8054641960188746
2018-02-09,-0.05969882242742085,31.0,-0.8961125502828509
2018-02-10,-0.18189933508013686,36.0,-0.9268557314450542
2018-02-11,-0.24078787725580775,23.0,-0.9053319587061802
2018-02-12,-0.16624185855367354,7.0,-0.8688621479086578
2018-02-13,-0.13304958530866048,34.0,-0.9173970010338558
2018-02-14,-0.17015279340016287,43.0,-0.8878747044469822
2018-02-15,-0.2010262944839067,27.0,-0.9211026673604336
2018-02-16,0.07243474379817887,41.0,-0.6777473596686666
2018-02-17,-0.012032990313826068,31.0,-0.7630671235383488
2018-02-18,-0.20853064092807472,16.0,-0.8021019189618528
2018-02-19,0.11681436933577061,9.0,-0.0741272351394097
2018-02-20,0.16225450113415718,25.0,-0.35380335923816475
2018-02-21,0.1363176187450016,37.0,-0.691985035315156
2018-02-22,-0.06982496046485046,39.0,-0.8755240565165877
2018-02-23,-0.05487400302081369,32.0,-0.815580190741457
2018-02-24,-0.0850711373361544,52.0,-0.9172507470043806
2018-02-25,-0.033414284931495786,16.0,-0.5980713774915785
2018-02-26,-0.5604731763402621,3.0,-0.6965542137622833
2018-02-27,-0.1464365751692845,31.0,-0.9377340622013435
2018-02-28,0.16193383682652243,28.0,-0.4320151871070266
2018-03-01,-0.30550378808871875,31.0,-0.9239706439548172
2018-03-02,-0.263942986341386,29.0,-0.9503483714070171
2018-03-03,0.01206168494760417,26.0,-0.909548313290413
2018-03-04,-0.12415683013387024,8.0,-0.8825524803251028
2018-03-05,-0.18347258346953563,14.0,-0.9115082758944482
2018-03-06,-0.006758585627026418,34.0,-0.9190765952484475
2018-03-07,-0.07850817273455588,44.0,-0.8849553991617127
2018-03-08,-0.175778759618927,38.0,-0.9108997165225446
2018-03-09,0.008948619656551342,26.0,-0.8521141883518014
2018-03-10,-0.08906025180476718,32.0,-0.9379182982956991
2018-03-11,-0.045822484522230096,9.0,-0.13380196318030357
2018-03-12,0.11901247827336192,4.0,-0.6131156422197819
2018-03-13,-0.3760592094331514,32.0,-0.9272611810592934
2018-03-14,-0.10426477184095843,44.0,-0.7527350137348879
2018-03-15,-0.0679567718050546,36.0,-0.8298126993079981
2018-03-16,0.16363489858806132,25.0,-0.4407852780339973
2018-03-17,-0.11391401705755429,44.0,-0.9092185745354403
2018-03-18,-0.19101002132520079,10.0,-0.8192610815167427
2018-03-19,-0.23746646366392574,12.0,-0.8599770842120051
2018-03-20,-0.15462531234939084,43.0,-0.9112000503915955
2018-03-21,0.06583049650961424,34.0,-0.6849244349222217
2018-03-22,0.23287368887527424,33.0,-0.4775180917026268
2018-03-23,-0.0843639975937549,32.0,-0.8324688995489851
2018-03-24,-0.027936059191984976,23.0,-0.855081304985409
2018-03-25,0.07922326382249593,10.0,-0.8437367013345162
2018-03-26,0.38932662848383187,5.0,-0.01960422471165657
2018-03-27,-0.31070045441655175,14.0,-0.9050304039847106
2018-03-28,-0.37344149919226766,24.0,-0.9374543020191292
2018-03-29,-0.0766967002612849,24.0,-0.9279118664562702
2018-03-30,-0.31297984798611317,27.0,-0.9057419354628239
2018-03-31,0.24119879712040226,30.0,-0.5593844034010544
2018-04-01,0.45113030608211246,7.0,-0.013219835236668587
2018-04-02,0.04711751373750823,7.0,-0.2600326891988516
2018-04-03,-0.11580443633003877,13.0,-0.8845566387753934
2018-04-04,-0.08642566242279151,39.0,-0.7657969044521451
2018-04-05,-0.020209144301978604,28.0,-0.7464257474722606
2018-04-06,0.12120593763117132,29.0,-0.6899433068465441
2018-04-07,0.012206761981360614,24.0,-0.753540744073689
2018-04-08,-0.6650684716712151,7.0,-0.9626387641765177
2018-04-09,-0.6650684716712151,0.0,-0.9626387641765177
2018-04-10,-0.6650684716712151,0.0,-0.9626387641765177
2018-04-11,-0.6650684716712151,0.0,-0.9626387641765177
2018-04-12,-0.6650684716712151,0.0,-0.9626387641765177
2018-04-13,-0.6650684716712151,0.0,-0.9626387641765177
2018-04-14,-0.6650684716712151,0.0,-0.9626387641765177
2018-04-15,-0.6650684716712151,0.0,-0.9626387641765177
2018-04-16,-0.6650684716712151,0.0,-0.9626387641765177
2018-04-17,-0.6650684716712151,0.0,-0.9626387641765177
2018-04-18,-0.6650684716712151,0.0,-0.9626387641765177
2018-04-19,-0.6650684716712151,0.0,-0.9626387641765177
2018-04-20,-0.6650684716712151,0.0,-0.9626387641765177
2018-04-21,-0.6650684716712151,0.0,-0.9626387641765177
2018-04-22,-0.6650684716712151,0.0,-0.9626387641765177
2018-04-23,-0.2502374614899357,12.0,-0.8934455352524916
2018-04-24,-0.2929870348803147,27.0,-0.9620032639774893
2018-04-25,-0.11475710728619662,36.0,-0.779540614845852
2018-04-26,0.12975295534911188,37.0,-0.499657962564379
2018-04-27,-0.014501649420708418,28.0,-0.9347518725054604
2018-04-28,0.15403887615539133,20.0,-0.5502315524965524
2018-04-29,-0.20783240099747977,12.0,-0.9174961640189091
2018-04-30,-0.4210210271800558,6.0,-0.7614900153130293
2018-05-01,0.13669832717747457,31.0,-0.5569681588094682
2018-05-02,-0.09785200605118596,37.0,-0.8962279628962279
2018-05-03,-0.22007943910581093,27.0,-0.9425084395334125
2018-05-04,-0.006352172698825598,22.0,-0.861010928483059
2018-05-05,0.06872992953586002,31.0,-0.7685879179043695
2018-05-06,0.3697712060064077,10.0,-0.3510420514891545
2018-05-07,0.26707714721560477,5.0,-0.38707619439810514
2018-05-08,-0.22136216178270324,14.0,-0.8884639816824347
2018-05-09,-0.3358570623677224,24.0,-0.9467896168741087
2018-05-10,0.021239430100346606,12.0,-0.9073252296075225
2018-05-11,-0.4639341463541819,45.0,-0.9613852072895194
2018-05-12,-0.5674163453144635,41.0,-0.9612745616415684
2018-05-13,-0.20473602693527937,5.0,-0.48828468518331647
2018-05-14,-0.161034959471888,9.0,-0.674671970307827
2018-05-15,-0.1982106538489461,30.0,-0.9483918373007327
2018-05-16,-0.006556242238730192,28.0,-0.935148689363684
2018-05-17,-0.012777514196932316,20.0,-0.586150474101305
2018-05-18,0.04335303177041086,22.0,-0.6898192482379576
2018-05-19,0.028677185182459652,16.0,-0.7017460884526372
2018-05-20,0.06140534632972309,7.0,-0.0738042201846838
2018-05-21,-0.17652443113426367,9.0,-0.6697212504222989
2018-05-22,0.1808459936744637,27.0,-0.4806977731308767
2018-05-23,0.1760774364647193,39.0,-0.5409129453822971
2018-05-24,0.0032063171659645283,38.0,-0.7425752168521285
2018-05-25,0.15760169347356023,38.0,-0.47862766636535525
2018-05-26,0.030664924124721438,32.0,-0.5229557331185788
2018-05-27,-0.20968992123380303,22.0,-0.8160823102419575
2018-05-28,-0.1897823720106057,7.0,-0.7205604575574398
2018-05-29,-0.15785646583471033,9.0,-0.8888798759629329
2018-05-30,0.46977562909679754,28.0,-0.10028057146285262
2018-05-31,0.26203528736230164,42.0,-0.5653726914050904
2018-06-01,-0.12176761898444965,24.0,-0.9023641691698382
2018-06-02,-0.3616689267118686,29.0,-0.9503455520025454
2018-06-03,-0.3683883163944951,14.0,-0.9242826288100332
2018-06-04,0.11424403837216753,7.0,-0.7353104911744595
2018-06-05,-0.025418613979127258,16.0,-0.9241963126696646
2018-06-06,-0.04579376328158481,29.0,-0.7250663196318783
2018-06-07,0.011913434774787337,27.0,-0.6350949395980153
2018-06-08,0.21998064300829642,38.0,-0.32726666182279585
2018-06-09,-0.4994577871901648,14.0,-0.9577182659413666
2018-06-10,-0.1923608437180519,5.0,-0.5076719429343939
2018-06-11,0.33706361381337047,4.0,-0.9381342325359583
2018-06-12,-0.14584882584986864,27.0,-0.9482043027611715
2018-06-13,-0.15064111827696497,37.0,-0.9391615553759038
2018-06-14,-0.081974303977483,46.0,-0.9321353037375957
2018-06-15,-0.1402878249809146,25.0,-0.9539105679307666
2018-06-16,-0.20395138271019927,28.0,-0.8933426488989166
2018-06-17,-0.3639567559584975,10.0,-0.9122848212718964
2018-06-18,-0.17169863369781524,8.0,-0.9317016582936049
2018-06-19,-0.27301046426873654,24.0,-0.9289638876604537
2018-06-20,0.14700182260324557,30.0,-0.6404211779590696
2018-06-21,0.033345527283734445,33.0,-0.7550646687547365
2018-06-22,0.0293612951412797,40.0,-0.7003861660137772
2018-06-23,-0.18407609317606935,24.0,-0.9453377602621913
2018-06-24,0.06386306812055409,8.0,-0.19137512426823378
2018-06-25,-0.46884006876498463,5.0,-0.96021857438609
2018-06-26,-0.2548808288816927,33.0,-0.9482370383727053
2018-06-27,-0.045107661241975926,48.0,-0.8202342598233372
2018-06-28,-0.09042247323455607,41.0,-0.8803259076719935
2018-06-29,-0.10353426456552099,37.0,-0.852145548351109
2018-06-30,-0.07631238372996449,30.0,-0.6493358024163172
2018-07-01,-0.1328438015965124,12.0,-0.9298025934646527
2018-07-02,-0.299906424091508,6.0,-0.9455939629115164
2018-07-03,0.07831390245872386,34.0,-0.9180485067061253
2018-07-04,-0.19158398321476475,29.0,-0.930644063744694
2018-07-05,-0.3216433511780841,14.0,-0.8412950369529426
2018-07-06,-0.13951473390876218,29.0,-0.9024304199265316
2018-07-07,0.006919133683873547,27.0,-0.7476444929572088
2018-07-08,0.040985665982589126,8.0,-0.8106991639360785
2018-07-09,-0.10030132066458464,6.0,-0.37441822327673435
2018-07-10,-0.2276916867968711,22.0,-0.9197323527187109
2018-07-11,-0.3524315315298736,21.0,-0.9328463061247021
2018-07-12,-0.48257426966336514,21.0,-0.9459414736678203
2018-07-13,-0.15741256965945163,27.0,-0.9376841425629598
2018-07-14,0.191384542045062,46.0,-0.890970301348716
2018-07-15,0.011200831364840269,10.0,-0.6458452284956971
2018-07-16,-0.504651099909097,4.0,-0.928126871585846
2018-07-17,-0.4168441433769961,27.0,-0.9580691688960152
2018-07-18,0.0010679201581157171,26.0,-0.9151337737483638
2018-07-19,-0.12421276031628899,23.0,-0.8116805935278535
2018-07-20,0.03319484616319338,9.0,-0.5919761701176564
2018-07-21,-0.008029274642467499,24.0,-0.8655861957619587
2018-07-22,0.13537676446139812,8.0,-0.7535629579797387
2018-07-23,-0.12078302022483614,9.0,-0.5123943897585074
2018-07-24,-0.14471723628230393,28.0,-0.8844994220084378
2018-07-25,-0.1980102878241312,21.0,-0.9481453799332181
2018-07-26,-0.006724208988475077,33.0,-0.7430762985928191
2018-07-27,-0.20989424784613006,34.0,-0.924335982857479
2018-07-28,0.0926340168172663,22.0,-0.8552893822391828
2018-07-29,0.17527007055468857,8.0,-0.4705339791253209
2018-07-30,-0.21745839963356653,6.0,-0.896305812522769
2018-07-31,0.09489652112295682,22.0,-0.6266183199671408
2018-08-01,0.1391021249638427,21.0,-0.7645268705673516
2018-08-02,-0.5375021720925967,24.0,-0.9579439411560694
2018-08-03,-0.06832170218694955,40.0,-0.9179914441891015
2018-08-04,-0.3859096241155357,33.0,-0.950954637179772
2018-08-05,0.5119487330317497,5.0,0.16294359788298607
2018-08-06,-0.0024316700175404547,5.0,-0.4374865493737161
2018-08-07,-0.15013370476663113,22.0,-0.9158676650064687
2018-08-08,-0.0939765410413119,22.0,-0.8732842934938768
2018-08-09,-0.06524847138842399,22.0,-0.5095884447606901
2018-08-10,-0.09480894469853604,33.0,-0.9241823175301155
2018-08-11,-0.04004651850137191,39.0,-0.920668666716665
2018-08-12,0.3321220468729734,5.0,-0.4942228617146611
2018-08-13,-0.24463778967037797,14.0,-0.8042126826476306
2018-08-14,-0.16404488186041513,33.0,-0.8735489634176096
2018-08-15,-0.13147101376671344,32.0,-0.9015688148792833
2018-08-16,0.14609767054207623,8.0,-0.11794422660022974
2018-08-17,0.12275055207704243,19.0,-0.7241638215258718
2018-08-18,0.0458241329761222,48.0,-0.34346532355993986
2018-08-19,-0.19561896950472146,16.0,-0.8995190849527717
2018-08-20,-0.12593325792944857,7.0,-0.9386682615149766
2018-08-21,-0.06735588856698836,17.0,-0.9314244134351611
2018-08-22,-0.3178168325186042,28.0,-0.9550930592231452
2018-08-23,0.007518162807592979,26.0,-0.737020513708038
2018-08-24,0.1319807140971534,32.0,-0.6229125449899584
2018-08-25,0.2074091577503298,14.0,-0.2821701893117279
2018-08-26,-0.19467555191367863,5.0,-0.708293120842427
2018-08-27,0.38761045411229134,2.0,0.22221997380256653
2018-08-28,-0.10122341760951611,18.0,-0.8813744703307748
2018-08-29,-0.17817641864530742,22.0,-0.895499176112935
2018-08-30,-0.006383788638881275,14.0,-0.7388384549412876
2018-08-31,0.017011808345048892,41.0,-0.5359110294587233
2018-09-01,0.11962088542606901,17.0,-0.23835999481379985
2018-09-02,-0.18456237697973848,10.0,-0.6249342979863286
2018-09-03,0.5003170467292269,6.0,-0.06405701022595167
2018-09-04,-0.16787725987119806,18.0,-0.8865878921002149
2018-09-05,-0.17096752787394257,29.0,-0.9526290873182006
2018-09-06,-0.30952238761598155,21.0,-0.9487485919768611
2018-09-07,0.08558593859197572,32.0,-0.6987567854812369
2018-09-08,-0.12499923203140498,25.0,-0.7973037343472242
2018-09-09,-0.09940727613866329,7.0,-0.6718641240149736
2018-09-10,-0.01676427060738206,4.0,-0.22623213566839695
2018-09-11,0.1714753383356664,18.0,-0.6743119467049837
2018-09-12,-0.14346673586065087,41.0,-0.9412482112053443
2018-09-13,-0.025815933994534943,27.0,-0.798115521868957
2018-09-14,-0.1879014636312301,24.0,-0.9123190267321964
2018-09-15,-0.19892417975579915,23.0,-0.9122679253729681
2018-09-16,-0.46343977376818657,6.0,-0.8964138543233275
2018-09-17,-0.42841580510139465,12.0,-0.9356573391705751
2018-09-18,-0.05415186728350818,32.0,-0.8925008190562949
2018-09-19,-0.03959641808315235,34.0,-0.9011521598117219
2018-09-20,-0.2692733623151635,29.0,-0.9386186479823664
2018-09-21,0.15588523587211967,30.0,-0.5030537511920556
2018-09-22,0.044361208299441,21.0,-0.8127284425621232
2018-09-23,0.37917307453850907,9.0,-0.3717957101762295
2018-09-24,0.8595927180722356,2.0,0.8202151525765657
2018-09-25,0.8595927180722356,0.0,0.8202151525765657
2018-09-26,0.8595927180722356,0.0,0.8202151525765657
2018-09-27,0.8595927180722356,0.0,0.8202151525765657
2018-09-28,0.8595927180722356,0.0,0.8202151525765657
2018-09-29,0.8595927180722356,0.0,0.8202151525765657
2018-09-30,0.8595927180722356,0.0,0.8202151525765657
2018-10-01,-0.4298923509195447,8.0,-0.8338779304176569
2018-10-02,-0.15679373227826812,34.0,-0.935468378269838
2018-10-03,-0.07751525227481929,26.0,-0.8855774608174605
2018-10-04,-0.07212660691390435,30.0,-0.8115257506724447
2018-10-05,-0.1569600730753419,44.0,-0.9069591573524204
2018-10-06,0.08475991187705881,21.0,-0.4501167641331752
2018-10-07,0.08484482113271952,9.0,-0.3219262460867564
2018-10-08,0.16282359801698476,8.0,-0.2519800905138254
2018-10-09,0.03186507662758231,23.0,-0.8268449765164405
2018-10-10,-0.4388049600778946,42.0,-0.9323584918271411
2018-10-11,-0.015163872856646776,42.0,-0.8344326703385874
2018-10-12,-0.08735725573367542,27.0,-0.8519041825618062
2018-10-13,0.03126773246280525,23.0,-0.8233540304936469
2018-10-14,-0.048333469921579726,13.0,-0.5274982564151287
2018-10-15,-0.1633521981537342,5.0,-0.903316811658442
2018-10-16,-0.03601651642979546,22.0,-0.7149185435846448
2018-10-17,0.05099847799699221,28.0,-0.7059482648702604
2018-10-18,0.013948258998639444,17.0,-0.47314734999090435
2018-10-19,0.03515261977624435,26.0,-0.6435927825846842
2018-10-20,0.0067680599167943,16.0,-0.6714798337779939
2018-10-21,-0.4640436116605997,2.0,-0.9594931993633509
2018-10-22,-0.13065673562232405,8.0,-0.9357493571005762
2018-10-23,-0.13909943727776408,22.0,-0.8944088375816742
2018-10-24,-0.28181630321778356,40.0,-0.9325921449810266
2018-10-25,-0.275216791826563,39.0,-0.9136047511361539
2018-10-26,-0.35903701826464385,24.0,-0.9396716290308783
2018-10-27,-0.2937628267056964,27.0,-0.9508608342813594
2018-10-28,-0.14644022824035752,9.0,-0.9190841844926277
2018-10-29,0.00016586515786392347,7.0,-0.880002518882975
2018-10-30,0.08074093575123698,24.0,-0.8558426021287838
2018-10-31,0.019225877049999934,24.0,-0.5251296837814152
2018-11-01,-0.24076134680459896,15.0,-0.9465238922275603
2018-11-02,-0.10922518229865014,47.0,-0.940883651530991
2018-11-03,-0.0025594436416500493,19.0,-0.6482214672490955
2018-11-04,-0.016729414463043213,7.0,-0.1034757923334837
2018-11-05,0.006215791838864486,6.0,-0.4754473390057683
2018-11-06,0.09408591793657377,29.0,-0.47772268974222243
2018-11-07,0.06578496808393133,45.0,-0.510809583744655
2018-11-08,-0.2173676560332458,31.0,-0.9435311837005429
2018-11-09,-0.15567083834039588,31.0,-0.9326050464296713
2018-11-10,-0.13297378436169205,34.0,-0.9394296323880553
2018-11-11,-0.2533779131686863,17.0,-0.8802757520228625
2018-11-12,0.4291431475430727,2.0,-0.006426922976970673
2018-11-13,-0.03768505494702946,22.0,-0.6889838942637047
2018-11-14,0.11808635058024755,26.0,-0.5547078589775732
2018-11-15,0.08332371454508532,21.0,-0.5158730931580067
2018-11-16,0.08198916324382198,29.0,-0.536933887633495
2018-11-17,-0.17673539691087273,18.0,-0.7670000011101366
2018-11-18,0.03322138618677854,10.0,-0.5679105545083681
2018-11-19,-0.07740381515274446,6.0,-0.26312868297100067
2018-11-20,-0.15404689771292562,44.0,-0.9526989283886823
2018-11-21,0.18964574441779405,40.0,-0.602282133512199
2018-11-22,-0.020652670102814834,24.0,-0.8980050915852189
2018-11-23,0.2736519945108078,22.0,-0.46813628387947875
2018-11-24,0.04400434487444513,34.0,-0.734789790171716
2018-11-25,-0.007564117962663824,11.0,-0.7266344583282868
2018-11-26,0.015362661997122424,7.0,-0.6552658267319202
2018-11-27,0.1162689083620258,23.0,-0.5430114556414386
2018-11-28,-0.09328727543886219,28.0,-0.895176965344165
2018-11-29,0.004686113392167231,34.0,-0.6321426879407631
2018-11-30,0.06939204054122622,33.0,-0.6154538382672601
2018-12-01,0.24042984346548715,24.0,-0.38320482925822336
2018-12-02,0.09969051921119293,15.0,-0.24282370787113905
2018-12-03,-0.47795069217681885,2.0,-0.9632656443864107
2018-12-04,0.04031161329309855,35.0,-0.9084937181841168
2018-12-05,-0.33403661972843113,30.0,-0.9378500870079733
2018-12-06,-0.06943056231830269,32.0,-0.9413098932709545
2018-12-07,-0.17148931226175693,45.0,-0.9493181323632598
2018-12-08,-0.008974769513212865,31.0,-0.7661134983645752
2018-12-09,-0.21756363767557418,13.0,-0.8921171531546861
2018-12-10,0.15881925334946978,9.0,-0.13515494825939336
2018-12-11,0.0027779972180724142,30.0,-0.6595249664969742
2018-12-12,-0.10063664736743602,36.0,-0.8730937014851305
2018-12-13,0.027181219826969836,36.0,-0.795515243584911
2018-12-14,-0.19776759312586173,38.0,-0.9251763888634741
2018-12-15,-0.03902757537758185,36.0,-0.8435735548329022
2018-12-16,-0.06729526885531166,11.0,-0.5267464158435663
2018-12-17,-0.017578575760126114,2.0,-0.028656844049692154
2018-12-18,-0.017578575760126114,0.0,-0.028656844049692154
2018-12-19,-0.017578575760126114,0.0,-0.028656844049692154
2018-12-20,-0.017578575760126114,0.0,-0.028656844049692154
2018-12-21,-0.017578575760126114,0.0,-0.028656844049692154
2018-12-22,-0.017578575760126114,0.0,-0.028656844049692154
2018-12-23,-0.017578575760126114,0.0,-0.028656844049692154
2018-12-24,-0.27369277077377774,16.0,-0.9324703969759867
2018-12-25,-0.2754812527667074,34.0,-0.9451938959666424
2018-12-26,-0.25105003107871326,21.0,-0.9219566090032458
2018-12-27,-0.11439304962528474,33.0,-0.9184412584743566
2018-12-28,-0.20086689584422857,44.0,-0.9412701747549529
2018-12-29,-0.04993243196513504,40.0,-0.7786264747381211
2018-12-30,0.06297877437568136,14.0,-0.23496736702509224
2018-12-31,-0.47632812010124326,6.0,-0.9599473387934268
2019-01-01,-0.02141090207733214,20.0,-0.5905218843370676
2019-01-02,-0.15416037391584653,13.0,-0.7256895308382809
2019-01-03,0.1405354295670986,25.0,-0.4517704877736313
2019-01-04,0.08164624120108784,40.0,-0.6443572498857975
2019-01-05,-0.18157969105125563,41.0,-0.955820220395584
2019-01-06,-0.2189553318441742,18.0,-0.9113914987072349
2019-01-07,-0.3852758581257042,17.0,-0.9228776520118117
2019-01-08,0.10804681967084225,26.0,-0.661405271451388
2019-01-09,0.03641610347073187,22.0,-0.6988304268258313
2019-01-10,0.1215328587568365,32.0,-0.5894268276169896
2019-01-11,-0.32486795065685725,39.0,-0.9443389860913157
2019-01-12,-0.06391622675092597,38.0,-0.8675132664851845
2019-01-13,-0.42800095429023105,6.0,-0.7921799048781395
2019-01-14,-0.42800095429023105,0.0,-0.7921799048781395
2019-01-15,-0.42800095429023105,0.0,-0.7921799048781395
2019-01-16,-0.42800095429023105,0.0,-0.7921799048781395
2019-01-17,-0.42800095429023105,0.0,-0.7921799048781395
2019-01-18,-0.42800095429023105,0.0,-0.7921799048781395
2019-01-19,-0.42800095429023105,0.0,-0.7921799048781395
2019-01-20,-0.42800095429023105,0.0,-0.7921799048781395
2019-01-21,-0.42800095429023105,0.0,-0.7921799048781395
2019-01-22,-0.42800095429023105,0.0,-0.7921799048781395
2019-01-23,-0.42800095429023105,0.0,-0.7921799048781395
2019-01-24,-0.42800095429023105,0.0,-0.7921799048781395
2019-01-25,-0.42800095429023105,0.0,-0.7921799048781395
2019-01-26,-0.42800095429023105,0.0,-0.7921799048781395
2019-01-27,-0.42800095429023105,0.0,-0.7921799048781395
2019-01-28,0.2252000610090115,11.0,-0.584613690773646
2019-01-29,0.10650116226946314,30.0,-0.7411028903443366
2019-01-30,-0.11942775522995937,19.0,-0.8461216213181615
2019-01-31,-0.13278805842855945,32.0,-0.9141407868592069
2019-02-01,0.041139859706163406,36.0,-0.6263934328324265
2019-02-02,0.047974525899108916,36.0,-0.7552931290119886
2019-02-03,0.2813030908651212,17.0,-0.5543814111500979
2019-02-04,0.1855831298356255,6.0,-0.24742867052555084
2019-02-05,0.031818535524390394,31.0,-0.7691874532611109
2019-02-06,0.2667735043430218,27.0,-0.07990305152322565
2019-02-07,0.10011493165286318,31.0,-0.5540530880680308
2019-02-08,-0.01145959127208461,46.0,-0.7673233526293188
2019-02-09,0.06928424045650496,36.0,-0.6612777668568823
2019-02-10,-0.32615701564484173,18.0,-0.8743273830041289
2019-02-11,-0.34708406357094646,4.0,-0.8847197610884905
2019-02-12,-0.1780686085857451,25.0,-0.9295186741676714
2019-02-13,-0.06614875684205729,26.0,-0.9327700926390078
2019-02-14,0.022687685789188016,37.0,-0.6370389827992767
2019-02-15,-0.061489525150407,37.0,-0.8640020225197077
2019-02-16,-0.07121659608910212,37.0,-0.9241471432149411
2019-02-17,-0.16845990531146526,13.0,-0.947259577922523
2019-02-18,-0.06352694039898259,7.0,-0.7447880394756794
2019-02-19,-0.025080722594714683,23.0,-0.9288518896015981
2019-02-20,-0.11979421945540486,37.0,-0.9318203423172235
2019-02-21,-0.11184273103717715,40.0,-0.9438610913231968
2019-02-22,0.17553593238572712,46.0,-0.601613201511403
2019-02-23,-0.17607683421331732,34.0,-0.9252432032695247
2019-02-24,0.1970233361547192,15.0,-0.338575167581439
2019-02-25,0.45129253094395,6.0,0.02214798703789711
2019-02-26,0.20681653305888176,25.0,-0.6054929980475988
2019-02-27,-0.04024788087487898,22.0,-0.952533696933339
2019-02-28,0.008141177994283762,55.0,-0.7785393188574484
2019-03-01,-0.020111518565478714,43.0,-0.8878272875127468
2019-03-02,-0.12138873325853512,29.0,-0.8288189776940271
2019-03-03,-0.35313756531104445,10.0,-0.9410786423832178
2019-03-04,-0.14026884663411798,17.0,-0.8228444054722786
2019-03-05,0.04588401680057113,37.0,-0.735985322855413
2019-03-06,-0.03185539470555691,39.0,-0.8362245648168027
2019-03-07,-0.22452855326941815,29.0,-0.9336702145519666
2019-03-08,-0.01608564322149115,28.0,-0.8926446343372975
2019-03-09,-0.034146371952913424,27.0,-0.8561384383855122
2019-03-10,0.012221068330109119,10.0,-0.8919137697666883
2019-03-11,0.012221068330109119,0.0,-0.8919137697666883
2019-03-12,0.012221068330109119,0.0,-0.8919137697666883
2019-03-13,0.012221068330109119,0.0,-0.8919137697666883
2019-03-14,0.012221068330109119,0.0,-0.8919137697666883
2019-03-15,0.012221068330109119,0.0,-0.8919137697666883
2019-03-16,0.012221068330109119,0.0,-0.8919137697666883
2019-03-17,0.012221068330109119,0.0,-0.8919137697666883
2019-03-18,0.13934533470975502,14.0,-0.1464820820838213
2019-03-19,-0.048247974319383505,40.0,-0.9262994468212128
2019-03-20,0.0017015828385150858,28.0,-0.7127337330686194
2019-03-21,0.020782158874413547,34.0,-0.6496050473716524
2019-03-22,-0.03140666744694477,41.0,-0.7487218276682225
2019-03-23,0.13685908961903165,27.0,-0.391120777332357
2019-03-24,0.05512675317004323,12.0,-0.8197414713601271
2019-03-25,0.20590379610657691,5.0,-0.3345222733914852
2019-03-26,-0.1631734250113368,26.0,-0.9034814712192331
2019-03-27,0.10279538676909664,34.0,-0.7722258041095402
2019-03-28,-0.19758805266714521,42.0,-0.9319861383092675
2019-03-29,0.007369564787950367,16.0,-0.6976235713809729
2019-03-30,-0.2645133794285357,12.0,-0.9285724669074019
2019-03-31,-0.6939219918013328,21.0,-0.9269362334161997
2019-04-01,-0.17322667315602303,19.0,-0.8825310040265322
2019-04-02,-0.016029596577088037,45.0,-0.7689598095603287
2019-04-03,-0.10807222969109012,31.0,-0.8822005054680631
2019-04-04,0.10533126380427607,28.0,-0.8316485587773579
2019-04-05,0.03714725838448757,39.0,-0.7052957678213716
2019-04-06,-0.0401798400717477,15.0,-0.6461794192437083
2019-04-07,-0.34713526546127266,9.0,-0.9445251024638613
2019-04-08,0.2736778946593404,10.0,-0.36091538332402706
2019-04-09,-0.16185381044116284,45.0,-0.9269968379133692
2019-04-10,-0.26804126257468996,38.0,-0.9320627338252961
2019-04-11,-0.29663721850374714,32.0,-0.9377056567464024
2019-04-12,-0.11868456010706722,20.0,-0.8470451451838017
2019-04-13,-0.1214625258743763,25.0,-0.6980824121939284
2019-04-14,0.24793698266148567,10.0,-0.6084639479716619
2019-04-15,-0.024843278474041393,14.0,-0.2936710277572274
2019-04-16,-0.21247137904167177,25.0,-0.9023572963529399
2019-04-17,-0.27522807876812294,32.0,-0.9496026006527245
2019-04-18,-0.3502631108054802,42.0,-0.9420105184597726
2019-04-19,-0.3812312197943146,26.0,-0.915178146080247
2019-04-20,-0.3993785656057298,11.0,-0.8317653570945064
2019-04-21,-0.392258356201152,15.0,-0.9188773122150451
2019-04-22,0.11716543954304036,17.0,-0.6702826363965869
2019-04-23,-0.16605075394424298,24.0,-0.8863468145330747
2019-04-24,-0.270251607350809,38.0,-0.9471867747604847
2019-04-25,-0.06210884197869084,22.0,-0.7416647309437394
2019-04-26,0.14111477938982156,26.0,-0.6744735395269734
2019-04-27,-0.10218041005634493,31.0,-0.8330259975045919
2019-04-28,0.2510024590883404,20.0,-0.49145618043839934
2019-04-29,-0.22233422681511866,21.0,-0.831841938663274
2019-04-30,0.05322993634534734,35.0,-0.796458404407733
2019-05-01,-0.22625967243905454,34.0,-0.9205293370824721
2019-05-02,0.06403677980415523,32.0,-0.6385699742240831
2019-05-03,0.07607207212957644,31.0,-0.6332931516226381
2019-05-04,-0.11664416391402482,25.0,-0.7397384090082986
2019-05-05,-0.32867125129061087,7.0,-0.9538709595799446
2019-05-06,-0.1275211526080966,6.0,-0.9258123319596052
2019-05-07,-0.35654533378266057,29.0,-0.945475353859365
2019-05-08,-0.3600211735659589,24.0,-0.9464413424332937
2019-05-09,-0.2414938411897137,21.0,-0.8872994144136707
2019-05-10,-0.2612875881246649,26.0,-0.9504713801933187
2019-05-11,-0.028029146293799084,30.0,-0.9139974595746025
2019-05-12,0.1707247490792171,23.0,-0.7678951811976731
2019-05-13,0.39086795039474964,2.0,-0.07256344333291054
2019-05-14,0.39086795039474964,0.0,-0.07256344333291054
2019-05-15,0.39086795039474964,0.0,-0.07256344333291054
2019-05-16,0.39086795039474964,0.0,-0.07256344333291054
2019-05-17,0.39086795039474964,0.0,-0.07256344333291054
2019-05-18,0.39086795039474964,0.0,-0.07256344333291054
2019-05-19,0.39086795039474964,0.0,-0.07256344333291054
2019-05-20,0.02550993487238884,11.0,-0.8633742046852907
2019-05-21,0.06452228211797774,50.0,-0.7157398792915046
2019-05-22,-0.07091726695320436,42.0,-0.8302261756563728
2019-05-23,-0.08272107303491794,32.0,-0.6750948725966737
2019-05-24,-0.06055772797155537,38.0,-0.798872141353786
2019-05-25,0.1363769768178463,25.0,-0.5221683009128485
2019-05-26,-0.13040711625944823,8.0,-0.7941301385872066
2019-05-27,-0.29787333495914936,7.0,-0.8691840916872025
2019-05-28,0.310366783135881,12.0,-0.2942607632527749
2019-05-29,-0.2011696753141127,19.0,-0.9208376377820968
2019-05-30,-0.1879138020822444,39.0,-0.898102544574067
2019-05-31,-0.07293365404687145,22.0,-0.8890086325506369
2019-06-01,-0.30261963923893326,41.0,-0.8960399073125287
2019-06-02,-0.38671522481987874,15.0,-0.9315036123152822
2019-06-03,-0.10713682443435703,7.0,-0.81725281663239
2019-06-04,0.038491521616067205,35.0,-0.6491707942138115
2019-06-05,-0.17363543261308223,40.0,-0.8873562348075211
2019-06-06,-0.2985477874587689,28.0,-0.9250550348577755
2019-06-07,-0.04690444303883447,27.0,-0.8066789072805217
2019-06-08,0.09407056029886007,31.0,-0.5873307822039351
2019-06-09,-0.20238990926494202,9.0,-0.9025575624157985
2019-06-10,0.4496750570833683,3.0,-0.46327363699674606
2019-06-11,-0.1408522666262632,22.0,-0.9111157899412016
2019-06-12,-0.24736340119699507,38.0,-0.9425923830363899
2019-06-13,-0.18530373679823242,32.0,-0.8975282047176734
2019-06-14,-0.23002021797583438,32.0,-0.8784637515200302
2019-06-15,0.30575827504263114,19.0,-0.19421906918287277
2019-06-16,0.10973186635722716,6.0,-0.44569203443825245
2019-06-17,0.15568050164729358,5.0,-0.2548525733873248
2019-06-18,0.07153760933227116,31.0,-0.8122904731426388
2019-06-19,0.014881076535121315,42.0,-0.9285647852176969
2019-06-20,-0.38686948493969714,44.0,-0.9505985031243075
2019-06-21,-0.1377024327715238,24.0,-0.7942753434181213
2019-06-22,-0.10062784417199769,28.0,-0.9067879522086254
2019-06-23,-0.0036517191781765884,18.0,-0.8234741197898984
2019-06-24,0.11647440907027987,9.0,-0.2005157203723987
2019-06-25,0.15690141525119544,25.0,-0.6097391207835504
2019-06-26,-0.12733332596390562,34.0,-0.8370938633258144
2019-06-27,-0.19377847819554586,27.0,-0.9061352568013328
2019-06-28,-0.08445891138705376,38.0,-0.7536512484308332
2019-06-29,-0.11536578295959367,27.0,-0.7554283096854176
2019-06-30,0.024110481259413064,16.0,-0.21833600895479321
2019-07-01,0.024110481259413064,0.0,-0.21833600895479321
2019-07-02,0.024110481259413064,0.0,-0.21833600895479321
2019-07-03,0.024110481259413064,0.0,-0.21833600895479321
2019-07-04,0.024110481259413064,0.0,-0.21833600895479321
2019-07-05,0.024110481259413064,0.0,-0.21833600895479321
2019-07-06,0.024110481259413064,0.0,-0.21833600895479321
2019-07-07,0.024110481259413064,0.0,-0.21833600895479321
2019-07-08,-0.36784753762185574,3.0,-0.9601987730711699
2019-07-09,0.03334949538111687,37.0,-0.8050151023082435
2019-07-10,-0.0705871524950189,31.0,-0.9210453105624765
2019-07-11,-0.30328883952461183,26.0,-0.951072051522455
2019-07-12,-0.2631404947338475,37.0,-0.9359686330892145
2019-07-13,0.14902772441167722,33.0,-0.4520485807831089
2019-07-14,-0.12360752216325356,13.0,-0.6880766125395894
2019-07-15,-0.2043285160842869,9.0,-0.833421777933836
2019-07-16,0.0905629827586167,34.0,-0.6838785247463319
2019-07-17,-0.0930124505444668,43.0,-0.8452285206453367
2019-07-18,-0.050965714980574214,34.0,-0.9152454511365957
2019-07-19,-0.39416350198969724,31.0,-0.9545146866003051
2019-07-20,0.002736796159297228,24.0,-0.5792820993810892
2019-07-21,0.16868337127380073,8.0,-0.7693032752722502
2019-07-22,-0.9545928686857224,1.0,-0.9545928686857224
2019-07-23,-0.9545928686857224,0.0,-0.9545928686857224
2019-07-24,-0.9545928686857224,0.0,-0.9545928686857224
2019-07-25,-0.9545928686857224,0.0,-0.9545928686857224
2019-07-26,-0.9545928686857224,0.0,-0.9545928686857224
2019-07-27,-0.9545928686857224,0.0,-0.9545928686857224
2019-07-28,-0.9545928686857224,0.0,-0.9545928686857224
2019-07-29,0.002833714708685875,3.0,-0.9413382578641176
2019-07-30,0.11575772682123858,23.0,-0.608088621404022
2019-07-31,-0.07681927210293137,26.0,-0.800160437955388
2019-08-01,-0.05056718550622463,6.0,-0.5005886070430279
2019-08-02,0.09368761703372001,20.0,-0.2520063020288944
2019-08-03,0.014648426603525878,10.0,-0.30743020214140415
2019-08-04,0.05240766331553459,4.0,-0.44403332471847534
2019-08-05,0.05240766331553459,0.0,-0.44403332471847534
2019-08-06,0.05240766331553459,0.0,-0.44403332471847534
2019-08-07,0.05240766331553459,0.0,-0.44403332471847534
2019-08-08,0.05240766331553459,0.0,-0.44403332471847534
2019-08-09,0.05240766331553459,0.0,-0.44403332471847534
2019-08-10,0.05240766331553459,0.0,-0.44403332471847534
2019-08-11,0.05240766331553459,0.0,-0.44403332471847534
2019-08-12,-0.10230758099351078,8.0,-0.42530029360204935
2019-08-13,-0.18907322689890863,25.0,-0.9393604493566922
2019-08-14,-0.134902892264955,29.0,-0.9281483082449995
2019-08-15,-0.030915565698617888,31.0,-0.8531637823907658
2019-08-16,-0.17240114252321248,43.0,-0.7673322421244599
2019-08-17,-0.14632292347960174,36.0,-0.7748912326577637
2019-08-18,0.09269135491922498,8.0,-0.32508339546620846
2019-08-19,0.09269135491922498,0.0,-0.32508339546620846
2019-08-20,0.09269135491922498,0.0,-0.32508339546620846
2019-08-21,0.09269135491922498,0.0,-0.32508339546620846
2019-08-22,0.09269135491922498,0.0,-0.32508339546620846
2019-08-23,0.09269135491922498,0.0,-0.32508339546620846
2019-08-24,0.09269135491922498,0.0,-0.32508339546620846
2019-08-25,0.09269135491922498,0.0,-0.32508339546620846
2019-08-26,-0.10346189434998311,13.0,-0.8833477324806154
2019-08-27,0.21054230033066765,29.0,-0.2690480104647577
2019-08-28,-0.1810638390791913,24.0,-0.9426695988513529
2019-08-29,-0.15347166155697778,48.0,-0.9085777886211872
2019-08-30,0.10745222703553736,42.0,-0.6263139001093805
2019-08-31,-0.023392229721966116,22.0,-0.8104467078422507
2019-09-01,0.02306533477861773,11.0,-0.9499404247229298
2019-09-02,0.13720148322837694,7.0,-0.0444071339443326
2019-09-03,-0.509351494618588,9.0,-0.9558728272095323
2019-09-04,-0.19107615843947445,35.0,-0.947292692338427
2019-09-05,-0.01464745009628435,30.0,-0.845146503765136
2019-09-06,-0.24954181960176514,46.0,-0.935500134791558
2019-09-07,-0.28088936358690264,40.0,-0.9421888548880816
2019-09-08,-0.12810876906539004,15.0,-0.773924647946842
2019-09-09,-0.08773164383860098,9.0,-0.9368651305946211
2019-09-10,-0.3895357240421268,26.0,-0.926547910752041
2019-09-11,-0.2968621605541557,40.0,-0.9276578878983855
2019-09-12,0.02487686827246632,35.0,-0.8006566069606278
2019-09-13,-0.13670392901353215,23.0,-0.925224679056555
2019-09-14,0.06702973929026888,18.0,-0.5732987959869206
2019-09-15,0.0006862847755352656,6.0,-0.8875798340886831
2019-09-16,0.22847862355411053,3.0,-0.0019724294543266296
2019-09-17,0.16899474778523046,30.0,-0.6495239175856113
2019-09-18,-0.1721818797339342,38.0,-0.9229837266728282
2019-09-19,-0.26362484872030717,36.0,-0.9386522909626365
2019-09-20,0.029425797363122303,36.0,-0.86040233530932
2019-09-21,-0.10679808869957924,25.0,-0.855002318508923
2019-09-22,-0.03917894311822378,13.0,-0.6363839083351195
2019-09-23,-0.34517654512698454,6.0,-0.7887938716448843
2019-09-24,-0.038734730786165676,37.0,-0.7940288887359201
2019-09-25,0.18065464302587012,24.0,-0.6124640476579467
2019-09-26,-0.24303705928847194,50.0,-0.9341441106337768
2019-09-27,-0.2160324107014364,31.0,-0.8988364224787802
2019-09-28,-0.10595866861312013,38.0,-0.8278945449739694
2019-09-29,-0.05318185708557184,13.0,-0.7561261809896678
2019-09-30,0.16472667936856547,6.0,-0.4501161491498351
2019-10-01,-0.1334485596873694,45.0,-0.8192339029628783
2019-10-02,-0.08281895993551348,34.0,-0.8801874933867819
2019-10-03,-0.25812625813369566,26.0,-0.950089052718665
2019-10-04,-0.02262196652332528,36.0,-0.8298035802630087
2019-10-05,-0.04180273696266372,29.0,-0.7910036812536418
2019-10-06,-0.26967063834044064,11.0,-0.8721784027293324
2019-10-07,0.4231587262824178,5.0,0.08151733642444015
2019-10-08,-0.09054688378064721,27.0,-0.7134012675711087
2019-10-09,0.08341888959209125,42.0,-0.8377291432327845
2019-10-10,0.03945550393313169,25.0,-0.6004316053752389
2019-10-11,-0.12688608213873773,29.0,-0.8890567464986816
2019-10-12,0.15948424241023845,29.0,-0.3301878391066566
2019-10-13,-0.2082161053337834,11.0,-0.8419445250183344
2019-10-14,-0.2532619522618396,7.0,-0.8499874570406973
2019-10-15,0.09306180570274591,25.0,-0.8628837562033108
2019-10-16,-0.057328452596500996,31.0,-0.8121935216477141
2019-10-17,-0.08239258825778961,30.0,-0.9046895172214136
2019-10-18,0.08947382494807243,28.0,-0.8187049741723708
2019-10-19,0.11194546208328877,24.0,-0.8645344375011822
2019-10-20,-0.10264546736417447,17.0,-0.9402498546987772
2019-10-21,-0.10739147341810167,10.0,-0.843206922368457
2019-10-22,0.04369515143334866,30.0,-0.9291024309350178
2019-10-23,-0.10993733081536797,26.0,-0.8139375039775457
2019-10-24,0.14997753697271282,37.0,-0.5679210994392634
2019-10-25,0.06939430210482457,29.0,-0.5556860890937969
2019-10-26,-0.22277058358304203,28.0,-0.9038292675146035
2019-10-27,-0.5341954914232095,3.0,-0.9502419233322144
2019-10-28,0.1354293402714225,13.0,-0.00607092073187232
2019-10-29,-0.03199782840804093,36.0,-0.8055255035352376
2019-10-30,-0.1625345555635599,26.0,-0.8843087434236493
2019-10-31,-0.19020360339289674,26.0,-0.9305962974737797
2019-11-01,-0.19635388770085924,34.0,-0.9428938611721
2019-11-02,-0.3076373644961187,26.0,-0.9187875718676618
2019-11-03,0.05749224647879601,20.0,-0.8339229034259915
2019-11-04,0.32216157976330984,9.0,-0.1642306757469972
2019-11-05,-0.051974618595770815,44.0,-0.8432608360255306
2019-11-06,-0.15894025204969303,28.0,-0.9003525429538318
2019-11-07,0.042504856028617956,39.0,-0.8742269866168499
2019-11-08,0.02992116194218397,34.0,-0.902856057199339
2019-11-09,-0.23782662078738212,25.0,-0.9431973268677082
2019-11-10,0.222835908045194,14.0,-0.2916971971280873
2019-11-11,-0.17264297351773297,7.0,-0.7589372345246375
2019-11-12,-0.39538743387907743,25.0,-0.9442427767706769
2019-11-13,-0.07896011646112634,36.0,-0.7166909972826639
2019-11-14,0.02663745475001633,48.0,-0.548095938982442
2019-11-15,-0.09265361073388097,48.0,-0.6980742536640415
2019-11-16,-0.3426370638949068,23.0,-0.9552317073879143
2019-11-17,-0.007014162528018157,9.0,-0.2910734179119269
2019-11-18,-0.09222492009687883,13.0,-0.6764923182781786
2019-11-19,-0.02048081634566188,30.0,-0.8031119657680392
2019-11-20,-0.1497086915586676,35.0,-0.815204578710513
2019-11-21,-0.13600056844384031,27.0,-0.8552653248022709
2019-11-22,-0.16092734634311814,33.0,-0.9354658537647791
2019-11-23,-0.36749954920378514,32.0,-0.9495585222030059
2019-11-24,-0.31112906675447116,11.0,-0.9361768842985233
2019-11-25,-0.5099405975391468,3.0,-0.9520471543073654
2019-11-26,0.026178396934562403,46.0,-0.7941503896533201
2019-11-27,-0.11820166657368342,45.0,-0.8880718556853632
2019-11-28,-0.1449779309997601,42.0,-0.9235090745443647
2019-11-29,-0.321275033888274,14.0,-0.9605447686044499
2019-11-30,0.09046439713399325,21.0,-0.9261916926285872
2019-12-01,-0.023984999499387212,9.0,-0.7721203491091728
2019-12-02,-0.28377758350688964,8.0,-0.8782839034684002
2019-12-03,-0.17566873212618864,34.0,-0.9218060876139336
2019-12-04,-0.13812826490350838,29.0,-0.8980935344006866
2019-12-05,-0.2801363062437462,23.0,-0.9202662672226628
2019-12-06,0.03192931436304305,37.0,-0.847111602127552
2019-12-07,0.08149283975944854,32.0,-0.7595965599175543
2019-12-08,-0.02439660724485293,16.0,-0.8783789782319218
2019-12-09,-0.4731664404492168,17.0,-0.9070567194372415
2019-12-10,-0.047897935410340625,30.0,-0.8279580581001937
2019-12-11,-0.2715353838133591,27.0,-0.954101889793362
2019-12-12,-0.21195368766784667,30.0,-0.8996444563381374
2019-12-13,-0.08583547396674043,21.0,-0.8428769425178567
2019-12-14,0.2074612468097578,34.0,-0.3687153493778573
2019-12-15,0.2520025741747197,17.0,-0.1799674816429615
2019-12-16,0.16025186917529657,13.0,-0.2058983501046896
2019-12-17,0.23300035619016352,29.0,-0.4813975329743698
2019-12-18,0.42517361071271204,30.0,-0.018962159869261086
2019-12-19,-0.10229427857255494,27.0,-0.9243056811392307
2019-12-20,-0.32109873932786287,20.0,-0.9114709900692105
2019-12-21,-0.049958638095807646,31.0,-0.8775519180344418
2019-12-22,-0.013473465996371075,11.0,-0.9286747380780677
2019-12-23,0.12649147314950823,10.0,-0.01875121146440506
2019-12-24,0.12881597495553168,33.0,-0.7279138466757205
2019-12-25,0.22300030960080525,30.0,-0.41531212627887726
2019-12-26,-0.10324027792861064,6.0,-0.779004693031311
2019-12-27,0.3268992231012537,26.0,-0.4910594219607966
2019-12-28,0.3497112397841799,48.0,-0.47159841447137296
2019-12-29,0.2581770753657276,22.0,-0.30127513222396374
2019-12-30,0.21712787815680107,15.0,-0.5926319882273674
2019-12-31,0.17790235832142523,39.0,-0.6982672232203185
2020-01-01,-0.08015184426629865,37.0,-0.9215943274088204
2020-01-02,0.11870991221318643,15.0,-0.500720506766811
2020-01-03,0.23111864746194974,29.0,-0.2849419671110809
2020-01-04,0.04271173131548696,45.0,-0.7389555675132821
2020-01-05,0.020256154106131623,14.0,-0.8835106259211898
2020-01-06,0.21121246996335685,8.0,-0.9175256546586752
2020-01-07,-0.10671029062641244,31.0,-0.7897672145627439
2020-01-08,-0.1794191082881298,32.0,-0.9224678560858592
2020-01-09,-0.08306598708394074,31.0,-0.8962295037927106
2020-01-10,-0.021863939946122242,33.0,-0.7166024976306491
2020-01-11,0.06448750377943119,30.0,-0.49022830720059574
2020-01-12,-0.36257584077807575,13.0,-0.8981507066637278
2020-01-13,0.24570851421986634,13.0,-0.5184838830027729
2020-01-14,0.055111068611343704,27.0,-0.6645297929644585
2020-01-15,0.18561063639936037,32.0,-0.3512057811021805
2020-01-16,0.13164127451212457,24.0,-0.4794229588781794
2020-01-17,-0.3574353448820074,37.0,-0.9407349104061723
2020-01-18,-0.20460004672408105,25.0,-0.9583057481795549
2020-01-19,-0.29803129382755444,23.0,-0.9203246687538922
2020-01-20,-0.46289696914609524,20.0,-0.9350651941262186
2020-01-21,-0.14133010458114537,43.0,-0.9186126957224174
2020-01-22,-0.31431500914999666,34.0,-0.9080736542948418
2020-01-23,0.04538294545760969,41.0,-0.9232851734215562
2020-01-24,0.05511132685618626,37.0,-0.8972293572500348
2020-01-25,-0.1371566047426313,20.0,-0.9456576151773334
2020-01-26,-0.20885369021977698,7.0,-0.9261385067366064
2020-01-27,-0.47805745833154234,14.0,-0.9242237685248256
2020-01-28,-0.0512670923249218,29.0,-0.9356799068045802
2020-01-29,-0.10175885627046227,50.0,-0.9274105859490541
2020-01-30,0.17768190495553426,32.0,-0.4840887673199177
2020-01-31,-0.040812635561451316,20.0,-0.7289086366072297
2020-02-01,-0.20348399058532188,34.0,-0.9293846824309893
2020-02-02,-0.18251348682679236,12.0,-0.9567223461344838
2020-02-03,-0.5172142153605819,6.0,-0.8733103321865201
2020-02-04,-0.09866081144557232,36.0,-0.9279863389415873
2020-02-05,0.019802264765732817,36.0,-0.8148319949913356
2020-02-06,0.15732346042895165,39.0,-0.30639405315741897
2020-02-07,0.0793382848638135,37.0,-0.5711837738752366
2020-02-08,-0.03717598522564879,27.0,-0.6155605012817043
2020-02-09,0.29861835539340975,10.0,-0.1724883516629537
2020-02-10,0.33277969192713497,10.0,-0.007745460296670596
2020-02-11,0.10947081512388061,34.0,-0.4841716519246499
2020-02-12,-0.0417841605921375,47.0,-0.9226582607564827
2020-02-13,-0.1507392858924425,23.0,-0.9547192819106082
2020-02-14,0.14010001940741426,21.0,-0.5037952869509658
2020-02-15,0.09931927308549776,34.0,-0.5160268849382798
2020-02-16,-0.31001714455584684,15.0,-0.8706240183673799
2020-02-17,-0.24608961319816963,7.0,-0.7266004104167223
2020-02-18,-0.02091345689533388,17.0,-0.7393467172980308
2020-02-19,0.017521580575372685,44.0,-0.8318320078436624
2020-02-20,-0.23554475450267395,39.0,-0.943090586271137
2020-02-21,-0.2998775069073245,37.0,-0.9465296213515103
2020-02-22,-0.06389394938014448,32.0,-0.8149975873529911
2020-02-23,-0.5119992383859224,9.0,-0.9509710498775045
2020-02-24,-0.4797370426822454,8.0,-0.9404898751527071
2020-02-25,-0.18629626106274755,19.0,-0.9351270040497184
2020-02-26,-0.016844737486770518,26.0,-0.8193433831578919
2020-02-27,0.11162231020629405,25.0,-0.5808611073132072
2020-02-28,-0.025544639994305642,44.0,-0.8086416761136868
2020-02-29,-0.3356519238402446,30.0,-0.947639431222342
2020-03-01,-0.5601566569413989,10.0,-0.9553537988103926
2020-03-02,-0.4415710906808575,9.0,-0.9269134250159065
2020-03-03,0.04927269889041781,25.0,-0.735161787497678
2020-03-04,0.14914057732676156,32.0,-0.7462429364677519
2020-03-05,0.11191799298103433,32.0,-0.884771587618161
2020-03-06,-0.48491080638486894,40.0,-0.9575263007543982
2020-03-07,-0.4985665210717639,43.0,-0.9473208157684315
2020-03-08,-0.23543219739804044,16.0,-0.9223797202575952
2020-03-09,-0.05183730503036217,22.0,-0.3363392222672701
2020-03-10,-0.5024483866617083,25.0,-0.9601205487602523
2020-03-11,0.1452804522455803,28.0,-0.5863528302205461
2020-03-12,-0.26967165522420633,26.0,-0.9372036857530475
2020-03-13,-0.3456681625296672,36.0,-0.9476536036365562
2020-03-14,-0.36092789934223724,36.0,-0.9507169725580348
2020-03-15,-0.16706153534744916,19.0,-0.8957180920988321
2020-03-16,-0.6605149521492422,12.0,-0.9264230843012532
2020-03-17,-0.3764139021167884,37.0,-0.9444057827815413
2020-03-18,-0.22804859998480728,24.0,-0.9109427045720319
2020-03-19,-0.36164471368785156,33.0,-0.9326118397422962
2020-03-20,-0.11896633906289936,20.0,-0.8741805108264089
2020-03-21,-0.02493560779839754,36.0,-0.8295977343287733
2020-03-22,-0.31822970910961257,29.0,-0.8967144481139258
2020-03-23,-0.28179088534255115,14.0,-0.8072933747898787
2020-03-24,0.017068299564665983,28.0,-0.8591491288638541
2020-03-25,-0.2762088751081716,22.0,-0.9396765309696397
2020-03-26,-0.32870913431048393,25.0,-0.9374018841023956
2020-03-27,-0.38212914645480806,39.0,-0.947709162440151
2020-03-28,-0.13107317721901032,39.0,-0.8847069117240608
2020-03-29,-0.05247201322622243,21.0,-0.7901679906062782
2020-03-30,-0.3260798535775393,12.0,-0.9470241234327356
2020-03-31,0.12388320919126272,33.0,-0.7255122607780827
2020-04-01,-0.277521783253178,24.0,-0.9448982913357516
2020-04-02,-0.014169078809209168,20.0,-0.42447794824838636
2020-04-03,-0.18721458002924918,25.0,-0.9442745638745171
2020-04-04,-0.2681737135374738,31.0,-0.8131906061898917
2020-04-05,-0.012906557680772883,14.0,-0.5771215201821178
2020-04-06,-0.47579362998820013,18.0,-0.9181624766439199
2020-04-07,-0.1714736247435212,35.0,-0.9403927363455296
2020-04-08,-0.19888652459933207,39.0,-0.8892980535514653
2020-04-09,-0.0788833731050162,38.0,-0.8738537697121501
2020-04-10,-0.2426229625629882,30.0,-0.8998112615663558
2020-04-11,0.02283432033772652,26.0,-0.7021947718624558
2020-04-12,0.08383450889959931,14.0,-0.3951070671901107
2020-04-13,-0.13867250930828354,12.0,-0.8997126873582602
2020-04-14,-0.05270082022373875,18.0,-0.5729549610987306
2020-04-15,-0.029337220937013627,25.0,-0.6588400599679777
2020-04-16,-0.32208786281107954,33.0,-0.872935297071106
2020-04-17,0.08683812399753012,26.0,-0.6760887218905347
2020-04-18,-0.09158448129892349,26.0,-0.8148207480886153
2020-04-19,-0.27458149660378695,15.0,-0.9077510819770396
2020-04-20,-0.14930874548320258,21.0,-0.9095783752078811
2020-04-21,-0.09200302481820638,44.0,-0.8876485637473789
2020-04-22,-0.2696255233251687,33.0,-0.9412289569154382
2020-04-23,-0.009305763430893422,30.0,-0.6668784166686237
2020-04-24,-0.1325553941630548,31.0,-0.9173514321446419
2020-04-25,-0.3303003801136381,18.0,-0.8475617334246636
2020-04-26,-0.22795613519847394,20.0,-0.840713894367218
2020-04-27,-0.41783303637722774,28.0,-0.9175002915518624
2020-04-28,-0.08319622742117576,53.0,-0.8621341042619731
2020-04-29,-0.10170048732008483,37.0,-0.7924284645356238
2020-04-30,-0.2187541115788683,31.0,-0.9097120722290128
2020-05-01,0.16227343019384605,26.0,-0.6197306984769446
2020-05-02,-0.13042887822828358,18.0,-0.8667214436456561
2020-05-03,-0.1779221502199237,14.0,-0.9491437030956149
2020-05-04,-0.6133114087084929,9.0,-0.9408102985471487
2020-05-05,0.08241520045946042,18.0,-0.6554020859301091
2020-05-06,0.012102354487234896,22.0,-0.5383320056522886
2020-05-07,-0.13911982222149769,18.0,-0.84847610630095
2020-05-08,-0.1256299022392466,29.0,-0.9469377005007118
2020-05-09,-0.045823159317175545,12.0,-0.48102619498968124
2020-05-10,-0.24131520890763827,7.0,-0.9296364425681531
2020-05-11,-0.47451446605846287,10.0,-0.9289844846352935
2020-05-12,0.06693703739036774,29.0,-0.45751567534171045
2020-05-13,0.026748258109775283,31.0,-0.7173514261376113
2020-05-14,0.05361993373211088,29.0,-0.5423400541767478
2020-05-15,-0.008380511486581687,29.0,-0.7686519236303866
2020-05-16,-0.13839511418981212,35.0,-0.8629666428185172
2020-05-17,-0.21544492663815618,13.0,-0.9498557056067511
2020-05-18,0.09552959399297833,10.0,-0.6104971766471863
2020-05-19,-0.12608685291541571,44.0,-0.9289770634336905
2020-05-20,-0.2523787167502215,37.0,-0.9269533896353096
2020-05-21,-0.1210839284870487,26.0,-0.8176573560174022
2020-05-22,-0.08590504530418132,28.0,-0.8221078787797264
2020-05-23,0.10343802953138947,20.0,-0.7660075638443231
2020-05-24,-0.3643076472422656,17.0,-0.9478098701685667
2020-05-25,0.06508329510688782,7.0,-0.09555150102823973
2020-05-26,0.15728834728222518,21.0,-0.4462337965766589
2020-05-27,-0.13017009616349684,33.0,-0.7208258485835459
2020-05-28,-0.13511929203591802,34.0,-0.6890750413553582
2020-05-29,0.11833783536632028,36.0,-0.5988638849101133
2020-05-30,0.24494131539455233,51.0,-0.5386980262656624
2020-05-31,0.2229951453498668,18.0,-0.22611419893801213
2020-06-01,-0.10129346139729023,7.0,-0.8051827102899551
2020-06-02,0.04603115844407252,35.0,-0.7272628367775016
2020-06-03,-0.07621932728216052,33.0,-0.932707402906898
2020-06-04,0.21201915928924625,33.0,-0.3211615529532234
2020-06-05,0.24514575166893857,35.0,-0.15614951815870073
2020-06-06,-0.0756334373179604,34.0,-0.7774875885289576
2020-06-07,-0.5315240085632964,11.0,-0.9231658028438687
2020-06-08,-0.16316163120791316,8.0,-0.7540155369788408
2020-06-09,0.040881947481206486,28.0,-0.740048006975225
2020-06-10,-0.21736947170769175,30.0,-0.9366626420523971
2020-06-11,0.05781067314424685,35.0,-0.5580038320687082
2020-06-12,-0.24140519532375038,32.0,-0.9484556479146704
2020-06-13,-0.0927645767159346,36.0,-0.8759879072507223
2020-06-14,0.13194557229677836,15.0,-0.712293213699013
2020-06-15,-0.34883690013417173,14.0,-0.9073735494166613
2020-06-16,-0.1770424822717905,50.0,-0.9058447457276858
2020-06-17,-0.020650152990128845,32.0,-0.7917833238607273
2020-06-18,-0.1373005707171701,21.0,-0.9133641957305372
2020-06-19,-0.30940417300111484,28.0,-0.952910749773894
2020-06-20,-0.0886517772118428,28.0,-0.9186347599274346
2020-06-21,0.010000783950090408,12.0,-0.6086061137417952
2020-06-22,0.19935626433127457,9.0,-0.0561001847187678
2020-06-23,-0.35493368968101485,28.0,-0.9430023296070951
2020-06-24,0.11990018773737342,43.0,-0.4225444726815278
2020-06-25,-0.0593298909847032,22.0,-0.7073962272455295
2020-06-26,-0.13290736795003924,35.0,-0.8748414910708865
2020-06-27,-0.39584516756059157,21.0,-0.9525082618929446
2020-06-28,-0.3719002144749869,11.0,-0.9415764395768443
2020-06-29,-0.17151437466964126,4.0,-0.9584639696404338
2020-06-30,-0.11596068011029907,23.0,-0.8594706705771387
2020-07-01,-0.22741115987966104,28.0,-0.845952816839729
2020-07-02,-0.08592765708453953,12.0,-0.7541411553199092
2020-07-03,0.13913960541215012,34.0,-0.590274080220196
2020-07-04,0.11702638595468468,18.0,-0.507288447022438
2020-07-05,0.2543958079186268,16.0,-0.4530834350734949
2020-07-06,0.5192470229230821,4.0,0.2727292403578758
2020-07-07,0.2626913501522862,13.0,-0.4585287009831518
2020-07-08,-0.2343882230449129,22.0,-0.9548354914101461
2020-07-09,-0.13762691899990806,26.0,-0.9534291394853166
2020-07-10,0.013677095606302222,24.0,-0.8561102536817392
2020-07-11,-0.3141744405059426,33.0,-0.9088505808160536
2020-07-12,-0.28163912758463994,16.0,-0.9355624297168106
2020-07-13,-0.21358453470747918,8.0,-0.8635811195708811
2020-07-14,-0.07908546533435583,40.0,-0.7867317398078739
2020-07-15,-0.30097152695300117,31.0,-0.9481031419709325
2020-07-16,0.13890365124538992,33.0,-0.8441414004191756
2020-07-17,0.15308979774514833,27.0,-0.6208672387791532
2020-07-18,-0.0827331830902646,24.0,-0.877958563156426
2020-07-19,0.1236474035307765,15.0,-0.30155425472185016
2020-07-20,-0.35128702882987756,12.0,-0.9057684143384298
2020-07-21,0.07589866900268723,34.0,-0.7148294316397773
2020-07-22,-0.15097692037622135,45.0,-0.9167623485748967
2020-07-23,0.1852719432115555,25.0,-0.1930864466620343
2020-07-24,-0.09053223126102239,24.0,-0.884641833913823
2020-07-25,0.05145637883708395,29.0,-0.580700343940407
2020-07-26,-0.05932181900633233,14.0,-0.8606639634817839
2020-07-27,-0.0795303387567401,4.0,-0.8419969473034143
2020-07-28,-0.10291962364975077,26.0,-0.8786588959129793
2020-07-29,-0.22872657644585137,41.0,-0.9419671870260076
2020-07-30,-0.26207023902264026,28.0,-0.9464507660429392
2020-07-31,0.13588551768944376,21.0,-0.5906164931754271
2020-08-01,0.15892776182260027,22.0,-0.6745948176831007
2020-08-02,0.0858348818411204,11.0,-0.7942097477304438
2020-08-03,-0.14157791435718536,4.0,-0.6969204917550087
2020-08-04,-0.1349215958317792,37.0,-0.956029275804758
2020-08-05,-0.14145624214275318,33.0,-0.9515466096086634
2020-08-06,-0.04419819678349251,22.0,-0.9275883767598619
2020-08-07,-0.175887535686012,44.0,-0.9457680251110684
2020-08-08,-0.3869801013945387,39.0,-0.9557280057109893
2020-08-09,-0.3062973537228324,11.0,-0.9427655075366298
2020-08-10,-0.41654163143701023,9.0,-0.9035838848600785
2020-08-11,0.04012061050161719,18.0,-0.9240164859220386
2020-08-12,-0.02541861586117496,24.0,-0.7965509340477487
2020-08-13,0.019775571962518078,31.0,-0.8521344583714381
2020-08-14,0.10152777961709282,22.0,-0.6966112175335487
2020-08-15,0.11127265617251396,20.0,-0.7038421493023634
2020-08-16,0.08041082951240242,12.0,-0.6231259551520149
2020-08-17,-0.008450292449976717,7.0,-0.5190058089792728
2020-08-18,-0.017804765803439003,31.0,-0.771718435222283
2020-08-19,-0.11219001624492868,31.0,-0.9024091634200886
2020-08-20,-0.22956366787132407,28.0,-0.9336107316027794
2020-08-21,-0.10050400667974065,31.0,-0.8178311017109081
2020-08-22,0.02939372477479852,26.0,-0.754135447155152
2020-08-23,0.11465808988681861,14.0,-0.5491418831516057
2020-08-24,-0.16145754190669817,11.0,-0.9404723281040788
2020-08-25,0.07848000518667202,36.0,-0.5843994229411086
2020-08-26,-0.3638795453682542,25.0,-0.9499102743076426
2020-08-27,-0.06529282312840223,27.0,-0.9153292741892594
2020-08-28,0.11355605133410011,35.0,-0.8029464350806342
2020-08-29,-0.020315061150877563,27.0,-0.8218409859442285
2020-08-30,0.24398662708699703,8.0,-0.41417952720075846
2020-08-31,-0.021793895655057648,11.0,-0.6705830047527949
2020-09-01,0.19332656419525543,30.0,-0.6060412330552936
2020-09-02,-0.05021369646513654,31.0,-0.8921482680598274
2020-09-03,0.15805674916029805,36.0,-0.47772581471751135
2020-09-04,-0.0779724828278025,30.0,-0.8236985909752548
2020-09-05,0.04995997456481328,37.0,-0.7899498876184226
2020-09-06,0.11952409334480762,10.0,-0.6697772480547428
2020-09-07,0.061789266377066575,12.0,-0.6154450190563997
2020-09-08,0.2309607810412462,13.0,-0.6033492195419967
2020-09-09,0.08788236313765603,28.0,-0.6551297252465572
2020-09-10,0.03231192364667853,33.0,-0.6982764503918588
2020-09-11,-0.11827817716680113,42.0,-0.8524616476656361
2020-09-12,0.10111968877026811,32.0,-0.6304696321021765
2020-09-13,0.26676859901371325,11.0,-0.6144936609392365
2020-09-14,0.26676859901371325,0.0,-0.6144936609392365
2020-09-15,0.26676859901371325,0.0,-0.6144936609392365
2020-09-16,0.26676859901371325,0.0,-0.6144936609392365
2020-09-17,0.26676859901371325,0.0,-0.6144936609392365
2020-09-18,0.26676859901371325,0.0,-0.6144936609392365
2020-09-19,0.26676859901371325,0.0,-0.6144936609392365
2020-09-20,0.26676859901371325,0.0,-0.6144936609392365
2020-09-21,0.26676859901371325,0.0,-0.6144936609392365
2020-09-22,0.26676859901371325,0.0,-0.6144936609392365
2020-09-23,0.26676859901371325,0.0,-0.6144936609392365
2020-09-24,0.26676859901371325,0.0,-0.6144936609392365
2020-09-25,0.26676859901371325,0.0,-0.6144936609392365
2020-09-26,0.26676859901371325,0.0,-0.6144936609392365
2020-09-27,0.26676859901371325,0.0,-0.6144936609392365
2020-09-28,-0.13432795368134975,9.0,-0.7151585842172304
2020-09-29,0.09076817325937252,30.0,-0.5096660968847573
2020-09-30,0.139547703819799,29.0,-0.3410873041721061
2020-10-01,-0.26080786858478355,36.0,-0.9309985153377056
2020-10-02,0.04155118329249121,37.0,-0.8086651765275746
2020-10-03,0.1471772893731083,28.0,-0.5730818110917296
2020-10-04,0.3136895922097293,11.0,-0.08708030171692371
2020-10-05,-0.3278365664716278,7.0,-0.9322826666757464
2020-10-06,-0.0414159589118379,34.0,-0.6863464238122106
2020-10-07,-0.0888419674986319,37.0,-0.7436031068209559
2020-10-08,-0.06753096742362812,29.0,-0.7172448578057811
2020-10-09,0.16427576531552607,36.0,-0.6480828880642852
2020-10-10,-0.06540416710470852,19.0,-0.8686268720775843
2020-10-11,0.26124628703912783,29.0,-0.5473930449225008
2020-10-12,-0.24926820085110032,17.0,-0.9123794699087739
2020-10-13,0.05199417534975275,31.0,-0.7292791582876816
2020-10-14,0.02174216721397944,39.0,-0.5229953380301595
2020-10-15,-0.09020198652121637,28.0,-0.8642665814342243
2020-10-16,0.11170493768683325,24.0,-0.4790860880166292
2020-10-17,0.11746726027474953,13.0,-0.5634406344033778
2020-10-18,0.2306206637683014,18.0,-0.17798944227397442
2020-10-19,-0.11764385238555926,14.0,-0.7133182918187231
2020-10-20,0.03831124503631145,8.0,-0.6157978475093842
2020-10-21,0.03831124503631145,0.0,-0.6157978475093842
2020-10-22,0.15389407503054195,23.0,-0.22047936140249172
2020-10-23,0.027055224170908332,20.0,-0.5265704648569226
2020-10-24,-0.05580358145137628,12.0,-0.9407369537899891
2020-10-25,0.20310652967203746,11.0,-0.03959052264690399
2020-10-26,-0.027366257272660732,9.0,-0.4981652821103732
2020-10-27,0.0824587860932717,26.0,-0.3840034973940679
2020-10-28,-0.0657187351025641,30.0,-0.6890588972019032
2020-10-29,0.037791854701936245,16.0,-0.2716067135334015
2020-10-30,-0.040559969522291794,16.0,-0.9504388134228066
2020-10-31,-0.15808631374966353,8.0,-0.9197874562814832
2020-11-01,0.04948763309844902,7.0,-0.4555607261136174
2020-11-02,0.376014806330204,4.0,0.04114118590950966
2020-11-03,-0.05017583077663884,17.0,-0.7520405609160662
2020-11-04,-0.020697640255093575,16.0,-0.7470615461934358
2020-11-05,0.10496104399984081,12.0,-0.4014514485994975
2020-11-06,0.32410569426914054,21.0,-0.11327535069237153
2020-11-07,-0.26681381796619724,7.0,-0.945773986633867
2020-11-08,0.2591158164044221,3.0,0.13029393181204796
2020-11-09,0.21824748881368172,9.0,-0.29488627798855305
2020-11-10,0.22452729696496612,21.0,-0.43243224437658984
2020-11-11,0.18268920791645846,6.0,-0.34009480383247137
2020-11-12,3.4262825335775104e-05,7.0,-0.5437735617160797
2020-11-13,-0.11604275447981698,7.0,-0.7232463657855988
2020-11-14,-0.2333765369174736,7.0,-0.9065143284387887
2020-11-15,-0.0275036059319973,1.0,-0.0275036059319973
2020-11-16,0.22837515672047934,3.0,-0.17041917517781258
2020-11-17,-0.019072839602207143,12.0,-0.78417092996339
2020-11-18,0.18330722860991955,4.0,-0.42195993289351463
2020-11-19,-0.001361612316068946,49.0,-0.7455049281438383
2020-11-20,0.21405200282525685,36.0,-0.33579477336671615
2020-11-21,0.1388878794104764,33.0,-0.3041373505774472
2020-11-22,-0.1485275351733435,16.0,-0.9279486519517377
2020-11-23,0.4040258884197101,8.0,-0.3635225333273411
2020-11-24,0.16017590218004496,34.0,-0.39781466783541775
2020-11-25,0.14885493016668727,35.0,-0.4128966403918134
2020-11-26,0.15058030545090637,51.0,-0.5348857515133344
2020-11-27,-0.17378707777243108,16.0,-0.9342588428407907
2020-11-28,0.19701548582977718,18.0,-0.35994112119078636
2020-11-29,0.07847073436714709,10.0,-0.6166027293850979
2020-11-30,0.17269141972064972,11.0,-0.3547560777515173
2020-12-01,-0.048610093114389616,22.0,-0.9220107773629328
2020-12-02,0.1351767179689237,28.0,-0.820008962814297
2020-12-03,-0.07120693744426328,28.0,-0.9450026280911905
2020-12-04,0.23850292153656483,41.0,-0.6800753843377937
2020-12-05,-0.1764064272865653,33.0,-0.927935344270534
2020-12-06,-0.15685312036010954,9.0,-0.7143733215828737
2020-12-07,-0.179544772580266,10.0,-0.9056890923529863
2020-12-08,-0.20806478144710555,17.0,-0.8814069161191582
2020-12-09,-0.31041254541157065,37.0,-0.9097056676633656
2020-12-10,-0.06517577189065162,21.0,-0.8089299214382967
2020-12-11,0.002343976322342368,34.0,-0.7820126819941733
2020-12-12,-0.039996111794607714,32.0,-0.7950301163364202
2020-12-13,0.03528156832737081,17.0,-0.5755955465137959
2020-12-14,-0.08946294834216435,15.0,-0.762335995445028
2020-12-15,-0.009794942970419752,29.0,-0.8206260891165584
2020-12-16,0.07072648490291267,21.0,-0.454335216122369
2020-12-17,0.05035019422777825,27.0,-0.5753217829790499
2020-12-18,0.020598279764218366,34.0,-0.6811007232301765
2020-12-19,0.11490357494247812,28.0,-0.6312219751998782
2020-12-20,0.30064500362745356,14.0,-0.49025927926413715
2020-12-21,0.30064500362745356,0.0,-0.49025927926413715
2020-12-22,0.30064500362745356,0.0,-0.49025927926413715
2020-12-23,0.30064500362745356,0.0,-0.49025927926413715
2020-12-24,0.30064500362745356,0.0,-0.49025927926413715
2020-12-25,0.30064500362745356,0.0,-0.49025927926413715
2020-12-26,0.30064500362745356,0.0,-0.49025927926413715
2020-12-27,0.30064500362745356,0.0,-0.49025927926413715
2020-12-28,0.30064500362745356,0.0,-0.49025927926413715
2020-12-29,0.30064500362745356,0.0,-0.49025927926413715
2020-12-30,0.30064500362745356,0.0,-0.49025927926413715
2020-12-31,0.30064500362745356,0.0,-0.49025927926413715
2021-01-01,0.30064500362745356,0.0,-0.49025927926413715
2021-01-02,0.30064500362745356,0.0,-0.49025927926413715
2021-01-03,0.30064500362745356,0.0,-0.49025927926413715
2021-01-04,0.14328590699005872,8.0,-0.22681260854005814
2021-01-05,0.09445826883117357,30.0,-0.38481529720593244
2021-01-06,0.1766456295994835,36.0,-0.2723653951866759
2021-01-07,-0.0006772365283083033,27.0,-0.6904987797939351
2021-01-08,0.05654560045407313,41.0,-0.7640741026367653
2021-01-09,0.023714160143926338,37.0,-0.6472953686490655
2021-01-10,-0.15635784498105446,12.0,-0.6781236175447702
2021-01-11,0.4375411346554756,4.0,-0.3336932510137558
2021-01-12,-0.006490488499403,25.0,-0.8975908796169928
2021-01-13,-0.12582778609875175,36.0,-0.8819178606693944
2021-01-14,0.12799049978670868,23.0,-0.49990243650972843
2021-01-15,0.28787680649582076,34.0,-0.5612417827877734
2021-01-16,-0.0434263420291245,30.0,-0.9067373145371675
2021-01-17,0.15086286571542068,14.0,-0.8414112682221457
2021-01-18,-0.012268742280347007,7.0,-0.939370752312243
2021-01-19,0.07860715748169102,13.0,-0.7031986574875191
2021-01-20,-0.052330579434055835,32.0,-0.895012945169583
2021-01-21,-0.19140724458828054,29.0,-0.937156432424672
2021-01-22,-0.10818637886109787,37.0,-0.8742239614017308
2021-01-23,-0.06995181981964331,38.0,-0.8787344102747738
2021-01-24,0.10712744016200304,17.0,-0.532074385881424
2021-01-25,-0.1360278989055327,14.0,-0.7601291539613158
2021-01-26,0.1131045322981663,32.0,-0.6538283349946141
2021-01-27,0.2154986398495935,37.0,-0.43098269701004027
2021-01-28,-0.0019197043563638414,28.0,-0.8100402429699898
2021-01-29,-0.14986232548419917,28.0,-0.9298173626884818
2021-01-30,0.12947257737996,33.0,-0.6758351983088586
2021-01-31,0.2565064866314916,17.0,-0.563642593845725
2021-02-01,-0.14987808000296354,4.0,-0.8157564960420132
2021-02-02,-0.0012885667684097444,31.0,-0.7232660078443587
2021-02-03,-0.27080756742507217,30.0,-0.9389129639603198
2021-02-04,-0.0748980140623947,30.0,-0.6939773457124829
2021-02-05,0.05799945953123747,47.0,-0.8021133531971524
2021-02-06,-0.12469779304228723,40.0,-0.9008736293762922
2021-02-07,0.02363363584797633,19.0,-0.17778148613870143
2021-02-08,-0.15905897980555891,10.0,-0.597976346189777
2021-02-09,0.18207263725344092,28.0,-0.22758236367787635
2021-02-10,-0.12747802219733043,27.0,-0.9272663134283253
2021-02-11,-0.0013713015912052912,39.0,-0.9166007407009602
2021-02-12,-0.19062100204865676,37.0,-0.9268845553509891
2021-02-13,-0.16616315332551798,30.0,-0.949612834258005
2021-02-14,0.16464177745261363,7.0,-0.7875711973756552
2021-02-15,-0.05041708230324413,23.0,-0.4170368683213989
2021-02-16,0.16992134687357716,14.0,-0.4222226170822978
2021-02-17,0.130081733195659,34.0,-0.6488590722696649
2021-02-18,-0.08186876910428206,45.0,-0.8579772543162107
2021-02-19,-0.12478946164370544,31.0,-0.9254996860399842
2021-02-20,-0.09860703939921223,32.0,-0.945245141745545
2021-02-21,0.13378982548601925,12.0,-0.3295231976856788
2021-02-22,-0.23648559001528405,22.0,-0.9050399522917966
2021-02-23,-0.026212439264940178,23.0,-0.8574969998250405
2021-02-24,-0.008278129311899344,30.0,-0.76781944592949
2021-02-25,-0.0591924894120424,31.0,-0.8479623429011554
2021-02-26,-0.2945175693248925,23.0,-0.9560256274417043
2021-02-27,-0.2499996030605153,19.0,-0.937594548612833
2021-02-28,-0.20351424872771734,18.0,-0.9498514405451715
2021-03-01,-0.006615461566700385,13.0,-0.8455272414721549
2021-03-02,0.09100211512829576,35.0,-0.7435272086618675
2021-03-03,-0.15753624971128172,36.0,-0.9448351928343376
2021-03-04,-0.061948291681430956,27.0,-0.860737893730402
2021-03-05,0.1327561132896405,39.0,-0.5229628020897508
2021-03-06,-0.008381571380361434,31.0,-0.6530536541249603
2021-03-07,-0.3195916957532366,6.0,-0.8279033005237579
2021-03-08,0.23373449890112336,11.0,-0.49975080353518325
2021-03-09,0.23120749610560862,22.0,-0.198383793545266
2021-03-10,-0.07788549593704588,34.0,-0.807991928834882
2021-03-11,-0.3032548293441294,31.0,-0.9244852824485861
2021-03-12,-0.10512403815984726,25.0,-0.8906756708664554
2021-03-13,-0.1986568035223545,39.0,-0.9295152243226766
2021-03-14,-0.24821424297988415,14.0,-0.9309157186653465
2021-03-15,-0.1350278373574838,8.0,-0.9293982177041471
2021-03-16,-0.0869132725388876,28.0,-0.9333283012466771
2021-03-17,0.01722277364959674,28.0,-0.9150717493944934
2021-03-18,0.1962018313845902,33.0,-0.4793335150720345
2021-03-19,-0.2519254773674953,31.0,-0.9387737371725962
2021-03-20,-0.1928739221766591,32.0,-0.9197706321137957
2021-03-21,0.09444264541654025,17.0,-0.27280303463339806
2021-03-22,-0.18049643085234696,9.0,-0.6292523127049208
2021-03-23,-0.3094574333977346,38.0,-0.9460722440388054
2021-03-24,0.0868916514425956,29.0,-0.6710057137534022
2021-03-25,-0.07290476567244955,28.0,-0.8900866298271077
2021-03-26,0.05270026259772156,23.0,-0.774854703185459
2021-03-27,-0.22724242076156256,46.0,-0.9412217430071905
2021-03-28,-0.3634521859930828,16.0,-0.9119792694691569
2021-03-29,0.23157746617549232,7.0,-0.28950055316090584
2021-03-30,-0.22980732434163137,28.0,-0.9368477479687759
2021-03-31,-0.40581604030689805,29.0,-0.9430883912718855
2021-04-01,0.029095298264366694,39.0,-0.7687124903313816
2021-04-02,0.20637785839155698,39.0,-0.2177265278995037
2021-04-03,-0.1278295651274292,19.0,-0.94725630749017
2021-04-04,-0.018144094592167273,9.0,-0.8604973262796799
2021-04-05,-0.17926320200785995,10.0,-0.8326606269304951
2021-04-06,0.03928174347513252,27.0,-0.8473395733162761
2021-04-07,0.11621281618459357,27.0,-0.3940670109753098
2021-04-08,-0.029122330223847376,38.0,-0.758021935261786
2021-04-09,0.21463211095136292,53.0,-0.40531695787129657
2021-04-10,0.049496236045590856,44.0,-0.7711304376240481
2021-04-11,-0.02180107765727573,9.0,-0.4273525693764289
2021-04-12,-0.03408479580486363,11.0,-0.7643957439189156
2021-04-13,0.05246445861382362,39.0,-0.5617473074235022
2021-04-14,0.04870795494876802,50.0,-0.6933616585313127
2021-04-15,0.11944343681846346,21.0,-0.5729183681930105
2021-04-16,-0.05895433896371434,31.0,-0.7891881088726223
2021-04-17,0.20144760614681628,31.0,-0.41257612395565957
2021-04-18,0.44794607907533646,14.0,-0.060950357001274824
2021-04-19,0.2879255712032318,4.0,-0.08155541121959686
2021-04-20,0.10696293443681733,31.0,-0.7303993386449292
2021-04-21,-0.10756125078169686,33.0,-0.8755078168792857
2021-04-22,0.02938151399997112,38.0,-0.5665864232461899
2021-04-23,0.0406836161389947,30.0,-0.7563551566563547
2021-04-24,0.011317740333207111,47.0,-0.8374579511582851
2021-04-25,0.10530646269520123,9.0,-0.5560641624033451
2021-04-26,0.47841928293928504,8.0,-0.05110456421971321
2021-04-27,0.24221175764442274,38.0,-0.20238811671733856
2021-04-28,-0.024756681671450762,44.0,-0.7014316314069385
2021-04-29,-0.11384795598685742,25.0,-0.89818602707237
2021-04-30,-0.002239825522625133,38.0,-0.6752803736366332
2021-05-01,0.1140445377677679,23.0,-0.45053256427248317
2021-05-02,-0.13078928376651472,9.0,-0.7478251503780484
2021-05-03,-0.16965602173215963,11.0,-0.6770253125578165
2021-05-04,0.0025327690846977695,31.0,-0.7051821703789756
2021-05-05,0.15959555622995705,37.0,-0.4755239219404757
2021-05-06,0.042126513237599285,40.0,-0.8186821120325476
2021-05-07,0.24930993083953149,42.0,-0.6153194036504085
2021-05-08,-0.16827177756246836,34.0,-0.8935021466782523
2021-05-09,0.39771626567976043,11.0,-0.037758522356549896
2021-05-10,0.5637828089030725,7.0,0.09613734763115644
2021-05-11,-0.21712394536007196,24.0,-0.9273589379154146
2021-05-12,0.22088567049217386,37.0,-0.31853300966322423
2021-05-13,0.142095837129378,38.0,-0.5363467108458281
2021-05-14,-0.045098963082723674,42.0,-0.8367415527728471
2021-05-15,-0.1432767760360966,37.0,-0.8597731914371252
2021-05-16,0.015533627135058244,15.0,-0.6122662974521518
2021-05-17,0.031055806537291834,14.0,-0.7964454537723213
2021-05-18,-0.19954505296320552,36.0,-0.8849671135346094
2021-05-19,-0.01783693693296024,33.0,-0.8755680239862866
2021-05-20,-0.07853366897574493,35.0,-0.8240717283139626
2021-05-21,-0.08780259642701008,38.0,-0.8170331510249526
2021-05-22,-0.09516802301781403,37.0,-0.9043242319487035
2021-05-23,0.039273316448088735,16.0,-0.9570922860875726
2021-05-24,0.19661507486469215,9.0,-0.26248510492344695
2021-05-25,-0.23905975638190285,40.0,-0.9515284149907529
2021-05-26,0.0039149707032216565,37.0,-0.8029803897254169
2021-05-27,0.13725693038819978,24.0,-0.3166184648871422
2021-05-28,0.0551175674280295,26.0,-0.6107214376596468
2021-05-29,-0.12758559438266925,35.0,-0.9027274002631506
2021-05-30,-0.008980857247176269,24.0,-0.8053304882099231
2021-05-31,0.13317862453146112,9.0,-0.6737227067351341
2021-06-01,-0.24557335903360086,11.0,-0.9483382239316901
2021-06-02,0.08144538320734032,28.0,-0.5721491757514221
2021-06-03,-0.1645056881243363,32.0,-0.9244087014812976
2021-06-04,0.09887385002026955,30.0,-0.8037668982287869
2021-06-05,0.20621683469042182,50.0,-0.659275106082742
2021-06-06,0.13085577766307527,18.0,-0.3917184779420495
2021-06-07,0.28419363708235323,8.0,-0.28641875088214874
2021-06-08,0.11972515740328366,27.0,-0.6508381060723748
2021-06-09,-0.04260111909688396,34.0,-0.8440669828818904
2021-06-10,-0.16972850564995717,29.0,-0.8588581563672051
2021-06-11,0.1455849047539936,31.0,-0.5845166253857315
2021-06-12,-0.10875692086354379,31.0,-0.8984591356711462
2021-06-13,-0.22037679972973737,11.0,-0.8239534664899111
2021-06-14,-0.03478009346872568,11.0,-0.8596109381566445
2021-06-15,-0.4069063043377052,24.0,-0.9394824771831433
2021-06-16,0.0564500367718524,29.0,-0.5404817739035934
2021-06-17,0.08729366369216758,34.0,-0.49039436173107886
2021-06-18,-0.15610284310438344,37.0,-0.9107924963347613
2021-06-19,-0.20569128877130047,29.0,-0.8977125231176615
2021-06-20,0.013955500861629843,20.0,-0.906598137691617
2021-06-21,-0.19999568754186234,6.0,-0.935578215867281
2021-06-22,-0.08992899266783805,34.0,-0.9342407503475746
2021-06-23,0.08469589137648409,37.0,-0.5960438080132008
2021-06-24,-0.1164599096668618,35.0,-0.8233793137802018
2021-06-25,-0.14280843905940213,34.0,-0.9305795558935238
2021-06-26,-0.163838715882351,30.0,-0.9511538613587618
2021-06-27,-0.28920589507940936,17.0,-0.9048989564180374
2021-06-28,-0.26111310347914696,13.0,-0.9335979341994971
2021-06-29,-0.0006124822519205768,29.0,-0.8477507292409427
2021-06-30,0.015993104725511686,33.0,-0.648720350375192
2021-07-01,-0.09477924581410156,36.0,-0.854628128827446
2021-07-02,0.08993843871240433,39.0,-0.5619408527389169
2021-07-03,-0.05364308905047484,39.0,-0.8346003198064864
2021-07-04,-0.04683072376064956,16.0,-0.6119092819280922
2021-07-05,-0.014322151097335986,14.0,-0.2407052586786449
2021-07-06,-0.14129970408976078,14.0,-0.5595956780016422
2021-07-07,-0.12858789718638247,26.0,-0.8026838846770781
2021-07-08,0.20741032296791673,24.0,-0.4035486013938983
2021-07-09,-0.16601497665047646,25.0,-0.8727050633834941
2021-07-10,-0.025295117470834936,21.0,-0.6779916915111244
2021-07-11,-0.44298078233583105,9.0,-0.9299389133229852
2021-07-12,-0.13301253877580166,5.0,-0.4906731564551592
2021-07-13,-0.14496259816695709,37.0,-0.8473822934553027
2021-07-14,-0.04109868397936225,40.0,-0.9055680880323053
2021-07-15,0.15983985340291704,27.0,-0.6382970992209656
2021-07-16,-0.023132444584164125,29.0,-0.8683997333282605
2021-07-17,0.15054419733440647,26.0,-0.5680865915492177
2021-07-18,0.2500193438803156,6.0,-0.22402439080178738
2021-07-19,0.009773245314136147,4.0,-0.9439067831262946
2021-07-20,-0.041545330292799255,33.0,-0.8620119966152642
2021-07-21,0.20040500307506,37.0,-0.4900695134885609
2021-07-22,0.08463471944560297,32.0,-0.9281431931303814
2021-07-23,-0.09390881959477375,29.0,-0.9068275804165751
2021-07-24,-0.3066915466139714,42.0,-0.9379725741561163
2021-07-25,-0.42191118670796807,11.0,-0.9495274601504207
2021-07-26,-0.01772938296198845,3.0,-0.8988998606801033
2021-07-27,-0.4623401481485753,27.0,-0.9538074725839708
2021-07-28,0.014619907574547876,31.0,-0.7310864552855492
2021-07-29,0.18890929341109264,36.0,-0.6521891749774417
2021-07-30,-0.0175284927066129,26.0,-0.7701447512954473
2021-07-31,-0.13241717899218203,20.0,-0.9408328535035253
2021-08-01,-0.37130896591891843,6.0,-0.9273243751376867
2021-08-02,-0.44654625933617353,9.0,-0.9365777106334766
2021-08-03,-0.20619676652579352,26.0,-0.9235927996092609
2021-08-04,-0.020866725372061842,42.0,-0.7731543112207543
2021-08-05,-0.14848987513181308,46.0,-0.889362677388514
2021-08-06,-0.13729828724171966,24.0,-0.8669135272502899
2021-08-07,-0.09835598725035335,33.0,-0.785820739550723
2021-08-08,0.09882713658735157,10.0,-0.3471062385166685
2021-08-09,-0.5292646096398433,3.0,-0.924249792471528
2021-08-10,0.12246523349313065,16.0,-0.744915819959715
2021-08-11,-0.17195592614422953,14.0,-0.8813666386995465
2021-08-12,0.006389551109781391,19.0,-0.734372940286994
2021-08-13,-0.12015073698583162,36.0,-0.9125146812552379
2021-08-14,-0.17960215793573298,32.0,-0.8897828601766378
2021-08-15,-0.3559164588029186,3.0,-0.9637938877567649
2021-08-16,-0.24377737460391863,7.0,-0.919863548129797
2021-08-17,-0.043772489810362455,20.0,-0.7097902139648795
2021-08-18,-0.013899596408009529,14.0,-0.538395561510697
2021-08-19,0.021432624547742307,16.0,-0.735848555341363
2021-08-20,-0.18709753840588605,26.0,-0.9335013991221786
2021-08-21,-0.3838714666269494,33.0,-0.9143056741191281
2021-08-22,-0.09583752159960568,8.0,-0.9447133596986532
2021-08-23,-0.7187316243847212,3.0,-0.9618083592504263
2021-08-24,-0.006528839624176423,21.0,-0.9123002156460037
2021-08-25,-0.1456845379124085,15.0,-0.8167393549811095
2021-08-26,-0.03054205263920483,21.0,-0.7084315213530014
2021-08-27,-0.2541439646462861,19.0,-0.9412923764437438
2021-08-28,-0.10065346461181578,19.0,-0.9103067910298706
2021-08-29,-0.3333278784900904,25.0,-0.9232347998768091
2021-08-30,-0.2819050667393539,9.0,-0.9347134632989764
2021-08-31,-0.1762904283560572,31.0,-0.9473114202264696
2021-09-01,-0.1789147571527532,35.0,-0.9065305986959074
2021-09-02,-0.3433357637453203,36.0,-0.9249693026973141
2021-09-03,-0.3389946632475282,48.0,-0.8958777684407929
2021-09-04,-0.1255361771866403,27.0,-0.8787683869179871
2021-09-05,0.09771708399057388,13.0,-0.651096656685695
2021-09-06,-0.890516210347414,4.0,-0.9459445001557469
2021-09-07,-0.12613616976886988,9.0,-0.7403561817482114
2021-09-08,-0.23037331175572914,29.0,-0.8390623765299097
2021-09-09,-0.25556855676695706,20.0,-0.91467888019979
2021-09-10,0.035100198789116216,17.0,-0.7533746277913451
2021-09-11,-0.327698707411235,22.0,-0.9127951487898827
2021-09-12,-0.16765405337015787,15.0,-0.8555169170722365
2021-09-13,-0.2936845084445344,9.0,-0.8362647158404192
2021-09-14,0.1738856378942728,27.0,-0.4566993491191949
2021-09-15,-0.0359878474245629,31.0,-0.890536118298769
2021-09-16,0.13567151412875814,22.0,-0.43432265737404424
2021-09-17,0.06431152512702872,17.0,-0.6155346069484949
2021-09-18,0.055700705259699716,22.0,-0.7502383391062418
2021-09-19,0.48947865795344114,8.0,-0.41531745716929436
2021-09-20,0.10118324226803249,18.0,-0.45729678571224214
2021-09-21,0.08315863862874047,31.0,-0.7654475164599717
2021-09-22,-0.014238660304766634,23.0,-0.5209735482931137
2021-09-23,0.05211187332558135,36.0,-0.565688329645329
2021-09-24,0.19632881033633437,35.0,-0.31136618223455215
2021-09-25,0.1353389076168903,44.0,-0.7283792146904902
2021-09-26,0.029604816270109854,19.0,-0.6848220637068152
2021-09-27,-0.05184108732889096,12.0,-0.5571802935252587
2021-09-28,-0.09976674485369585,32.0,-0.864169942215085
2021-09-29,-0.016352143161362263,41.0,-0.7550066518173977
2021-09-30,-0.021661855569430465,29.0,-0.7117650212021545
2021-10-01,-0.0930228797069779,33.0,-0.7921783601761692
2021-10-02,-0.19271189294334862,31.0,-0.9279863946721889
2021-10-03,-0.10250036798728009,24.0,-0.8863809369504452
2021-10-04,0.034849089140502304,13.0,-0.7461905316449702
2021-10-05,0.13491296499139732,18.0,-0.5470607785508037
2021-10-06,-0.1597662165536192,29.0,-0.9570503486902453
2021-10-07,-0.3011566781594108,18.0,-0.9504577440209687
2021-10-08,0.16775096412147245,31.0,-0.6837678971933201
2021-10-09,0.022576429260273773,24.0,-0.9024787571591636
2021-10-10,-0.3407075327821076,10.0,-0.9453682852908969
2021-10-11,-0.22403394461919865,9.0,-0.8993344654639562
2021-10-12,0.09455103190107779,33.0,-0.5780005431216624
2021-10-13,-0.241452700008863,29.0,-0.8687666974728927
2021-10-14,-0.1502373865991831,25.0,-0.913850194641522
2021-10-15,-0.023001182716912948,26.0,-0.7017863688192197
2021-10-16,-0.12403108865988476,27.0,-0.8870579770633152
2021-10-17,-0.2666676662241419,21.0,-0.8558998135849833
2021-10-18,0.07709644827991724,10.0,-0.4016844406723976
2021-10-19,0.13402987137022945,18.0,-0.5570681631565094
2021-10-20,-0.16291721691579922,23.0,-0.9209753464286526
2021-10-21,-0.23577107218178836,22.0,-0.8412577280153831
2021-10-22,-0.03928328802893785,44.0,-0.8004027950492772
2021-10-23,0.06373083636768766,37.0,-0.5504697557538748
2021-10-24,-0.009931991497675577,12.0,-0.47875589691102505
2021-10-25,0.0315994780510664,10.0,-0.3854229338467121
2021-10-26,-0.08013315072381183,19.0,-0.8676648244261742
2021-10-27,0.20338340623017687,26.0,-0.34847044572234154
2021-10-28,0.036618422716856,18.0,-0.8889959514141083
2021-10-29,0.012480735339017378,36.0,-0.5226108785718679
2021-10-30,0.07771379829594685,31.0,-0.6264280030154623
2021-10-31,0.06994485617615283,20.0,-0.6815980590879918
2021-11-01,0.4395453295437619,8.0,-0.4800673178397119
2021-11-02,-0.324205411509389,21.0,-0.9084536144509912
2021-11-03,0.01413760349775354,36.0,-0.8198812929913402
2021-11-04,-0.3435881695925043,26.0,-0.9143476997103009
2021-11-05,0.24345853256390376,34.0,-0.6801913204706378
2021-11-06,0.10517184163347401,29.0,-0.7063980737002566
2021-11-07,-0.4147730294445699,11.0,-0.9401186468700568
2021-11-08,-0.2770345374527905,9.0,-0.9509778879582882
2021-11-09,0.040316905374779846,33.0,-0.8506087342070209
2021-11-10,0.040399518329650164,26.0,-0.7311224447829383
2021-11-11,0.07147852376241375,27.0,-0.7037828071042895
2021-11-12,0.3472453991330608,27.0,-0.4229542724788189
2021-11-13,-0.01898907664034403,33.0,-0.7488092807018094
2021-11-14,-0.2670821350067854,10.0,-0.7991909720003605
2021-11-15,0.285396741097793,20.0,-0.37936351299285886
2021-11-16,0.021885116047297534,26.0,-0.5629359920110021
2021-11-17,0.0188266925344413,33.0,-0.4923672919265098
2021-11-18,-0.01904883986395417,33.0,-0.7957835474775897
2021-11-19,-0.04294848270714283,25.0,-0.7242769009566733
2021-11-20,0.07772409898990934,33.0,-0.6559070542247759
2021-11-21,-0.12419740864160386,11.0,-0.7835210785269737
2021-11-22,-0.1345682890866609,17.0,-0.8384669046849013
2021-11-23,0.34406348573975265,20.0,-0.18456430435180665
2021-11-24,0.009218384368488422,39.0,-0.847129131667316
2021-11-25,-0.04559328965842724,33.0,-0.8874688340971867
2021-11-26,-0.14768786574511425,23.0,-0.9344927982116739
2021-11-27,0.06157095562666655,25.0,-0.6300859585670489
2021-11-28,0.27473400137387216,8.0,0.0056680189445614815
2021-11-29,0.2596645097840916,11.0,-0.23962902029355368
2021-11-30,0.09985285816027929,19.0,-0.6616847794502974
2021-12-01,-0.1483989515400026,32.0,-0.914052520878613
2021-12-02,-0.18475566742320856,21.0,-0.9445605045184493
2021-12-03,-0.00259241857048538,45.0,-0.7942304148649176
2021-12-04,0.01271400260073798,35.0,-0.8847428159788251
2021-12-05,0.19688700344961355,17.0,-0.5501543307676912
2021-12-06,-0.02625621985644102,5.0,-0.8359995046630502
2021-12-07,0.2911638457195035,14.0,-0.5045821582898498
2021-12-08,-0.07868112329966746,26.0,-0.7812746088685734
2021-12-09,-0.10650079404669148,14.0,-0.745359850814566
2021-12-10,-0.24642695479381543,26.0,-0.9414693610742688
2021-12-11,0.1598256234877876,35.0,-0.6339396906809674
2021-12-12,-0.14845461015088054,13.0,-0.8224673878867179
2021-12-13,0.34211874691148597,6.0,-0.031444004736840725
2021-12-14,-0.0955803903218891,14.0,-0.6909962745849043
2021-12-15,0.04920619347229086,29.0,-0.702977747656405
2021-12-16,0.022306467406451702,28.0,-0.7072932009718248
2021-12-17,-0.04185707182411782,44.0,-0.7421112573620948
2021-12-18,0.17039025101162816,23.0,-0.47913619720687467
2021-12-19,-0.005889025450284992,14.0,-0.6594565084669739
2021-12-20,-0.3505471586249769,8.0,-0.9205119162797928
2021-12-21,-0.13505389436613768,24.0,-0.8471783886974057
2021-12-22,-0.09221034610850944,18.0,-0.5509731397032738
2021-12-23,-0.09408027249509873,23.0,-0.7474000076763332
2021-12-24,0.06460597304006417,21.0,-0.7188826814914743
2021-12-25,-0.08840319452186425,15.0,-0.7224546887446195
2021-12-26,-0.1952954183022181,6.0,-0.779362078756094
2021-12-27,0.15362835734743963,11.0,-0.29704790251950425
2021-12-28,0.10312460877877824,17.0,-0.29482843056321145
2021-12-29,0.12579887087589928,28.0,-0.5802020356059074
2021-12-30,-0.05376905664293603,22.0,-0.709283499357601
2021-12-31,0.002273499162803436,29.0,-0.7578719890443608
2022-01-01,0.3404299838778873,24.0,-0.26043383839229745
2022-01-02,0.2574370999687484,7.0,-0.21361664310097694
2022-01-03,-0.42425843368151356,7.0,-0.7700065434910357
2022-01-04,-0.11315879393368959,20.0,-0.8068475915119052
2022-01-05,0.19582000921439865,23.0,-0.32233724898348254
2022-01-06,0.22767991847781974,22.0,-0.22614446934312582
2022-01-07,0.15569638137239963,40.0,-0.29936822559684517
2022-01-08,0.1523947396695062,27.0,-0.4446124164387584
2022-01-09,-0.08512127678841352,13.0,-0.5424260818399489
2022-01-10,0.13213789777364582,8.0,-0.5730770388618112
2022-01-11,0.20151494505504766,18.0,-0.39614773634821177
2022-01-12,0.0945419387980586,21.0,-0.49624682621409494
2022-01-13,-0.09424460065309648,27.0,-0.8796919068055493
2022-01-14,-0.049443189365168415,27.0,-0.8465717335098556
2022-01-15,-0.16276447323616594,24.0,-0.9368321878525118
2022-01-16,0.1210891418159008,17.0,-0.29619150422513485
2022-01-17,-0.5499564053801199,6.0,-0.9558884156867862
2022-01-18,-0.2045360032352619,24.0,-0.9007980246096849
2022-01-19,-0.04306017268787731,33.0,-0.6875153701338503
2022-01-20,-0.15739744578798612,30.0,-0.9135615964187309
2022-01-21,0.019044150837830134,35.0,-0.7153689538439115
2022-01-22,-0.04710851942322084,28.0,-0.703194435685873
2022-01-23,-0.3403769002429077,7.0,-0.7976451050490141
2022-01-24,-0.011161200635667359,14.0,-0.9036371831316501
2022-01-25,-0.007969933828072888,28.0,-0.7294482181646994
2022-01-26,0.159038591697546,42.0,-0.5480392408472571
2022-01-27,0.051911362196103886,26.0,-0.7729476635743465
2022-01-28,-0.03307893424771908,41.0,-0.8628245239061388
2022-01-29,-0.11797146156758946,34.0,-0.8199499675797092
2022-01-30,-0.04438026715070009,15.0,-0.8330204121302813
2022-01-31,-0.3051209536452706,13.0,-0.892433087574318
2022-02-01,0.18574140304209372,19.0,-0.5315063858404756
2022-02-02,-0.05329908551930478,33.0,-0.8176816856074665
2022-02-03,0.23483405175308386,30.0,-0.4074968460481614
2022-02-04,0.06785619756714864,55.0,-0.7722813837629344
2022-02-05,-0.011630242311016278,27.0,-0.6820932705221432
2022-02-06,-0.126482629790329,13.0,-0.7286041788756847
2022-02-07,-0.1658374088971565,24.0,-0.8774585753368834
2022-02-08,0.12842264887125743,31.0,-0.5561400593724102
2022-02-09,0.14737124994782538,29.0,-0.5724145390558988
2022-02-10,0.11222649614016215,27.0,-0.7220813244847315
2022-02-11,0.1063812684662866,33.0,-0.5675478784574403
2022-02-12,-0.13677785988768626,29.0,-0.8431384023278952
2022-02-13,-0.3015508189458739,11.0,-0.9296403260280689
2022-02-14,-0.08858797047287226,17.0,-0.5064193077385426
2022-02-15,-0.12949404549343804,38.0,-0.8849347463808954
2022-02-16,-0.15629834289951572,29.0,-0.8195160531904548
2022-02-17,-0.11576002434594557,32.0,-0.876465616398491
2022-02-18,-0.10369048078233997,30.0,-0.8631979464553297
2022-02-19,-0.14558767871526274,23.0,-0.8344716080464423
2022-02-20,-0.23362765406422756,17.0,-0.8041116632521152
2022-02-21,0.7453375831246376,1.0,0.7453375831246376
2022-02-22,0.7453375831246376,0.0,0.7453375831246376
2022-02-23,0.7453375831246376,0.0,0.7453375831246376
2022-02-24,0.7453375831246376,0.0,0.7453375831246376
2022-02-25,0.7453375831246376,0.0,0.7453375831246376
2022-02-26,0.7453375831246376,0.0,0.7453375831246376
2022-02-27,0.7453375831246376,0.0,0.7453375831246376
2022-02-28,0.09153964258730411,5.0,-0.5181444608606398
2022-03-01,-0.39920221446928655,11.0,-0.928645278327167
2022-03-02,-0.2094362106245871,26.0,-0.9201226986146399
2022-03-03,-0.11147707712018129,33.0,-0.8365441370341513
2022-03-04,-0.011378983330981033,41.0,-0.9176980151202191
2022-03-05,0.040205068105170806,31.0,-0.9206678881309927
2022-03-06,0.1268260107608512,24.0,-0.8973358939401805
2022-03-07,-0.435314339119941,30.0,-0.9402951798401773
2022-03-08,-0.4178337980898059,49.0,-0.9367487893368189
2022-03-09,-0.3138572256607206,23.0,-0.9373913536158701
2022-03-10,-0.35725703918641166,28.0,-0.9355943956013236
2022-03-11,-0.2312992213604351,15.0,-0.9559947300003842
2022-03-12,-0.47811546130105853,14.0,-0.9195394366979599
2022-03-13,-0.6495807262137532,5.0,-0.9310559672303498
2022-03-14,-0.4170004146705781,7.0,-0.9289498962461948
2022-03-15,-0.5427541660473627,34.0,-0.9313210505578253
2022-03-16,-0.38883567648008466,32.0,-0.9143371036043391
2022-03-17,0.10222437512129545,20.0,-0.7101556377485394
2022-03-18,-0.27705253777094185,24.0,-0.9256626474671066
2022-03-19,-0.13323992429874265,26.0,-0.9254792698525957
2022-03-20,-0.14389161793515087,10.0,-0.6567465979605913
2022-03-21,-0.21309802174154255,9.0,-0.9445670153945684
2022-03-22,-0.4817379212805203,21.0,-0.9208108028396964
2022-03-23,0.007987190876156092,30.0,-0.7464379133889452
2022-03-24,-0.11277429755453182,23.0,-0.9036664503316084
2022-03-25,-0.24535556886500368,24.0,-0.8789384726745387
2022-03-26,-0.20025938438872495,15.0,-0.8948354579042643
2022-03-27,-0.17354801610450854,11.0,-0.8535687938953439
2022-03-28,-0.11151541769504547,20.0,-0.6634332470595836
2022-03-29,-0.035500009350168206,24.0,-0.6497919503599405
2022-03-30,-0.12052950107802947,33.0,-0.8905836445175939
2022-03-31,-0.2906098982046654,41.0,-0.9108513188125058
2022-04-01,-0.01948937401175499,20.0,-0.8804139938205481
2022-04-02,0.026198393596267258,27.0,-0.6556040104478598
2022-04-03,0.16915307180689915,14.0,-0.5486194791737944
2022-04-04,0.030573710426688196,20.0,-0.8167460158467292
2022-04-05,0.08548162377404946,27.0,-0.6745264671210732
2022-04-06,-0.17754390282977012,31.0,-0.8366919609252363
2022-04-07,-0.34749545210174154,28.0,-0.9296848195205841
2022-04-08,-0.29810226042019694,19.0,-0.9419131707400084
2022-04-09,0.019935883377201674,41.0,-0.8254100797189907
2022-04-10,-0.13315218505026263,22.0,-0.9125594510696828
2022-04-11,-0.07798354317330652,18.0,-0.8735003480687737
2022-04-12,-0.19031905638985336,32.0,-0.8937130940612406
2022-04-13,0.02286806786733289,31.0,-0.8081081659765914
2022-04-14,0.015262393214340721,28.0,-0.8821505567591105
2022-04-15,-0.012963692712433198,34.0,-0.8416283309666647
2022-04-16,0.19878333004127288,29.0,-0.502653302391991
2022-04-17,-0.04207269015023485,16.0,-0.7218221048824489
2022-04-18,-0.05458715348504484,16.0,-0.7826356906443834
2022-04-19,-0.18577549011180444,28.0,-0.90952484456024
2022-04-20,-0.12676437555744155,41.0,-0.825255555354736
2022-04-21,0.057555791900254956,43.0,-0.8015437039800666
2022-04-22,0.142077651550062,40.0,-0.6136363795958459
2022-04-23,-0.2227486570191104,16.0,-0.9544195790076628
2022-04-24,-0.035489986278116704,10.0,-0.6960221317907175
2022-04-25,-0.02034620304281513,12.0,-0.8319002576172352
2022-04-26,-0.1603450601029655,23.0,-0.8787848961850008
2022-04-27,0.10349861865576643,26.0,-0.712741763330996
2022-04-28,0.05347724367553989,24.0,-0.7608321274941167
2022-04-29,-0.14312910959124564,20.0,-0.8819273062050342
2022-04-30,-0.12994671463533197,43.0,-0.9021898940713569
2022-05-01,-0.1767979225764672,15.0,-0.9127394780516624
2022-05-02,-0.2544935100711882,10.0,-0.8006960789983472
2022-05-03,-0.6349803743545305,11.0,-0.9355004653334618
2022-05-04,0.1208630468075474,12.0,-0.4437065798168381
2022-05-05,-0.5580516493775778,18.0,-0.9480131270363927
2022-05-06,0.07931466131574577,18.0,-0.7408833630383015
2022-05-07,-0.13941506509269988,21.0,-0.927033223832647
2022-05-08,-0.1927074392918836,11.0,-0.9316293308511376
2022-05-09,-0.19792612393697104,3.0,-0.8624081090092659
2022-05-10,-0.013675864527208937,18.0,-0.8494284346699714
2022-05-11,-0.1312011775250236,6.0,-0.5661766165867448
2022-05-12,0.04399351738393307,10.0,-0.7741434071213007
2022-05-13,-0.12330817719074813,11.0,-0.9055747948586941
2022-05-14,-0.23721622517737356,23.0,-0.951448874703298
2022-05-15,-0.6111164249728124,75.0,-0.9164642273007255
2022-05-16,-0.37681912475576,21.0,-0.9287558609309295
2022-05-17,-0.1676404447520547,66.0,-0.9048459757228985
2022-05-18,-0.17914828433223615,41.0,-0.8320745067162947
2022-05-19,-0.22191390887434995,14.0,-0.8888819483108819
2022-05-20,-0.2775412365136778,17.0,-0.9479251062497497
2022-05-21,-0.07242889795452356,18.0,-0.753265629708767
2022-05-22,-0.1223413534462452,5.0,-0.7725543230772018
2022-05-23,-0.1785772904753685,10.0,-0.9228196324159702
2022-05-24,-0.46655005951853173,19.0,-0.9405749475583434
2022-05-25,-0.30124577091385923,15.0,-0.9165899974759668
2022-05-26,0.040555994911119345,20.0,-0.6173801939934492
2022-05-27,-0.3962536033672782,13.0,-0.889075166778639
2022-05-28,0.07905495369976218,11.0,-0.8549782112240791
2022-05-29,0.03559127263724804,4.0,-0.8926769131794572
2022-05-30,-0.36982107592316776,13.0,-0.9133757979143411
2022-05-31,0.2198291595226952,14.0,-0.4693875601515174
2022-06-01,-0.18654059915041382,22.0,-0.943838801390181
2022-06-02,-0.4206166762689298,22.0,-0.9434376616651813
2022-06-03,-0.11639329281059049,21.0,-0.9029886598388354
2022-06-04,-0.07893009576946497,24.0,-0.9147256454452872
2022-06-05,-0.011871155584231019,12.0,-0.7123472181459268
2022-06-06,-0.23775963412804735,9.0,-0.9439435343568524
2022-06-07,-0.04372430371184801,29.0,-0.811918095103465
2022-06-08,-0.20569398820113677,26.0,-0.8993596260302833
2022-06-09,-0.19204573426395655,19.0,-0.9108025742694735
2022-06-10,-0.4099238694179803,16.0,-0.9401030284352601
2022-06-11,-0.021344872005283833,25.0,-0.7177834691745895
2022-06-12,-0.31330955238081515,8.0,-0.8399196229875088
2022-06-13,0.0010460789918022998,17.0,-0.5951626900583505
2022-06-14,0.12881336998194456,25.0,-0.5778511859742659
2022-06-15,0.017061087575837457,29.0,-0.8576686410233378
2022-06-16,-0.16835196735337377,29.0,-0.9013893442461267
2022-06-17,-0.2556615243293345,25.0,-0.8928781988631401
2022-06-18,-0.28416285938583313,20.0,-0.9237722031772136
2022-06-19,-0.33830282115377486,4.0,-0.6371089331805706
2022-06-20,-0.295758655548773,22.0,-0.9066172260791063
2022-06-21,-0.2600446394935716,32.0,-0.85834504396189
2022-06-22,0.005037908301208959,33.0,-0.6918724182372292
2022-06-23,-0.08497577879784836,36.0,-0.7213046190639337
2022-06-24,-0.15193270222732314,27.0,-0.9079843783485038
2022-06-25,-0.24423218754430612,30.0,-0.9335235400358215
2022-06-26,-0.4087050129762954,9.0,-0.8583584933852156
2022-06-27,0.15310956342992457,22.0,-0.3600617318103711
2022-06-28,-0.1967448074878617,33.0,-0.8978455005627539
2022-06-29,-0.15881606053422997,27.0,-0.9131326121943337
2022-06-30,-0.02366899901535362,40.0,-0.8622672867029906
2022-07-01,-0.02999309543520212,37.0,-0.644990773126483
2022-07-02,-0.15492364022604846,27.0,-0.7909879264022622
2022-07-03,-0.1807468155398965,10.0,-0.9051449578255415
2022-07-04,-0.0603288517926227,11.0,-0.5181998604287704
2022-07-05,-0.06408338658511639,15.0,-0.705311278346926
2022-07-06,-0.011154240329882928,28.0,-0.8377820641866752
2022-07-07,-0.3400845664353775,14.0,-0.8959297210676596
2022-07-08,-0.21252619867742645,51.0,-0.8181418441236019
2022-07-09,-0.0007106571768720945,36.0,-0.8994614323601127
2022-07-10,-0.011264427565038204,14.0,-0.9193681073375046
2022-07-11,-0.19863041404945156,12.0,-0.8974740852912267
2022-07-12,0.05523751459775433,31.0,-0.5746455303160474
2022-07-13,-0.21048848934671177,28.0,-0.9293729678195503
2022-07-14,0.04574691724716401,49.0,-0.8224373642498484
2022-07-15,0.1969530305692128,35.0,-0.7438215548172593
2022-07-16,-0.006338790792858962,33.0,-0.8500924034871988
2022-07-17,-0.07608989179134369,5.0,-0.7288348600268364
2022-07-18,0.02293012539545695,6.0,-0.4514949396252632
2022-07-19,0.2249255370762613,18.0,-0.49315377585589887
2022-07-20,0.23395629102985063,18.0,-0.3227560406550765
2022-07-21,-0.1551381128785365,17.0,-0.8679927518591285
2022-07-22,0.01692885661032051,16.0,-0.8522789424750954
2022-07-23,0.05820022855010448,66.0,-0.6825941466342877
2022-07-24,-0.19419220123632713,58.0,-0.8992665245508155
2022-07-25,-0.21026246920228003,15.0,-0.8407916422002017
2022-07-26,-0.12205433377996087,50.0,-0.7948586366927395
2022-07-27,-0.1770988198629809,53.0,-0.856392818769174
2022-07-28,0.14807619400380645,32.0,-0.5448400417808443
2022-07-29,-0.03296402878249469,23.0,-0.8771414078461627
2022-07-30,-0.1356732856052426,13.0,-0.8787719055544585
2022-07-31,0.12836848571896553,6.0,-0.83374875318259
2022-08-01,-0.10563056239237388,15.0,-0.8847659614402801
2022-08-02,0.03700789627397344,42.0,-0.6366779374128039
2022-08-03,-0.058119053985657435,28.0,-0.7536867086642555
2022-08-04,0.044872218083279826,24.0,-0.5475179666342834
2022-08-05,0.08413782389834523,26.0,-0.6255285793117115
2022-08-06,-0.02609816488499443,36.0,-0.9321964972962936
2022-08-07,-0.2942322436296804,22.0,-0.9324275559435288
2022-08-08,-0.14042407761073925,44.0,-0.8435925427316264
2022-08-09,-0.11206936211221748,45.0,-0.7941292688095322
2022-08-10,-0.05994932835788599,28.0,-0.8777496346405574
2022-08-11,0.4801002291755544,18.0,0.03256079573184252
2022-08-12,-0.14238277106330946,13.0,-0.8602647036314011
2022-08-13,-0.15270345251668582,22.0,-0.8383579303820928
2022-08-14,-0.21533308636683685,13.0,-0.8718722977209836
2022-08-15,0.015986863213280838,18.0,-0.47313258834183214
2022-08-16,-0.02620569917119362,22.0,-0.8818903666300079
2022-08-17,-0.03879953362047672,23.0,-0.7159263876577219
2022-08-18,-0.1351501979765349,28.0,-0.9342032611769225
2022-08-19,0.07709359602545793,53.0,-0.389904325428818
2022-08-20,-0.14172043147984714,42.0,-0.8259860338981856
2022-08-21,0.3304830414708704,16.0,-0.35601316671818495
2022-08-22,0.18292453691052893,36.0,-0.3282184424913592
2022-08-23,0.021090975994693822,29.0,-0.8073214689502493
2022-08-24,0.014174457002235087,38.0,-0.7466209093108773
2022-08-25,0.07419634676508365,31.0,-0.7525938972830772
2022-08-26,-0.14812177326530218,30.0,-0.8682253399165347
2022-08-27,-0.24993298911223455,28.0,-0.9123794846236706
2022-08-28,-0.029477729462087154,13.0,-0.5120652997866273
2022-08-29,-0.21535846441984177,10.0,-0.8132252482076486
2022-08-30,-0.015522641976448622,11.0,-0.646946046811839
2022-08-31,0.12143845253047489,21.0,-0.6181350174980859
2022-09-01,-0.2619875204594185,24.0,-0.9094991854702433
2022-09-02,-0.3200469192286784,11.0,-0.9440529802814126
2022-09-03,-0.5593438415886148,19.0,-0.9556562776677311
2022-09-04,-0.3768807133892551,16.0,-0.896801910828799
2022-09-05,-0.1712060932070017,20.0,-0.9294996963813901
2022-09-06,-0.3651619717711583,12.0,-0.945956569009771
2022-09-07,0.20105348596268374,23.0,-0.4908687549953659
2022-09-08,-0.1525673900948877,47.0,-0.8008856708183885
2022-09-09,-0.1800541907913335,46.0,-0.8792628744461884
2022-09-10,-0.2562920542061329,50.0,-0.9233306860551238
2022-09-11,0.0015772603866126803,18.0,-0.7364287389442324
2022-09-12,0.12230910249941405,21.0,-0.8305451689908901
2022-09-13,-0.255043915196045,37.0,-0.9273436747491359
2022-09-14,-0.1770787090909752,22.0,-0.9299096943189701
2022-09-15,0.1835586894029642,34.0,-0.4143929959585269
2022-09-16,-0.11016039275450677,41.0,-0.8394761902534149
2022-09-17,-0.044844843422037525,37.0,-0.8528958992101252
2022-09-18,-0.020299942805789985,13.0,-0.5162828033789992
2022-09-19,-0.07742675869284492,19.0,-0.5320079937577248
2022-09-20,-0.02697835285817423,31.0,-0.7818721730727702
2022-09-21,-0.06893977478501342,42.0,-0.7322361271997745
2022-09-22,0.07796372118620919,26.0,-0.6413992740479963
2022-09-23,-0.0528585818142463,39.0,-0.7167936366051435
2022-09-24,-0.35268426133552566,32.0,-0.899947464466095
2022-09-25,0.0726324137808247,22.0,-0.4249883567293485
2022-09-26,-0.16931046275421976,20.0,-0.9094706170260907
2022-09-27,-0.15482931833714247,50.0,-0.8828854757146194
2022-09-28,-0.10176265880554206,42.0,-0.8735956141555851
2022-09-29,-0.019353464911026613,28.0,-0.7687254275328347
2022-09-30,0.12229773305356502,25.0,-0.7091164470517209
2022-10-01,-0.2625966028426774,32.0,-0.9172988550271839
2022-10-02,-0.25141901429742575,8.0,-0.7744834274053574
2022-10-03,-0.2890312068450909,13.0,-0.9000390884466469
2022-10-04,-0.04180457038455643,32.0,-0.899951018858701
2022-10-05,0.023580974549986422,24.0,-0.9088877490721643
2022-10-06,-0.17532010296455178,39.0,-0.9214530637487769
2022-10-07,-0.07722420369585355,33.0,-0.8426930103451014
2022-10-08,-0.22129639713583807,38.0,-0.9477722342126071
2022-10-09,-0.017440659118195374,15.0,-0.8017265435773879
2022-10-10,0.2567706647329032,10.0,-0.11541897958765428
2022-10-11,0.07283350823038234,41.0,-0.7553023623133247
2022-10-12,-0.0797840917431232,36.0,-0.8321048281052046
2022-10-13,-0.25903285372381407,27.0,-0.9392934303198542
2022-10-14,-0.04568545434934398,42.0,-0.7629448070021515
2022-10-15,-0.18911872396981994,43.0,-0.8725226071917198
2022-10-16,-0.3573807528508561,14.0,-0.8887450790498406
2022-10-17,-0.051098319701850414,15.0,-0.7171961467247456
2022-10-18,0.1401239436697857,29.0,-0.5846262467093766
2022-10-19,0.02041582032624218,45.0,-0.9204350476308415
2022-10-20,0.06712124688441262,34.0,-0.8311392326528827
2022-10-21,-0.16167980572208762,35.0,-0.8835697663016617
2022-10-22,-0.10299046533182263,40.0,-0.896681179665029
2022-10-23,-0.12453088876126069,14.0,-0.8674586368724704
2022-10-24,-0.5683477205845217,6.0,-0.9586262409575284
2022-10-25,-0.34263344186668593,30.0,-0.9299334998941049
2022-10-26,-0.16033029952086508,20.0,-0.9547958202660084
2022-10-27,0.16557291974054855,36.0,-0.8607341402417256
2022-10-28,0.061762080217401184,33.0,-0.6980424997293286
2022-10-29,-0.2152635044906111,21.0,-0.9304830723752578
2022-10-30,-0.34529636115493145,34.0,-0.8940536130426658
2022-10-31,-0.3333859351463616,10.0,-0.9270069999620318
2022-11-01,-0.3161573836507348,77.0,-0.910024952981621
2022-11-02,-0.37564723248834964,27.0,-0.8951341916940042
2022-11-03,-0.1651971694426956,27.0,-0.8859736642667225
2022-11-04,-0.08562867281337579,9.0,-0.8201692551374435
2022-11-05,0.2575361852844556,9.0,-0.366293432811896
2022-11-06,0.2575361852844556,0.0,-0.366293432811896
2022-11-07,0.09348387537862766,22.0,-0.4363341921319564
2022-11-08,-0.11327981553557846,45.0,-0.884309460564206
2022-11-09,0.21286383821544322,33.0,-0.38852345136304695
2022-11-10,-0.23475892266498938,31.0,-0.9287917368346825
2022-11-11,-0.06472141053754746,41.0,-0.847080014476722
2022-11-12,0.5004376622715166,7.0,-0.19080021511763334
2022-11-13,0.15529402252286673,30.0,-0.4577555388677865
2022-11-14,0.06033197407507234,9.0,-0.5836023030181726
2022-11-15,0.19848305411222908,18.0,-0.6476929513737559
2022-11-16,0.14275858408461015,30.0,-0.6966656850418076
2022-11-17,-0.109783909865655,32.0,-0.9291252285474911
2022-11-18,0.2643270806451751,44.0,-0.6520063484256918
2022-11-19,-0.01734744267607177,27.0,-0.7506186634834323
2022-11-20,0.49376611198697773,7.0,0.014664958231151104
2022-11-21,-0.03416171600110829,8.0,-0.6669713691808283
2022-11-22,0.06452937381497274,24.0,-0.8031835975125432
2022-11-23,-0.17970657609403135,30.0,-0.9083964676829055
2022-11-24,-0.11541212920281219,41.0,-0.9379997248338028
2022-11-25,-0.07533578083717397,35.0,-0.8862159365995063
2022-11-26,0.056000318160901466,30.0,-0.6964307790622115
2022-11-27,0.11197913394425996,32.0,-0.6847250475548208
2022-11-28,-0.10854423253542998,22.0,-0.669078209126989
2022-11-29,-0.07738010871868867,26.0,-0.9368969724912729
2022-11-30,-0.045362411199935844,28.0,-0.9171202786798988
2022-12-01,0.00345336762853922,39.0,-0.7872181192040444
2022-12-02,0.08551934554536895,41.0,-0.7548995625058358
2022-12-03,-0.11031436637557786,29.0,-0.9435515009099618
2022-12-04,-0.4446981676931803,24.0,-0.9570280282447735
2022-12-05,0.19983885949477553,20.0,-0.7120747802779078
2022-12-06,-0.024658101989189163,32.0,-0.9211758869932964
2022-12-07,-0.16795210662082985,39.0,-0.9353808719664812
2022-12-08,0.022575664884326132,44.0,-0.8054251036691394
2022-12-09,0.1968661951315072,27.0,-0.4202828072011471
2022-12-10,-0.06546389903777684,39.0,-0.8693555075675249
2022-12-11,0.06636232395345966,15.0,-0.7877736366353929
2022-12-12,0.039626957582575936,21.0,-0.8033253025884429
2022-12-13,0.034904915863313735,39.0,-0.7063085108995437
2022-12-14,0.03757014076801993,21.0,-0.5478750166172782
2022-12-15,0.11498978186398745,25.0,-0.5719964211540562
2022-12-16,-0.1314332221897886,46.0,-0.9493281843218332
2022-12-17,0.14232970556865135,18.0,-0.45654090903699396
2022-12-18,-0.08974177221534774,16.0,-0.8929124963469803
2022-12-19,0.09953756003894589,11.0,-0.35561717332651216
2022-12-20,0.20718072322338368,33.0,-0.5667069150755802
2022-12-21,0.0670505047685677,31.0,-0.6104930135188624
2022-12-22,-0.09618489840067923,40.0,-0.9070404323749244
2022-12-23,-0.007030404079705477,40.0,-0.7854194272309541
2022-12-24,0.09666278925724328,20.0,-0.4595911163836718
2022-12-25,0.11652706530211228,14.0,-0.6430735837202519
2022-12-26,0.20344013199210167,15.0,-0.05222931830212474
2022-12-27,0.07670610529991488,12.0,-0.31120098382234573
2022-12-28,-0.02754852029805382,30.0,-0.7724528746912256
2022-12-29,-0.1392733287264375,47.0,-0.8259149939597895
2022-12-30,0.011380516923964024,24.0,-0.6827186985562245
2022-12-31,0.038768708814195425,43.0,-0.8057070139118216
2023-01-01,-0.12014979343861341,25.0,-0.8298916911174145
2023-01-02,-0.11975668324157596,4.0,-0.38310934603214264
2023-01-03,-0.1470143179823127,18.0,-0.8879633253440261
2023-01-04,-0.0069474949989290465,21.0,-0.717635414407899
2023-01-05,-0.3280981521210855,42.0,-0.9168718108399347
2023-01-06,-0.005324515457287795,41.0,-0.7272785766134885
2023-01-07,0.08576893182753613,33.0,-0.7505972258125743
2023-01-08,-0.012826018638032325,17.0,-0.9205659680068493
2023-01-09,-0.1793723551423422,14.0,-0.7199274732265621
2023-01-10,-0.10277043132939273,36.0,-0.8314816122874618
2023-01-11,-0.058006668546503146,28.0,-0.8857361701583224
2023-01-12,0.106879592847286,36.0,-0.6991990904013315
2023-01-13,0.11643572785365193,46.0,-0.5784806249042352
2023-01-14,0.1005059466847489,31.0,-0.7474383328808472
2023-01-15,0.20784844916003445,12.0,-0.5619311630725861
2023-01-16,-0.25679175839537666,21.0,-0.8864577198401093
2023-01-17,-0.11923623462368188,29.0,-0.8103625461226329
2023-01-18,-0.09172934769386691,28.0,-0.952814010504101
2023-01-19,-0.1548762157439224,31.0,-0.8903090159874409
2023-01-20,-0.0439245371325385,42.0,-0.7614295915277167
2023-01-21,-0.025198856313877246,17.0,-0.8435161644592881
2023-01-22,-0.25331479161312537,28.0,-0.9264354892075062
2023-01-23,-0.33033530332613736,8.0,-0.9069187077693641
2023-01-24,-0.43079509418881073,22.0,-0.9501062976972511
2023-01-25,0.013493715754399697,30.0,-0.7940071306657046
2023-01-26,0.10030467809657707,33.0,-0.588169241272327
2023-01-27,0.12938848834019154,40.0,-0.5982966559939087
2023-01-28,-0.15819056746700116,31.0,-0.9549617490265518
2023-01-29,-0.3728861426352523,24.0,-0.9141567635039488
2023-01-30,-0.048361244967536014,17.0,-0.8428018903359771
2023-01-31,-0.1373014593264088,24.0,-0.9551667043318351
2023-02-01,-0.09794762212021108,22.0,-0.8777100495838871
2023-02-02,0.10116184048418855,29.0,-0.7838387901429087
2023-02-03,-0.07046985628959887,34.0,-0.8745440512688624
2023-02-04,-0.15755659381134643,45.0,-0.9491540170274675
2023-02-05,-0.008224537699586816,18.0,-0.900849011912942
2023-02-06,-0.033942365346269474,18.0,-0.8974292824044824
2023-02-07,-0.1986100532114506,25.0,-0.950893521441945
2023-02-08,-0.11934866347084087,28.0,-0.9191924796572754
2023-02-09,-0.05671334663444819,48.0,-0.8708514178094143
2023-02-10,0.025065667060171735,29.0,-0.6072627295507118
2023-02-11,0.0818994183439848,43.0,-0.49698578295382584
2023-02-12,-0.05861213244497776,16.0,-0.7853014054708183
2023-02-13,0.19929005997255445,14.0,-0.7181208760011941
2023-02-14,0.051997330447193235,32.0,-0.7201904156245291
2023-02-15,0.11050665734801442,40.0,-0.8235494142398239
2023-02-16,-0.25147801044989715,33.0,-0.9075944824144244
2023-02-17,0.034406170900911096,35.0,-0.7906371938168175
2023-02-18,-0.01942367940534686,43.0,-0.7549754957753149
2023-02-19,0.015722318122593257,13.0,-0.33614925714209676
2023-02-20,-0.8962850385531783,25.0,-0.9572972705853837
2023-02-21,0.04153288391729196,15.0,-0.695234107086435
2023-02-22,-0.03388766009036614,23.0,-0.8583901164432367
2023-02-23,-0.256048399140127,24.0,-0.8996138240077666
2023-02-24,0.01829257570207119,15.0,-0.445076291449368
2023-02-25,0.2900541629642248,4.0,0.09503298252820969
2023-02-26,-0.5218343293915192,3.0,-0.9162497762590647
2023-02-27,-0.39052190916845575,16.0,-0.9278829793911427
2023-02-28,-0.25920050001392764,21.0,-0.9521583053283393
2023-03-01,-0.22692902958078776,32.0,-0.9246198092005216
2023-03-02,-0.20205911516677588,40.0,-0.8902329448610544
2023-03-03,0.0411534704035148,24.0,-0.7047873119202753
2023-03-04,-0.16831335799070074,40.0,-0.9526040615048259
2023-03-05,-0.1039069012622349,16.0,-0.9067693594843149
2023-03-06,0.1811187953998645,15.0,-0.47329134680330753
2023-03-07,-0.015511647116665432,41.0,-0.7930824784561992
2023-03-08,-0.15839825555818474,41.0,-0.862281502774832
2023-03-09,0.03928537157480605,32.0,-0.7401793522294611
2023-03-10,-0.2164018828706402,36.0,-0.9202669744069377
2023-03-11,-0.07521500463851473,22.0,-0.6996246840183934
2023-03-12,-0.1801475811411034,11.0,-0.955517653375864
2023-03-13,-0.3211631098423492,11.0,-0.9201137234146396
2023-03-14,-0.05277313195013752,24.0,-0.8507355923453966
2023-03-15,-0.09164087507607681,42.0,-0.7840123622762886
2023-03-16,0.02180944918654859,28.0,-0.847876150294074
2023-03-17,0.06341558264787583,34.0,-0.8031940497457981
2023-03-18,-0.03474265031901927,29.0,-0.7592241159873083
2023-03-19,0.11754995842153827,30.0,-0.8041969225741923
2023-03-20,-0.08753599268606022,42.0,-0.8656530642712658
2023-03-21,-0.0341499303571052,45.0,-0.8148914425789068
2023-03-22,-0.09667764152400196,40.0,-0.9124200678430497
2023-03-23,0.055971398441628975,11.0,-0.28521756331125897
2023-03-24,0.055971398441628975,0.0,-0.28521756331125897
2023-03-25,-0.16454580278756717,24.0,-0.9097932334989309
2023-03-26,-0.17757897522381466,46.0,-0.8713831719942391
2023-03-27,-0.12552992679560795,39.0,-0.7455507279373705
2023-03-28,-0.13705933355681954,21.0,-0.8173370212316513
2023-03-29,-0.0937405653031809,21.0,-0.7417844594456255
2023-03-30,-0.13096325386029023,26.0,-0.7901350638962218
2023-03-31,0.035226703807711604,35.0,-0.5431903945282102
2023-04-01,-0.1545645560575079,49.0,-0.8422347015629594
2023-04-02,-0.15731171722291037,16.0,-0.8952401075512171
2023-04-03,-0.5237599287468654,13.0,-0.9403613558970392
2023-04-04,-0.17499290952797641,22.0,-0.9095896785147488
2023-04-05,-0.15883864515015614,46.0,-0.8961328902902702
2023-04-06,-0.11079480399244598,28.0,-0.8901497206783721
2023-04-07,-0.21373669714059518,23.0,-0.8952474220034977
2023-04-08,-0.26678584980674913,45.0,-0.9494276098363722
2023-04-09,-0.27018804371786803,26.0,-0.941257391524102
2023-04-10,-0.3509657378308475,22.0,-0.9529270875888566
2023-04-11,-0.07324772655825924,27.0,-0.9348298599943519
2023-04-12,-0.015116703696548939,49.0,-0.6983407813912401
2023-04-13,0.08709476092049191,31.0,-0.7309373626485467
2023-04-14,-0.03587537168641575,32.0,-0.8226011391961947
2023-04-15,-0.3394670619249896,27.0,-0.9150224630055683
2023-04-16,-0.16382900321562038,19.0,-0.7444425366818905
2023-04-17,-0.3317767216513554,15.0,-0.8598007238470018
2023-04-18,-0.12576745040271253,42.0,-0.7838311040435325
2023-04-19,-0.24168221843673995,38.0,-0.9192147817462683
2023-04-20,-0.050729022973350114,35.0,-0.9106720963286029
2023-04-21,-0.19207192434825832,36.0,-0.8954907648472322
2023-04-22,-0.13788360717113723,22.0,-0.8723303295361499
2023-04-23,-0.3452948830866565,12.0,-0.8876934675499797
2023-04-24,0.46438761975150555,8.0,-0.21788102854043245
2023-04-25,-0.05467414087615907,20.0,-0.6380508955568075
2023-04-26,-0.0928092529390787,43.0,-0.8592725851657715
2023-04-27,-0.10038592999970371,55.0,-0.9204274983411389
2023-04-28,-0.18152113202394862,33.0,-0.9167164132619897
2023-04-29,-0.10118228387595578,22.0,-0.9209213998789588
2023-04-30,-0.12115695943626073,26.0,-0.9051593254719462
2023-05-01,0.14214015210216696,11.0,-0.723920821522673
2023-05-02,-0.08217701515448946,14.0,-0.6941083334386349
2023-05-03,-0.14716864516958594,46.0,-0.8480664426460862
2023-05-04,-0.009012945474603691,37.0,-0.7809917014092207
2023-05-05,0.04045856467865665,29.0,-0.5859936333727092
2023-05-06,0.10020407907760297,39.0,-0.7294125372543931
2023-05-07,0.16250942088663578,19.0,-0.37348136082291605
2023-05-08,-0.43410909723024815,8.0,-0.944763348903507
2023-05-09,0.021937932632863522,20.0,-0.5400449611246586
2023-05-10,0.011483700694264593,37.0,-0.8908902038820088
2023-05-11,-0.09866104577668011,24.0,-0.913772065192461
2023-05-12,-0.23739364889916031,40.0,-0.9164829984307289
2023-05-13,0.09285154933109879,50.0,-0.8551265673282055
2023-05-14,-0.0019497197853135212,28.0,-0.8563142509332725
2023-05-15,-0.1018934700904148,7.0,-0.6371985152363777
2023-05-16,-0.1548560104381881,19.0,-0.7886547544971109
2023-05-17,0.07355392954888798,21.0,-0.43348546683167416
2023-05-18,0.03980733314529061,42.0,-0.7524427821521055
2023-05-19,-0.051806855015456676,47.0,-0.8762310380892208
2023-05-20,-0.13128639521476412,28.0,-0.9287346211661186
2023-05-21,0.03413772170564958,14.0,-0.717486419249326
2023-05-22,-0.14994479014593012,17.0,-0.82625697478652
2023-05-23,-0.2821271222616945,28.0,-0.9382470256782004
2023-05-24,-0.07666737105893462,38.0,-0.7409884412772954
2023-05-25,-0.1488494925654015,37.0,-0.9090339095331729
2023-05-26,-0.08775371883905703,31.0,-0.8850903196725994
2023-05-27,-0.02584536657555074,41.0,-0.712056977420368
2023-05-28,-0.08470337072919522,14.0,-0.7516567523125559
2023-05-29,0.40206555447851616,12.0,0.0009686599175135294
2023-05-30,-0.22743302170808116,30.0,-0.8246058141812682
2023-05-31,-0.4379985732267852,27.0,-0.9221213204520089
2023-06-01,-0.22520919622660712,29.0,-0.9454005392035469
2023-06-02,-0.25626895947950995,36.0,-0.9333434917239679
2023-06-03,-0.4449313605470317,35.0,-0.9268769581491748
2023-06-04,-0.006681486777961254,15.0,-0.5490890482906252
2023-06-05,0.32227916922420263,6.0,-0.4624100401997566
2023-06-06,-0.4255240178511788,18.0,-0.9454774186946452
2023-06-07,-0.27331817036287653,36.0,-0.9327766627280248
2023-06-08,-0.2179658855461786,31.0,-0.9428341324673966
2023-06-09,-0.1452651574777869,26.0,-0.9148096367716789
2023-06-10,-0.09354067163076252,24.0,-0.9174904626173278
2023-06-11,-0.581572642630857,23.0,-0.9412933196872473
2023-06-12,-0.3064137570058497,13.0,-0.9339128384599462
2023-06-13,-0.1822725688624713,45.0,-0.8881853960144023
2023-06-14,-0.3127617115568784,45.0,-0.9125536237067232
2023-06-15,-0.29509651691963273,18.0,-0.8884807480499148
2023-06-16,-0.07196709320235711,26.0,-0.8276945678517222
2023-06-17,0.09048729317803536,31.0,-0.6938496050424874
2023-06-18,-0.07989686453771411,33.0,-0.7773046186193824
2023-06-19,0.08282852200243403,34.0,-0.35248760961823994
2023-06-20,0.0677723724927221,21.0,-0.22186680883169174
2023-06-21,-0.15481416969440687,39.0,-0.8415650117211044
2023-06-22,-0.11610946887782936,29.0,-0.8382806242443621
2023-06-23,-0.0969532732560765,32.0,-0.7820969359017909
2023-06-24,-0.05129016148309935,34.0,-0.7785812692923678
2023-06-25,0.007492595934309065,24.0,-0.6168967944880327
2023-06-26,-0.21495721970374385,12.0,-0.9069982971996069
2023-06-27,-0.03358887596270786,52.0,-0.8713164881158334
2023-06-28,-0.18796621368696484,52.0,-0.9342327860828775
2023-06-29,-0.09669241032508366,34.0,-0.8704840428092413
2023-06-30,0.26746479271807605,18.0,-0.2290052857249975
2023-07-01,-0.0833472297526896,20.0,-0.8460417930036783
2023-07-02,-0.33160790284587577,11.0,-0.9339222364748517
2023-07-03,-0.17943833384197205,8.0,-0.8964975085109472
2023-07-04,0.2062977498937999,31.0,-0.5045870651956648
2023-07-05,-0.07466509910300374,20.0,-0.8420568620786071
2023-07-06,-0.16478612180799246,30.0,-0.9341341316467151
2023-07-07,-0.07832936560735107,30.0,-0.7848737729946151
2023-07-08,-0.043519800808280704,35.0,-0.8799798030716678
2023-07-09,0.0009918479542983206,38.0,-0.5860539978370071
2023-07-10,-0.08254808538100299,17.0,-0.6180675752460957
2023-07-11,0.05911225018401941,18.0,-0.43647522423416374
2023-07-12,0.05469165286049247,20.0,-0.5032304145395756
2023-07-13,-0.16898422208888567,34.0,-0.915443739750319
2023-07-14,-0.057819411664136816,35.0,-0.8787992332234151
2023-07-15,0.09076627806732149,33.0,-0.7097144099987216
2023-07-16,0.03162021784200555,21.0,-0.6309731720636288
2023-07-17,0.044365804409608245,4.0,-0.033642273396253586
2023-07-18,-0.388049698370541,29.0,-0.907604967826046
2023-07-19,-0.3796009880562241,26.0,-0.9247340373694897
2023-07-20,-0.31519039375989727,33.0,-0.8886608158548673
2023-07-21,-0.29480041291984455,71.0,-0.9269057994501458
2023-07-22,-0.17264183272460573,19.0,-0.9133964342996478
2023-07-23,-0.3732163944281638,10.0,-0.8845057496801019
2023-07-24,-0.1732944599352777,14.0,-0.877061057370156
2023-07-25,-0.1783996943787143,37.0,-0.8535584939643741
2023-07-26,-0.1855431911231869,46.0,-0.9233553255908191
2023-07-27,-0.31501226626957457,30.0,-0.9013211644487455
2023-07-28,-0.011217481976504936,43.0,-0.7669442120770161
2023-07-29,0.08897347659196543,23.0,-0.40067851295073825
2023-07-30,0.010408233851194382,7.0,-0.4893086398951709
2023-07-31,-0.0939751312835142,20.0,-0.8079305813647807
2023-08-01,-0.07202408597088204,26.0,-0.8109124837709325
2023-08-02,-0.12610318902879952,10.0,-0.708695700392127
2023-08-03,-0.41538911513692023,51.0,-0.9133026620659691
2023-08-04,-0.3776277924099794,26.0,-0.9291667219783578
2023-08-05,-0.32069976054328053,38.0,-0.8830062851309777
2023-08-06,-0.3494800342754884,11.0,-0.9095944687724113
2023-08-07,-0.18612171011045575,18.0,-0.7746419310569763
2023-08-08,-0.18106623981581177,43.0,-0.8202710426835851
2023-08-09,-0.1385502471588552,30.0,-0.8519852823810652
2023-08-10,-0.16766236436574958,43.0,-0.8547769478437576
2023-08-11,-0.10392141471115443,26.0,-0.7950590377939599
2023-08-12,-0.19335942715406418,25.0,-0.9034425783902407
2023-08-13,-0.15651209695407978,13.0,-0.8417676032986492
2023-08-14,-0.15651209695407978,0.0,-0.8417676032986492
2023-08-15,-0.15651209695407978,0.0,-0.8417676032986492
2023-08-16,-0.15651209695407978,0.0,-0.8417676032986492
2023-08-17,-0.15651209695407978,0.0,-0.8417676032986492
2023-08-18,-0.15651209695407978,0.0,-0.8417676032986492
2023-08-19,-0.15651209695407978,0.0,-0.8417676032986492
2023-08-20,-0.15651209695407978,0.0,-0.8417676032986492
2023-08-21,0.023310119286179543,20.0,-0.5764281356707215
2023-08-22,0.2000065602108159,22.0,-0.3529910597329338
2023-08-23,-0.0157261174172163,38.0,-0.6662965420633554
2023-08-24,-0.24402244962984695,40.0,-0.880369225749746
2023-08-25,-0.10342550954709832,26.0,-0.8647659897272076
2023-08-26,-0.07324300823910605,42.0,-0.7848623715002429
2023-08-27,-0.005247275843950254,28.0,-0.8683897158397096
2023-08-28,0.14202334223823113,11.0,-0.4522797043124835
2023-08-29,-0.06531607905136687,28.0,-0.5143704778913941
2023-08-30,-0.30075695275539355,31.0,-0.9332244992256165
2023-08-31,-0.2703229274248352,37.0,-0.9414411509409547
2023-09-01,-0.1332687057957456,37.0,-0.893714790046215
2023-09-02,-0.07988436749523006,41.0,-0.8270276557146148
2023-09-03,-0.04266007264193736,19.0,-0.6208221778273583
2023-09-04,-0.2564197052615108,27.0,-0.8934546328548875
2023-09-05,0.0862558789551258,50.0,-0.6457479674942218
2023-09-06,0.09325958551331,22.0,-0.7177426057557265
2023-09-07,-0.18938000268977265,29.0,-0.9023305370938033
2023-09-08,-0.13762702544530234,24.0,-0.9347511863646408
2023-09-09,-0.2101646949035617,26.0,-0.9015323047393135
2023-09-10,0.10968350331214341,22.0,-0.5000514942221344
2023-09-11,0.15713866567239165,16.0,-0.715735032223165
2023-09-12,0.13084438657388092,30.0,-0.7755474746227264
2023-09-13,-0.11522051109932363,36.0,-0.897580229366819
2023-09-14,-0.2274024877423311,34.0,-0.8502802713256743
2023-09-15,-0.13554381179036917,27.0,-0.9181315014138818
2023-09-16,-0.1682040567642876,35.0,-0.9124553671313657
2023-09-17,-0.013489807199221104,16.0,-0.1932923924177885
2023-09-18,0.03143883699720556,22.0,-0.4883959408228596
2023-09-19,-0.31175356200482285,36.0,-0.9321764055639505
2023-09-20,-0.22716775848048515,29.0,-0.8570849922252819
2023-09-21,-0.17606147971970063,27.0,-0.7953887471397009
2023-09-22,-0.17891066044103354,32.0,-0.870556779904291
2023-09-23,-0.26791789629755336,36.0,-0.9422101072656611
2023-09-24,0.006407963357081539,19.0,-0.7315210176631808
2023-09-25,-0.03789571226973619,14.0,-0.6530609731562436
2023-09-26,-0.3365464464947581,50.0,-0.9428703773480195
2023-09-27,-0.23708499496181806,45.0,-0.92414570460096
2023-09-28,-0.3170857017635015,29.0,-0.9212365085841157
2023-09-29,-0.1651964658161714,21.0,-0.9010499031282961
2023-09-30,-0.18941579775317854,23.0,-0.9195688342054685
2023-10-01,-0.37659085753627797,11.0,-0.9372319973384341
2023-10-02,-0.31523982766601777,9.0,-0.9205114065359036
2023-10-03,-0.01857882956771747,23.0,-0.7628164257233342
2023-10-04,0.08304250311106444,25.0,-0.793913167635245
2023-10-05,0.1195680176337751,26.0,-0.5647473933973483
2023-10-06,-0.28675524023128673,64.0,-0.9099691837327555
2023-10-07,-0.13970060654294988,36.0,-0.8438860265952017
2023-10-08,-0.28166006356477735,5.0,-0.8817043295130134
2023-10-09,-0.07612905781716109,10.0,-0.7706432535002629
2023-10-10,0.020917504022900876,13.0,-0.5747229449916631
2023-10-11,-0.056754771792502316,27.0,-0.7775777557066509
2023-10-12,0.08904926828108728,24.0,-0.6581867088874181
2023-10-13,-0.37361122244702916,35.0,-0.9383059561045634
2023-10-14,0.13694374121863534,27.0,-0.6272260621190071
2023-10-15,-0.05763752718010674,23.0,-0.8003227446849147
2023-10-16,-0.22800157242454588,8.0,-0.8923879666253924
2023-10-17,-0.06981491754678162,33.0,-0.912450017200576
2023-10-18,-0.04083627477408417,31.0,-0.8125611345749348
2023-10-19,0.03484530038567203,33.0,-0.7085434370156791
2023-10-20,0.23953078966587782,25.0,-0.5430492066911289
2023-10-21,0.07865876295707291,18.0,-0.563139145821333
2023-10-22,-0.06512114159105455,17.0,-0.594630848057568
2023-10-23,-0.2934287939486759,7.0,-0.9454183131456375
2023-10-24,-0.06892629634588956,25.0,-0.7703770043860588
2023-10-25,-0.06905570749433772,31.0,-0.8899488386232406
2023-10-26,0.05154382183144872,26.0,-0.8068157688581518
2023-10-27,0.003036291380836205,22.0,-0.5711890544431905
2023-10-28,-0.003027498908340931,30.0,-0.8851690557785332
2023-10-29,-0.06305732936240159,26.0,-0.8396055250029478
2023-10-30,-0.07251599932917291,18.0,-0.7414509119465947
2023-10-31,0.08259437621260683,18.0,-0.5138469537720084
2023-11-01,-0.1376863794090847,30.0,-0.7616320103406906
2023-11-02,-0.14598847537076678,29.0,-0.8937838835408911
2023-11-03,-0.14428330515511334,24.0,-0.9454974359832704
2023-11-04,0.009028549994463507,23.0,-0.8876368603669107
2023-11-05,0.3317986221697468,13.0,-0.15983622055500746
2023-11-06,0.3572190860286355,13.0,-0.2731627856846899
2023-11-07,-0.11412971200317973,18.0,-0.8020912787877024
2023-11-08,-0.44749730612550465,21.0,-0.9419200445214907
2023-11-09,-0.13273543570386737,19.0,-0.9125686218962074
2023-11-10,-0.22269693767385823,35.0,-0.9369262837701373
2023-11-11,-0.2603161513242264,43.0,-0.9194042581048879
2023-11-12,-0.10702917355644916,14.0,-0.760320812696591
2023-11-13,0.6307478755091628,3.0,0.30541400238871574
2023-11-14,0.17707342549186686,23.0,-0.4812503179224829
2023-11-15,0.1124393360011957,33.0,-0.6216933003937205
2023-11-16,-0.07984601908052961,21.0,-0.7487188503146172
2023-11-17,-0.25755628215318377,22.0,-0.9446338185419639
2023-11-18,0.03569251405834048,27.0,-0.7174850830010006
2023-11-19,-0.040464610404645406,12.0,-0.7881303690373898
2023-11-20,-0.07067197922151536,8.0,-0.6388741498813033
2023-11-21,0.24670794748124622,21.0,-0.3125056078036626
2023-11-22,0.10503254230294762,29.0,-0.4982853885740042
2023-11-23,-0.16046475432813168,33.0,-0.9398350355525812
2023-11-24,-0.04291944207263089,31.0,-0.7487205966026522
2023-11-25,-0.11843007430434227,17.0,-0.8632259257137775
2023-11-26,0.09203345080216725,15.0,-0.7246116998139769
2023-11-27,0.025128600265209872,12.0,-0.5730364837994179
2023-11-28,0.02436510595278098,26.0,-0.5703800595365465
2023-11-29,0.08082634915428405,44.0,-0.6172610344365239
2023-11-30,-0.08863295600922019,27.0,-0.8499291780005608
2023-12-01,0.10591736253674912,23.0,-0.3630309230647981
2023-12-02,0.15441895441080516,13.0,-0.38407763512805104
2023-12-03,-0.09037669984002908,15.0,-0.5388785449322313
2023-12-04,-0.041819704409975275,13.0,-0.6313229640945792
2023-12-05,-0.06139250716660172,32.0,-0.874216006603092
2023-12-06,-0.20629161970157708,35.0,-0.8889862094591889
2023-12-07,0.004353933439900478,30.0,-0.7085625020554289
2023-12-08,-0.10861975586158223,32.0,-0.9187031053006649
2023-12-09,0.019109915067650834,49.0,-0.9137412726592559
2023-12-10,-0.22964608172575632,15.0,-0.9218297777697444
2023-12-11,0.21528273483272642,16.0,-0.3980319204274565
2023-12-12,0.1864420543782986,26.0,-0.2863125974046333
2023-12-13,0.05090163152834231,33.0,-0.5473584448401299
2023-12-14,-0.059113373835410536,29.0,-0.7857290948741138
2023-12-15,-0.08884596725304922,15.0,-0.781116749625653
2023-12-16,0.010823054937645793,18.0,-0.8215080244466663
2023-12-17,-0.01053445995785296,8.0,-0.5190000459551811
2023-12-18,0.09397957124747336,8.0,-0.6777783825527877
2023-12-19,0.20032549412413078,11.0,-0.3665282657990853
2023-12-20,0.2475158508437184,26.0,-0.4060055101290345
2023-12-21,-0.10722455478805516,28.0,-0.8980740871546524
2023-12-22,0.012499169850101074,30.0,-0.7388794856378809
2023-12-23,-0.025340155862710056,34.0,-0.7299258737928338
2023-12-24,0.03839040792694217,19.0,-0.7479609875008464
2023-12-25,0.00929761165753007,2.0,-0.08320224285125732
2023-12-26,0.21369910128414632,5.0,-0.3513054335489869
2023-12-27,-0.012395270938134712,23.0,-0.7546904499952992
2023-12-28,0.10209759826893391,23.0,-0.6687223163122932
2023-12-29,-0.15763656571507453,20.0,-0.8674749536439776
2023-12-30,-0.16077495560050012,25.0,-0.841953347836222
2023-12-31,-0.1558053369688637,17.0,-0.6751622712239623
2024-01-01,0.3488552489628394,9.0,-0.42544381382564705
2024-01-02,-0.25138153626273074,15.0,-0.8956321815494448
2024-01-03,-0.282858164422214,15.0,-0.8896806484553963
2024-01-04,-0.1380499114166014,16.0,-0.8700985612813383
2024-01-05,0.09697220869362354,25.0,-0.6169319707634193
2024-01-06,-0.14114174707275298,18.0,-0.9160384954884648
2024-01-07,-0.051854644103774,7.0,-0.7956526065245271
2024-01-08,-0.065293589917322,9.0,-0.9103608280420303
2024-01-09,-0.21336572129717646,17.0,-0.8879583442583681
2024-01-10,-0.14411832448095083,15.0,-0.9006906647700816
2024-01-11,0.16403829860255906,19.0,-0.48626876473426817
2024-01-12,0.26988200328367595,34.0,-0.3403160550321142
2024-01-13,0.05665479700214097,14.0,-0.474959280109033
2024-01-14,-0.2255509593947367,11.0,-0.9307630142817894
2024-01-15,-0.03673598788339983,11.0,-0.41564953917016584
2024-01-16,0.18603756686761266,21.0,-0.3046990353614092
2024-01-17,-0.2899874532595277,20.0,-0.926816569827497
2024-01-18,0.03503120396859371,26.0,-0.4536846091172525
2024-01-19,0.019598243575867102,23.0,-0.7923126405415436
2024-01-20,0.2963815815746784,9.0,-0.1728611383587122
2024-01-21,-0.0621937125777969,13.0,-0.47835866548120975
2024-01-22,-0.29251192358788103,8.0,-0.9227839019149542
2024-01-23,0.06555733893765137,16.0,-0.6341592622920871
2024-01-24,0.12015298404730856,8.0,-0.893040201626718
2024-01-25,0.1298227391459725,11.0,-0.7613586913794279
2024-01-26,0.03598057212308049,25.0,-0.6343411553118911
2024-01-27,-0.07892672505229711,25.0,-0.8704950558021665
2024-01-28,-0.27007033423121485,14.0,-0.8777223331853747
2024-01-29,-0.25377023147626054,9.0,-0.9113197050367793
2024-01-30,-0.15907065314240754,18.0,-0.9066537328995764
2024-01-31,-0.15280665182753614,19.0,-0.8366957208141684
2024-02-01,-0.21034387190287052,19.0,-0.9253568651154638
2024-02-02,-0.2875352305575059,13.0,-0.8915018474217504
2024-02-03,-0.4925705003763803,22.0,-0.948881536644573
2024-02-04,0.2734150162432343,12.0,-0.44826614546279114
2024-02-05,-0.1834146311506629,5.0,-0.8874287717044353
2024-02-06,0.20025458772267615,14.0,-0.37801199639216065
2024-02-07,-0.12659570765681566,20.0,-0.924759185127914
2024-02-08,0.0542323330772065,21.0,-0.4804289499297738
2024-02-09,0.04105788376182318,21.0,-0.727743904106319
2024-02-10,-0.18275179045105522,22.0,-0.8522839080542326
2024-02-11,-0.21870994303996363,12.0,-0.8799359022329251
2024-02-12,-0.1167513324568669,9.0,-0.6089548372353116
2024-02-13,-0.2247050124530991,15.0,-0.9236641889438033
2024-02-14,-0.13978734542615712,12.0,-0.9480707862724861
2024-02-15,-0.329287889836864,22.0,-0.8788391708706816
2024-02-16,-0.19537805317139084,33.0,-0.9056826199715337
2024-02-17,-0.22695170961977804,34.0,-0.8890479695465829
2024-02-18,-0.11627032654359937,16.0,-0.6837956472299993
2024-02-19,-0.11627032654359937,0.0,-0.6837956472299993
2024-02-20,-0.11627032654359937,0.0,-0.6837956472299993
2024-02-21,-0.11627032654359937,0.0,-0.6837956472299993
2024-02-22,-0.11627032654359937,0.0,-0.6837956472299993
2024-02-23,-0.11627032654359937,0.0,-0.6837956472299993
2024-02-24,-0.11627032654359937,0.0,-0.6837956472299993
2024-02-25,-0.11627032654359937,0.0,-0.6837956472299993
2024-02-26,-0.11627032654359937,0.0,-0.6837956472299993
2024-02-27,-0.11627032654359937,0.0,-0.6837956472299993
2024-02-28,-0.11627032654359937,0.0,-0.6837956472299993
2024-02-29,-0.11627032654359937,0.0,-0.6837956472299993
2024-03-01,-0.11627032654359937,0.0,-0.6837956472299993
2024-03-02,-0.11627032654359937,0.0,-0.6837956472299993
2024-03-03,-0.11627032654359937,0.0,-0.6837956472299993
2024-03-04,-0.05960441902279854,10.0,-0.5741451783105731
2024-03-05,-0.11582396432225193,21.0,-0.7523301172380646
2024-03-06,-0.047639614337998806,33.0,-0.8700429322198033
2024-03-07,-0.11011205038384479,34.0,-0.914400765982767
2024-03-08,-0.09109944318022047,28.0,-0.8193165556128535
2024-03-09,-0.3080825012875721,16.0,-0.9464599722996354
2024-03-10,0.10456379618318308,21.0,-0.2968300236389041
2024-03-11,-0.14170110921430237,17.0,-0.808440200611949
2024-03-12,-0.04070577326302345,26.0,-0.8222371385033641
2024-03-13,-0.25838023144751787,22.0,-0.9423849419690669
2024-03-14,0.017589667850794893,24.0,-0.7997721657156944
2024-03-15,-0.397641674346792,26.0,-0.9526029253112418
2024-03-16,-0.17450589333709918,19.0,-0.8994067344814539
2024-03-17,-0.31442908890959287,9.0,-0.9267851163943609
2024-03-18,-0.005406662567772649,11.0,-0.531362870397667
2024-03-19,-0.04329332619905472,25.0,-0.6409283883071372
2024-03-20,-0.13942025852156803,16.0,-0.8422348718158901
2024-03-21,0.04861369872322449,26.0,-0.4905091195500323
2024-03-22,0.06193547360599041,35.0,-0.791814618330035
2024-03-23,-0.10360745186435766,29.0,-0.8123344699852169
2024-03-24,-0.0958227504355212,12.0,-0.7786337593570352
2024-03-25,-0.08982033282518387,8.0,-0.6565623488277197
2024-03-26,-0.02479207616831575,35.0,-0.7802910353574488
2024-03-27,-0.14372630194393973,33.0,-0.8971991574184762
2024-03-28,-0.440783248566415,23.0,-0.9457597825676203
2024-03-29,0.01523214141623332,26.0,-0.7187294020716634
2024-03-30,-0.11964507224528413,19.0,-0.7255266308784485
2024-03-31,-0.27817490662595157,19.0,-0.9134075535461307
2024-04-01,-0.5772161556939993,7.0,-0.9164900830946863
2024-04-02,-0.12617785405988494,18.0,-0.7211114110425114
2024-04-03,-0.03502283598247327,19.0,-0.6870603324845433
2024-04-04,0.00773479391892369,26.0,-0.7573778723765697
2024-04-05,0.0023538823119334637,31.0,-0.6835261791129597
2024-04-06,0.02273580539181377,33.0,-0.4833167042169306
2024-04-07,-0.03544146670518737,19.0,-0.8471845900639892
2024-04-08,0.01893866608257998,11.0,-0.8526405370794237
2024-04-09,0.001275846245698631,20.0,-0.7946970619261264
2024-04-10,-0.2228379505686462,24.0,-0.8953155746373037
2024-04-11,-0.14847424889312072,17.0,-0.7790685098618269
2024-04-12,-0.01650557853281498,28.0,-0.8531673319105592
2024-04-13,0.03583834828952184,13.0,-0.6314562000334263
2024-04-14,-0.058245837688446045,20.0,-0.5846191480755806
2024-04-15,-0.3233401588248936,11.0,-0.8657098459079862
2024-04-16,-0.1224254086907757,19.0,-0.899177524074912
2024-04-17,-0.14120393740729645,26.0,-0.8961099960974285
2024-04-18,-0.23409479132925087,26.0,-0.9329369750672153
2024-04-19,0.04339882228523493,25.0,-0.8965212157262223
2024-04-20,-0.1458161367184442,23.0,-0.9393180523378154
2024-04-21,-0.2591254214263138,17.0,-0.8095580911263823
2024-04-22,-0.09652765467762947,9.0,-0.680917343745629
2024-04-23,0.029033501144675983,21.0,-0.6589948059991002
2024-04-24,-0.4209506289501275,28.0,-0.9157301307256732
2024-04-25,-0.20314795744012704,22.0,-0.914057421653221
2024-04-26,0.15522871047935702,33.0,-0.27724486993004877
2024-04-27,-0.06857331817675578,19.0,-0.8839741133153438
2024-04-28,0.04199635428154752,21.0,-0.8128793753373126
2024-04-29,-0.06665893876925111,8.0,-0.44727598782628775
2024-04-30,-0.3521976585732773,40.0,-0.9422970168292523
2024-05-01,-0.2507975733024068,32.0,-0.9376693564699963
2024-05-02,-0.07073225998319685,20.0,-0.937109712511301
2024-05-03,-0.21232594825470677,26.0,-0.8974063070490956
2024-05-04,0.021867847070097923,23.0,-0.8484498743588725
2024-05-05,0.07628840751825802,31.0,-0.6827676475513726
2024-05-06,0.015771759499330074,16.0,-0.4996491358615458
2024-05-07,0.0014077000692486762,25.0,-0.7108729028009942
2024-05-08,-0.28500921551138164,25.0,-0.9317604046581047
2024-05-09,-0.24269707318395375,25.0,-0.9406667693651148
2024-05-10,-0.10272655645084958,31.0,-0.8101763281738386
2024-05-11,-0.1945802934379095,21.0,-0.8526897343496481
2024-05-12,-0.07775711175054312,22.0,-0.7716791330215832
2024-05-13,-0.054553120914432734,27.0,-0.8881262837510023
2024-05-14,-0.2334695698862726,22.0,-0.9067365322262049
2024-05-15,0.08662589585803675,33.0,-0.567143957854973
2024-05-16,-0.23974107845776504,31.0,-0.9067005785182118
2024-05-17,-0.17068707824756318,26.0,-0.8368120174854994
2024-05-18,-0.21123888770885327,17.0,-0.935482368990779
2024-05-19,-0.39049560973501724,23.0,-0.9398696894447008
2024-05-20,-0.002224037889391184,10.0,-0.5357504648466905
2024-05-21,0.09680560674389889,29.0,-0.6973640130599961
2024-05-22,-0.1416418553379021,19.0,-0.8723290206864476
2024-05-23,-0.16904531504648426,24.0,-0.933126723083357
2024-05-24,0.018130004916700623,31.0,-0.6739369424758479
2024-05-25,0.02082467486616224,24.0,-0.8983671970975896
2024-05-26,-0.22299975091591479,10.0,-0.7656440756594142
2024-05-27,-0.21993547538295388,8.0,-0.9156672563403845
2024-05-28,0.12921316505720218,15.0,-0.6420125302392989
2024-05-29,-0.009010991721879691,32.0,-0.7236147744115442
2024-05-30,0.0339394505852117,26.0,-0.7139896077236959
2024-05-31,-0.057755185291171074,35.0,-0.8031661642922295
2024-06-01,-0.11658545517949043,27.0,-0.8846819175939474
2024-06-02,-0.35143870005214756,11.0,-0.852201251933972
2024-06-03,0.05184114102739841,20.0,-0.2979227900505066
2024-06-04,-0.030855077111886606,27.0,-0.8779655624447125
2024-06-05,-0.19875040659680962,25.0,-0.9153690324164927
2024-06-06,-0.11832748855585637,23.0,-0.9145595893884698
2024-06-07,0.04843737981442747,29.0,-0.5560573183465749
2024-06-08,-0.042049029075618215,48.0,-0.8917535740183666
2024-06-09,-0.04676993832584809,22.0,-0.7993919155560434
2024-06-10,0.2702513974573877,9.0,-0.5354254900788268
2024-06-11,-0.2278920036873647,21.0,-0.9217633157968521
2024-06-12,0.15735908456507228,31.0,-0.5767746428027749
2024-06-13,0.0852097712096668,31.0,-0.6325587150640786
2024-06-14,0.1419315003390823,35.0,-0.29722838703956866
2024-06-15,-0.022261333948170595,22.0,-0.7599677653051913
2024-06-16,-0.03860918622971936,22.0,-0.5080326807995638
2024-06-17,0.08374054365170498,12.0,-0.6353405819584926
2024-06-18,0.032855226932203066,17.0,-0.6867855850607156
2024-06-19,0.07400847016833723,28.0,-0.7346936027918544
2024-06-20,0.0002466418362897018,29.0,-0.730518915457651
2024-06-21,-0.20298296985371658,24.0,-0.9375455775298178
2024-06-22,0.10141667988151312,25.0,-0.44125673786870073
2024-06-23,-0.15114499193926653,6.0,-0.4418507590889931
2024-06-24,0.12873552863796553,6.0,-0.45831190794706345
2024-06-25,-0.10844214124461779,26.0,-0.6438816402639661
2024-06-26,-0.1693176830089406,19.0,-0.7907505489885807
2024-06-27,-0.14303637710239353,29.0,-0.8543649719795212
2024-06-28,0.04635699177160859,20.0,-0.7871030934154988
2024-06-29,-0.08994054642971605,16.0,-0.9150393307209015
2024-06-30,-0.25062205718660896,11.0,-0.845130450402697
2024-07-01,-0.04492238746024668,8.0,-0.8526597060263157
2024-07-02,0.20691407133678072,19.0,-0.5938035123050213
2024-07-03,-0.08006512714200653,32.0,-0.6908462771680206
2024-07-04,0.2420694279587931,18.0,-0.5232255831360817
2024-07-05,0.1702830738134005,22.0,-0.3804369842012723
2024-07-06,0.14341699510164882,23.0,-0.6273743757046759
2024-07-07,-0.4129145219922066,11.0,-0.9289494212716818
2024-07-08,-0.4129145219922066,0.0,-0.9289494212716818
2024-07-09,-0.4129145219922066,0.0,-0.9289494212716818
2024-07-10,-0.4129145219922066,0.0,-0.9289494212716818
2024-07-11,-0.4129145219922066,0.0,-0.9289494212716818
2024-07-12,-0.4129145219922066,0.0,-0.9289494212716818
2024-07-13,-0.4129145219922066,0.0,-0.9289494212716818
2024-07-14,-0.4129145219922066,0.0,-0.9289494212716818
2024-07-15,-0.08992734372926255,12.0,-0.9170181900262833
2024-07-16,-0.3192539164610207,25.0,-0.9409956954685705
2024-07-17,0.0014704434201121331,25.0,-0.820446380946253
2024-07-18,0.11417052349341768,21.0,-0.6931944964453578
2024-07-19,0.05791059932671487,20.0,-0.5501158371567726
2024-07-20,-0.1763233277015388,16.0,-0.9073161291889846
2024-07-21,-0.3330220349598676,8.0,-0.9067544434219599
2024-07-22,-0.1056578189600259,8.0,-0.9441346479579806
2024-07-23,0.11674294789277372,21.0,-0.4411280791585644
2024-07-24,-0.12104926235845377,29.0,-0.9162828443804756
2024-07-25,-0.22205582581874397,18.0,-0.847853722423315
2024-07-26,-0.2145480842822615,17.0,-0.9033787364140153
2024-07-27,0.04661278033422099,18.0,-0.7191428385674954
2024-07-28,-0.2110062900206281,9.0,-0.7915196878214678
2024-07-29,-0.2110062900206281,0.0,-0.7915196878214678
2024-07-30,-0.2110062900206281,0.0,-0.7915196878214678
2024-07-31,-0.2110062900206281,0.0,-0.7915196878214678
2024-08-01,-0.2110062900206281,0.0,-0.7915196878214678
2024-08-02,-0.2110062900206281,0.0,-0.7915196878214678
2024-08-03,-0.2110062900206281,0.0,-0.7915196878214678
2024-08-04,-0.2110062900206281,0.0,-0.7915196878214678
2024-08-05,0.20767925009131433,10.0,-0.09944227772454421
2024-08-06,0.2792252546176314,10.0,-0.4490782755116622
2024-08-07,-0.337011679133866,16.0,-0.9483444245997816
2024-08-08,-0.05989548410086528,23.0,-0.835542593151331
2024-08-09,0.0746066829056612,14.0,-0.6430917747784406
2024-08-10,-0.1185945277767522,21.0,-0.744694985759755
2024-08-11,0.1441614477496062,14.0,-0.47739472426474094
2024-08-12,-0.45168376830406487,4.0,-0.9398295963183045
2024-08-13,0.09683337300084531,20.0,-0.8343753794208169
2024-08-14,-0.11469656880944967,31.0,-0.9052623744355515
2024-08-15,-0.13602017352898274,31.0,-0.9500169827369973
2024-08-16,0.04554204819233794,19.0,-0.5681690046563744
2024-08-17,-0.11218824870884418,10.0,-0.5158854636053244
2024-08-18,-0.16042997280601412,8.0,-0.8915894012898207
2024-08-19,-0.3287739234045148,10.0,-0.7778571831683317
2024-08-20,0.007288295484613627,16.0,-0.7986559402197599
2024-08-21,-0.18079593051224946,10.0,-0.9340817220509052
2024-08-22,0.16977654323962174,19.0,-0.5046950681135058
2024-08-23,0.06210595124090711,30.0,-0.8982709124684334
2024-08-24,-0.022559695733854405,13.0,-0.6073431335389614
2024-08-25,-0.19424822639363507,12.0,-0.8211628425245484
2024-08-26,0.023246360942721367,11.0,-0.44890687987208366
2024-08-27,-0.29872452797876164,11.0,-0.9161751059194406
2024-08-28,-0.17257193779866947,19.0,-0.884446856752038
2024-08-29,0.09644791794319947,18.0,-0.619305357336998
2024-08-30,0.019836185174062847,20.0,-0.7279370509088039
2024-08-31,0.19819567614020064,13.0,-0.42092959862202406
2024-09-01,0.10125222278293222,8.0,-0.2714560339227319
2024-09-02,-0.0004916597778598467,6.0,-0.37489657290279865
2024-09-03,0.13811449440462248,14.0,-0.29252722579985857
2024-09-04,-0.16692264251677053,28.0,-0.895035940089396
2024-09-05,-0.2017831175095018,17.0,-0.7558206139132381
2024-09-06,-0.10254969685855839,18.0,-0.815347696468234
2024-09-07,-0.14015923300758004,16.0,-0.9571988203097135
2024-09-08,0.06972462059929967,10.0,-0.3366401515280207
2024-09-09,0.15326057848605243,11.0,-0.006247493127981822
2024-09-10,0.016822748768486474,19.0,-0.7088889220729471
2024-09-11,-0.15174297243356705,24.0,-0.9197074916834632
2024-09-12,-0.2837979950180108,22.0,-0.9374402053654194
2024-09-13,-0.07031645284344752,18.0,-0.9183315217494965
2024-09-14,-0.04149553768167442,22.0,-0.7845371242923042
2024-09-15,-0.16497412789613008,11.0,-0.6387783754616976
2024-09-16,0.3240727889351547,4.0,-0.17447388172149658
2024-09-17,0.008574515142861535,17.0,-0.6953735712915659
2024-09-18,-0.284115793928504,10.0,-0.9112107132871946
2024-09-19,0.24307498562848195,24.0,-0.5699068774313977
2024-09-20,0.16138546507466922,22.0,-0.5820260274534425
2024-09-21,-0.04878124894781245,27.0,-0.7336222051775881
2024-09-22,0.11384791469511886,12.0,-0.6076862153907617
2024-09-23,0.15984228489777216,13.0,-0.5852076003793627
2024-09-24,0.05189829966467288,18.0,-0.45967568159103395
2024-09-25,0.07721805306417602,28.0,-0.7922229263931513
2024-09-26,-0.26332411356270313,35.0,-0.9409846968741881
2024-09-27,0.0229143828798372,26.0,-0.7909820984516825
2024-09-28,0.11281670359894633,20.0,-0.36497527323663237
2024-09-29,-0.01749327761353925,16.0,-0.706826128764078
2024-09-30,0.06994283614823452,13.0,-0.47472989466041327
2024-10-01,0.028358800569549203,16.0,-0.7321106172166765
2024-10-02,-0.24065056637239954,24.0,-0.8930993972656628
2024-10-03,-0.15951306951631392,14.0,-0.8551159570924938
2024-10-04,-0.10017080374139671,24.0,-0.8400872548421224
2024-10-05,-0.09767289928105824,34.0,-0.8035508790570829
2024-10-06,-0.15030021779239178,16.0,-0.8698443677276373
2024-10-07,-0.30873645725660026,8.0,-0.9134380710311234
2024-10-08,0.05939823420097431,15.0,-0.3366145738400519
2024-10-09,-0.10177272695171483,17.0,-0.6462117826566101
2024-10-10,0.20132475323043764,12.0,-0.29963649809360504
2024-10-11,-0.24382692515369384,31.0,-0.9226594407809898
2024-10-12,-0.11024363804608583,34.0,-0.9098828743315406
2024-10-13,-0.20057023456320167,16.0,-0.8975454322062433
2024-10-14,-0.30124880416939653,15.0,-0.8863585975486785
2024-10-15,-0.006231923460621725,22.0,-0.7100779144093394
2024-10-16,-0.42022340351508725,18.0,-0.9518428767099977
2024-10-17,-0.027132167890667917,25.0,-0.754974520765245
2024-10-18,-0.034446212957846,16.0,-0.8912978078005835
2024-10-19,0.07519029816612602,10.0,-0.21144333854317665
2024-10-20,-0.22977391159575847,9.0,-0.9030920461130639
2024-10-21,-0.3964805649076071,9.0,-0.923824925130854
2024-10-22,-0.060091997056992516,18.0,-0.8989350699819625
2024-10-23,-0.3527948404662311,31.0,-0.9443372318637557
2024-10-24,-0.027397657395340502,28.0,-0.8934906621995781
2024-10-25,0.1560616111382842,18.0,-0.4241599222645164
2024-10-26,-0.21513045532628894,22.0,-0.8070734652380148
2024-10-27,-0.2544153604264322,19.0,-0.8856545682996512
2024-10-28,0.07385282104627953,9.0,-0.45044820693631965
2024-10-29,0.2344787884503603,15.0,-0.4725792407989502
2024-10-30,-0.20912653865292669,25.0,-0.9216264316679111
2024-10-31,0.11645182118038921,17.0,-0.5512118369340897
2024-11-01,0.06427228028097978,13.0,-0.6806525313295424
2024-11-02,-0.008659426433344683,18.0,-0.71517249122262
2024-11-03,-0.06389175708356656,19.0,-0.6996529756113887
2024-11-04,0.1097062445866565,6.0,-0.8635239354334772
2024-11-05,-0.06843956702334039,17.0,-0.8254471309483051
2024-11-06,-0.09731701328060947,26.0,-0.7801607393526605
2024-11-07,-0.0013593939048322764,11.0,-0.3769035693258047
2024-11-08,-0.0008286942782647469,17.0,-0.5880686057731509
2024-11-09,-0.07296240093186497,25.0,-0.543493453346725
2024-11-10,-0.17691001116431185,7.0,-0.8335193649400026
2024-11-11,0.21398208697792143,8.0,-0.27359684742987156
2024-11-12,0.10136593896895647,20.0,-0.6029520535841584
2024-11-13,0.03824907891323854,29.0,-0.7711341573158279
2024-11-14,0.05704891942441463,25.0,-0.6316640110952514
2024-11-15,0.22903134651920376,17.0,-0.6086798947304487
2024-11-16,-0.03732853558742338,18.0,-0.9008399480953813
2024-11-17,-0.2149548763409257,8.0,-0.9387152958661318
2024-11-18,0.23635876551270485,8.0,-0.11155453510582447
2024-11-19,-0.16496100842666167,26.0,-0.9232343396704111
2024-11-20,0.03663756729414066,24.0,-0.4846827522851527
2024-11-21,-0.14694543415680528,18.0,-0.7721944857388735
2024-11-22,0.180845699230717,22.0,-0.5572184772851566
2024-11-23,0.0459849271350182,13.0,-0.7566178045235574
2024-11-24,-0.19003196505622733,9.0,-0.9145580939948559
2024-11-25,-0.26431011911481617,5.0,-0.8566412082873285
2024-11-26,-0.059105814349922264,11.0,-0.9298827834427357
2024-11-27,-0.09415724166833303,17.0,-0.5852183885872364
2024-11-28,0.14319187857429772,17.0,-0.7495368894189596
2024-11-29,-0.10539401202861752,14.0,-0.639472538838163
2024-11-30,-0.12966905068606138,12.0,-0.528282151867946
2024-12-01,-0.13383870147582558,9.0,-0.4162986498946945
2024-12-02,-0.13499190328134733,11.0,-0.7809947539741794
2024-12-03,0.16656104489964874,19.0,-0.40824971832334994
2024-12-04,-0.04153278352872979,31.0,-0.7516536894254386
2024-12-05,-0.2722001042217016,20.0,-0.913819826580584
2024-12-06,-0.021392216781775157,15.0,-0.7387102502398193
2024-12-07,-0.025534030438090365,24.0,-0.7664696568002304
2024-12-08,-0.33906817459501326,8.0,-0.896067057736218
2024-12-09,-0.3683484758560856,6.0,-0.8048299755901098
2024-12-10,0.013829220157976333,13.0,-0.6844512647949159
2024-12-11,0.11807354776696725,11.0,-0.8722015597547094
2024-12-12,-0.24383952864445746,16.0,-0.871759244473651
2024-12-13,-0.18061455870595047,17.0,-0.9133357293903828
2024-12-14,-0.0807806997327134,24.0,-0.9322437957550088
2024-12-15,0.19630341567099094,10.0,-0.5016434987386068
2024-12-16,-0.21492018907641372,12.0,-0.897376844038566
2024-12-17,0.05739432151484139,17.0,-0.7317748695611954
2024-12-18,0.1689192740013823,16.0,-0.33546009939163923
2024-12-19,0.002481961188217004,15.0,-0.6803440765943378
2024-12-20,-0.22169547386001795,20.0,-0.9433880613185466
2024-12-21,-0.1356316754439225,24.0,-0.7359904789676269
2024-12-22,0.011063879588618875,4.0,-0.07242404483258724
2024-12-23,0.3390514166094363,4.0,0.20096823200583458
2024-12-24,0.004873777351652582,12.0,-0.6028776088108619
2024-12-25,0.20686605065647098,9.0,-0.42154781768719357
2024-12-26,0.4074302253623803,6.0,-0.09642013907432556
2024-12-27,0.16990452779767415,12.0,-0.4797456090648969
2024-12-28,0.19228076788463763,14.0,-0.4904904402792454
2024-12-29,0.04598034266382456,6.0,-0.4301271792501211
2024-12-30,0.07490578293800354,1.0,0.07490578293800354
2024-12-31,0.15575113827362658,10.0,-0.30506580509245396
2025-01-01,0.10326491164353986,12.0,-0.7903740763043364
2025-01-02,0.06232776236720383,4.0,-0.19629469886422157
2025-01-03,-0.3640068576417186,11.0,-0.9419954397405187
2025-01-04,-0.0874880210030824,10.0,-0.8884285039578875
2025-01-05,-0.01595774439296552,7.0,-0.8938310639932752
2025-01-06,0.3052298710681498,2.0,0.0021030716598033905
2025-01-07,0.01164184155111963,11.0,-0.6237019194910923
2025-01-08,-0.3973601225297898,4.0,-0.9599597482010722
2025-01-09,-0.10327005658585292,13.0,-0.9217779687605798
2025-01-10,-0.13208174581329027,12.0,-0.7800284257779518
2025-01-11,0.03787490314639667,51.0,-0.06143852824775072
2025-01-12,0.11072966487457354,6.0,-0.02848748490214348
2025-01-13,-0.0635433470431183,7.0,-0.7450786929111928
2025-01-14,0.1065900523046201,11.0,-0.5021868462984761
2025-01-15,-0.2801303170113401,11.0,-0.9287629667669535
2025-01-16,-0.029523030482232572,10.0,-0.6331689190119505
2025-01-17,0.025948327451356147,19.0,-0.5072024453431367
2025-01-18,-0.031383408806644954,13.0,-0.4271235289052129
2025-01-19,-0.0065088760107755664,5.0,-0.5355384182184935
2025-01-20,-0.08727010370542605,6.0,-0.5660660415887833
2025-01-21,0.2674795459024608,6.0,-0.4448521984741092
2025-01-22,-0.17932399548590183,14.0,-0.9288085233420134
2025-01-23,-0.008134542778134347,10.0,-0.5607011827329794
2025-01-24,-0.20238811615854502,8.0,-0.8919416829012334
2025-01-25,-0.014929934094349543,9.0,-0.5578743337343136
2025-01-26,0.20892983651719987,4.0,-0.8812284972518682
2025-01-27,0.4325416445111235,3.0,-0.00032067298889160156
2025-01-28,-0.4948892693966627,5.0,-0.9510401403531432
2025-01-29,0.19210793491220102,16.0,-0.6213973436970264
2025-01-30,-0.050125873514584134,7.0,-0.6329157608561218
2025-01-31,0.09472600213037087,13.0,-0.9037999995052814
2025-02-01,-0.32482411060482264,13.0,-0.9413048133719712
2025-02-02,0.07755916079299317,9.0,-0.2910163101429741
2025-02-03,-0.2312788032577373,8.0,-0.9258821252733469
2025-02-04,0.013998314538704497,14.0,-0.5930345652159303
2025-02-05,-0.08268615245245971,13.0,-0.6850916831754148
2025-02-06,-0.10877762916252802,19.0,-0.8582319954410196
2025-02-07,0.09298654459416866,14.0,-0.5722994063980877
2025-02-08,-0.3007328636711463,20.0,-0.9604632419534027
2025-02-09,-0.585202619957272,8.0,-0.9608468075748533
2025-02-10,0.04863890982232988,4.0,-0.954413597472012
2025-02-11,-0.06493600652637807,11.0,-0.9420106600349148
2025-02-12,0.12927820134791546,16.0,-0.7761204076232389
2025-02-13,0.3167201824253425,8.0,-0.32247914420440793
2025-02-14,-0.041951289121061566,10.0,-0.7936418177559972
2025-02-15,0.21203736467286943,20.0,-0.29744938760995865
2025-02-16,0.011695065069943666,4.0,-0.048803310841321945
2025-02-17,0.41961067728698254,2.0,0.042676206678152084
2025-02-18,-0.18525017835199833,10.0,-0.9186406635368863
2025-02-19,0.31697824792089785,11.0,-0.24676843732595444
2025-02-20,0.30702775227837265,16.0,-0.2581978258676827
2025-02-21,0.012585012072866613,22.0,-0.6398770123099288
2025-02-22,-0.03488463810399959,19.0,-0.6920509541407227
2025-02-23,-0.031873450987040995,5.0,-0.5903519103303552
2025-02-24,0.44181040007000166,6.0,0.11678456561639905
2025-02-25,0.024334810400272116,17.0,-0.5581167047843337
2025-02-26,0.23922216380015016,10.0,-0.017622593169411022
2025-02-27,-0.18959493589188373,7.0,-0.8917221128940582
2025-02-28,-0.16078631533309817,18.0,-0.7988120898604393
2025-03-01,0.07807915617844888,21.0,-0.4217901793308556
2025-03-02,0.20400195990634315,17.0,-0.26529013738036156
2025-03-03,-0.28521340852603316,6.0,-0.8880145754665136
2025-03-04,0.015212991554290057,25.0,-0.7938323062844574
2025-03-05,0.06069077740733822,15.0,-0.7482954616425559
2025-03-06,0.01827428544707158,17.0,-0.7660973645746708
2025-03-07,0.20505453379203875,15.0,-0.1926476303488016
2025-03-08,0.22315718348209673,13.0,-0.23124902974814177
2025-03-09,0.08736856055579015,7.0,-0.8618256594054401
2025-03-10,-0.3585979901254177,8.0,-0.909888117108494
2025-03-11,0.2332176726311445,20.0,-0.321338314935565
2025-03-12,0.15855146284836033,12.0,-0.6982658201207718
2025-03-13,-0.3083923298480182,29.0,-0.9178103499580175
2025-03-14,-0.19039150927629736,18.0,-0.9326076835393906
2025-03-15,0.09882872046104499,7.0,-0.4167127339169383
2025-03-16,-0.5005858818896942,9.0,-0.9547642596686879
2025-03-17,0.3256290660550197,6.0,-0.3337554018944502
2025-03-18,-0.12184331528842449,20.0,-0.8776199677959085
2025-03-19,0.09354654599267703,13.0,-0.15246361959725618
2025-03-20,-0.11675456838889255,9.0,-0.6366919307038188
2025-03-21,0.08288881635027272,21.0,-0.5435103668520848
2025-03-22,0.01579938930543986,11.0,-0.8865198567509651
2025-03-23,0.25566039731105167,3.0,0.045883143320679665
2025-03-24,-0.14900605026632546,5.0,-0.7100914209149778
2025-03-25,-0.14705091188935673,17.0,-0.9316262098029255
2025-03-26,0.12262996561317281,33.0,-0.61570418977903
2025-03-27,-0.15909453634653362,31.0,-0.8768169389804825
2025-03-28,0.0915200486779213,15.0,-0.5259448797442019
2025-03-29,-0.06083151451312006,20.0,-0.8744578812271356
2025-03-30,-0.2840097454479999,9.0,-0.7914077937602997
2025-03-31,-0.842671774327755,1.0,-0.842671774327755
2025-04-01,-0.0022695351185070146,9.0,-0.5059287566691637
2025-04-02,-0.030290189864380018,7.0,-0.5610256511718035
2025-04-03,-0.07430627724776666,12.0,-0.8396458079417547
2025-04-04,-0.07251344773579728,22.0,-0.8007511900117
2025-04-05,0.15685250009927484,18.0,-0.5229035917669534
2025-04-06,-0.2091642408631742,12.0,-0.878709412800769
2025-04-07,-0.14315976231144026,13.0,-0.6772784036584198
2025-04-08,-0.26872453852914846,13.0,-0.732591878157109
2025-04-09,-0.051956723659084394,13.0,-0.6806470449082553
2025-04-10,-0.21297722843221642,22.0,-0.857270073145628
2025-04-11,-0.11923973219977184,22.0,-0.785303813094894
2025-04-12,0.015067303976552053,11.0,-0.6187274232506752
2025-04-13,-0.037258960099683866,9.0,-0.377936739474535
2025-04-14,0.005943832326341759,11.0,-0.703335244829456
2025-04-15,-0.1784713996781243,9.0,-0.6120357178151608
2025-04-16,-0.012552864055204041,17.0,-0.8794783101417124
2025-04-17,-0.03947446921042034,21.0,-0.6495259584238132
2025-04-18,0.12605736477300525,25.0,-0.6441343638247677
2025-04-19,0.008889406337402761,16.0,-0.909581957384944
2025-04-20,-0.2113522374071181,10.0,-0.8686093442762891
2025-04-21,-0.3333163646479639,13.0,-0.9532709509367123
2025-04-22,-0.09029751952039078,16.0,-0.7749975649639964
2025-04-23,-0.12271344979914527,24.0,-0.8934567162456611
2025-04-24,0.0193810441785238,11.0,-0.9014956994603077
2025-04-25,-0.1091662571610262,12.0,-0.8917792939270536
2025-04-26,0.10985551411776166,19.0,-0.4630405556410551
2025-04-27,-0.1023126298096031,12.0,-0.6787987425923347
2025-04-28,0.20979198060619333,12.0,-0.3015767950564623
2025-04-29,-0.12006351077242901,19.0,-0.7054526999592781
2025-04-30,0.006691268555098964,31.0,-0.8216550539946184
2025-05-01,-0.05476619073135011,17.0,-0.6354579104110598
2025-05-02,-0.029880119826305996,11.0,-0.6429989856357375
2025-05-03,0.019476427353526417,19.0,-0.5962900802493095
2025-05-04,0.0667479595169425,5.0,-0.4511631904169917
2025-05-05,0.2798709954756002,6.0,-0.19242739491164684
2025-05-06,-0.05686899012653157,16.0,-0.6469197603873909
2025-05-07,-0.1567336323981484,12.0,-0.8848284309109052
2025-05-08,-0.14292920376597482,22.0,-0.9383214831662675
2025-05-09,-0.28176780642631155,6.0,-0.9616043746937066
2025-05-10,0.14587635942734778,12.0,-0.6944017807642618
2025-05-11,0.06695290536365726,11.0,-0.6221603800853094
2025-05-12,0.15841466215040004,7.0,-0.2628932371735573
2025-05-13,-0.19104462023824453,10.0,-0.9399266367157301
2025-05-14,-0.3100570646425088,15.0,-0.9296484030783176
2025-05-15,0.013690202993651231,15.0,-0.6969881223049015
2025-05-16,-0.03972206991165876,15.0,-0.83944400283508
2025-05-17,0.034668318927288055,9.0,-0.6318676682809988
2025-05-18,-0.14192480190346637,12.0,-0.9227043241262436
2025-05-19,-0.0940183022369941,12.0,-0.7270372298856577
2025-05-20,-0.010618228664887803,14.0,-0.46157821640372276
2025-05-21,0.021374323786321012,22.0,-0.5409921750736734
2025-05-22,0.31895345203917136,11.0,0.06859439549346764
2025-05-23,-0.12197586639291223,17.0,-0.689976132195443
2025-05-24,-0.30314471051096914,15.0,-0.8789070800412446
2025-05-25,-0.42986452765762806,6.0,-0.9256463297642767
2025-05-26,0.17002770360559225,10.0,-0.30472567056616146
2025-05-27,0.190528953820467,5.0,-0.26039569452404976
2025-05-28,-0.2108685521201955,9.0,-0.8662736450011531
2025-05-29,-0.07668704118224837,21.0,-0.8656318744954964
2025-05-30,0.4451607006432658,22.0,-0.22983684918532768
2025-05-31,0.04495348186733631,13.0,-0.6206330102868378
2025-06-01,0.46992395678535104,2.0,0.11958530638366938
2025-06-02,-0.21178333026667437,9.0,-0.7787291749070088
2025-06-03,-0.07287969850585796,16.0,-0.9158535675378516
2025-06-04,-0.054666837156914616,17.0,-0.6188790234737098
2025-06-05,-0.39728175996181864,12.0,-0.9308132926623026
2025-06-06,-0.11794361085630953,20.0,-0.8927026616409421
2025-06-07,-0.09183362359181046,38.0,-0.9129058011807502
2025-06-08,-0.08663355663199634,17.0,-0.9145694589242339
2025-06-09,-0.084611303838236,7.0,-0.7673415220342577
2025-06-10,-0.43723859306838775,9.0,-0.9400170451651017
2025-06-11,-0.1374148322890202,21.0,-0.7972880522720516
2025-06-12,0.19414809212321416,16.0,-0.8551113924477249
2025-06-13,0.2957175417936274,7.0,-0.34742594696581364
2025-06-14,0.04411047650501132,20.0,-0.645912329480052
2025-06-15,-0.2219542936525411,9.0,-0.8973275205741326
2025-06-16,-0.2219542936525411,0.0,-0.8973275205741326
2025-06-17,-0.2219542936525411,0.0,-0.8973275205741326
2025-06-18,-0.2219542936525411,0.0,-0.8973275205741326
2025-06-19,-0.2219542936525411,0.0,-0.8973275205741326
2025-06-20,-0.2219542936525411,0.0,-0.8973275205741326
2025-06-21,-0.2219542936525411,0.0,-0.8973275205741326
2025-06-22,-0.2219542936525411,0.0,-0.8973275205741326
2025-06-23,-0.2219542936525411,0.0,-0.8973275205741326
2025-06-24,-0.2219542936525411,0.0,-0.8973275205741326
2025-06-25,-0.2219542936525411,0.0,-0.8973275205741326
2025-06-26,-0.2219542936525411,0.0,-0.8973275205741326
2025-06-27,-0.2219542936525411,0.0,-0.8973275205741326
2025-06-28,-0.2219542936525411,0.0,-0.8973275205741326
2025-06-29,-0.2219542936525411,0.0,-0.8973275205741326
2025-06-30,-0.2219542936525411,0.0,-0.8973275205741326
2025-07-01,-0.2219542936525411,0.0,-0.8973275205741326
2025-07-02,-0.2219542936525411,0.0,-0.8973275205741326
2025-07-03,0.2542299385182559,10.0,-0.5099945912758509
2025-07-04,-0.32587971148843115,11.0,-0.869342725413541
2025-07-05,0.005219346455608805,12.0,-0.6102846786379814
2025-07-06,-0.6034410119884543,9.0,-0.941578338543574
2025-07-07,-0.044197886561354004,9.0,-0.610427183099091
2025-07-08,-0.18195061771465199,14.0,-0.8772186767309904
2025-07-09,-0.06245604678988457,15.0,-0.830847620498389
2025-07-10,0.09052184901454231,11.0,-0.8617519636948904
2025-07-11,0.39984258642476617,33.0,-0.36025993267281187
2025-07-12,-0.3600930432375107,18.0,-0.9290406718850136
2025-07-13,0.44973830379207025,11.0,-0.3157201185822487
2025-07-14,-0.3277170775458217,5.0,-0.9329801755957305
2025-07-15,0.0383402518928051,19.0,-0.7159227618947626
2025-07-16,0.14857727809188268,12.0,-0.48522016561279696
2025-07-17,-0.08974485066054123,14.0,-0.7848991593346
2025-07-18,-0.11373746464960277,4.0,-0.9600748335942626
2025-07-19,-0.15347289953691265,12.0,-0.7911795107647777
2025-07-20,0.015596968587487936,14.0,-0.5367278351914138
2025-07-21,-0.37312106788158417,6.0,-0.8480266407132149
2025-07-22,-0.307152401381994,17.0,-0.8484407128766179
2025-07-23,-0.3142117764084385,26.0,-0.9026165471545288
2025-07-24,-0.055690214249559424,11.0,-0.8425169096638759
2025-07-25,0.027179785919460384,11.0,-0.5467704894642035
2025-07-26,-0.053826082999316543,13.0,-0.6208792561665177
2025-07-27,-0.13555660855490714,8.0,-0.6354240421205759
2025-07-28,0.26570725385099647,5.0,-0.24883951246738434
2025-07-29,0.10714580623122553,18.0,-0.7031565975397825
2025-07-30,-0.18205817715663994,14.0,-0.812758995918557
2025-07-31,-0.0025133572737960253,17.0,-0.9333647236227989
2025-08-01,-0.25264802264670533,12.0,-0.9402288105338812
2025-08-02,-0.10393507530291875,15.0,-0.8614234891720116
2025-08-03,0.4007652520846862,13.0,-0.0626218318939209
2025-08-04,0.18842346351593733,5.0,-0.018034113571047783
2025-08-05,-0.16527177579700947,9.0,-0.8676024886469046
2025-08-06,0.11972346374144156,12.0,-0.07178454473614693
2025-08-07,-0.028811310324817895,10.0,-0.5824687251200279
2025-08-08,0.1378460804000497,20.0,-0.683142633549869
2025-08-09,-0.2158953422266576,18.0,-0.891994777135551
2025-08-10,-0.22614878276363015,10.0,-0.9297894841680924
2025-08-11,-0.2782188525889069,4.0,-0.9248398970812559
2025-08-12,0.07324719573371112,20.0,-0.6540346613153816
2025-08-13,-0.5243431263986755,17.0,-0.9241796547546983
2025-08-14,0.07674956684441943,19.0,-0.5661187628284097
2025-08-15,-0.011676623718813062,10.0,-0.9417664054781199
2025-08-16,0.004508842647607837,14.0,-0.5606280791107565
2025-08-17,0.18350848369300365,11.0,-0.3945981202026208
2025-08-18,-0.2069108410117527,6.0,-0.6100666248239577
2025-08-19,-0.10671952107389059,14.0,-0.8441702486015856
2025-08-20,-0.05673042464217073,19.0,-0.8343054922297597
2025-08-21,-0.08141190689057112,20.0,-0.9421481501311064
2025-08-22,-0.05743436617194675,16.0,-0.7966804349562153
2025-08-23,-0.1263109339205058,19.0,-0.8007544230669736
2025-08-24,-0.6512946715312344,7.0,-0.9253335539251566
2025-08-25,-0.24592031678184867,12.0,-0.9312954305981597
2025-08-26,-0.13258473916600147,6.0,-0.5741251613944769
2025-08-27,0.06692665197293866,22.0,-0.6388346183424195
2025-08-28,-0.1577233643512483,27.0,-0.7934892013935106
2025-08-29,-0.4767807578900829,16.0,-0.9273689389228821
2025-08-30,-0.1759576906915754,16.0,-0.937672218773514
2025-08-31,-0.31251595883319777,9.0,-0.8712316841507951
2025-09-01,-0.4857994541525841,2.0,-0.9400899671018124
2025-09-02,0.2919848537072539,5.0,-0.03429492935538292
2025-09-03,-0.2293154316643874,15.0,-0.9457973055541515
2025-09-04,-0.14770062847269905,9.0,-0.49187756019334
2025-09-05,-0.14630963432136923,16.0,-0.9159319661557674
2025-09-06,0.02009810857474804,25.0,-0.7379189402397189
2025-09-07,-0.252685211909314,12.0,-0.7347011094292005
2025-09-08,-0.09686452283390931,7.0,-0.68171167653054
2025-09-09,0.04947496329744657,12.0,-0.7051237747073174
2025-09-10,-0.09141192597647509,15.0,-0.44882305432111025
2025-09-11,-0.1877976432442665,17.0,-0.8800738776102662
2025-09-12,-0.0963722685765889,18.0,-0.6918582767248154
2025-09-13,-0.11887472547176811,18.0,-0.8667882623150944
2025-09-14,0.4011114938184619,8.0,0.030971684493124485
2025-09-15,0.13531961245462298,10.0,-0.3104214562724034
2025-09-16,-0.0016805732622742653,15.0,-0.7718241366092116
2025-09-17,-0.09619288713050385,24.0,-0.8787833320287367
2025-09-18,-0.08892625675071031,24.0,-0.6998235379966596
2025-09-19,-0.16352870383937107,19.0,-0.9132192991673946
2025-09-20,0.10814975955608216,11.0,-0.41760563229521114
2025-09-21,0.016820399028559526,15.0,-0.7899069231934845
2025-09-22,-0.2773622727642457,15.0,-0.9142357092350721
2025-09-23,-0.07202573847025633,10.0,-0.8735660572225848
2025-09-24,-0.09124508171031873,15.0,-0.9161025481298566
2025-09-25,-0.10527642711531371,16.0,-0.8738465984351933
2025-09-26,-0.09505421947687864,15.0,-0.8539922116324306
2025-09-27,0.032002934183065705,13.0,-0.8220493444241583
2025-09-28,-0.21401849770071832,11.0,-0.8658869502445062
2025-09-29,0.055494995787739754,7.0,-0.09481036476790905
2025-09-30,-0.21281546870754522,11.0,-0.7944333720952272
2025-10-01,-0.13982873276108876,16.0,-0.8751125987619162
2025-10-02,-0.053932966373395175,16.0,-0.8704680539667606
2025-10-03,-0.27475261214810115,12.0,-0.9164853695159157
2025-10-04,-0.1840402029454708,10.0,-0.9148092586547136
2025-10-05,0.0016593879295719995,9.0,-0.3739635009939472
2025-10-06,0.05430191631118456,3.0,-0.015102051198482513
2025-10-07,0.04447557969639699,15.0,-0.8912218068726361
2025-10-08,-0.17708357679657638,16.0,-0.9208116349764168
2025-10-09,-0.20632021200771516,13.0,-0.9359354523476213
2025-10-10,-0.25919456376383704,12.0,-0.9368792821963629
2025-10-11,-0.19502384986051105,11.0,-0.8970448120186726
2025-10-12,-0.36471646884456277,8.0,-0.8553851488977671
2025-10-13,-0.14253037562593818,4.0,-0.959256324917078
2025-10-14,-0.5634291153401136,14.0,-0.9486465314403176
2025-10-15,0.18866848488422958,11.0,-0.4373139499997099
2025-10-16,-0.2506041475213491,13.0,-0.71136026782915
2025-10-17,0.15110285437720664,17.0,-0.22440456114709378
2025-10-18,0.05069073929917067,8.0,-0.19717473164200783
2025-10-19,0.28552341589238495,8.0,-0.9167958083562553
2025-10-20,0.2902658227831125,3.0,0.10586976259946823
2025-10-21,-0.1799234694668225,7.0,-0.8168241968378425
2025-10-22,-0.03540925380702202,13.0,-0.762485867831856
2025-10-23,0.04485213800388224,17.0,-0.7085489258170128
2025-10-24,0.10978773351320449,17.0,-0.5713788807392121
2025-10-25,-0.042098485042943674,17.0,-0.8706989530473948
2025-10-26,0.5111612863838673,5.0,0.045841459184885025
2025-10-27,0.0638939921433727,6.0,-0.5689947940409184
2025-10-28,0.42642347104847433,5.0,0.0004929006099700928
2025-10-29,0.19302241983158247,7.0,0.006228769198060036
2025-10-30,0.35891914026190835,6.0,-0.009176641702651978
2025-10-31,0.06433710109974657,7.0,-0.8330485466867685
2025-11-01,-0.17154667179354213,11.0,-0.8904425300036868
2025-11-02,-0.00396043062210083,12.0,-0.6334967715665698
2025-11-03,-0.07108826069161296,10.0,-0.7020179141933719
2025-11-04,0.10492252502590418,10.0,-0.6294930269941688
2025-11-05,0.0561271824925724,18.0,-0.7701446676626802
2025-11-06,-0.07852429862726819,11.0,-0.6177091250816981
2025-11-07,0.21764708744982877,12.0,-0.3837048038840294
2025-11-08,-0.5549616442993284,10.0,-0.9249072900662819
2025-11-09,-0.08255477078879873,6.0,-0.8458559457212687
2025-11-10,-0.25433647027239203,6.0,-0.775687794201076
2025-11-11,0.12449397662511238,13.0,-0.6845678735990077
2025-11-12,0.21127061473412645,9.0,-0.31065697719653446
2025-11-13,0.12283433332211441,9.0,-0.4441763504097859
2025-11-14,-0.14350631274282932,6.0,-0.7845929022878408
2025-11-15,0.05507993085407897,19.0,-0.6076516449451447
2025-11-16,-0.0005092588676647706,22.0,-0.4327319062625368
2025-11-17,0.1652499157935381,7.0,-0.032519951462745667
2025-11-18,0.009750119503587484,10.0,-0.7421993849178156
2025-11-19,-0.028603538032621147,10.0,-0.5982724002872905
2025-11-20,-0.03234658974476836,11.0,-0.6389008611440659
2025-11-21,-0.3363315910100937,19.0,-0.9480865616351366
2025-11-22,-0.06925392015413805,11.0,-0.9329078840091825
2025-11-23,-0.1707888992333954,11.0,-0.7209745819369952
2025-11-24,-0.1707888992333954,0.0,-0.7209745819369952
2025-11-25,-0.1707888992333954,0.0,-0.7209745819369952
2025-11-26,-0.1707888992333954,0.0,-0.7209745819369952
2025-11-27,-0.1707888992333954,0.0,-0.7209745819369952
2025-11-28,-0.1707888992333954,0.0,-0.7209745819369952
2025-11-29,-0.1707888992333954,0.0,-0.7209745819369952
2025-11-30,-0.1707888992333954,0.0,-0.7209745819369952
2025-12-01,0.00836724191904068,5.0,-0.8774922853335738
2025-12-02,-0.22603557325367415,14.0,-0.9424873571842909
2025-12-03,0.08657710305932495,9.0,-0.2628432549536228
2025-12-04,-0.31275127954514964,14.0,-0.9560275487601757
2025-12-05,0.07824960630387068,4.0,-0.9200568776577711
2025-12-06,-0.35220276087056845,8.0,-0.9612897150218487
2025-12-07,-0.35220276087056845,0.0,-0.9612897150218487
2025-12-08,0.020406300202012062,7.0,-0.5433050314895809
2025-12-09,-0.30255414061248304,10.0,-0.9475228190422058
2025-12-10,0.25697765418638785,15.0,-0.7848184492904693
2025-12-11,0.04291581047269014,13.0,-0.7118156424257904
2025-12-12,0.09958330713785611,13.0,-0.45126066356897354
2025-12-13,-0.19654536984550455,18.0,-0.939612238202244
2025-12-14,-0.6196339454036206,4.0,-0.9574582949280739
2025-12-15,0.09129811929804939,7.0,-0.4784177513793111
2025-12-16,0.00538657505530864,20.0,-0.815156018268317
2025-12-17,-0.0065529127402797985,23.0,-0.8479785228458544
2025-12-18,-0.01858324550890497,14.0,-0.7397168553434312
2025-12-19,-0.06112884579315072,21.0,-0.6729276965682706
2025-12-20,-0.2139272949156853,13.0,-0.8882820548024029
2025-12-21,-0.2984371797979942,14.0,-0.9506723992526531
2025-12-22,0.2466629946914812,6.0,-0.34354678727686405
2025-12-23,0.32872009817510844,5.0,0.02040253486484289
2025-12-24,-0.011872631830296345,14.0,-0.6889004290569574
2025-12-25,-0.190971855345803,24.0,-0.9390477673150599
2025-12-26,-0.3528802303597331,5.0,-0.9313191925175488
2025-12-27,-0.06245224699378014,10.0,-0.6645627251515785
2025-12-28,0.13349351431760523,9.0,-0.36078173108398914
2025-12-29,0.06733965105377138,8.0,-0.8022071868181229
2025-12-30,-0.06948142017548282,12.0,-0.9386231753354272
2025-12-31,-0.129306873655878,8.0,-0.9295315938070416
2026-01-01,0.08438038162421435,8.0,-0.5302237495779991
2026-01-02,0.023350726879600967,14.0,-0.5812940658070147
2026-01-03,0.14027575797473008,13.0,-0.6634770191740245
2026-01-04,-0.009158195927739143,2.0,-0.8478948436677456
2026-01-05,-0.22169338027015328,6.0,-0.7753177471458912
2026-01-06,-0.4249961758032441,6.0,-0.8844214333221316
2026-01-07,-0.13764917504574573,7.0,-0.5723435403779149
2026-01-08,0.02862676122987812,11.0,-0.388532488917311
2026-01-09,-0.029494342549393576,12.0,-0.7893003824477395
2026-01-10,-0.16714002817337,14.0,-0.7199320076033473
2026-01-11,0.028278920178612072,6.0,-0.0386726064607501
2026-01-12,-0.06932915784418583,5.0,-0.8323664180934429
2026-01-13,-0.03940767758259816,14.0,-0.812462255358696
2026-01-14,-0.3158242028827469,15.0,-0.9581428130622953
2026-01-15,-0.13194726866980394,15.0,-0.8629571457859129
2026-01-16,-0.17592317926195952,13.0,-0.8872295939363539
2026-01-17,-0.057592255435884,15.0,-0.5178530164994299
2026-01-18,-0.28158329161150114,7.0,-0.9522999771870673
2026-01-19,0.26262477971613407,4.0,0.04666760005056858
2026-01-20,0.17923270370811223,5.0,0.05784103833138943
2026-01-21,0.15673038976577422,12.0,-0.5061474939187368
2026-01-22,-0.43837382373484696,11.0,-0.9165152019510666
2026-01-23,-0.23768278290159428,13.0,-0.9267425967846066
2026-01-24,0.06969212616483371,3.0,-0.5954544767737389
2026-01-25,-0.5049939131364226,5.0,-0.9023892520926893
2026-01-26,-0.22162630036473274,5.0,-0.8889586683362722
2026-01-27,0.17892137837285796,12.0,-0.4682467393577099
2026-01-28,0.237508206628263,4.0,-0.8375893905758858
2026-01-29,-0.4680379252466891,9.0,-0.9345578582336506
2026-01-30,0.18245275960200363,9.0,-0.21832299729188284
2026-01-31,0.12303635995421144,9.0,-0.5469949180260301
2026-02-01,-0.014803267549723387,6.0,-0.4900502501986921
2026-02-02,-0.025734901428222656,5.0,-0.942328835837543
2026-02-03,-0.0663975513755129,13.0,-0.7265681296121329
2026-02-04,-0.37265127804130316,7.0,-0.948345382232219
2026-02-05,-0.0323715822564231,9.0,-0.6408538287505507
2026-02-06,0.03883802588097751,12.0,-0.7973205062250296
2026-02-07,-0.2960805458327134,3.0,-0.6598153114318848
2026-02-08,-0.29098905622959137,7.0,-0.9261572081595659
2026-02-09,-0.011277597397565842,1.0,-0.011277597397565842
2026-02-10,-0.031937386840581894,11.0,-0.8363888015349706
2026-02-11,-0.3619832146912813,10.0,-0.92460119475921
2026-02-12,-0.4459539115196094,8.0,-0.9138091979548335
2026-02-13,-0.18383128964342177,12.0,-0.8137285221988956
2026-02-14,0.058034455004547326,7.0,-0.43553916085511446
2026-02-15,-0.04256512504070997,8.0,-0.8307151887565851
2026-02-16,0.2724706756416708,8.0,-0.47518579475581646
2026-02-17,0.23170688434814413,15.0,-0.6206939283292741
2026-02-18,0.11269834140936534,15.0,-0.3690255777910352
2026-02-19,-0.008826222374207444,9.0,-0.6328157189612588
2026-02-20,-0.058033567294478415,10.0,-0.8211689578990141
2026-02-21,0.1383663289105663,13.0,-0.1458349679596722
2026-02-22,-0.04430239244053761,6.0,-0.3001456130295992
2026-02-23,0.24595790077000856,4.0,-0.5941735543310642
2026-02-24,-0.0560523442691192,8.0,-0.9523877776227891
2026-02-25,0.013387209456413984,10.0,-0.67140401682506
2026-02-26,0.03909151015492777,12.0,-0.6125426404178143
2026-02-27,-0.38941756224570173,12.0,-0.9337317642445365
2026-02-28,0.18980574365705252,5.0,-0.7638107156381011
2026-03-01,0.18980574365705252,0.0,-0.7638107156381011
2026-03-02,0.1316814549267292,5.0,-0.33509039506316185
2026-03-03,-0.024030868709087373,5.0,-0.43537929840385914
2026-03-04,-0.6022868089688321,36.0,-0.9034659587260749
2026-03-05,0.17445054021663964,16.0,-0.4514434253796935
2026-03-06,-0.4433819183614105,8.0,-0.9019777430221438
2026-03-07,-0.11363341550653179,12.0,-0.8973389609406391
2026-03-08,0.269026218706535,9.0,-0.07120793374876182
2026-03-09,-0.3577792518772185,6.0,-0.886750744190067
2026-03-10,-0.06538435744798997,22.0,-0.7689834681029121
2026-03-11,-0.0366192945562627,23.0,-0.8375782502504686
2026-03-12,-0.163434057792818,22.0,-0.867694530946513
2026-03-13,-0.046008748575471915,13.0,-0.6736901181284338
2026-03-14,-0.3835913185030222,8.0,-0.9577933996915817
2026-03-15,0.23383598285727203,4.0,-0.08815602213144302
2026-03-16,-0.12499172791528206,12.0,-0.6681768605485559
2026-03-17,0.19429552010995776,19.0,-0.4303111430257559
2026-03-18,-0.0421540912772928,21.0,-0.7769178984065851
2026-03-19,0.44020309831414905,7.0,-0.42691390216350555
2026-03-20,-0.3324126459658146,15.0,-0.9518317403271794
2026-03-21,-0.09196634243496439,11.0,-0.9319164864718914
2026-03-22,0.16029338128864765,5.0,-0.02824912592768669
2026-03-23,-0.13656100444495678,4.0,-0.9618468768894672
2026-03-24,-0.7004641054198146,5.0,-0.9311476121656597
2026-03-25,-0.22525526357016393,14.0,-0.8818570093717426
2026-03-26,-0.11765981496622165,6.0,-0.41545513086020947
2026-03-27,-0.3012767229229212,16.0,-0.8242035107687116
2026-03-28,-0.36990143669148284,12.0,-0.9154184752454361
2026-03-29,0.23453480121679604,4.0,-0.08792233467102051
2026-03-30,-0.29992931336164474,6.0,-0.9011607435531914
2026-03-31,-0.3523984681814909,13.0,-0.8968562763184309
2026-04-01,-0.12000729768936123,7.0,-0.8491854835301638
2026-04-02,-0.4328145638864953,16.0,-0.9303077665390447
2026-04-03,-0.26398064180587727,18.0,-0.8971901178359986
2026-04-04,-0.3346980613257204,14.0,-0.783834656002
2026-04-05,-0.3779472199861299,11.0,-0.9091361745571097
2026-04-06,-0.15745589424235126,12.0,-0.9137237357596556
2026-04-07,-0.38571265088394285,10.0,-0.905002704821527
2026-04-08,-0.13203909314636672,21.0,-0.8723956838560601
2026-04-09,-0.6323608571131315,7.0,-0.9530752408318222
2026-04-10,-0.3318376150227299,19.0,-0.9390944262035191
2026-04-11,-0.1595437303185463,17.0,-0.8937584390863776
2026-04-12,-0.3167035992849957,11.0,-0.8893844361106554
2026-04-13,-0.3329865242121741,8.0,-0.9117128155194223
2026-04-14,-0.10166972951794212,11.0,-0.7724243815367421
2026-04-15,-0.1712530050944123,18.0,-0.9242983091622591
2026-04-16,-0.24273391743190587,12.0,-0.9356253963584701
2026-04-17,-0.25760153343435377,16.0,-0.8745975601486862
2026-04-18,-0.07875144716940428,19.0,-0.532264506816864
2026-04-19,-0.4443660390097648,12.0,-0.9434155309572816
2026-04-20,0.19493207335472107,6.0,0.006295192055404186
2026-04-21,-0.10300345048308372,10.0,-0.8208881855631868
2026-04-22,-0.21553090740926564,20.0,-0.9123322667554021
2026-04-23,-0.4589630203807484,23.0,-0.9391908063553274
2026-04-24,-0.39491405319422485,20.0,-0.9503075523301959
2026-04-25,0.09615372878033668,24.0,-0.8056751478773853
2026-04-26,-0.4977904576808214,5.0,-0.7846272271126509
