Date,nasa_t2m,nasa_t2m_max,nasa_t2m_min,nasa_prectotcorr,nasa_allsky_sfc_sw_dwn,nasa_rh2m,nasa_ws2m
2010-01-01,-8.59,-3.4,-11.97,0.0,5.79,86.47,2.88
2010-01-02,-10.63,-7.82,-13.4,0.14,3.53,79.83,2.22
2010-01-03,-9.83,-6.13,-12.08,0.01,4.03,84.24,2.32
2010-01-04,-8.64,-3.19,-12.19,0.01,5.4,83.15,1.37
2010-01-05,-6.69,-2.41,-10.66,0.02,3.82,86.29,2.63
2010-01-06,-6.68,-1.97,-11.83,1.14,3.69,81.38,5.74
2010-01-07,-13.73,-11.14,-17.69,0.0,7.24,64.15,6.5
2010-01-08,-15.09,-9.35,-19.24,0.0,8.41,73.39,2.71
2010-01-09,-13.62,-6.85,-18.78,0.0,9.5,81.95,1.51
2010-01-10,-5.35,4.55,-14.14,0.0,9.77,78.16,3.23
2010-01-11,-1.1,4.89,-4.33,0.01,10.45,90.31,2.3
2010-01-12,-0.28,6.97,-5.0,0.0,10.68,87.57,3.75
2010-01-13,1.33,8.99,-2.66,0.0,11.45,76.97,3.44
2010-01-14,1.43,8.56,-1.33,0.06,10.31,91.59,2.47
2010-01-15,0.56,5.84,-2.25,0.0,10.84,85.94,1.64
2010-01-16,1.58,9.5,-2.26,0.0,10.04,80.78,1.55
2010-01-17,3.0,11.02,-2.53,0.0,10.16,73.71,1.27
2010-01-18,1.33,7.96,-2.07,0.01,4.78,88.64,1.99
2010-01-19,1.47,4.17,-1.24,0.57,3.43,95.13,2.04
2010-01-20,2.09,8.76,-2.16,0.28,5.98,89.66,2.42
2010-01-21,2.47,8.85,-0.58,0.06,4.71,87.37,2.08
2010-01-22,5.35,11.01,-0.51,0.56,8.98,86.87,6.26
2010-01-23,5.35,12.76,-1.29,0.43,11.31,79.06,3.61
2010-01-24,-0.06,4.99,-3.74,0.0,11.11,62.7,6.05
2010-01-25,-0.66,3.46,-4.07,0.0,12.06,51.91,6.44
2010-01-26,-0.94,4.12,-5.07,0.0,12.39,62.73,2.39
2010-01-27,-0.18,6.3,-3.48,0.01,12.35,71.91,3.08
2010-01-28,-4.56,-2.77,-6.78,4.09,4.17,58.75,4.22
2010-01-29,-7.13,-4.01,-9.2,2.31,5.25,79.21,2.93
2010-01-30,-4.44,2.7,-10.06,0.22,11.67,84.96,1.55
2010-01-31,-2.29,2.88,-6.05,0.38,5.79,88.48,3.09
2010-02-01,-1.34,4.13,-4.48,0.06,4.65,85.79,2.02
2010-02-02,-0.05,7.6,-4.11,0.08,12.02,87.86,1.83
2010-02-03,0.88,6.48,-2.63,0.68,6.62,88.05,4.15
2010-02-04,-0.14,1.65,-1.75,5.12,4.3,93.95,2.77
2010-02-05,-0.85,3.46,-4.23,0.37,3.59,89.07,3.08
2010-02-06,-1.05,2.99,-4.05,0.01,6.68,84.53,1.6
2010-02-07,-0.04,3.88,-2.6,0.6,3.61,85.21,1.56
2010-02-08,-3.59,0.21,-8.39,0.23,7.26,66.27,4.68
2010-02-09,-6.32,-1.16,-10.59,0.0,15.54,65.17,4.27
2010-02-10,-4.72,1.47,-11.4,0.0,4.92,77.5,2.92
2010-02-11,-0.11,6.85,-5.74,0.01,13.75,78.26,1.87
2010-02-12,0.75,6.86,-3.1,0.01,14.52,70.29,2.43
2010-02-13,2.41,11.46,-1.98,0.09,13.63,79.73,2.67
2010-02-14,-3.34,-0.12,-6.97,0.03,14.98,49.82,7.88
2010-02-15,-3.1,2.76,-7.05,0.0,13.92,45.21,5.98
2010-02-16,-3.63,1.91,-8.97,0.0,10.94,62.0,3.63
2010-02-17,-0.51,7.91,-8.13,0.03,14.01,64.77,1.47
2010-02-18,2.4,9.81,-1.81,0.49,11.82,73.3,1.96
2010-02-19,0.17,4.51,-2.89,0.4,9.81,83.69,3.04
2010-02-20,-0.81,3.6,-3.47,0.42,4.35,82.64,2.69
2010-02-21,-2.38,0.19,-4.35,5.68,3.82,83.4,4.85
2010-02-22,-3.93,0.04,-6.74,0.41,8.11,71.71,3.59
2010-02-23,-4.49,0.83,-8.34,0.04,13.01,70.09,3.48
2010-02-24,-2.27,6.1,-8.29,0.23,16.15,72.14,2.39
2010-02-25,-1.29,3.73,-5.92,0.79,13.54,75.7,2.78
2010-02-26,1.57,8.95,-2.66,0.0,17.0,72.53,1.89
2010-02-27,1.56,10.25,-3.24,0.0,16.84,75.77,1.83
2010-02-28,0.66,5.73,-3.16,0.02,9.69,76.77,3.52
2010-03-01,-0.46,3.49,-3.99,0.02,7.3,77.78,2.97
2010-03-02,0.43,7.25,-4.34,0.0,14.16,77.3,1.45
2010-03-03,2.96,10.68,-2.02,0.0,17.86,68.76,1.52
2010-03-04,4.71,13.66,-2.77,0.0,18.36,71.29,3.97
2010-03-05,8.06,17.14,-0.43,0.58,14.56,80.03,6.03
2010-03-06,8.0,16.11,1.04,0.01,17.15,74.73,2.46
2010-03-07,6.2,13.8,-3.05,0.03,9.57,81.84,2.16
2010-03-08,9.22,11.5,7.68,10.71,3.81,95.44,4.7
2010-03-09,7.99,13.0,3.32,1.15,7.18,84.18,2.57
2010-03-10,5.07,10.34,1.29,6.3,5.72,79.96,3.57
2010-03-11,3.65,8.07,0.0,1.19,7.63,76.84,5.86
2010-03-12,4.51,9.28,0.76,0.19,7.32,70.92,6.26
2010-03-13,5.47,12.49,0.66,0.01,11.72,75.83,3.63
2010-03-14,5.05,9.36,0.0,0.02,8.87,84.68,4.05
2010-03-15,5.51,10.2,1.18,0.01,16.91,81.17,3.74
2010-03-16,5.24,12.39,0.65,0.0,18.37,73.81,2.61
2010-03-17,4.14,11.88,-2.77,0.0,12.07,71.45,2.15
2010-03-18,8.14,18.78,-3.06,0.0,21.58,61.63,3.98
2010-03-19,1.95,6.45,-3.35,2.02,6.32,77.75,6.25
2010-03-20,-1.96,1.17,-4.07,0.1,6.93,62.8,5.55
2010-03-21,1.84,10.25,-5.99,0.0,22.67,50.34,3.28
2010-03-22,7.31,19.2,-3.03,0.0,19.22,51.43,3.05
2010-03-23,8.34,18.04,0.08,1.05,20.38,70.28,3.96
2010-03-24,4.81,6.95,2.74,7.39,4.24,85.22,5.69
2010-03-25,6.52,14.41,-0.86,0.11,23.48,59.07,3.17
2010-03-26,8.87,17.21,1.03,2.25,18.67,60.65,6.46
2010-03-27,5.18,7.62,3.31,12.47,5.7,85.38,6.32
2010-03-28,7.58,15.73,-0.72,0.0,23.31,60.08,3.79
2010-03-29,12.29,22.6,2.34,0.0,22.4,52.9,4.16
2010-03-30,15.11,25.34,5.86,0.0,19.56,57.63,5.03
2010-03-31,16.94,26.22,7.65,0.0,23.68,59.63,3.21
2010-04-01,18.1,24.6,11.68,0.25,14.03,54.48,6.26
2010-04-02,11.75,17.43,3.64,1.01,23.78,50.21,4.07
2010-04-03,10.99,20.64,1.17,0.0,21.75,48.67,3.88
2010-04-04,12.77,21.76,4.75,0.0,24.01,43.04,2.78
2010-04-05,18.81,28.73,7.18,0.49,23.87,56.08,5.38
2010-04-06,16.69,26.07,5.67,0.01,24.96,44.43,5.65
2010-04-07,5.97,11.47,1.97,1.16,9.41,62.59,5.68
2010-04-08,9.46,16.83,1.52,0.0,23.67,49.95,2.73
2010-04-09,13.94,25.1,3.38,0.0,26.52,43.38,4.68
2010-04-10,15.61,24.11,8.77,0.0,24.88,55.37,2.79
2010-04-11,15.87,23.78,7.93,0.0,20.64,79.88,2.65
2010-04-12,19.25,26.3,12.86,0.0,23.43,70.67,5.07
2010-04-13,19.15,25.47,12.9,0.5,22.85,60.37,7.41
2010-04-14,19.08,24.52,13.57,0.57,16.36,61.75,5.9
2010-04-15,17.76,22.94,12.56,9.15,14.97,75.79,3.9
2010-04-16,11.52,14.89,5.93,3.01,11.31,73.72,3.51
2010-04-17,10.22,18.38,2.21,0.0,26.82,56.39,2.41
2010-04-18,11.46,18.87,5.81,0.0,20.82,64.86,2.51
2010-04-19,12.29,19.68,5.43,0.01,21.56,70.71,2.46
2010-04-20,13.17,19.36,5.77,0.01,14.59,75.01,2.94
2010-04-21,14.19,19.93,8.7,5.48,15.7,82.96,2.0
2010-04-22,17.19,21.57,12.99,22.06,8.57,87.68,4.34
2010-04-23,16.98,22.65,10.48,7.94,26.89,57.45,6.26
2010-04-24,12.7,17.79,6.92,1.42,20.56,68.95,4.47
2010-04-25,14.44,20.71,9.37,0.02,27.54,59.97,5.56
2010-04-26,10.1,15.72,5.3,0.07,25.7,48.21,5.68
2010-04-27,10.7,18.43,2.57,0.0,28.35,56.62,2.81
2010-04-28,17.92,27.58,6.71,0.0,23.13,50.8,7.81
2010-04-29,19.6,28.65,11.05,7.29,25.48,50.97,4.58
2010-04-30,13.12,19.1,7.89,4.57,25.04,57.26,2.5
2010-05-01,12.93,19.39,5.83,0.0,24.19,52.3,1.42
2010-05-02,15.11,22.72,7.04,1.08,26.83,51.53,1.37
2010-05-03,15.53,22.44,7.92,0.01,28.96,50.25,3.17
2010-05-04,19.29,29.61,9.87,0.0,27.22,45.18,3.95
2010-05-05,14.97,22.37,8.13,0.0,30.24,41.45,3.26
2010-05-06,18.24,29.19,7.95,0.31,26.94,57.91,4.46
2010-05-07,11.42,17.47,4.98,0.38,30.33,47.27,6.41
2010-05-08,10.65,17.13,2.4,0.0,25.57,44.11,2.38
2010-05-09,14.11,21.78,7.35,0.11,16.47,57.55,5.79
2010-05-10,15.32,27.92,8.76,6.92,7.29,77.58,5.44
2010-05-11,14.77,21.9,8.08,1.16,21.26,69.77,3.36
2010-05-12,16.99,28.64,7.71,4.9,6.64,74.81,3.83
2010-05-13,12.78,20.11,4.59,1.13,29.45,57.75,3.17
2010-05-14,15.08,20.82,8.12,0.0,24.04,55.75,2.0
2010-05-15,14.0,18.11,10.08,3.08,10.03,79.65,2.39
2010-05-16,14.99,20.44,10.4,4.69,16.49,81.44,1.45
2010-05-17,15.14,21.19,10.62,0.23,19.31,74.46,2.22
2010-05-18,14.91,19.24,8.21,1.94,23.81,78.31,2.96
2010-05-19,15.19,19.32,11.71,34.22,8.06,91.8,4.29
2010-05-20,14.21,18.83,10.17,2.28,7.43,83.59,3.28
2010-05-21,18.53,26.07,8.53,0.02,28.52,74.46,3.11
2010-05-22,24.43,30.27,18.68,0.16,24.77,75.0,7.7
2010-05-23,25.11,31.34,20.52,0.01,25.95,67.5,5.97
2010-05-24,23.02,25.73,19.73,6.96,20.35,80.98,6.52
2010-05-25,21.27,24.82,17.63,16.74,24.91,82.44,2.15
2010-05-26,21.38,25.91,16.57,2.64,21.7,80.65,1.14
2010-05-27,23.34,29.82,15.87,0.07,27.85,71.88,2.43
2010-05-28,24.46,31.15,17.42,0.0,29.49,69.74,3.31
2010-05-29,24.62,31.14,17.66,0.6,29.67,68.14,4.75
2010-05-30,20.31,24.0,15.99,1.04,14.8,73.45,3.49
2010-05-31,21.56,28.61,14.13,0.04,24.11,69.01,1.91
2010-06-01,26.07,33.96,18.69,0.09,28.52,60.17,4.82
2010-06-02,22.04,28.37,16.04,0.01,28.86,67.59,3.55
2010-06-03,24.23,32.46,14.64,0.0,27.73,58.32,2.88
2010-06-04,28.19,36.59,19.16,0.08,27.84,55.98,4.0
2010-06-05,27.55,34.83,21.19,0.16,27.56,50.94,4.03
2010-06-06,25.46,32.52,19.07,3.29,26.24,51.66,2.56
2010-06-07,23.85,29.35,17.88,21.08,11.1,76.43,4.89
2010-06-08,25.17,30.43,20.74,5.29,18.49,74.4,3.89
2010-06-09,23.95,28.6,18.3,0.93,20.06,75.22,3.26
2010-06-10,26.37,31.97,20.88,0.01,27.95,73.47,6.0
2010-06-11,27.21,33.8,22.17,1.33,20.8,69.62,5.24
2010-06-12,25.48,29.32,22.23,40.36,20.73,84.88,3.51
2010-06-13,24.5,28.48,18.77,25.07,17.13,87.74,4.41
2010-06-14,21.17,25.06,17.04,3.71,14.52,77.21,1.75
2010-06-15,22.49,28.72,15.7,0.03,29.78,68.77,1.67
2010-06-16,25.02,30.22,18.82,1.58,25.34,77.5,4.71
2010-06-17,27.41,33.2,21.88,0.26,29.77,67.27,6.06
2010-06-18,26.99,32.61,22.26,0.07,30.61,67.43,3.19
2010-06-19,28.1,34.41,21.2,1.86,28.38,69.73,4.48
2010-06-20,27.79,33.52,21.78,4.31,28.97,70.14,5.33
2010-06-21,27.87,35.29,20.73,0.33,28.85,64.93,4.42
2010-06-22,28.91,36.4,21.78,0.2,28.92,57.46,5.4
2010-06-23,26.3,31.47,18.7,0.01,28.71,57.52,4.12
2010-06-24,24.82,31.71,16.86,0.0,27.96,62.27,2.25
2010-06-25,29.21,36.97,21.33,0.01,29.91,59.8,4.68
2010-06-26,30.73,38.58,22.84,0.08,29.52,52.94,5.12
2010-06-27,25.72,32.49,19.39,0.0,26.02,53.78,3.33
2010-06-28,26.86,34.84,18.5,0.0,27.47,46.43,1.49
2010-06-29,27.29,34.67,20.51,0.0,29.52,51.42,2.52
2010-06-30,26.29,33.97,19.76,0.0,30.44,55.73,3.12
2010-07-01,26.25,33.86,17.57,0.0,26.58,55.16,3.94
2010-07-02,26.86,32.79,20.35,0.1,22.44,60.41,5.6
2010-07-03,25.84,31.6,22.53,6.36,15.26,75.52,5.99
2010-07-04,25.16,28.24,22.6,30.61,10.01,84.66,3.66
2010-07-05,24.8,28.86,20.8,18.13,11.52,82.08,1.93
2010-07-06,25.1,30.69,19.57,2.32,28.54,78.83,2.39
2010-07-07,23.96,27.75,20.37,7.97,12.37,83.68,1.73
2010-07-08,22.46,27.27,18.36,0.44,12.94,78.17,2.32
2010-07-09,24.06,29.13,18.43,0.0,27.23,70.14,1.43
2010-07-10,25.84,31.33,19.07,0.09,28.42,69.55,3.46
2010-07-11,27.27,33.83,21.8,0.02,29.73,63.58,2.8
2010-07-12,24.34,29.94,19.78,0.92,17.7,73.7,1.67
2010-07-13,28.46,36.71,19.2,0.03,28.93,66.21,3.89
2010-07-14,29.89,35.72,24.0,16.6,27.75,72.75,4.71
2010-07-15,27.03,32.84,22.56,4.6,22.16,75.83,2.6
2010-07-16,29.5,35.23,23.87,0.5,28.51,70.58,1.88
2010-07-17,30.41,37.76,23.19,0.04,28.33,61.54,2.82
2010-07-18,29.38,37.31,21.82,0.0,28.29,53.69,3.03
2010-07-19,31.35,39.35,24.68,0.0,28.72,48.88,4.87
2010-07-20,29.42,35.43,23.87,19.11,21.04,63.52,2.92
2010-07-21,28.78,33.88,23.36,2.95,25.53,63.7,4.13
2010-07-22,30.23,37.37,23.15,0.0,28.93,52.85,5.94
2010-07-23,31.01,37.89,24.54,0.33,26.76,51.05,5.37
2010-07-24,25.26,29.4,20.9,7.15,23.06,71.18,3.06
2010-07-25,24.44,29.1,19.89,1.51,18.03,76.35,1.63
2010-07-26,27.38,34.35,22.07,0.1,27.07,63.63,3.72
2010-07-27,28.21,34.84,21.56,0.0,28.49,56.62,3.93
2010-07-28,28.93,36.0,21.53,0.0,28.04,58.35,2.39
2010-07-29,28.98,34.76,22.29,1.65,25.29,61.46,2.94
2010-07-30,31.06,38.1,24.3,3.34,25.15,55.77,2.4
2010-07-31,28.99,35.68,23.14,0.35,25.67,56.05,2.62
2010-08-01,29.46,36.39,22.43,2.38,26.57,60.88,3.73
2010-08-02,33.15,41.78,25.06,0.0,28.21,42.25,4.45
2010-08-03,32.65,41.64,23.85,0.71,26.35,43.7,2.19
2010-08-04,28.1,33.38,22.99,0.1,24.58,61.92,2.78
2010-08-05,27.42,34.16,21.52,0.0,24.27,57.61,2.07
2010-08-06,27.28,33.65,21.11,0.0,21.2,54.45,2.37
2010-08-07,29.41,36.71,20.72,0.97,24.66,55.28,3.21
2010-08-08,33.11,41.84,25.52,0.34,26.74,45.21,4.23
2010-08-09,32.71,39.88,25.9,0.07,25.37,44.88,3.61
2010-08-10,32.11,39.71,26.13,2.17,23.0,48.64,2.59
2010-08-11,32.38,39.87,24.29,0.16,26.68,45.45,1.52
2010-08-12,33.88,41.19,27.13,0.13,25.68,39.14,4.44
2010-08-13,31.07,39.09,24.04,2.54,25.68,45.19,3.69
2010-08-14,28.98,37.81,20.26,2.92,20.66,48.73,2.51
2010-08-15,25.29,32.0,20.22,7.03,14.39,58.2,2.75
2010-08-16,24.66,32.11,18.37,7.17,15.76,62.03,2.5
2010-08-17,22.37,28.17,18.02,7.4,8.53,75.14,2.41
2010-08-18,24.49,32.59,16.23,0.0,25.3,66.4,2.01
2010-08-19,27.14,36.44,18.31,0.0,26.18,59.78,4.66
2010-08-20,28.14,35.44,22.39,2.55,23.59,61.1,2.45
2010-08-21,28.42,37.28,19.89,0.0,26.44,52.58,2.4
2010-08-22,27.63,35.69,19.87,0.0,26.2,57.33,3.06
2010-08-23,28.15,37.12,21.07,10.16,24.0,65.52,4.02
2010-08-24,20.49,26.71,15.35,42.69,21.8,67.84,4.65
2010-08-25,20.57,27.54,13.49,0.0,26.79,57.39,1.53
2010-08-26,21.14,28.46,14.38,0.0,25.19,57.24,2.76
2010-08-27,21.87,30.2,14.06,0.0,25.14,54.54,4.08
2010-08-28,23.87,32.1,16.15,0.0,25.16,52.14,5.8
2010-08-29,24.31,30.48,19.92,0.0,22.01,51.77,5.63
2010-08-30,26.96,32.74,21.12,0.01,21.91,63.66,6.47
2010-08-31,28.55,36.57,22.77,1.54,22.04,63.75,4.0
2010-09-01,25.45,32.42,19.75,4.58,16.95,73.98,2.84
2010-09-02,20.63,25.63,15.13,2.47,12.29,67.33,4.03
2010-09-03,18.39,25.99,11.13,0.0,25.67,50.41,2.82
2010-09-04,21.28,30.37,12.17,0.0,23.95,41.44,4.59
2010-09-05,25.31,35.33,15.44,0.0,23.55,41.02,6.91
2010-09-06,25.33,34.87,15.81,0.15,19.8,39.85,6.06
2010-09-07,20.85,28.37,14.42,0.06,20.79,36.68,2.47
2010-09-08,22.65,29.34,17.11,0.98,13.93,67.65,3.99
2010-09-09,24.31,30.77,19.15,0.51,10.86,73.4,2.64
2010-09-10,25.52,33.36,18.39,0.35,21.26,57.35,3.55
2010-09-11,21.35,29.62,14.42,0.0,22.26,43.83,2.77
2010-09-12,23.51,31.49,16.03,0.0,22.03,54.4,4.17
2010-09-13,26.11,34.11,20.0,6.58,21.2,68.7,3.79
2010-09-14,24.72,30.22,20.71,21.23,21.44,79.2,3.49
2010-09-15,24.21,32.69,18.69,8.96,12.68,75.81,3.91
2010-09-16,19.05,25.18,13.68,0.0,14.38,65.94,2.82
2010-09-17,23.9,32.45,15.86,0.0,21.41,66.26,3.75
2010-09-18,24.98,32.96,19.03,0.0,19.68,67.96,2.22
2010-09-19,23.44,32.87,14.53,0.0,17.84,63.15,2.79
2010-09-20,26.16,32.24,20.64,0.0,21.06,54.25,6.94
2010-09-21,26.38,32.82,21.26,0.19,15.57,60.02,4.59
2010-09-22,26.3,32.24,20.85,0.7,18.41,64.34,6.27
2010-09-23,22.92,27.89,14.43,13.64,6.44,76.99,5.77
2010-09-24,18.74,26.34,11.91,0.0,20.57,62.27,1.75
2010-09-25,19.32,27.77,11.59,3.57,18.44,67.04,4.3
2010-09-26,15.27,21.98,10.66,0.0,21.0,66.77,2.39
2010-09-27,17.35,26.49,8.63,0.0,19.97,62.72,2.73
2010-09-28,18.53,25.91,12.82,0.0,20.68,59.53,2.71
2010-09-29,21.59,32.58,12.85,0.0,19.52,52.62,3.05
2010-09-30,17.37,24.45,11.37,0.0,19.75,51.1,2.87
2010-10-01,18.29,26.15,10.22,0.0,19.91,50.09,1.4
2010-10-02,13.28,18.85,7.28,0.0,19.83,55.35,4.06
2010-10-03,11.35,18.89,3.98,0.0,19.9,54.5,2.82
2010-10-04,13.67,22.23,6.24,0.0,19.23,51.28,4.71
2010-10-05,16.78,26.04,8.8,0.0,18.61,49.3,4.81
2010-10-06,19.19,29.47,11.31,0.0,18.18,55.71,1.92
2010-10-07,20.47,30.26,12.13,0.0,17.86,56.89,2.34
2010-10-08,22.02,31.57,14.56,0.0,18.43,44.64,4.11
2010-10-09,19.61,26.65,12.22,0.03,18.54,46.64,2.42
2010-10-10,15.2,19.81,11.32,1.41,7.28,64.48,2.35
2010-10-11,13.68,17.43,10.58,3.43,8.81,83.11,2.64
2010-10-12,16.24,22.25,11.13,0.06,13.88,65.47,4.19
2010-10-13,13.5,20.79,7.35,0.0,18.54,48.44,2.84
2010-10-14,15.82,26.95,7.51,0.0,17.57,44.77,2.82
2010-10-15,16.98,27.43,7.67,0.0,17.74,47.63,2.9
2010-10-16,17.54,26.85,11.38,0.0,17.14,53.94,2.96
2010-10-17,15.89,27.07,7.7,0.0,16.75,55.03,2.18
2010-10-18,13.6,20.12,8.97,0.02,10.07,60.71,3.48
2010-10-19,13.85,21.69,8.22,0.01,14.35,54.45,1.71
2010-10-20,16.33,25.75,6.48,0.0,16.62,41.03,1.83
2010-10-21,16.89,25.71,9.45,1.66,14.5,61.45,1.94
2010-10-22,17.15,22.05,13.61,0.76,10.04,77.65,3.9
2010-10-23,18.01,25.96,12.32,0.03,13.28,63.48,4.2
2010-10-24,15.98,23.67,9.88,0.0,15.57,61.54,2.98
2010-10-25,15.8,25.8,10.06,0.28,7.63,60.21,5.62
2010-10-26,11.83,19.36,6.59,0.0,15.68,34.78,4.52
2010-10-27,10.52,18.11,4.74,0.0,16.25,34.2,5.24
2010-10-28,9.32,16.97,2.78,0.07,15.98,46.25,2.56
2010-10-29,12.63,22.68,5.3,0.0,15.32,42.05,5.35
2010-10-30,12.23,22.64,4.24,0.0,15.3,53.95,2.48
2010-10-31,10.44,17.98,5.33,0.0,14.12,63.72,4.22
2010-11-01,8.87,16.45,4.22,0.0,12.24,63.0,3.31
2010-11-02,9.04,17.3,2.53,0.0,14.05,56.64,1.79
2010-11-03,11.52,18.46,5.56,0.0,14.42,45.64,5.18
2010-11-04,6.87,13.32,1.31,0.0,14.96,45.15,4.5
2010-11-05,5.19,12.8,-1.32,0.0,13.61,54.04,1.68
2010-11-06,9.95,20.09,2.24,0.0,14.15,47.1,4.57
2010-11-07,13.08,23.45,4.89,0.0,13.82,45.6,6.26
2010-11-08,12.9,21.88,4.87,0.0,13.29,54.37,3.0
2010-11-09,13.74,20.26,9.26,0.0,11.46,63.24,5.72
2010-11-10,8.5,14.7,3.45,0.0,13.25,58.52,2.98
2010-11-11,7.57,13.68,2.08,12.41,5.27,74.41,3.57
2010-11-12,1.52,2.64,-0.5,44.23,2.16,93.03,5.07
2010-11-13,1.57,7.11,-2.52,0.0,11.82,78.24,2.64
2010-11-14,4.43,9.82,0.35,0.19,10.19,76.93,2.6
2010-11-15,5.36,13.14,-0.64,0.01,10.89,71.96,1.32
2010-11-16,4.93,12.4,-1.3,0.01,12.52,75.22,2.72
2010-11-17,1.92,5.9,-1.97,4.76,3.72,87.48,4.23
2010-11-18,2.78,9.78,-3.58,0.0,11.34,77.85,3.87
2010-11-19,3.57,10.41,-2.18,0.0,10.53,82.6,3.04
2010-11-20,1.24,4.78,-2.06,0.03,3.37,88.04,2.51
2010-11-21,4.96,16.31,-1.18,0.01,8.49,81.98,1.77
2010-11-22,1.41,7.5,-3.6,0.01,5.6,74.39,1.97
2010-11-23,-0.11,6.85,-5.56,0.0,7.14,77.67,3.33
2010-11-24,2.33,13.54,-6.87,0.0,4.64,64.22,5.58
2010-11-25,-2.87,2.86,-6.5,0.0,10.17,47.13,2.83
2010-11-26,1.54,9.93,-4.06,0.0,11.8,48.98,2.74
2010-11-27,3.7,13.44,-3.12,0.0,11.75,52.49,3.52
2010-11-28,5.66,12.96,-0.98,0.0,11.62,53.79,7.75
2010-11-29,0.68,4.87,-2.52,0.0,6.13,64.32,6.21
2010-11-30,-1.75,4.24,-5.65,0.0,11.54,52.94,4.92
2010-12-01,-1.12,4.97,-5.7,0.0,7.84,60.75,1.64
2010-12-02,3.66,12.84,-2.2,0.0,10.82,61.85,1.93
2010-12-03,4.87,13.8,-1.69,0.03,8.62,71.05,3.33
2010-12-04,-0.47,4.41,-5.24,0.0,9.75,68.08,4.77
2010-12-05,-2.91,1.1,-5.53,0.0,6.22,65.92,1.66
2010-12-06,-0.35,6.87,-4.94,0.0,10.35,67.97,1.65
2010-12-07,-0.55,2.95,-2.24,0.11,5.76,78.95,0.75
2010-12-08,1.35,8.73,-3.61,0.0,10.18,80.65,1.91
2010-12-09,5.41,15.08,-0.19,0.0,9.12,72.78,2.28
2010-12-10,7.53,15.61,1.72,0.0,8.08,64.65,3.34
2010-12-11,-1.56,6.11,-6.93,0.07,10.85,51.41,7.96
2010-12-12,-5.34,-0.57,-8.44,0.03,10.58,53.47,4.11
2010-12-13,-3.47,1.5,-6.43,0.0,10.13,49.27,2.79
2010-12-14,-1.89,4.48,-6.32,0.0,9.12,57.69,2.84
2010-12-15,-1.14,3.43,-3.93,0.0,7.69,78.23,2.68
2010-12-16,0.9,7.2,-2.66,0.0,10.71,66.52,2.76
2010-12-17,-0.88,1.7,-2.59,0.0,5.78,69.33,1.41
2010-12-18,-0.13,5.57,-3.41,0.01,4.76,80.32,2.46
2010-12-19,0.57,7.42,-2.72,0.0,8.99,81.76,2.7
2010-12-20,1.42,9.36,-1.62,0.0,6.15,88.72,2.52
2010-12-21,-0.01,5.51,-3.54,0.0,5.63,74.95,3.19
2010-12-22,-2.69,0.74,-4.66,0.0,6.31,63.85,2.77
2010-12-23,-1.29,3.14,-4.45,0.14,2.84,73.79,3.48
2010-12-24,-1.41,2.32,-4.17,0.06,5.47,76.49,4.22
2010-12-25,-3.78,-0.28,-6.31,0.12,4.23,74.24,3.01
2010-12-26,-5.0,0.59,-9.28,0.0,5.55,80.09,2.87
2010-12-27,-2.89,2.28,-8.08,0.0,7.79,76.28,2.36
2010-12-28,0.11,4.34,-3.16,0.0,6.05,79.56,1.85
2010-12-29,2.04,6.91,-1.7,0.0,4.2,91.02,4.94
2010-12-30,2.53,8.46,-5.53,0.26,8.77,74.69,4.38
2010-12-31,-7.51,-5.71,-9.63,1.51,7.28,59.05,5.34
2011-01-01,-7.31,-1.47,-11.83,0.0,8.96,54.3,3.02
2011-01-02,-3.84,5.14,-9.71,0.01,10.02,58.07,3.18
2011-01-03,-2.34,5.17,-7.02,0.0,9.65,69.03,1.94
2011-01-04,-2.22,4.59,-7.23,0.02,10.6,71.38,1.81
2011-01-05,0.01,7.73,-5.34,0.01,10.64,68.54,3.15
2011-01-06,2.71,10.86,-1.17,0.0,10.7,63.76,3.8
2011-01-07,1.47,7.31,-4.43,0.0,10.59,64.76,4.98
2011-01-08,-2.27,1.83,-4.54,0.0,7.31,67.98,3.14
2011-01-09,-2.27,1.95,-5.56,3.86,6.26,71.17,4.13
2011-01-10,-6.68,-3.34,-12.98,2.78,3.57,74.5,4.62
2011-01-11,-11.81,-5.78,-15.76,0.0,10.24,66.17,3.93
2011-01-12,-11.79,-6.26,-16.62,0.0,9.52,69.88,2.38
2011-01-13,-4.71,2.74,-12.09,0.02,9.24,73.56,3.08
2011-01-14,-0.47,3.83,-3.86,0.8,6.92,84.4,1.39
2011-01-15,-2.18,1.36,-6.54,0.17,7.0,84.74,2.9
2011-01-16,-3.01,1.57,-7.61,0.03,10.34,75.06,2.59
2011-01-17,2.66,11.76,-1.16,0.59,7.66,89.06,3.53
2011-01-18,-2.34,2.28,-5.11,0.0,7.11,74.29,2.99
2011-01-19,-5.99,-2.8,-10.66,1.15,1.74,76.55,4.32
2011-01-20,-6.49,-0.46,-11.84,0.11,12.1,68.81,3.4
2011-01-21,-0.83,5.47,-5.14,0.18,10.01,74.35,3.7
2011-01-22,0.25,5.33,-4.16,0.0,7.69,80.0,2.56
2011-01-23,-6.35,-1.48,-10.42,0.01,7.64,72.38,4.26
2011-01-24,-2.07,2.87,-7.09,0.0,7.76,83.57,2.52
2011-01-25,-0.2,7.93,-6.85,0.0,13.1,66.57,2.26
2011-01-26,0.22,4.57,-1.89,0.0,11.76,69.54,3.38
2011-01-27,3.7,12.76,-0.69,0.0,10.23,63.8,3.74
2011-01-28,5.6,16.53,-0.03,0.0,13.06,61.01,2.77
2011-01-29,3.15,14.01,-4.01,0.0,12.1,75.33,3.01
2011-01-30,-3.4,1.63,-5.65,0.0,11.32,74.49,3.73
2011-01-31,-6.22,-2.8,-12.9,0.12,2.5,65.83,6.18
2011-02-01,-14.72,-13.08,-16.37,2.03,4.65,67.69,8.89
2011-02-02,-14.09,-8.95,-18.92,0.0,11.13,59.81,4.44
2011-02-03,-9.47,-0.76,-17.0,0.0,11.07,54.26,2.97
2011-02-04,-3.61,4.84,-12.23,0.0,13.1,61.31,2.24
2011-02-05,2.56,11.61,-2.66,0.3,11.14,81.45,3.48
2011-02-06,0.61,5.75,-3.82,0.04,6.64,80.31,4.38
2011-02-07,-1.86,2.83,-4.81,0.05,14.25,63.89,3.33
2011-02-08,-11.6,-5.23,-15.45,8.97,5.03,73.72,5.86
2011-02-09,-11.46,-4.87,-15.92,0.49,12.21,61.94,3.19
2011-02-10,-7.83,1.88,-15.88,0.0,8.39,59.46,2.87
2011-02-11,-1.24,8.49,-8.54,0.14,15.66,63.69,3.58
2011-02-12,3.19,12.96,-2.11,0.03,12.27,61.17,3.36
2011-02-13,6.6,19.08,-0.65,0.0,14.78,59.85,3.27
2011-02-14,3.55,10.9,-2.26,0.0,13.98,62.25,2.13
2011-02-15,6.21,17.17,-2.6,0.0,15.84,62.31,2.03
2011-02-16,10.32,21.93,2.35,0.0,15.8,54.58,3.93
2011-02-17,9.42,21.96,1.28,0.01,13.19,50.67,4.25
2011-02-18,4.93,13.48,-2.66,0.01,10.6,49.19,2.39
2011-02-19,9.61,20.04,0.09,0.0,7.95,76.49,2.56
2011-02-20,10.01,17.61,-3.96,0.0,8.79,67.44,5.45
2011-02-21,-3.33,3.65,-7.38,0.0,17.52,50.82,4.66
2011-02-22,-0.46,8.45,-6.44,0.0,16.65,55.34,3.3
2011-02-23,3.07,12.26,-2.33,0.0,16.99,68.29,3.82
2011-02-24,-2.4,0.67,-5.69,2.94,1.98,81.64,5.56
2011-02-25,-4.8,-1.25,-7.11,0.02,4.9,72.18,2.85
2011-02-26,-0.94,6.1,-5.58,0.34,4.77,78.56,2.92
2011-02-27,0.94,6.23,-2.23,0.42,7.66,85.71,3.59
2011-02-28,0.83,8.31,-5.15,0.0,19.08,61.27,3.29
2011-03-01,5.54,17.99,-3.03,0.0,18.56,59.6,2.85
2011-03-02,1.05,8.88,-4.6,0.02,12.93,73.88,3.58
2011-03-03,6.92,15.23,-1.09,0.01,17.92,73.21,1.3
2011-03-04,2.68,8.89,-5.14,0.16,12.7,71.61,5.48
2011-03-05,-0.4,8.17,-6.7,0.02,19.81,54.31,3.36
2011-03-06,4.98,13.9,-2.35,0.0,14.22,46.56,4.37
2011-03-07,4.27,8.4,1.3,1.19,5.63,75.39,3.27
2011-03-08,2.11,5.67,-0.72,3.41,4.8,87.8,3.78
2011-03-09,1.86,9.8,-3.65,0.0,19.85,65.23,4.47
2011-03-10,6.9,18.72,-3.23,0.0,20.46,55.6,2.94
2011-03-11,9.9,20.63,1.38,0.0,19.98,53.23,3.66
2011-03-12,7.55,15.85,0.75,0.0,19.26,52.32,3.15
2011-03-13,1.37,4.79,-0.7,6.62,4.15,77.49,4.04
2011-03-14,3.14,10.3,-1.91,2.99,14.77,74.4,1.97
2011-03-15,7.2,16.44,-1.35,0.01,19.39,66.34,2.4
2011-03-16,13.29,23.37,1.85,0.0,19.56,70.8,5.2
2011-03-17,14.08,21.0,7.5,0.0,16.44,58.58,5.16
2011-03-18,9.59,16.68,3.92,0.0,17.25,58.33,3.57
2011-03-19,9.37,13.68,4.16,6.47,4.07,79.1,4.02
2011-03-20,17.36,26.58,10.86,0.05,21.06,62.29,3.96
2011-03-21,19.27,27.39,11.17,0.0,18.45,71.72,6.11
2011-03-22,17.64,24.87,9.43,0.09,20.21,52.98,5.16
2011-03-23,9.76,16.27,1.04,0.0,23.51,38.99,5.93
2011-03-24,4.02,10.65,-3.29,0.44,19.43,57.95,3.63
2011-03-25,5.26,12.35,-0.39,0.02,12.59,72.54,3.29
2011-03-26,3.62,8.66,-0.59,0.06,4.55,73.26,3.61
2011-03-27,-0.11,2.4,-3.33,2.08,4.44,80.04,2.82
2011-03-28,1.34,6.62,-3.37,0.82,3.56,81.3,1.86
2011-03-29,2.17,6.34,-2.02,1.77,7.61,84.45,2.2
2011-03-30,2.78,7.05,-1.64,0.67,6.54,79.59,1.76
2011-03-31,9.91,18.33,2.14,0.53,21.27,61.07,4.11
2011-04-01,11.38,18.76,2.76,0.6,22.57,59.25,2.54
2011-04-02,16.3,26.31,5.04,0.0,23.27,51.84,5.14
2011-04-03,17.07,30.42,5.4,0.38,19.15,45.05,6.07
2011-04-04,6.6,11.85,2.36,2.37,25.89,43.58,5.53
2011-04-05,13.09,23.43,1.97,0.0,25.55,31.71,4.61
2011-04-06,13.25,20.41,7.13,0.0,23.95,47.12,4.35
2011-04-07,13.06,20.93,8.31,1.22,14.27,71.85,3.61
2011-04-08,18.01,28.59,8.72,0.15,20.33,65.39,3.41
2011-04-09,23.23,32.43,13.82,0.34,24.1,55.65,5.97
2011-04-10,17.93,23.47,9.56,0.07,25.46,35.04,5.45
2011-04-11,13.54,19.94,8.2,0.05,24.01,46.57,3.9
2011-04-12,16.08,25.54,5.34,0.04,25.69,36.75,4.09
2011-04-13,16.41,24.59,9.36,0.0,24.26,41.06,3.31
2011-04-14,11.22,21.53,4.62,3.02,14.48,70.54,4.27
2011-04-15,5.34,9.6,1.47,5.77,8.83,66.06,9.5
2011-04-16,10.91,21.95,-0.88,0.0,26.34,42.35,3.8
2011-04-17,15.56,25.67,6.35,0.0,17.62,38.12,2.39
2011-04-18,13.62,21.21,7.77,0.09,20.09,63.31,4.44
2011-04-19,9.56,16.28,3.53,0.15,13.41,69.55,4.75
2011-04-20,8.35,15.77,1.58,0.0,17.58,63.21,2.38
2011-04-21,11.08,18.02,4.45,0.64,13.08,74.76,4.15
2011-04-22,15.71,23.82,10.16,1.37,23.54,54.45,3.58
2011-04-23,11.03,16.35,6.6,0.02,10.32,45.39,3.58
2011-04-24,12.06,19.12,5.08,1.54,20.2,62.97,3.17
2011-04-25,8.87,12.19,4.59,6.93,5.3,84.87,3.47
2011-04-26,10.79,18.21,3.88,0.98,18.39,71.79,1.53
2011-04-27,9.96,15.56,5.99,0.96,13.04,61.01,4.36
2011-04-28,14.37,22.85,5.46,0.0,29.49,42.06,3.63
2011-04-29,19.19,28.97,9.64,0.0,25.11,38.9,7.63
2011-04-30,12.56,20.65,6.27,0.0,27.8,35.12,5.64
2011-05-01,11.09,16.59,5.8,0.0,17.29,36.55,2.85
2011-05-02,11.01,16.44,5.18,0.24,20.27,47.79,1.66
2011-05-03,14.13,22.47,3.42,0.02,28.29,43.55,1.92
2011-05-04,17.52,27.66,7.62,0.0,27.33,37.29,5.33
2011-05-05,14.97,21.5,8.71,0.18,26.13,47.83,2.78
2011-05-06,18.99,30.87,7.52,0.0,24.49,41.08,3.78
2011-05-07,22.14,31.12,12.71,0.0,28.1,49.04,3.42
2011-05-08,25.81,37.04,17.17,0.0,28.81,47.23,4.44
2011-05-09,26.78,37.22,14.29,0.0,29.17,35.52,5.38
2011-05-10,25.82,35.11,16.79,0.0,22.49,40.77,4.22
2011-05-11,22.09,26.93,16.75,2.92,13.08,70.54,5.04
2011-05-12,15.78,22.83,10.14,0.51,26.66,56.06,5.25
2011-05-13,11.69,18.03,6.44,1.28,13.81,58.13,5.94
2011-05-14,10.86,17.99,4.66,0.0,20.7,52.22,4.54
2011-05-15,11.34,18.15,5.5,0.0,20.43,55.3,4.01
2011-05-16,14.59,23.37,4.54,0.0,30.25,44.83,1.8
2011-05-17,17.07,24.6,8.31,0.03,21.78,42.52,4.6
2011-05-18,14.04,16.83,10.52,5.25,9.16,71.17,4.77
2011-05-19,21.58,28.45,12.88,29.51,14.9,79.56,5.51
2011-05-20,17.99,21.9,11.59,10.54,18.23,74.31,2.57
2011-05-21,18.89,27.74,10.31,0.69,25.95,62.94,1.73
2011-05-22,21.91,29.6,12.06,0.0,29.3,45.66,2.63
2011-05-23,21.17,28.07,14.84,1.56,27.85,59.96,3.11
2011-05-24,21.86,30.1,14.58,30.24,15.93,74.26,4.29
2011-05-25,14.47,19.33,10.38,7.62,11.57,76.37,5.95
2011-05-26,15.4,22.21,7.24,0.0,30.02,56.53,3.11
2011-05-27,18.95,26.24,11.96,0.17,22.87,69.67,3.37
2011-05-28,19.22,24.36,15.12,0.47,19.86,76.31,3.93
2011-05-29,26.06,36.11,15.85,0.14,27.8,57.72,5.26
2011-05-30,26.2,31.33,18.49,14.95,26.17,59.04,8.37
2011-05-31,20.48,28.3,12.16,0.29,30.83,45.52,1.98
2011-06-01,23.44,30.51,14.0,14.38,23.26,64.96,4.29
2011-06-02,27.28,34.2,20.91,0.0,24.24,47.46,6.21
2011-06-03,26.8,33.04,21.72,0.0,20.67,44.52,4.88
2011-06-04,27.16,34.66,18.81,0.0,15.27,44.87,3.35
2011-06-05,28.55,37.17,19.77,0.07,30.1,34.98,4.08
2011-06-06,29.62,38.27,20.24,0.0,29.86,28.98,5.11
2011-06-07,30.22,37.64,23.29,0.0,23.75,32.7,7.16
2011-06-08,27.82,35.15,21.06,0.01,27.34,43.41,4.18
2011-06-09,25.28,34.1,16.58,0.47,27.05,53.65,2.57
2011-06-10,19.79,26.33,13.98,0.04,19.59,62.28,2.96
2011-06-11,22.42,31.26,12.82,4.82,26.9,60.73,3.28
2011-06-12,24.47,31.37,16.87,9.23,23.39,67.21,4.67
2011-06-13,27.03,36.59,18.99,0.05,29.39,57.36,3.43
2011-06-14,24.92,31.52,18.53,0.49,23.25,62.46,3.3
2011-06-15,25.69,34.11,15.98,0.0,28.91,44.43,2.36
2011-06-16,27.93,35.45,20.03,11.11,23.57,52.87,5.98
2011-06-17,26.4,32.44,20.75,8.6,25.49,65.77,3.64
2011-06-18,24.97,31.27,18.33,1.81,28.82,70.54,3.32
2011-06-19,27.3,37.05,18.8,0.02,28.7,55.43,2.99
2011-06-20,27.76,36.37,19.14,0.15,27.6,38.58,5.86
2011-06-21,22.74,28.92,17.45,0.24,26.74,51.73,5.66
2011-06-22,24.08,31.86,16.77,0.0,31.07,46.67,4.2
2011-06-23,25.85,34.12,16.94,0.02,26.75,44.76,1.94
2011-06-24,29.15,39.4,17.77,0.05,29.95,41.02,3.8
2011-06-25,29.78,37.5,22.41,0.02,29.53,48.14,3.84
2011-06-26,31.92,41.98,21.57,0.0,29.81,46.54,2.78
2011-06-27,26.0,33.0,19.19,0.0,27.92,47.03,5.28
2011-06-28,26.76,35.41,17.98,0.03,28.92,37.75,3.22
2011-06-29,32.9,42.33,21.95,0.13,28.88,40.46,4.94
2011-06-30,34.93,42.86,26.68,0.0,29.46,27.34,6.06
2011-07-01,33.63,41.15,26.18,0.0,29.46,27.01,4.92
2011-07-02,31.99,39.83,24.9,3.69,25.34,35.44,2.04
2011-07-03,31.2,38.6,24.45,4.33,22.15,41.41,2.35
2011-07-04,30.58,38.94,21.74,0.01,28.98,45.95,1.66
2011-07-05,31.81,39.84,22.93,4.3,28.23,40.3,2.54
2011-07-06,25.68,30.79,21.57,11.96,20.75,67.54,3.67
2011-07-07,25.52,31.88,20.81,3.7,23.1,70.78,2.89
2011-07-08,26.61,33.98,19.4,0.05,21.11,54.94,2.08
2011-07-09,31.06,40.99,21.47,2.15,27.86,49.2,2.78
2011-07-10,33.51,42.89,23.94,0.36,17.36,43.03,2.61
2011-07-11,33.14,40.63,24.64,0.22,28.33,35.23,2.89
2011-07-12,31.45,38.3,25.83,0.1,26.4,41.18,3.0
2011-07-13,29.98,36.05,23.34,1.04,26.91,53.54,3.9
2011-07-14,32.15,39.16,24.44,0.1,25.8,44.59,3.43
2011-07-15,34.73,43.98,26.18,2.22,27.69,38.11,3.51
2011-07-16,35.01,43.07,27.33,0.15,27.93,35.76,3.7
2011-07-17,34.5,42.04,26.2,0.0,28.11,33.57,3.51
2011-07-18,34.94,42.15,27.63,0.0,27.93,32.34,3.45
2011-07-19,34.17,41.1,26.84,0.0,28.99,32.19,4.26
2011-07-20,35.16,42.81,26.81,0.79,27.88,31.63,4.75
2011-07-21,34.91,41.22,28.7,1.09,26.33,32.69,3.78
2011-07-22,34.67,41.59,26.89,0.59,25.93,33.67,3.84
2011-07-23,35.57,42.86,28.06,0.05,26.08,32.26,3.4
2011-07-24,33.24,40.26,26.93,1.93,22.96,41.23,2.4
2011-07-25,31.26,38.58,23.94,0.04,26.97,47.86,2.12
2011-07-26,33.25,40.58,24.93,0.03,28.38,37.56,3.42
2011-07-27,35.65,44.49,27.72,1.77,24.77,31.32,3.42
2011-07-28,32.23,40.93,25.18,2.93,19.82,46.02,1.71
2011-07-29,30.45,37.39,24.0,0.4,12.5,52.84,2.2
2011-07-30,32.53,40.37,24.74,0.04,26.5,44.99,1.48
2011-07-31,34.41,42.05,26.74,1.08,22.65,38.84,2.06
2011-08-01,35.46,43.25,27.86,0.0,27.74,28.15,4.0
2011-08-02,32.71,42.68,26.65,1.75,25.66,39.23,3.88
2011-08-03,28.87,33.01,24.22,15.61,18.49,64.37,2.46
2011-08-04,27.91,32.88,23.59,18.27,22.11,71.7,2.45
2011-08-05,27.3,32.84,23.14,3.9,24.9,72.79,2.01
2011-08-06,29.5,36.57,22.69,0.01,25.16,59.77,1.85
2011-08-07,30.28,38.12,22.97,2.89,24.94,52.49,2.04
2011-08-08,28.07,34.99,22.22,2.34,24.13,57.19,2.41
2011-08-09,26.6,33.35,20.23,5.37,26.3,63.2,2.17
2011-08-10,22.17,26.48,17.73,20.49,21.57,72.44,3.27
2011-08-11,25.16,31.84,17.85,0.22,25.53,63.27,2.94
2011-08-12,27.46,34.97,21.5,3.61,17.03,69.8,2.9
2011-08-13,25.92,31.87,20.53,0.22,22.29,68.11,2.37
2011-08-14,25.9,32.79,18.07,0.13,26.16,56.47,2.72
2011-08-15,29.46,38.2,20.78,0.37,25.68,49.19,4.53
2011-08-16,29.76,37.06,23.63,0.12,21.75,52.08,3.04
2011-08-17,27.78,34.98,21.71,0.32,21.82,59.2,2.21
2011-08-18,31.29,40.18,22.53,0.33,25.13,48.28,3.21
2011-08-19,30.61,38.49,23.85,0.11,24.63,47.03,2.0
2011-08-20,25.74,29.72,22.5,6.48,20.57,68.91,1.55
2011-08-21,28.45,35.64,21.92,1.31,23.0,60.23,2.05
2011-08-22,27.41,33.09,23.7,0.37,12.41,61.32,4.57
2011-08-23,32.17,41.85,23.52,0.0,24.52,39.73,2.07
2011-08-24,30.41,39.15,23.12,0.0,25.12,38.9,4.15
2011-08-25,27.38,36.67,19.22,0.0,24.94,36.46,2.5
2011-08-26,29.7,40.58,19.66,1.07,24.05,33.1,2.37
2011-08-27,29.46,39.1,21.44,0.17,19.89,45.99,1.26
2011-08-28,30.55,40.26,22.05,0.0,23.24,39.67,2.61
2011-08-29,27.42,34.79,21.09,4.87,18.79,53.04,3.6
2011-08-30,28.95,36.45,22.6,0.09,23.4,51.93,1.75
2011-08-31,31.92,40.89,23.24,0.0,23.87,35.79,2.24
2011-09-01,34.0,43.06,25.82,0.02,24.12,25.5,5.76
2011-09-02,32.04,39.51,25.57,0.16,23.23,29.67,4.7
2011-09-03,25.55,30.86,18.7,0.67,15.27,48.03,4.46
2011-09-04,19.42,25.69,13.98,0.0,23.88,39.51,4.74
2011-09-05,17.94,26.13,10.48,0.0,25.61,39.6,2.0
2011-09-06,19.48,28.43,10.99,0.0,23.49,36.76,2.33
2011-09-07,21.06,28.76,15.07,0.0,13.86,39.8,1.65
2011-09-08,20.44,26.98,14.71,0.0,23.69,42.01,2.73
2011-09-09,20.53,27.94,13.12,0.07,18.8,50.84,2.89
2011-09-10,21.53,28.37,15.54,2.26,13.85,52.41,3.25
2011-09-11,23.7,32.19,15.09,0.0,23.23,43.6,1.6
2011-09-12,26.9,36.5,17.65,0.0,21.83,37.04,3.24
2011-09-13,23.29,29.92,17.42,0.08,20.92,46.24,5.1
2011-09-14,17.12,21.34,13.04,0.37,14.32,54.96,4.42
2011-09-15,10.96,12.97,9.39,0.56,6.65,44.62,3.42
2011-09-16,14.08,21.29,8.79,1.58,7.17,64.83,3.1
2011-09-17,19.33,26.78,12.31,12.38,4.94,82.03,3.47
2011-09-18,19.33,25.46,14.99,7.18,13.92,66.19,3.17
2011-09-19,20.96,30.1,11.8,0.0,21.76,43.88,2.66
2011-09-20,19.58,25.98,14.83,0.1,17.82,42.67,3.89
2011-09-21,15.24,19.96,11.69,0.98,6.96,52.37,2.41
2011-09-22,17.38,25.67,8.67,0.04,21.75,52.01,2.2
2011-09-23,16.53,24.0,9.38,0.0,20.77,49.09,2.13
2011-09-24,18.91,29.66,11.31,0.0,18.66,44.25,2.58
2011-09-25,15.77,22.74,9.1,0.0,20.14,51.27,2.26
2011-09-26,17.26,26.5,8.97,0.0,20.68,48.83,2.06
2011-09-27,19.93,28.48,10.69,0.0,20.6,42.77,1.78
2011-09-28,22.88,33.65,14.02,0.0,20.17,40.14,2.07
2011-09-29,19.09,25.08,11.35,0.0,20.34,37.0,4.71
2011-09-30,14.92,23.14,7.26,0.0,20.28,42.41,1.53
2011-10-01,17.09,26.11,8.72,0.0,20.39,37.53,2.94
2011-10-02,18.92,28.77,10.23,0.0,19.77,34.88,4.38
2011-10-03,21.86,33.98,11.59,0.0,18.79,36.27,3.94
2011-10-04,23.22,32.66,15.3,0.0,19.28,32.56,4.36
2011-10-05,20.63,27.25,14.53,1.0,17.16,39.08,5.51
2011-10-06,22.76,29.1,16.63,0.17,16.75,41.28,8.42
2011-10-07,24.2,28.04,20.92,0.62,10.04,57.23,7.7
2011-10-08,19.72,22.32,16.5,8.94,3.59,78.26,5.63
2011-10-09,14.43,16.17,10.69,19.95,4.34,89.24,1.21
2011-10-10,14.39,22.55,7.27,0.0,17.89,69.37,2.48
2011-10-11,16.76,23.12,10.45,0.12,12.98,72.49,4.4
2011-10-12,15.83,22.97,10.55,0.01,17.09,57.66,4.93
2011-10-13,15.2,23.64,8.14,0.0,17.84,47.19,2.88
2011-10-14,13.12,20.23,8.73,0.0,17.35,49.94,2.52
2011-10-15,16.33,26.17,6.54,0.0,17.2,48.01,3.87
2011-10-16,13.42,19.28,7.82,0.0,16.72,54.44,3.88
2011-10-17,11.28,18.48,5.92,2.18,11.11,56.96,3.94
2011-10-18,8.01,14.31,4.01,0.01,16.41,55.94,4.97
2011-10-19,7.0,14.42,1.28,0.0,17.01,52.79,3.61
2011-10-20,7.09,15.39,0.65,0.02,16.51,45.1,1.13
2011-10-21,12.85,24.51,2.81,0.0,15.21,54.3,1.51
2011-10-22,12.69,18.87,8.2,0.0,8.39,59.46,1.18
2011-10-23,16.08,26.45,7.65,0.0,15.57,55.08,2.26
2011-10-24,19.38,29.07,9.67,0.0,15.55,42.3,5.62
2011-10-25,17.03,23.39,9.77,0.47,14.09,47.06,5.63
2011-10-26,8.33,12.79,4.06,0.58,10.44,65.16,5.01
2011-10-27,6.87,13.28,0.46,0.02,13.67,53.6,1.87
2011-10-28,8.1,16.47,0.58,0.0,15.14,43.15,1.93
2011-10-29,10.46,19.92,1.94,0.0,13.64,44.58,3.72
2011-10-30,10.17,16.24,5.38,0.0,13.51,45.73,3.19
2011-10-31,12.69,23.52,3.65,0.0,14.99,46.15,2.95
2011-11-01,11.98,19.46,5.12,0.0,14.46,61.7,2.31
2011-11-02,4.43,8.45,0.1,6.33,2.66,70.61,7.82
2011-11-03,2.39,10.22,-3.66,0.0,15.37,48.22,2.97
2011-11-04,5.21,14.0,-2.25,0.01,14.03,43.66,4.6
2011-11-05,9.32,16.23,3.21,0.0,8.66,47.13,7.42
2011-11-06,7.73,14.61,3.16,0.0,13.68,52.34,2.38
2011-11-07,5.67,13.02,1.45,12.64,3.01,71.83,3.87
2011-11-08,2.4,5.03,-0.76,21.0,2.7,88.46,5.34
2011-11-09,2.66,9.56,-1.83,0.0,13.62,66.42,3.42
2011-11-10,4.62,13.9,-2.9,0.02,12.71,61.46,1.91
2011-11-11,7.19,17.15,-0.28,0.0,11.48,56.59,2.51
2011-11-12,9.6,18.01,2.51,0.0,12.16,59.21,3.54
2011-11-13,10.26,17.27,4.16,0.0,12.57,46.77,2.32
2011-11-14,8.78,17.0,4.46,0.0,7.86,49.35,2.95
2011-11-15,7.38,17.27,1.42,0.0,12.17,51.85,3.36
2011-11-16,0.21,2.94,-4.21,0.46,6.42,69.35,2.84
2011-11-17,2.83,11.12,-4.67,0.0,12.29,54.76,5.1
2011-11-18,8.52,17.65,1.17,0.0,11.83,59.45,5.91
2011-11-19,4.47,9.4,-2.62,0.0,6.57,66.03,4.89
2011-11-20,-2.79,-0.26,-4.71,0.0,6.93,69.23,2.6
2011-11-21,-0.83,2.22,-3.72,0.62,4.43,75.67,0.63
2011-11-22,4.23,12.01,-1.41,0.0,11.03,65.86,1.84
2011-11-23,8.15,19.21,1.06,0.02,11.85,59.05,2.1
2011-11-24,10.81,20.68,3.78,0.0,11.25,63.24,5.81
2011-11-25,9.84,14.06,7.31,9.75,7.21,81.92,3.93
2011-11-26,4.95,8.24,-0.6,0.79,10.25,47.76,8.08
2011-11-27,0.42,6.66,-5.11,0.0,12.06,41.03,3.54
2011-11-28,4.51,13.62,-0.58,0.0,11.46,46.25,1.96
2011-11-29,2.76,8.99,-1.47,0.9,9.27,60.98,2.83
2011-11-30,3.7,13.0,-2.13,0.03,10.6,52.73,4.53
2011-12-01,0.06,5.3,-5.36,0.51,5.51,68.97,5.24
2011-12-02,-1.54,2.95,-5.86,0.17,6.3,64.98,3.51
2011-12-03,0.62,3.22,-5.88,21.19,2.24,91.49,3.46
2011-12-04,-3.38,2.45,-7.21,0.01,10.68,76.91,1.93
2011-12-05,-6.06,-4.64,-7.3,0.01,4.21,71.69,5.29
2011-12-06,-6.88,-3.13,-8.99,0.0,11.04,64.12,2.42
2011-12-07,-2.79,6.17,-9.62,0.0,9.81,77.56,2.6
2011-12-08,-1.23,3.19,-3.87,0.05,7.18,91.01,1.76
2011-12-09,-2.62,1.9,-5.51,0.0,7.66,85.02,1.8
2011-12-10,-1.56,5.9,-6.33,0.0,8.16,85.66,2.75
2011-12-11,1.73,7.36,-2.36,0.0,4.97,88.44,5.98
2011-12-12,2.17,5.53,0.22,0.03,2.6,95.18,2.33
2011-12-13,3.93,6.36,1.26,3.34,2.64,97.41,3.37
2011-12-14,7.04,12.68,0.54,4.57,6.05,86.59,3.65
2011-12-15,0.4,6.72,-4.09,0.0,10.51,63.27,2.82
2011-12-16,0.01,7.83,-4.23,0.0,10.24,68.26,1.91
2011-12-17,2.5,11.22,-2.44,0.0,10.27,66.27,2.15
2011-12-18,5.37,15.39,-1.5,0.0,9.7,82.06,3.09
2011-12-19,1.19,4.61,-2.69,18.4,1.6,88.35,5.6
2011-12-20,-3.9,0.41,-8.69,5.57,3.15,86.16,4.06
2011-12-21,-4.07,2.7,-9.06,0.36,10.19,90.06,2.18
2011-12-22,-4.08,-1.03,-11.76,1.3,4.42,86.79,4.67
2011-12-23,-6.45,2.01,-13.66,0.0,10.47,81.95,2.53
2011-12-24,-2.87,4.71,-8.27,0.0,10.63,75.54,1.97
2011-12-25,-0.77,5.36,-5.39,0.17,10.72,76.27,2.05
2011-12-26,0.24,6.22,-3.67,0.49,8.49,80.32,2.72
2011-12-27,0.22,6.8,-3.68,0.0,10.39,66.44,2.82
2011-12-28,1.95,10.37,-3.28,0.0,9.24,72.11,2.93
2011-12-29,6.74,16.21,-0.52,0.0,6.92,69.95,3.71
2011-12-30,6.16,13.35,0.72,0.0,9.81,55.52,3.9
2011-12-31,6.35,16.31,0.58,0.24,10.07,56.51,7.32
2012-01-01,1.36,7.43,-2.9,0.0,10.58,58.03,3.84
2012-01-02,-1.79,4.16,-6.05,0.0,11.07,54.56,2.33
2012-01-03,2.17,10.95,-4.01,0.0,8.56,66.94,3.46
2012-01-04,4.7,12.96,-1.63,0.0,10.52,62.21,3.3
2012-01-05,7.76,18.67,0.89,0.0,10.83,57.69,2.64
2012-01-06,5.38,13.46,-0.26,0.0,10.58,59.27,4.4
2012-01-07,0.34,6.2,-4.31,0.0,5.3,65.41,2.13
2012-01-08,1.77,6.56,-1.94,0.0,7.35,68.39,1.9
2012-01-09,1.99,10.65,-4.0,0.0,10.26,65.1,2.02
2012-01-10,4.36,13.97,-2.61,0.0,10.93,71.36,1.73
2012-01-11,0.05,4.22,-6.5,0.02,4.34,62.57,7.16
2012-01-12,-4.62,-1.07,-6.93,0.0,12.08,36.03,5.28
2012-01-13,0.42,6.84,-3.96,0.02,10.1,50.5,2.65
2012-01-14,1.8,7.46,-1.59,0.02,11.57,47.39,3.54
2012-01-15,2.56,11.2,-2.61,0.0,10.86,62.47,3.88
2012-01-16,0.31,6.5,-5.34,0.1,10.81,73.31,3.73
2012-01-17,-4.63,-0.12,-6.89,0.03,11.6,55.93,4.37
2012-01-18,-0.75,6.85,-5.49,0.0,7.97,54.76,3.36
2012-01-19,-3.93,-1.31,-6.45,0.01,11.59,63.74,3.73
2012-01-20,-5.14,0.84,-8.82,0.0,7.25,73.83,3.27
2012-01-21,-4.13,2.23,-10.49,0.0,10.86,67.87,4.61
2012-01-22,2.73,9.67,-1.46,2.49,7.57,74.87,6.32
2012-01-23,2.16,10.28,-2.69,0.0,12.41,51.6,3.02
2012-01-24,3.68,10.32,-0.82,0.01,8.51,72.06,3.18
2012-01-25,2.21,8.36,-2.47,0.0,10.82,69.67,2.79
2012-01-26,3.38,11.46,-1.5,0.0,13.17,57.9,3.85
2012-01-27,2.46,9.03,-2.89,0.0,7.56,54.42,4.99
2012-01-28,0.26,8.59,-5.75,0.0,13.48,47.1,3.36
2012-01-29,4.23,14.16,-3.1,0.0,10.92,42.99,2.94
2012-01-30,7.76,19.32,1.29,0.0,11.76,51.74,3.84
2012-01-31,6.55,14.09,0.28,0.0,12.08,59.8,2.94
2012-02-01,7.8,14.41,2.77,0.0,11.34,50.26,1.24
2012-02-02,6.68,14.08,1.89,6.4,7.87,65.93,2.81
2012-02-03,2.66,5.53,0.31,28.0,2.77,91.47,4.41
2012-02-04,-0.33,3.67,-5.09,0.19,2.89,86.6,5.7
2012-02-05,-0.25,6.65,-6.76,0.0,14.02,66.48,2.06
2012-02-06,1.71,9.64,-4.23,0.0,13.76,65.56,1.94
2012-02-07,-2.34,-0.35,-4.81,0.58,4.66,85.51,4.18
2012-02-08,-2.88,1.07,-5.12,0.03,5.74,78.47,1.41
2012-02-09,0.1,5.71,-3.91,0.13,6.79,78.66,2.11
2012-02-10,-3.7,-0.21,-9.98,0.0,11.96,56.81,5.78
2012-02-11,-9.26,-5.52,-11.29,0.0,15.12,49.22,3.0
2012-02-12,-5.14,0.98,-11.83,0.13,5.92,64.55,5.59
2012-02-13,-0.83,3.04,-2.98,0.13,4.42,81.22,3.96
2012-02-14,1.87,9.62,-3.74,0.0,13.27,81.65,2.16
2012-02-15,1.41,7.04,-3.71,0.09,5.03,86.85,2.96
2012-02-16,1.6,10.3,-4.21,0.0,16.09,61.17,1.75
2012-02-17,4.64,13.31,-1.87,0.41,12.08,67.6,2.16
2012-02-18,-0.02,6.86,-4.45,0.32,11.91,65.35,2.53
2012-02-19,2.83,10.32,-4.14,0.03,12.35,74.5,3.91
2012-02-20,5.66,14.25,0.18,0.71,8.34,71.61,7.49
2012-02-21,3.49,12.08,-3.1,0.0,16.3,48.65,3.24
2012-02-22,9.56,19.0,1.8,0.01,16.27,53.66,3.16
2012-02-23,6.67,10.97,-0.85,0.0,10.93,51.92,6.45
2012-02-24,2.03,9.64,-3.79,0.0,17.71,50.51,4.01
2012-02-25,5.73,14.9,-4.91,0.0,17.26,47.21,6.4
2012-02-26,6.43,14.9,-0.4,0.0,18.72,40.05,2.94
2012-02-27,2.62,10.19,-4.74,0.01,12.54,55.9,3.56
2012-02-28,11.21,20.61,3.73,2.24,6.16,64.08,6.61
2012-02-29,7.2,14.26,2.01,0.0,19.3,41.82,4.23
2012-03-01,6.97,16.44,-1.0,0.02,17.86,54.27,4.08
2012-03-02,5.0,12.05,-0.2,0.02,18.45,46.94,4.47
2012-03-03,2.28,10.33,-5.04,0.0,16.39,50.05,3.66
2012-03-04,8.06,18.28,-0.08,0.0,17.27,50.53,4.58
2012-03-05,9.89,20.31,-0.65,0.0,18.56,46.36,5.9
2012-03-06,13.49,22.09,4.05,0.0,16.02,50.28,6.39
2012-03-07,9.68,14.76,1.73,0.32,9.04,63.38,5.04
2012-03-08,4.03,10.39,-0.59,1.69,19.25,46.47,4.13
2012-03-09,6.81,15.84,-2.25,0.0,20.54,38.86,2.24
2012-03-10,8.85,17.63,0.26,0.02,19.69,51.04,4.43
2012-03-11,6.63,9.77,3.05,3.55,3.59,86.01,3.38
2012-03-12,13.24,25.76,2.4,0.0,20.6,54.27,3.05
2012-03-13,16.04,26.99,6.2,0.0,20.86,51.74,4.13
2012-03-14,16.33,26.79,6.54,0.0,21.35,57.89,2.95
2012-03-15,16.76,25.03,11.63,0.01,16.97,64.59,2.11
2012-03-16,18.67,26.5,11.29,0.0,18.38,52.58,4.15
2012-03-17,20.01,27.53,14.26,0.0,20.14,71.47,6.83
2012-03-18,18.4,21.95,14.87,5.2,11.55,84.44,7.66
2012-03-19,13.64,17.48,8.31,5.97,5.95,78.41,4.32
2012-03-20,10.72,14.83,8.52,4.38,6.88,83.65,2.13
2012-03-21,10.95,15.03,6.7,24.77,5.67,86.38,2.78
2012-03-22,8.36,12.45,5.63,2.88,9.7,83.93,2.45
2012-03-23,11.73,19.26,3.84,0.02,17.46,65.47,2.02
2012-03-24,14.64,24.41,5.07,0.0,21.05,67.65,1.75
2012-03-25,17.42,25.58,8.96,0.0,22.2,72.05,3.62
2012-03-26,19.39,26.7,12.54,0.0,19.22,65.65,6.69
2012-03-27,18.11,24.55,11.68,0.0,23.17,49.83,3.0
2012-03-28,17.21,24.97,10.84,0.0,15.13,72.43,2.31
2012-03-29,18.22,26.1,12.83,0.07,23.28,69.22,3.07
2012-03-30,18.15,26.79,9.43,0.0,23.34,64.74,1.9
2012-03-31,20.25,28.93,13.1,0.0,23.14,60.9,3.45
2012-04-01,22.02,32.81,15.37,0.0,24.51,59.08,5.22
2012-04-02,19.74,27.11,11.33,5.27,23.91,62.31,4.09
2012-04-03,13.54,18.62,8.05,9.05,9.3,72.93,3.7
2012-04-04,13.23,17.81,9.36,14.28,6.43,83.64,2.62
2012-04-05,12.03,16.79,8.85,0.29,6.03,82.89,2.48
2012-04-06,13.6,19.58,8.49,0.06,9.69,76.41,4.6
2012-04-07,13.07,19.27,5.6,0.85,24.77,55.22,4.36
2012-04-08,11.95,20.64,3.07,0.0,26.26,53.11,2.49
2012-04-09,13.98,22.21,5.04,0.04,15.64,69.74,1.84
2012-04-10,13.84,20.88,7.2,0.22,23.6,51.37,3.39
2012-04-11,10.94,15.66,7.59,0.52,11.98,68.69,3.95
2012-04-12,15.42,22.72,8.89,1.92,6.67,81.25,6.07
2012-04-13,17.37,24.53,10.47,0.08,21.38,56.96,3.19
2012-04-14,20.32,26.01,12.97,27.02,6.51,81.94,6.61
2012-04-15,13.61,19.46,8.7,0.87,17.38,56.87,6.73
2012-04-16,12.1,18.12,5.21,0.01,22.56,62.25,2.23
2012-04-17,15.3,23.41,6.49,0.01,26.76,60.17,4.25
2012-04-18,18.12,26.06,10.76,0.02,26.64,58.88,3.72
2012-04-19,16.53,23.87,8.28,0.0,18.59,63.02,5.26
2012-04-20,11.05,17.35,6.69,0.01,22.6,62.08,3.88
2012-04-21,14.77,24.4,5.53,0.0,26.65,54.18,3.21
2012-04-22,12.28,19.25,7.06,0.0,27.31,46.14,3.89
2012-04-23,15.19,24.39,6.27,0.0,28.08,48.21,2.43
2012-04-24,21.91,34.27,9.93,0.04,27.18,50.27,3.19
2012-04-25,23.75,32.56,16.4,0.0,25.02,44.06,2.98
2012-04-26,21.1,29.07,15.14,0.01,14.93,53.56,3.39
2012-04-27,20.11,29.15,11.48,1.73,17.3,59.41,5.69
2012-04-28,15.18,20.8,9.1,0.01,22.97,55.86,2.92
2012-04-29,16.91,25.26,10.27,4.28,11.61,68.86,1.49
2012-04-30,18.56,24.46,12.18,3.2,13.95,77.52,2.94
2012-05-01,23.34,30.72,17.11,0.54,25.62,68.5,5.7
2012-05-02,23.87,33.0,14.58,0.0,27.41,64.29,3.38
2012-05-03,24.28,31.34,17.2,0.36,21.68,63.62,1.73
2012-05-04,25.33,35.56,17.39,0.12,28.75,60.18,3.26
2012-05-05,25.88,34.84,17.74,0.0,27.13,61.2,4.75
2012-05-06,19.79,22.67,13.04,0.9,12.3,71.38,5.41
2012-05-07,15.88,22.37,10.63,0.03,18.68,43.42,4.59
2012-05-08,17.14,25.08,10.33,0.0,26.71,41.48,2.58
2012-05-09,17.82,27.34,6.63,0.0,30.14,45.14,1.71
2012-05-10,21.64,31.2,12.08,0.04,29.68,41.2,4.81
2012-05-11,18.71,24.82,11.77,2.29,15.77,53.46,1.97
2012-05-12,15.18,22.75,7.74,0.04,22.33,50.24,3.51
2012-05-13,17.4,24.47,9.08,0.0,24.77,52.44,1.83
2012-05-14,20.86,29.02,12.42,0.0,26.34,48.03,1.5
2012-05-15,22.8,32.68,12.14,0.0,30.06,40.16,1.67
2012-05-16,23.05,32.85,12.1,0.0,29.58,37.86,2.75
2012-05-17,25.11,33.26,16.31,0.03,26.55,35.9,5.94
2012-05-18,26.05,33.39,18.21,0.01,27.84,40.12,7.43
2012-05-19,24.96,34.3,16.92,1.51,23.65,47.15,5.27
2012-05-20,19.53,27.42,12.87,0.01,28.93,45.14,3.65
2012-05-21,20.67,29.78,10.37,0.0,30.37,37.6,2.78
2012-05-22,23.99,32.21,14.72,0.0,28.13,47.16,6.31
2012-05-23,27.73,36.34,20.27,0.0,26.77,45.91,6.58
2012-05-24,23.31,31.38,15.76,0.0,29.91,44.6,4.0
2012-05-25,25.9,35.48,16.43,4.04,15.26,54.79,5.68
2012-05-26,29.32,38.54,23.45,0.08,20.7,49.47,7.27
2012-05-27,27.82,34.46,22.29,0.84,25.29,50.29,7.81
2012-05-28,24.04,31.83,16.26,0.0,31.21,27.95,2.96
2012-05-29,23.23,32.27,13.41,0.06,30.91,30.79,3.14
2012-05-30,22.84,31.93,15.62,17.09,20.28,58.16,4.19
2012-05-31,16.66,22.97,10.81,1.19,29.05,58.25,4.69
2012-06-01,14.9,22.01,9.34,1.53,14.0,65.35,2.49
2012-06-02,21.91,31.41,11.03,0.09,26.91,57.62,2.1
2012-06-03,24.65,32.57,17.42,1.63,21.55,63.5,2.39
2012-06-04,26.72,35.04,19.04,0.0,29.04,55.42,2.29
2012-06-05,25.71,34.0,17.56,0.0,30.06,47.38,3.23
2012-06-06,23.55,30.3,17.71,0.0,25.67,56.04,3.43
2012-06-07,24.39,31.52,17.01,0.0,26.8,54.41,3.65
2012-06-08,24.14,32.08,15.75,0.0,28.78,49.12,4.06
2012-06-09,26.32,34.12,17.34,0.0,29.49,53.6,6.71
2012-06-10,27.27,35.8,20.96,0.21,27.87,49.71,5.06
2012-06-11,24.55,32.17,17.64,0.0,31.73,34.59,3.65
2012-06-12,24.38,31.42,17.93,0.0,25.05,35.69,4.0
2012-06-13,25.82,33.72,17.33,0.0,29.26,48.21,5.11
2012-06-14,25.59,30.39,20.35,24.86,26.9,72.18,5.18
2012-06-15,24.2,29.32,20.46,18.35,29.03,75.18,1.7
2012-06-16,25.01,30.93,19.94,5.57,24.8,73.33,2.61
2012-06-17,27.23,33.67,21.06,0.15,28.43,62.46,4.44
2012-06-18,28.1,35.09,20.84,0.0,29.36,59.65,6.42
2012-06-19,27.94,34.13,22.09,0.0,30.27,54.35,7.77
2012-06-20,26.15,32.37,17.18,7.04,18.22,67.81,6.4
2012-06-21,22.43,29.44,16.03,0.59,30.25,56.36,2.58
2012-06-22,24.72,32.29,15.71,0.05,30.39,53.83,3.82
2012-06-23,29.64,38.83,20.09,0.14,29.73,45.52,6.3
2012-06-24,31.69,42.02,22.76,0.0,29.45,37.79,4.51
2012-06-25,31.93,42.97,21.33,0.0,30.49,37.76,1.97
2012-06-26,33.11,44.13,20.74,0.0,30.67,32.4,4.28
2012-06-27,34.98,45.09,25.18,0.0,31.06,26.25,6.26
2012-06-28,34.14,43.58,24.94,0.0,29.4,30.83,4.7
2012-06-29,33.2,40.9,26.25,0.01,25.75,32.49,4.88
2012-06-30,32.98,41.74,24.66,0.0,24.78,30.07,3.64
2012-07-01,30.66,38.02,22.51,2.65,23.93,42.59,3.88
2012-07-02,31.7,38.78,23.83,0.0,27.36,39.87,4.43
2012-07-03,32.65,39.7,25.79,0.0,25.67,36.05,5.04
2012-07-04,32.98,40.13,25.51,0.0,28.52,34.82,5.64
2012-07-05,33.52,40.43,25.36,0.0,29.06,35.5,4.68
2012-07-06,34.2,41.06,27.49,0.0,29.5,31.1,4.33
2012-07-07,33.24,41.18,25.94,2.03,23.96,34.71,1.93
2012-07-08,28.79,33.81,23.55,4.53,23.63,57.23,2.59
2012-07-09,25.16,28.18,22.59,6.96,13.72,68.25,3.0
2012-07-10,26.5,33.74,20.17,0.01,25.41,45.31,3.04
2012-07-11,25.81,33.51,17.32,0.0,30.41,39.82,1.96
2012-07-12,29.13,36.88,20.95,0.0,28.97,36.71,1.29
2012-07-13,30.58,38.61,21.92,0.15,27.06,38.44,2.46
2012-07-14,31.9,40.08,21.9,0.09,26.8,38.84,2.1
2012-07-15,32.16,39.63,24.46,0.0,28.49,33.07,4.27
2012-07-16,30.83,37.61,22.75,0.0,28.51,40.27,3.99
2012-07-17,32.9,40.48,24.19,0.06,28.87,33.78,4.42
2012-07-18,34.25,42.34,26.18,0.25,28.03,31.56,3.15
2012-07-19,34.53,42.82,26.32,0.27,26.27,30.87,2.26
2012-07-20,33.02,41.62,24.21,0.12,28.89,30.26,3.24
2012-07-21,32.89,42.26,23.55,0.0,27.57,26.54,3.15
2012-07-22,33.38,41.35,24.54,0.0,28.55,27.73,3.31
2012-07-23,32.96,40.3,24.13,0.0,28.09,31.82,3.86
2012-07-24,34.43,41.69,26.97,0.01,28.46,33.89,5.85
2012-07-25,33.36,42.45,25.89,7.53,26.75,39.83,4.25
2012-07-26,29.59,36.67,23.32,0.19,27.66,50.59,2.84
2012-07-27,30.75,38.7,22.88,0.01,27.93,38.5,2.1
2012-07-28,33.07,40.8,24.07,0.22,26.81,34.03,4.14
2012-07-29,34.08,42.34,25.48,3.04,25.95,34.57,2.52
2012-07-30,32.18,39.8,25.5,0.16,23.03,34.63,2.8
2012-07-31,30.71,37.82,24.52,0.61,23.86,39.88,2.25
2012-08-01,33.09,40.73,25.83,0.48,25.46,38.62,2.45
2012-08-02,29.01,34.34,22.49,4.52,21.99,50.55,3.08
2012-08-03,31.13,37.92,24.33,0.95,25.5,42.56,1.65
2012-08-04,26.7,30.67,20.64,0.06,16.47,44.72,3.82
2012-08-05,26.33,34.96,17.46,0.0,27.28,35.58,1.9
2012-08-06,29.86,38.25,20.44,0.17,25.44,38.57,3.29
2012-08-07,30.9,37.9,24.42,4.77,10.98,47.65,1.95
2012-08-08,30.18,39.23,23.07,1.23,26.15,46.16,1.96
2012-08-09,25.74,32.38,20.22,0.0,27.62,44.64,4.12
2012-08-10,24.96,32.57,17.87,0.0,24.0,40.57,2.3
2012-08-11,25.7,34.04,17.26,0.02,23.55,35.21,3.85
2012-08-12,26.37,33.5,19.39,0.14,26.38,39.76,4.11
2012-08-13,23.8,31.25,16.74,0.3,25.96,41.81,3.2
2012-08-14,20.84,26.77,17.0,10.48,19.78,66.69,3.4
2012-08-15,25.31,35.09,15.51,0.05,23.32,57.26,3.22
2012-08-16,21.64,26.16,15.59,0.02,17.8,46.4,4.14
2012-08-17,20.99,28.05,13.34,0.16,18.89,38.18,1.83
2012-08-18,21.19,28.12,16.03,1.43,19.35,50.32,1.8
2012-08-19,20.17,27.36,13.29,0.0,27.17,43.63,3.29
2012-08-20,23.58,31.91,13.87,0.0,24.86,36.09,1.59
2012-08-21,25.53,33.77,16.94,0.04,25.5,40.45,3.08
2012-08-22,26.28,32.39,19.64,0.0,23.5,46.94,4.85
2012-08-23,25.51,31.05,22.08,14.74,20.37,63.6,5.41
2012-08-24,23.69,28.73,19.9,31.69,13.62,75.45,5.51
2012-08-25,23.25,27.81,19.65,9.29,9.46,81.95,1.92
2012-08-26,23.95,30.11,18.97,0.09,22.79,74.27,2.15
2012-08-27,24.97,31.75,19.33,0.0,24.06,68.23,1.45
2012-08-28,24.84,32.87,18.1,0.0,23.46,55.1,2.61
2012-08-29,25.19,33.79,17.83,0.0,22.85,50.46,2.67
2012-08-30,26.07,35.48,18.04,0.0,24.12,46.05,1.95
2012-08-31,26.16,33.88,18.39,0.6,24.27,49.87,2.04
2012-09-01,27.27,35.26,19.86,0.0,23.68,52.68,1.12
2012-09-02,29.12,39.06,20.4,0.0,23.93,49.39,3.04
2012-09-03,29.1,38.15,21.75,0.77,21.86,45.5,2.61
2012-09-04,28.4,36.53,21.0,6.75,20.55,50.22,1.83
2012-09-05,25.24,31.83,18.52,0.05,21.71,49.15,2.85
2012-09-06,26.36,34.47,17.24,3.77,22.27,49.33,2.4
2012-09-07,20.53,25.15,14.62,7.69,9.05,59.38,4.76
2012-09-08,19.98,28.15,11.02,0.0,24.65,43.47,2.31
2012-09-09,19.17,27.29,12.42,0.0,21.92,39.78,2.39
2012-09-10,22.18,32.71,11.65,0.0,23.78,40.3,4.6
2012-09-11,26.27,34.49,18.08,0.08,22.84,30.27,6.82
2012-09-12,23.02,32.76,13.68,4.12,19.4,49.22,4.94
2012-09-13,12.73,15.74,9.84,8.97,7.34,73.57,4.64
2012-09-14,15.44,23.08,9.58,0.0,22.09,51.48,2.12
2012-09-15,17.55,25.62,8.76,0.02,18.73,58.77,1.66
2012-09-16,19.28,26.71,11.76,0.01,19.34,67.88,2.2
2012-09-17,16.22,22.44,11.04,0.0,14.59,66.82,4.0
2012-09-18,17.77,26.68,8.61,0.0,21.72,48.03,2.46
2012-09-19,22.85,35.13,12.71,0.0,21.28,38.75,3.22
2012-09-20,19.75,28.39,11.34,0.0,18.23,39.79,1.84
2012-09-21,21.08,28.85,15.16,0.0,20.89,38.66,3.19
2012-09-22,16.45,23.55,10.58,0.0,21.07,36.71,3.3
2012-09-23,15.69,24.07,8.19,0.02,18.94,39.26,3.35
2012-09-24,18.58,29.36,10.03,0.0,11.78,49.83,2.55
2012-09-25,19.54,25.55,14.46,5.62,13.91,68.71,2.72
2012-09-26,19.07,24.07,14.62,2.42,10.72,79.94,2.75
2012-09-27,17.17,22.14,13.71,0.6,12.74,68.46,1.81
2012-09-28,17.91,24.07,13.65,2.12,9.44,65.1,1.62
2012-09-29,17.6,22.35,12.7,2.3,13.93,65.9,1.34
2012-09-30,18.22,25.6,11.59,0.0,18.48,54.43,1.18
2012-10-01,16.7,23.44,11.29,1.24,13.28,50.05,4.78
2012-10-02,14.79,23.29,6.63,0.0,19.23,39.29,2.01
2012-10-03,18.86,29.22,9.56,0.02,19.35,47.03,4.45
2012-10-04,11.15,16.23,7.52,0.03,16.79,47.68,4.41
2012-10-05,7.81,13.15,3.95,0.06,13.43,57.76,3.37
2012-10-06,4.85,8.16,0.19,0.47,5.33,64.9,2.17
2012-10-07,5.97,13.91,-1.72,0.02,12.84,61.59,2.3
2012-10-08,11.48,22.62,1.52,0.0,18.93,52.02,3.85
2012-10-09,10.06,17.18,4.65,0.0,15.71,58.32,3.79
2012-10-10,10.43,18.95,2.19,0.0,17.14,43.89,2.38
2012-10-11,14.41,23.05,7.57,0.0,16.76,60.37,3.65
2012-10-12,12.03,15.17,7.36,7.41,4.72,68.05,3.56
2012-10-13,19.0,25.78,12.25,16.0,10.46,73.33,4.26
2012-10-14,15.95,23.57,10.97,0.0,17.34,50.3,4.21
2012-10-15,17.56,28.38,9.56,0.0,17.09,51.02,2.6
2012-10-16,17.84,26.12,10.2,0.0,16.84,53.99,2.34
2012-10-17,14.17,19.41,7.98,0.02,15.45,45.65,5.07
2012-10-18,11.27,16.84,6.2,0.0,16.75,30.73,7.27
2012-10-19,11.34,18.57,5.11,0.0,17.39,32.75,4.08
2012-10-20,15.23,26.79,5.18,0.0,15.88,49.29,2.11
2012-10-21,17.57,27.33,9.47,0.0,12.88,65.26,2.49
2012-10-22,14.87,20.83,9.99,0.0,7.42,79.41,1.88
2012-10-23,18.42,27.63,12.59,0.0,15.86,60.33,3.33
2012-10-24,14.28,17.4,10.94,1.11,8.58,71.73,2.02
2012-10-25,6.02,11.73,0.47,1.05,13.69,60.68,5.79
2012-10-26,1.83,7.37,-2.26,0.0,12.84,59.62,3.02
2012-10-27,2.98,10.34,-2.53,0.0,11.95,58.91,1.64
2012-10-28,5.85,14.94,-2.34,0.0,11.29,53.6,2.95
2012-10-29,10.67,20.92,2.47,0.0,13.85,52.01,3.0
2012-10-30,11.95,20.99,6.56,0.0,14.61,55.57,2.65
2012-10-31,12.65,22.08,4.51,0.0,14.11,52.28,1.37
2012-11-01,14.49,25.11,7.01,0.0,13.33,53.45,1.69
2012-11-02,11.91,18.62,6.18,0.0,12.13,61.59,3.56
2012-11-03,9.12,16.23,3.51,0.0,13.66,57.81,2.61
2012-11-04,11.41,19.78,4.25,0.0,12.58,56.39,2.59
2012-11-05,7.87,12.81,3.86,0.0,11.24,66.3,3.57
2012-11-06,9.68,17.9,3.8,0.0,13.23,53.26,3.49
2012-11-07,9.78,17.8,3.99,0.0,13.18,42.97,2.73
2012-11-08,11.3,20.16,4.5,0.0,13.24,55.8,2.68
2012-11-09,14.63,25.44,6.61,0.0,12.62,51.45,2.99
2012-11-10,17.36,25.32,6.97,10.0,11.81,58.27,6.49
2012-11-11,-0.5,4.76,-3.92,6.46,12.93,57.56,4.31
2012-11-12,1.23,9.17,-5.31,0.0,13.68,50.98,2.42
2012-11-13,2.83,10.09,-3.55,0.02,9.59,55.4,2.83
2012-11-14,2.6,10.27,-3.83,0.0,12.29,68.4,1.29
2012-11-15,4.71,12.52,0.36,0.08,9.78,70.42,1.86
2012-11-16,6.02,15.32,-0.75,0.0,12.17,70.63,2.39
2012-11-17,9.42,17.93,3.35,0.0,11.66,59.02,5.75
2012-11-18,10.4,16.59,5.03,0.0,8.39,60.79,5.42
2012-11-19,11.03,20.26,5.28,0.0,11.95,67.51,1.99
2012-11-20,10.38,20.92,2.78,0.0,11.95,59.24,1.88
2012-11-21,13.98,22.7,6.46,0.03,11.96,60.1,5.91
2012-11-22,12.7,18.54,4.24,0.0,11.31,55.75,4.66
2012-11-23,1.76,6.28,-1.83,0.0,11.99,51.25,3.27
2012-11-24,5.92,16.7,-2.15,0.0,9.65,49.74,3.99
2012-11-25,5.75,13.53,0.92,0.0,11.59,60.9,3.32
2012-11-26,0.4,6.31,-3.97,0.0,10.08,70.07,3.68
2012-11-27,0.54,9.78,-5.1,0.0,11.25,73.52,2.7
2012-11-28,3.11,12.0,-2.98,0.0,10.41,74.82,2.01
2012-11-29,5.84,15.06,-0.18,0.0,11.24,67.82,1.11
2012-11-30,6.98,15.2,1.27,0.0,9.62,69.12,2.18
2012-12-01,7.59,12.73,5.96,0.0,5.58,87.93,2.0
2012-12-02,10.62,19.91,3.27,0.0,8.56,64.21,3.15
2012-12-03,9.59,15.86,4.89,0.0,8.15,53.55,4.64
2012-12-04,6.89,14.83,0.2,0.0,11.17,43.38,2.22
2012-12-05,7.24,15.31,2.4,0.0,8.45,41.44,4.64
2012-12-06,5.93,11.52,1.32,0.0,5.86,60.97,3.06
2012-12-07,3.24,9.95,-0.6,0.01,5.51,76.2,1.58
2012-12-08,1.18,7.94,-3.49,0.0,9.21,80.76,1.71
2012-12-09,-1.65,1.49,-7.59,0.0,4.31,50.47,6.35
2012-12-10,-3.71,3.6,-8.65,0.0,10.61,43.17,3.05
2012-12-11,-0.02,6.24,-3.79,0.0,10.36,55.72,2.17
2012-12-12,1.82,10.27,-3.41,0.0,10.71,46.01,5.15
2012-12-13,2.53,11.34,-3.44,0.0,10.18,60.21,2.2
2012-12-14,5.25,9.23,0.13,4.33,5.25,88.5,4.52
2012-12-15,6.46,14.4,0.39,0.02,9.54,76.26,3.17
2012-12-16,1.22,7.43,-2.09,0.0,8.42,76.83,2.21
2012-12-17,3.1,12.01,-3.73,0.0,9.94,62.78,3.1
2012-12-18,5.98,13.01,1.06,0.0,10.22,44.31,2.9
2012-12-19,3.24,9.36,-2.31,1.46,5.63,72.45,5.44
2012-12-20,-1.14,4.56,-4.01,0.07,8.08,49.07,5.88
2012-12-21,0.32,9.06,-3.71,0.15,8.55,52.16,1.55
2012-12-22,0.89,9.56,-4.39,0.0,9.06,66.0,1.62
2012-12-23,-3.24,0.7,-6.24,0.0,6.59,79.04,2.48
2012-12-24,-4.76,-2.76,-6.46,0.0,7.84,70.37,3.8
2012-12-25,-8.53,-6.57,-11.09,0.04,5.25,62.94,6.12
2012-12-26,-9.36,-5.43,-13.46,0.0,7.34,63.32,2.51
2012-12-27,-5.03,-0.44,-8.82,0.0,3.79,74.87,3.35
2012-12-28,-7.11,-3.78,-9.69,0.0,10.22,67.52,3.88
2012-12-29,-2.51,6.17,-9.12,0.0,10.34,64.54,2.51
2012-12-30,0.49,6.51,-3.49,0.04,6.49,59.82,4.23
2012-12-31,-2.07,-0.06,-5.53,2.65,1.77,82.51,3.36
2013-01-01,-5.38,-0.89,-7.52,0.39,7.23,81.01,2.35
2013-01-02,-3.68,1.91,-8.23,0.52,6.69,82.42,3.13
2013-01-03,-4.51,0.15,-8.22,0.18,7.95,76.21,2.45
2013-01-04,-2.71,5.05,-8.79,0.01,10.78,76.79,2.94
2013-01-05,0.17,5.63,-3.13,0.59,11.09,73.72,3.51
2013-01-06,0.01,7.9,-4.93,0.03,10.81,69.13,3.06
2013-01-07,1.33,8.91,-1.76,0.01,7.95,69.03,4.43
2013-01-08,2.08,10.47,-1.58,0.01,10.19,71.29,2.95
2013-01-09,3.02,11.59,-1.25,0.56,9.59,70.63,1.81
2013-01-10,2.89,6.23,1.18,10.93,2.98,94.27,2.38
2013-01-11,5.84,16.69,-3.78,0.09,2.64,63.74,6.4
2013-01-12,-4.29,-0.09,-7.8,0.0,6.47,47.93,4.74
2013-01-13,-7.41,-3.5,-9.51,0.0,11.76,54.75,3.63
2013-01-14,-5.8,-0.4,-11.09,0.0,11.06,57.57,1.24
2013-01-15,-3.3,1.07,-7.47,0.0,10.93,62.25,1.44
2013-01-16,0.69,10.23,-5.53,0.0,11.52,60.79,3.11
2013-01-17,2.52,10.92,-2.22,0.03,11.2,60.71,2.53
2013-01-18,4.15,13.98,-0.31,0.0,12.01,63.91,4.29
2013-01-19,4.4,14.63,-2.36,0.0,12.44,53.07,3.47
2013-01-20,-1.55,5.52,-5.67,0.0,10.34,66.23,2.42
2013-01-21,-2.55,4.07,-6.3,0.0,11.81,59.95,1.49
2013-01-22,-1.8,4.5,-5.25,0.0,12.26,65.02,1.7
2013-01-23,0.88,9.19,-3.66,0.0,10.1,66.28,2.45
2013-01-24,-2.91,0.25,-5.82,0.0,3.61,47.51,3.02
2013-01-25,2.18,10.66,-3.53,0.0,10.78,60.79,1.67
2013-01-26,4.24,11.78,-1.16,0.59,11.98,76.36,4.04
2013-01-27,7.73,17.42,3.93,0.09,11.22,84.68,4.15
2013-01-28,10.52,21.72,1.86,0.01,11.52,73.36,3.7
2013-01-29,2.13,5.95,-1.15,3.11,3.61,75.69,4.74
2013-01-30,-2.17,1.28,-4.82,0.29,6.53,60.53,5.05
2013-01-31,-3.72,-0.44,-8.34,0.06,6.7,54.47,3.52
2013-02-01,-2.25,3.18,-7.07,0.01,7.98,50.02,3.31
2013-02-02,2.93,10.71,-1.46,0.0,13.75,67.91,3.53
2013-02-03,4.58,12.27,-2.77,0.07,13.26,56.43,3.33
2013-02-04,3.22,9.88,-1.43,0.0,13.53,64.59,2.84
2013-02-05,4.94,15.0,-1.78,0.0,13.9,61.8,2.87
2013-02-06,6.15,13.79,-1.45,4.58,9.32,85.88,3.67
2013-02-07,5.39,12.1,-1.94,10.19,13.36,72.42,3.98
2013-02-08,2.38,11.44,-4.74,0.0,10.7,63.85,3.37
2013-02-09,5.09,11.82,-0.53,0.4,8.05,78.08,6.94
2013-02-10,3.36,7.61,-1.87,0.03,10.67,57.16,7.51
2013-02-11,-0.02,6.63,-4.62,0.0,15.07,56.63,2.59
2013-02-12,1.16,7.79,-3.52,0.04,7.39,55.11,1.58
2013-02-13,3.88,13.13,-3.28,0.0,15.57,49.04,3.24
2013-02-14,1.23,5.47,-3.91,0.0,6.81,68.23,3.36
2013-02-15,-2.03,3.98,-6.62,0.0,12.88,61.75,3.26
2013-02-16,3.09,13.01,-6.46,0.0,14.27,54.08,2.84
2013-02-17,9.26,20.98,0.37,0.0,14.81,46.41,3.58
2013-02-18,3.18,8.18,-3.12,0.0,15.41,52.68,5.86
2013-02-19,-0.51,6.03,-5.46,0.0,16.72,52.05,2.23
2013-02-20,-2.44,0.98,-5.23,9.23,2.69,75.45,5.6
2013-02-21,-5.37,-3.04,-8.38,5.33,2.96,86.63,4.98
2013-02-22,-6.4,-0.91,-12.39,0.65,17.95,81.36,3.07
2013-02-23,-2.32,5.89,-8.69,1.06,17.82,83.12,2.74
2013-02-24,0.51,7.28,-5.79,3.52,11.25,84.86,3.6
2013-02-25,-0.74,1.43,-3.6,4.85,4.31,88.72,6.17
2013-02-26,-1.4,4.55,-4.86,0.37,11.09,85.05,3.47
2013-02-27,-0.18,5.07,-3.56,0.17,17.95,74.54,5.08
2013-02-28,0.35,6.88,-3.52,0.02,15.4,65.91,3.58
2013-03-01,-0.86,5.55,-5.8,0.01,9.85,67.97,3.11
2013-03-02,1.87,11.11,-5.76,0.0,17.95,64.08,1.3
2013-03-03,6.66,17.45,-0.62,0.01,10.13,74.46,2.25
2013-03-04,5.01,11.88,0.29,0.27,11.93,65.33,5.61
2013-03-05,-0.25,6.46,-5.51,0.0,19.93,43.98,5.21
2013-03-06,0.88,8.57,-5.88,0.0,18.67,53.07,3.49
2013-03-07,6.24,17.73,-3.28,0.01,19.41,59.86,3.98
2013-03-08,10.01,16.77,3.26,0.88,11.41,81.14,5.56
2013-03-09,12.68,20.21,2.16,6.89,12.2,73.97,5.91
2013-03-10,-1.16,1.31,-5.28,1.09,8.32,65.07,7.45
2013-03-11,2.64,11.9,-6.5,0.12,16.01,49.44,2.61
2013-03-12,3.4,9.95,-2.95,0.02,20.24,52.93,3.8
2013-03-13,6.18,16.22,-3.17,0.0,19.63,52.66,3.09
2013-03-14,12.91,24.04,4.12,0.0,18.99,54.2,3.0
2013-03-15,17.32,28.89,7.59,0.04,16.53,43.17,3.03
2013-03-16,5.36,9.12,0.31,0.08,12.32,59.91,5.46
2013-03-17,3.49,8.58,-0.68,0.39,11.99,74.35,3.14
2013-03-18,5.97,14.14,-0.27,0.02,22.52,53.88,3.35
2013-03-19,4.28,13.73,-2.73,0.11,18.3,48.72,3.01
2013-03-20,2.82,9.99,-6.05,0.0,22.34,45.52,2.61
2013-03-21,3.94,11.89,-1.08,0.02,20.71,56.71,5.22
2013-03-22,3.52,11.65,-2.37,0.02,17.52,68.44,2.17
2013-03-23,0.25,4.32,-2.67,2.5,4.24,78.66,4.76
2013-03-24,-1.0,4.3,-5.18,0.36,18.18,52.51,5.99
2013-03-25,-2.38,2.9,-5.87,0.03,16.65,49.69,4.34
2013-03-26,2.48,11.17,-5.9,0.0,22.95,45.55,2.96
2013-03-27,5.62,14.52,-1.97,0.02,22.21,53.51,2.48
2013-03-28,9.32,18.03,0.41,0.0,19.06,65.64,2.02
2013-03-29,13.79,22.82,5.8,3.65,20.6,76.28,2.69
2013-03-30,15.36,23.12,9.41,4.32,21.34,67.01,3.32
2013-03-31,11.58,18.91,4.89,0.01,24.16,55.68,2.63
2013-04-01,4.46,9.45,-0.79,0.22,10.57,51.29,3.68
2013-04-02,5.46,11.11,0.6,0.71,11.11,48.35,2.28
2013-04-03,4.11,9.37,-0.34,0.36,9.96,63.75,1.73
2013-04-04,7.95,17.81,-2.25,0.0,24.79,61.17,1.26
2013-04-05,13.32,22.76,3.0,0.0,19.67,50.98,6.4
2013-04-06,16.23,23.57,9.11,0.0,23.05,46.51,3.92
2013-04-07,16.89,24.62,11.35,0.93,17.92,56.95,3.76
2013-04-08,18.35,24.72,11.6,0.27,13.41,74.32,4.11
2013-04-09,8.77,18.89,-3.0,6.26,4.78,79.75,6.01
2013-04-10,-1.4,4.15,-4.66,6.46,7.41,62.44,5.57
2013-04-11,2.62,11.55,-5.61,0.03,25.83,55.5,4.1
2013-04-12,6.46,15.67,-2.6,0.04,25.57,61.27,2.6
2013-04-13,13.23,23.06,0.63,0.0,24.67,56.59,5.68
2013-04-14,15.4,22.15,6.21,0.23,23.37,41.51,5.56
2013-04-15,8.69,15.42,3.06,0.0,17.45,39.61,3.39
2013-04-16,6.54,12.69,0.96,1.1,8.21,60.18,4.07
2013-04-17,4.79,8.22,-0.37,19.44,3.53,86.93,4.35
2013-04-18,0.95,5.29,-2.6,1.62,10.7,62.53,6.49
2013-04-19,5.8,15.63,-4.16,0.0,25.96,53.72,3.96
2013-04-20,7.99,14.55,0.52,0.0,18.63,56.04,4.5
2013-04-21,13.65,21.95,5.22,0.0,27.03,54.22,4.2
2013-04-22,11.38,22.47,0.19,6.48,7.89,66.84,5.88
2013-04-23,0.5,5.41,-3.34,4.4,6.32,67.96,5.13
2013-04-24,6.18,16.75,-5.4,0.0,27.03,52.07,2.62
2013-04-25,11.37,21.59,-0.09,0.85,25.13,48.01,4.54
2013-04-26,12.88,20.51,8.05,4.81,13.33,74.74,2.52
2013-04-27,14.88,23.67,8.65,0.2,23.87,67.39,1.76
2013-04-28,18.78,30.26,7.39,0.0,28.17,51.85,3.45
2013-04-29,20.97,32.52,11.32,0.0,27.59,46.62,3.48
2013-04-30,23.52,32.98,16.18,0.01,26.9,48.42,4.93
2013-05-01,8.16,16.81,1.11,13.7,5.58,80.66,6.56
2013-05-02,5.14,10.92,0.91,3.21,22.2,58.62,5.89
2013-05-03,7.5,15.46,-0.61,0.0,28.43,45.29,3.63
2013-05-04,7.49,12.85,0.34,0.03,15.88,53.52,5.28
2013-05-05,12.08,20.03,6.11,0.0,23.73,64.26,2.61
2013-05-06,14.97,23.06,5.46,0.0,27.14,59.97,1.58
2013-05-07,16.91,23.06,11.3,11.28,18.75,66.23,4.44
2013-05-08,19.04,25.48,12.01,13.02,25.06,71.34,3.1
2013-05-09,16.81,21.54,11.53,1.16,20.07,74.29,2.69
2013-05-10,16.17,22.39,9.98,0.03,26.46,63.68,2.99
2013-05-11,14.38,20.88,7.51,0.0,29.79,48.35,3.74
2013-05-12,15.77,26.06,5.86,0.03,27.29,53.02,2.52
2013-05-13,21.29,32.59,9.72,0.0,27.94,50.41,2.58
2013-05-14,25.51,34.98,15.97,0.0,29.25,31.16,5.18
2013-05-15,23.56,33.0,16.98,0.0,26.02,55.51,4.14
2013-05-16,21.87,28.98,15.56,0.05,23.15,65.61,2.35
2013-05-17,23.14,31.75,13.98,0.04,28.89,60.38,3.44
2013-05-18,24.75,33.35,17.92,8.27,19.64,68.69,5.26
2013-05-19,22.49,28.76,16.51,6.65,17.23,68.05,2.76
2013-05-20,19.75,26.88,12.88,0.01,21.79,49.82,3.19
2013-05-21,17.59,24.6,11.1,0.02,26.06,46.83,4.12
2013-05-22,18.1,27.07,9.77,0.0,30.43,50.59,3.27
2013-05-23,17.21,23.05,10.72,0.05,24.74,60.9,3.37
2013-05-24,21.23,27.6,13.4,0.0,16.08,70.51,5.56
2013-05-25,24.45,30.57,18.73,0.51,25.84,64.84,6.2
2013-05-26,25.48,32.98,18.73,0.0,25.61,64.21,6.35
2013-05-27,28.83,38.15,20.62,0.62,23.21,45.27,5.67
2013-05-28,26.18,36.32,17.27,3.34,21.19,49.72,3.87
2013-05-29,22.49,25.38,20.38,43.45,11.37,82.91,7.07
2013-05-30,20.76,25.96,16.6,10.7,22.19,71.31,3.43
2013-05-31,21.33,29.0,14.1,0.77,29.07,58.2,1.75
2013-06-01,17.47,23.72,11.73,0.0,21.01,56.49,4.11
2013-06-02,16.73,24.25,9.15,0.0,31.62,53.73,2.42
2013-06-03,20.78,29.15,10.98,0.08,27.65,59.04,6.2
2013-06-04,23.13,28.7,18.24,11.36,24.04,72.83,3.42
2013-06-05,17.98,24.21,13.41,7.44,15.1,72.04,3.85
2013-06-06,18.34,25.0,11.13,0.01,28.48,59.3,2.31
2013-06-07,21.3,28.48,13.23,0.06,28.14,55.69,1.7
2013-06-08,21.2,28.31,15.76,9.41,16.59,69.3,3.84
2013-06-09,22.46,31.41,13.83,0.01,29.39,54.67,2.87
2013-06-10,26.56,37.62,14.31,0.01,29.18,49.37,3.71
2013-06-11,30.09,38.41,22.15,0.0,30.18,39.2,7.03
2013-06-12,29.54,37.97,20.87,0.01,30.62,43.01,4.37
2013-06-13,25.74,35.15,16.23,0.0,28.61,53.09,3.88
2013-06-14,30.44,39.18,21.79,0.0,30.25,47.34,5.25
2013-06-15,26.61,31.76,22.05,7.25,18.62,59.66,4.27
2013-06-16,24.29,29.24,19.28,22.93,28.19,71.51,1.55
2013-06-17,24.19,29.77,19.59,3.83,27.84,72.36,2.68
2013-06-18,24.53,30.14,18.97,5.75,27.95,65.6,2.2
2013-06-19,23.93,28.26,19.22,0.02,26.32,66.15,4.29
2013-06-20,27.95,34.73,20.98,0.02,27.36,61.98,6.68
2013-06-21,28.3,34.28,22.77,0.0,24.38,55.97,6.69
2013-06-22,28.54,35.18,21.89,0.02,27.06,51.29,6.88
2013-06-23,29.28,36.56,22.37,0.02,27.55,47.51,5.11
2013-06-24,28.47,35.38,22.95,2.18,14.05,52.39,6.89
2013-06-25,30.31,39.62,23.16,0.11,27.03,45.77,4.36
2013-06-26,31.62,40.88,22.36,0.03,30.13,45.82,2.19
2013-06-27,32.15,40.8,24.44,6.51,20.09,51.71,3.01
2013-06-28,29.02,36.67,21.83,0.45,29.95,47.52,3.28
2013-06-29,25.97,32.87,19.02,0.02,28.0,41.17,3.7
2013-06-30,22.87,29.72,16.63,0.06,26.21,47.77,3.18
2013-07-01,21.91,29.4,14.29,0.0,29.04,43.36,2.61
2013-07-02,23.24,29.98,15.53,0.15,24.78,41.58,1.93
2013-07-03,24.45,32.02,16.53,0.89,26.41,38.18,3.03
2013-07-04,26.16,34.28,17.28,0.0,28.24,37.74,4.38
2013-07-05,28.03,36.22,19.34,0.24,26.11,40.91,5.65
2013-07-06,28.18,34.02,20.7,0.39,18.59,46.65,6.09
2013-07-07,32.01,40.55,23.65,0.18,23.89,33.44,5.4
2013-07-08,32.67,40.02,25.53,0.09,24.86,35.42,5.26
2013-07-09,33.4,42.56,25.47,7.94,23.74,43.97,3.1
2013-07-10,29.55,36.47,23.11,2.14,28.27,55.28,3.53
2013-07-11,30.11,36.86,23.2,1.95,26.74,50.74,3.52
2013-07-12,31.66,39.62,22.88,0.0,28.61,43.98,4.95
2013-07-13,32.93,41.64,25.09,0.36,28.35,43.4,4.7
2013-07-14,25.1,30.2,19.76,4.87,9.79,67.44,3.59
2013-07-15,23.94,29.88,17.88,5.05,19.77,61.5,3.4
2013-07-16,24.2,30.65,17.74,2.71,23.68,66.62,3.31
2013-07-17,26.5,32.99,19.17,0.15,23.56,64.42,2.95
2013-07-18,27.84,34.61,21.1,0.0,27.85,58.35,4.4
2013-07-19,28.88,35.47,22.02,3.98,27.82,55.75,2.9
2013-07-20,27.94,33.89,22.76,16.22,18.55,61.13,2.09
2013-07-21,27.3,33.24,20.91,0.89,17.89,66.69,1.78
2013-07-22,30.23,38.15,22.34,6.72,21.88,57.3,1.94
2013-07-23,28.37,35.12,22.4,9.64,27.17,64.34,2.99
2013-07-24,25.77,32.53,19.24,0.02,27.07,59.13,2.57
2013-07-25,24.89,28.7,21.35,25.95,9.4,72.34,3.28
2013-07-26,23.49,29.36,16.88,4.25,26.75,67.64,3.54
2013-07-27,20.24,26.02,14.7,5.48,17.13,61.77,2.74
2013-07-28,17.9,22.8,14.21,36.04,5.01,85.86,4.28
2013-07-29,22.19,28.91,16.94,25.73,8.63,88.37,3.33
2013-07-30,22.83,28.96,17.32,1.07,13.53,80.31,1.5
2013-07-31,23.72,29.39,17.93,0.07,23.04,77.61,1.69
2013-08-01,24.75,30.24,19.04,2.29,26.32,72.34,2.84
2013-08-02,26.62,32.61,21.34,8.92,21.6,78.34,3.61
2013-08-03,25.3,29.15,22.58,32.6,17.7,86.21,3.85
2013-08-04,23.51,26.44,21.67,19.54,13.59,89.64,2.68
2013-08-05,24.58,29.23,20.58,5.71,16.64,86.54,1.99
2013-08-06,25.8,30.31,21.56,4.34,24.82,81.44,1.24
2013-08-07,24.15,27.54,20.75,12.38,17.56,85.29,2.71
2013-08-08,21.02,23.65,18.29,7.62,13.41,88.51,2.89
2013-08-09,20.32,23.69,18.1,5.75,11.73,82.15,2.26
2013-08-10,22.39,27.98,15.7,0.0,25.92,75.31,1.57
2013-08-11,22.82,26.89,18.3,4.77,20.33,86.12,2.54
2013-08-12,24.37,30.06,19.66,11.44,23.13,80.33,1.78
2013-08-13,22.0,25.42,18.21,18.23,13.48,86.35,2.31
2013-08-14,21.33,26.27,15.82,0.09,19.41,74.21,2.23
2013-08-15,21.91,26.64,17.59,2.97,18.93,81.22,2.52
2013-08-16,22.47,27.63,17.69,1.23,20.02,77.66,1.43
2013-08-17,21.15,25.49,17.55,0.06,17.06,77.16,3.63
2013-08-18,21.6,27.02,15.98,0.01,21.04,74.09,3.64
2013-08-19,23.82,30.21,17.5,0.01,23.66,72.08,3.86
2013-08-20,24.89,32.39,18.4,0.0,24.47,69.3,4.17
2013-08-21,25.81,33.64,18.95,0.0,24.84,62.42,4.75
2013-08-22,25.4,32.19,18.85,0.01,22.76,64.1,4.15
2013-08-23,26.53,33.09,20.7,0.11,18.14,68.7,4.06
2013-08-24,27.31,34.18,21.33,0.0,24.89,66.38,5.1
2013-08-25,27.58,34.8,21.44,0.0,23.99,63.3,4.64
2013-08-26,27.43,34.68,21.6,0.0,24.89,60.83,4.78
2013-08-27,27.29,34.54,21.0,0.0,24.31,57.68,4.4
2013-08-28,25.61,31.45,21.11,0.01,20.75,70.35,2.95
2013-08-29,28.46,36.56,20.88,0.0,24.14,57.02,3.08
2013-08-30,29.07,38.03,20.88,0.0,24.57,49.18,2.0
2013-08-31,28.73,35.56,21.72,1.85,22.62,57.46,1.65
2013-09-01,24.94,31.21,18.09,0.1,19.81,56.86,3.1
2013-09-02,23.03,30.94,16.0,0.0,24.52,55.81,1.83
2013-09-03,24.1,32.24,16.27,0.0,24.19,57.06,2.66
2013-09-04,24.91,33.32,17.54,0.0,21.31,55.83,3.33
2013-09-05,25.96,34.34,18.46,0.0,22.1,57.51,3.39
2013-09-06,27.89,36.78,20.05,0.0,22.83,55.68,3.78
2013-09-07,29.8,39.0,22.0,0.0,22.69,49.24,3.55
2013-09-08,29.47,37.11,22.64,0.0,22.5,45.45,3.67
2013-09-09,27.8,34.65,21.37,0.01,22.83,44.43,5.32
2013-09-10,27.43,34.25,21.95,0.4,21.37,50.82,4.61
2013-09-11,26.35,32.06,21.79,6.19,18.02,63.41,2.56
2013-09-12,21.92,23.79,19.12,14.24,5.58,86.66,1.99
2013-09-13,19.6,24.46,16.52,0.31,8.09,57.73,2.68
2013-09-14,20.87,27.49,15.04,0.06,12.21,65.06,3.54
2013-09-15,21.99,28.45,16.27,4.27,13.57,76.24,4.05
2013-09-16,15.97,18.56,14.52,10.44,3.5,87.54,2.26
2013-09-17,22.65,30.1,14.87,0.48,16.78,74.84,4.33
2013-09-18,26.28,33.07,20.31,0.01,21.25,61.52,6.5
2013-09-19,22.32,30.18,14.83,0.25,13.74,66.08,4.29
2013-09-20,18.1,24.53,11.62,0.0,20.48,51.36,2.81
2013-09-21,19.58,28.08,11.54,0.0,21.41,52.62,3.26
2013-09-22,19.38,27.25,13.25,0.0,20.52,54.07,5.72
2013-09-23,18.89,27.54,11.36,0.09,16.06,55.47,6.23
2013-09-24,18.81,25.72,14.33,0.0,20.37,59.09,4.59
2013-09-25,20.26,28.76,11.23,0.0,20.98,60.28,4.5
2013-09-26,24.69,33.58,16.29,0.0,20.07,51.14,6.83
2013-09-27,24.77,30.7,19.3,2.49,19.0,56.78,6.73
2013-09-28,15.74,21.72,10.37,13.86,20.47,55.15,4.31
2013-09-29,16.51,25.09,8.65,0.0,20.13,49.58,3.02
2013-09-30,18.1,27.3,10.07,0.0,20.14,60.51,3.72
2013-10-01,19.52,27.94,11.28,0.0,19.11,70.74,2.34
2013-10-02,22.23,28.67,16.22,0.28,14.84,76.88,4.8
2013-10-03,23.42,30.79,18.23,0.06,18.17,66.67,5.0
2013-10-04,19.31,27.28,7.29,0.15,18.85,51.8,6.4
2013-10-05,10.36,15.96,6.24,0.02,18.57,41.01,5.76
2013-10-06,12.41,20.48,6.84,0.0,19.26,44.19,4.58
2013-10-07,15.08,24.76,6.12,0.0,18.53,49.1,2.61
2013-10-08,17.32,26.42,9.61,0.0,18.09,48.08,6.62
2013-10-09,18.5,27.63,11.14,0.0,18.16,54.6,6.07
2013-10-10,19.77,27.85,12.57,2.51,17.79,63.24,6.45
2013-10-11,17.91,25.44,11.73,1.72,18.66,55.95,4.07
2013-10-12,13.44,20.96,7.82,0.0,17.63,50.48,2.66
2013-10-13,14.37,22.08,6.31,0.21,16.8,55.36,3.65
2013-10-14,15.83,20.53,9.0,13.62,3.66,80.68,5.97
2013-10-15,9.6,15.64,4.9,0.0,17.63,54.82,5.14
2013-10-16,8.14,14.16,3.39,0.0,11.24,62.59,2.58
2013-10-17,9.35,17.56,2.94,0.0,16.45,59.08,3.36
2013-10-18,3.52,6.34,1.51,8.56,3.56,77.29,2.84
2013-10-19,8.42,17.85,-0.09,0.0,16.86,58.43,3.13
2013-10-20,10.45,17.39,4.19,0.15,14.98,59.73,3.32
2013-10-21,9.31,16.03,2.88,0.04,16.28,60.78,2.56
2013-10-22,11.59,19.21,5.61,0.0,15.14,59.71,3.83
2013-10-23,10.05,20.58,2.39,0.0,15.77,65.17,2.89
2013-10-24,6.1,12.33,2.09,0.05,14.67,65.34,2.34
2013-10-25,8.05,15.66,0.73,0.02,13.58,58.52,3.84
2013-10-26,9.64,15.52,4.21,0.03,14.89,55.71,3.23
2013-10-27,10.49,21.57,1.39,0.11,15.12,50.28,3.57
2013-10-28,11.83,18.68,4.51,12.42,7.36,80.56,3.99
2013-10-29,12.37,16.08,6.41,4.08,4.79,91.26,1.66
2013-10-30,11.02,19.37,6.01,1.31,2.96,81.73,1.88
2013-10-31,9.19,17.0,4.24,2.29,13.75,64.77,3.63
2013-11-01,9.63,15.73,4.56,0.02,13.32,53.61,4.43
2013-11-02,7.84,15.41,1.39,0.0,14.54,54.06,3.03
2013-11-03,10.23,15.46,4.79,0.0,10.3,52.58,9.13
2013-11-04,9.32,15.13,4.75,0.0,14.06,63.59,3.92
2013-11-05,7.98,15.39,0.85,15.14,2.68,88.1,5.12
2013-11-06,4.04,12.17,-2.64,0.0,12.76,64.45,2.73
2013-11-07,6.14,14.23,-0.66,0.03,12.95,61.03,1.98
2013-11-08,10.21,20.51,3.83,0.03,12.69,54.55,5.05
2013-11-09,8.89,17.24,3.2,0.0,13.19,64.61,2.33
2013-11-10,8.06,13.1,2.11,0.0,9.17,81.54,2.9
2013-11-11,5.24,9.56,-4.32,0.0,2.36,74.17,4.92
2013-11-12,-2.8,3.53,-8.17,0.0,13.95,42.9,2.64
2013-11-13,3.78,14.38,-4.66,0.0,12.31,48.98,5.36
2013-11-14,5.21,10.67,0.6,0.0,10.25,57.4,2.03
2013-11-15,8.44,16.27,0.15,0.0,11.22,70.15,3.65
2013-11-16,12.63,19.14,8.22,0.0,11.93,66.24,3.95
2013-11-17,8.33,15.19,1.2,0.0,12.79,48.7,5.06
2013-11-18,6.39,14.64,0.15,0.0,12.33,50.47,2.37
2013-11-19,9.2,16.38,2.8,0.0,11.01,61.3,5.99
2013-11-20,11.57,19.12,5.84,0.01,10.53,70.68,2.42
2013-11-21,-0.57,9.32,-6.18,3.31,2.65,74.64,6.26
2013-11-22,-3.78,-0.35,-7.01,0.15,4.44,48.03,3.61
2013-11-23,-2.93,0.98,-5.35,0.06,8.48,58.71,2.81
2013-11-24,-3.77,-0.8,-5.73,0.04,4.27,64.53,3.54
2013-11-25,-1.57,3.76,-4.93,0.02,5.81,74.84,2.45
2013-11-26,-1.97,3.3,-5.75,0.0,11.3,60.62,3.72
2013-11-27,-1.49,4.9,-5.82,0.01,11.1,61.24,2.95
2013-11-28,-0.55,4.59,-2.95,0.0,10.86,76.3,2.57
2013-11-29,1.5,10.61,-3.33,0.0,11.03,78.71,3.39
2013-11-30,4.4,12.69,-1.65,0.01,10.81,74.24,1.65
2013-12-01,4.07,11.53,-2.04,0.0,10.52,77.01,1.39
2013-12-02,7.73,18.38,0.5,0.0,9.94,63.0,2.3
2013-12-03,6.91,16.27,0.61,0.0,9.94,70.22,2.36
2013-12-04,-3.56,0.08,-7.58,0.01,4.73,56.48,6.47
2013-12-05,-7.8,-6.46,-9.38,0.21,3.93,49.78,4.53
2013-12-06,-11.0,-7.87,-14.2,0.01,7.44,58.34,3.61
2013-12-07,-11.01,-6.85,-15.71,0.11,8.03,60.71,2.96
2013-12-08,-7.64,-4.77,-9.84,0.2,2.18,77.04,3.04
2013-12-09,-8.49,-4.45,-11.5,0.05,6.96,59.24,2.74
2013-12-10,-2.72,6.84,-8.78,0.03,9.99,56.0,3.17
2013-12-11,-5.43,-2.15,-8.33,0.04,10.13,62.97,3.14
2013-12-12,-1.86,7.39,-7.46,0.0,10.4,67.41,3.38
2013-12-13,-0.02,5.21,-3.28,0.03,9.63,83.26,2.43
2013-12-14,-1.36,3.88,-5.2,0.0,10.0,71.77,3.83
2013-12-15,2.82,11.1,-1.52,0.0,9.22,61.4,3.07
2013-12-16,3.71,13.59,-0.64,0.0,10.25,71.22,2.28
2013-12-17,2.8,8.69,-1.24,0.0,10.26,65.88,2.5
2013-12-18,4.74,15.1,-0.87,0.0,9.15,67.64,3.64
2013-12-19,2.66,8.99,-5.07,0.02,9.03,84.42,3.29
2013-12-20,-5.27,-3.08,-7.86,0.01,5.59,56.2,3.84
2013-12-21,-4.29,-2.7,-5.77,5.75,2.72,68.87,3.49
2013-12-22,-5.99,-0.4,-9.18,0.03,9.14,75.97,2.91
2013-12-23,-7.86,-5.23,-10.54,0.68,3.02,77.74,2.51
2013-12-24,-3.49,2.53,-8.96,0.0,1.72,87.65,4.0
2013-12-25,0.01,5.59,-3.57,1.21,9.72,75.12,2.57
2013-12-26,1.66,8.14,-2.75,0.0,10.47,63.49,2.49
2013-12-27,2.21,9.97,-1.78,0.33,10.48,70.12,2.37
2013-12-28,1.24,10.5,-3.52,0.0,10.26,75.05,3.74
2013-12-29,-7.31,-4.64,-10.53,0.0,7.49,53.34,4.91
2013-12-30,-2.13,8.29,-9.41,0.0,9.58,63.12,2.98
2013-12-31,1.46,9.49,-2.25,0.0,8.17,72.84,3.24
2014-01-01,-5.95,-2.05,-10.42,1.19,4.51,75.75,4.82
2014-01-02,-4.95,4.57,-11.14,0.21,10.37,80.84,2.57
2014-01-03,-0.07,8.18,-6.4,0.03,10.38,74.49,5.72
2014-01-04,-2.89,1.07,-8.33,0.76,4.37,75.82,5.74
2014-01-05,-11.6,-8.82,-16.07,0.04,6.47,59.12,5.52
2014-01-06,-13.27,-6.29,-19.37,0.0,8.46,52.49,2.83
2014-01-07,-2.57,7.24,-10.6,0.0,8.3,69.92,2.39
2014-01-08,-3.39,-0.32,-6.37,0.0,9.16,80.54,3.3
2014-01-09,-2.78,2.84,-7.28,0.02,4.81,88.1,2.94
2014-01-10,1.44,7.33,-1.59,1.24,6.13,87.38,3.74
2014-01-11,3.09,10.73,-1.43,0.0,11.44,60.29,3.88
2014-01-12,3.4,11.03,-1.0,0.0,8.57,64.04,3.77
2014-01-13,3.55,11.49,-2.16,0.0,11.61,56.02,3.62
2014-01-14,2.84,6.61,-3.49,0.0,10.7,53.97,5.42
2014-01-15,2.17,10.39,-4.46,0.0,9.01,58.88,3.11
2014-01-16,2.85,8.63,-3.51,0.0,11.74,48.7,6.55
2014-01-17,0.39,6.7,-4.76,0.0,11.88,54.53,3.0
2014-01-18,3.26,9.98,-2.51,0.0,10.86,55.86,5.3
2014-01-19,5.27,16.11,-2.51,0.0,12.38,50.92,3.0
2014-01-20,2.79,10.09,-7.21,0.0,11.45,48.8,5.0
2014-01-21,-3.59,3.35,-9.36,0.0,11.91,52.75,3.13
2014-01-22,-1.03,5.72,-9.37,0.01,11.25,58.22,4.52
2014-01-23,-10.49,-6.81,-13.31,0.05,11.09,39.08,3.75
2014-01-24,-0.8,10.96,-11.65,0.0,11.98,56.21,4.73
2014-01-25,4.73,10.76,1.2,0.0,12.09,65.65,3.69
2014-01-26,4.16,14.86,-7.89,0.0,12.41,52.18,5.1
2014-01-27,-7.64,-5.78,-9.67,0.05,6.57,32.7,4.07
2014-01-28,-6.03,-1.48,-9.72,0.0,11.23,51.16,2.9
2014-01-29,-1.47,8.72,-9.08,0.0,13.63,52.62,4.25
2014-01-30,1.1,7.65,-3.03,0.04,7.02,59.54,4.09
2014-01-31,-3.22,-0.5,-4.61,0.41,5.4,72.88,3.8
2014-02-01,-3.29,0.16,-7.14,0.09,5.46,63.36,4.1
2014-02-02,-6.25,-1.05,-11.35,0.13,12.22,59.66,1.7
2014-02-03,-4.11,1.4,-9.87,0.16,7.14,63.52,3.37
2014-02-04,-6.18,-3.6,-12.6,6.91,1.33,85.36,5.46
2014-02-05,-13.39,-10.82,-15.44,0.01,9.8,66.09,5.38
2014-02-06,-13.74,-9.84,-16.87,0.0,3.58,62.73,1.63
2014-02-07,-10.66,-5.96,-15.31,0.0,2.7,82.37,3.12
2014-02-08,-5.8,-1.04,-10.04,0.01,3.31,90.48,1.67
2014-02-09,-7.27,-4.39,-9.96,1.15,4.27,81.08,3.62
2014-02-10,-9.91,-7.36,-12.72,0.18,3.63,75.69,2.04
2014-02-11,-6.98,0.25,-12.98,0.09,12.88,82.46,3.04
2014-02-12,-1.56,3.94,-6.65,0.18,11.94,80.32,3.57
2014-02-13,3.46,13.23,-3.64,0.68,15.56,69.08,3.11
2014-02-14,3.22,11.13,-3.67,0.18,15.75,69.44,4.9
2014-02-15,3.72,14.1,-3.43,0.0,13.71,65.53,3.99
2014-02-16,4.47,13.58,-2.14,0.0,14.05,69.9,3.55
2014-02-17,6.91,14.66,1.98,0.0,16.84,51.73,5.22
2014-02-18,8.4,20.6,0.1,0.0,15.84,47.28,4.18
2014-02-19,4.95,11.77,-0.11,0.07,10.69,61.31,2.55
2014-02-20,3.38,9.61,-3.21,3.24,17.28,56.94,7.06
2014-02-21,4.09,13.82,-4.29,0.0,17.59,44.2,3.68
2014-02-22,4.16,13.85,-2.48,0.01,17.46,53.9,3.35
2014-02-23,-2.01,4.39,-5.64,0.08,11.54,68.06,3.51
2014-02-24,-0.79,6.79,-5.92,0.0,13.58,64.15,2.53
2014-02-25,-5.06,-0.8,-7.45,0.41,8.82,49.47,4.98
2014-02-26,-3.76,3.51,-10.26,0.0,17.29,52.35,2.68
2014-02-27,-0.45,7.24,-7.73,0.0,17.43,52.95,3.72
2014-02-28,3.03,10.65,-4.16,0.0,16.32,74.73,3.92
2014-03-01,-6.44,-3.56,-12.51,0.83,3.58,62.42,5.27
2014-03-02,-13.4,-10.82,-15.78,2.89,4.66,56.14,5.24
2014-03-03,-9.19,-1.75,-16.33,0.0,12.49,49.15,3.3
2014-03-04,-1.22,7.66,-9.46,0.06,12.74,71.45,2.89
2014-03-05,-1.36,2.85,-4.19,0.74,8.92,81.15,3.01
2014-03-06,2.58,12.0,-4.28,0.0,13.78,74.9,4.01
2014-03-07,3.19,10.97,-3.42,0.01,10.58,71.14,4.84
2014-03-08,0.19,6.57,-3.77,0.03,14.82,56.45,4.03
2014-03-09,7.8,18.73,-1.89,0.0,20.78,51.59,4.15
2014-03-10,11.27,25.02,0.47,0.0,19.48,48.11,2.56
2014-03-11,6.06,12.39,-0.4,0.69,13.93,63.0,6.91
2014-03-12,4.29,13.31,-3.46,0.0,21.42,55.87,3.67
2014-03-13,9.07,20.22,-2.2,0.0,22.12,36.69,4.28
2014-03-14,9.85,17.56,4.06,0.0,21.24,39.13,3.21
2014-03-15,10.09,22.11,0.34,0.04,18.26,42.49,5.12
2014-03-16,1.73,8.4,-2.71,0.07,21.93,52.64,5.13
2014-03-17,8.64,20.55,-2.38,0.0,15.46,43.94,6.09
2014-03-18,6.37,13.87,0.77,0.2,17.09,59.71,6.27
2014-03-19,5.79,14.14,-2.44,0.0,22.72,54.2,3.28
2014-03-20,10.78,21.32,0.74,0.0,22.09,38.2,3.09
2014-03-21,9.14,16.57,3.13,0.0,16.61,45.47,5.3
2014-03-22,1.37,7.77,-3.96,0.02,20.96,52.33,5.1
2014-03-23,0.23,7.89,-6.89,0.0,23.9,51.78,2.63
2014-03-24,2.28,8.28,-3.8,0.05,17.41,56.0,2.95
2014-03-25,2.66,9.57,-3.65,0.0,21.26,49.51,2.66
2014-03-26,4.87,9.11,-0.81,0.96,8.29,81.04,7.81
2014-03-27,9.07,13.95,1.54,0.07,20.29,63.59,5.57
2014-03-28,3.43,12.21,-0.92,0.02,16.08,69.58,1.56
2014-03-29,8.29,19.97,-4.07,0.0,20.45,54.35,3.18
2014-03-30,16.65,26.74,6.8,0.0,16.68,38.46,8.05
2014-03-31,13.69,20.26,1.42,0.0,24.8,35.69,6.69
2014-04-01,5.14,13.26,-1.54,0.0,18.03,52.88,2.49
2014-04-02,8.46,17.14,2.01,1.01,8.74,69.19,3.25
2014-04-03,4.34,8.38,0.27,1.93,5.26,80.85,4.84
2014-04-04,5.25,13.57,-2.4,0.0,25.3,53.15,3.45
2014-04-05,10.25,19.04,2.41,0.03,19.7,42.66,4.69
2014-04-06,10.06,16.09,6.01,0.08,13.54,70.63,2.04
2014-04-07,9.56,17.7,3.67,1.05,16.52,64.83,4.46
2014-04-08,9.6,18.06,1.59,0.0,25.42,46.99,3.57
2014-04-09,16.64,29.64,4.54,0.0,25.54,38.74,4.29
2014-04-10,14.7,21.87,9.38,0.0,21.76,42.64,4.25
2014-04-11,16.76,26.88,6.33,0.0,25.74,46.66,2.97
2014-04-12,20.62,31.79,12.5,0.23,20.64,54.72,4.28
2014-04-13,7.75,13.33,0.79,0.77,5.05,74.0,6.84
2014-04-14,3.1,9.31,-1.23,0.77,25.07,42.07,5.13
2014-04-15,9.03,18.48,-2.35,0.0,24.74,33.84,4.09
2014-04-16,12.79,22.2,5.44,0.0,19.91,35.01,5.63
2014-04-17,6.03,13.88,1.75,0.26,19.31,54.4,2.46
2014-04-18,12.86,22.14,2.31,0.0,26.54,61.11,4.73
2014-04-19,18.4,26.9,10.64,0.0,19.53,55.56,6.25
2014-04-20,18.1,23.03,12.95,1.62,13.11,68.62,4.48
2014-04-21,17.85,26.12,10.2,0.24,25.15,55.95,3.64
2014-04-22,16.7,25.58,6.67,0.0,24.09,36.74,4.01
2014-04-23,19.6,27.99,10.77,4.6,15.82,53.61,6.81
2014-04-24,15.2,21.55,9.33,5.21,20.81,48.02,4.37
2014-04-25,17.92,28.31,8.3,0.0,25.72,37.47,3.88
2014-04-26,21.96,31.55,11.49,2.62,20.72,48.67,6.95
2014-04-27,18.86,25.4,9.77,1.14,25.89,46.31,6.85
2014-04-28,11.25,15.25,6.83,0.37,12.68,50.92,8.78
2014-04-29,7.29,12.71,4.44,3.22,10.99,64.41,7.54
2014-04-30,8.46,14.34,3.17,0.0,18.96,48.18,5.44
2014-05-01,10.51,18.12,3.39,0.0,23.82,42.0,4.01
2014-05-02,14.5,24.48,2.3,0.0,28.82,36.86,2.42
2014-05-03,20.7,32.56,10.26,0.0,27.66,36.24,2.36
2014-05-04,22.36,35.16,11.58,0.0,28.11,35.0,2.48
2014-05-05,20.54,30.18,10.94,0.0,26.48,52.68,2.84
2014-05-06,23.7,36.4,11.69,0.0,27.95,42.68,3.16
2014-05-07,25.61,36.42,14.0,2.42,27.18,37.79,5.44
2014-05-08,20.03,25.87,11.33,1.03,29.22,45.44,4.8
2014-05-09,17.45,26.14,8.75,0.0,27.03,38.53,3.2
2014-05-10,22.34,31.2,13.16,0.17,27.25,39.1,2.88
2014-05-11,23.04,31.72,11.79,20.49,22.26,67.14,6.28
2014-05-12,10.54,13.55,5.94,3.95,12.88,64.31,5.81
2014-05-13,11.36,18.24,4.17,0.0,26.59,44.26,3.95
2014-05-14,12.98,20.33,4.48,0.03,22.17,45.93,2.58
2014-05-15,11.57,18.2,4.8,0.04,24.36,48.34,2.25
2014-05-16,12.4,20.72,5.04,0.05,11.38,57.05,1.86
2014-05-17,12.47,19.06,6.24,1.21,19.87,65.84,1.64
2014-05-18,17.95,24.98,8.42,0.31,26.18,61.12,5.84
2014-05-19,25.79,36.86,18.4,0.0,28.74,43.79,5.06
2014-05-20,24.71,34.11,15.6,0.0,27.23,48.76,2.64
2014-05-21,24.13,31.26,17.0,1.43,25.12,66.54,3.55
2014-05-22,23.21,30.01,17.32,0.89,23.07,67.31,2.69
2014-05-23,19.35,22.05,17.24,10.36,8.51,85.96,1.69
2014-05-24,22.06,28.08,16.47,9.88,16.87,76.09,1.92
2014-05-25,20.74,24.15,18.19,3.73,15.04,84.54,3.45
2014-05-26,20.61,25.09,16.54,0.15,24.15,74.96,2.96
2014-05-27,22.17,28.45,15.82,0.02,26.56,70.16,1.5
2014-05-28,24.67,32.04,16.45,0.37,28.73,57.67,1.77
2014-05-29,25.72,32.81,18.15,0.0,27.79,55.5,2.17
2014-05-30,25.19,31.72,18.22,0.0,28.01,60.65,3.34
2014-05-31,24.74,30.2,17.92,0.0,24.71,64.27,3.05
2014-06-01,25.32,32.14,18.77,21.29,25.27,67.03,5.22
2014-06-02,24.34,29.57,19.27,2.24,21.0,75.5,1.43
2014-06-03,27.69,33.52,21.12,0.34,24.32,62.24,5.92
2014-06-04,25.04,31.5,19.42,7.84,24.41,64.08,4.09
2014-06-05,23.32,29.14,18.52,18.48,25.47,78.4,3.15
2014-06-06,21.93,24.99,18.93,15.12,16.43,87.53,2.34
2014-06-07,21.61,26.03,17.02,1.85,21.43,73.55,3.48
2014-06-08,19.84,25.16,15.35,1.32,15.73,73.21,3.43
2014-06-09,16.55,19.41,14.7,52.85,4.94,90.53,5.28
2014-06-10,19.57,25.48,13.17,0.65,27.63,73.93,2.27
2014-06-11,22.76,30.38,14.52,4.8,28.91,70.8,3.62
2014-06-12,18.73,23.86,14.55,6.24,27.63,66.43,3.93
2014-06-13,19.9,26.51,11.68,0.01,28.92,60.87,4.16
2014-06-14,24.74,31.9,16.84,13.89,28.31,70.14,7.31
2014-06-15,21.58,28.79,13.82,3.3,31.62,66.92,2.42
2014-06-16,27.1,33.24,20.56,0.6,28.37,68.21,7.44
2014-06-17,29.26,35.51,23.81,0.0,30.39,55.74,6.98
2014-06-18,28.31,33.26,23.63,0.64,24.61,60.0,6.2
2014-06-19,25.92,31.35,21.12,0.72,23.49,64.4,2.64
2014-06-20,27.19,34.05,21.06,0.01,29.63,62.89,3.4
2014-06-21,27.59,34.87,19.61,0.03,29.6,54.55,4.5
2014-06-22,25.2,29.69,20.73,15.75,22.37,71.76,2.56
2014-06-23,23.91,29.27,19.22,0.56,22.48,69.06,2.09
2014-06-24,22.88,28.24,19.18,5.01,14.41,71.7,1.34
2014-06-25,24.47,29.9,18.51,0.99,28.28,71.22,2.0
2014-06-26,23.6,26.98,20.18,6.2,9.63,81.38,4.28
2014-06-27,25.04,30.47,20.88,18.88,17.46,76.66,6.73
2014-06-28,24.38,29.22,20.87,9.8,22.13,77.1,2.91
2014-06-29,26.5,31.81,21.23,5.93,16.42,79.07,4.04
2014-06-30,26.76,33.59,20.86,7.32,26.82,68.97,3.95
2014-07-01,23.3,30.07,16.95,0.03,27.16,59.24,2.51
2014-07-02,20.67,27.41,14.63,0.01,28.08,55.64,2.79
2014-07-03,21.46,28.5,12.99,0.0,28.93,57.83,3.38
2014-07-04,24.25,30.11,17.0,0.0,26.36,64.29,5.38
2014-07-05,27.7,34.79,21.72,0.0,26.81,58.57,4.81
2014-07-06,28.93,38.2,19.53,0.0,29.28,53.27,1.85
2014-07-07,29.92,38.44,22.26,0.27,28.79,52.91,2.17
2014-07-08,24.96,31.5,19.39,3.69,25.15,53.09,3.16
2014-07-09,25.49,32.88,18.37,5.21,27.91,51.25,3.17
2014-07-10,24.8,31.89,17.92,17.41,28.46,73.69,4.47
2014-07-11,27.78,35.4,21.06,0.0,28.63,58.13,4.88
2014-07-12,28.62,35.66,21.23,0.8,29.39,57.16,3.65
2014-07-13,26.9,32.89,22.17,0.19,21.96,60.08,3.09
2014-07-14,24.51,30.67,16.22,0.85,27.84,53.49,3.08
2014-07-15,20.84,27.73,12.72,0.22,27.86,48.65,1.66
2014-07-16,19.07,23.74,16.1,6.97,6.46,72.96,2.85
2014-07-17,18.81,23.41,15.58,4.64,8.07,77.92,2.76
2014-07-18,20.46,26.64,14.6,0.08,15.58,72.08,3.58
2014-07-19,23.44,31.06,15.44,0.03,22.72,70.07,4.48
2014-07-20,27.94,36.87,18.66,0.0,28.19,64.6,5.17
2014-07-21,30.41,39.15,22.38,0.01,28.64,57.61,4.73
2014-07-22,31.02,39.26,23.32,0.13,27.36,51.21,2.12
2014-07-23,29.0,36.78,22.84,0.02,24.11,49.49,2.67
2014-07-24,28.8,37.46,19.82,0.12,26.96,56.89,4.7
2014-07-25,32.36,41.63,24.82,0.0,26.01,44.39,3.8
2014-07-26,32.27,41.0,23.73,1.69,23.4,42.47,1.87
2014-07-27,28.35,35.12,21.1,2.79,21.74,45.74,3.59
2014-07-28,25.79,33.11,18.02,0.0,27.9,45.96,1.72
2014-07-29,26.0,33.75,18.19,0.51,25.35,49.23,2.01
2014-07-30,21.32,25.27,18.41,11.55,9.66,63.36,2.83
2014-07-31,23.9,31.45,15.31,0.0,27.48,48.03,1.88
2014-08-01,25.09,33.13,17.06,0.0,28.21,48.78,3.35
2014-08-02,26.23,34.52,17.0,0.02,27.59,52.37,2.14
2014-08-03,27.85,35.7,19.8,0.03,26.19,50.11,3.3
2014-08-04,28.76,36.65,21.88,0.0,26.68,44.09,3.61
2014-08-05,28.81,36.3,21.08,0.0,25.39,45.0,4.63
2014-08-06,29.02,36.3,22.77,3.29,21.0,52.93,3.17
2014-08-07,27.11,32.88,21.7,6.53,20.34,64.99,2.46
2014-08-08,26.28,31.38,21.87,1.99,23.58,66.55,1.3
2014-08-09,26.55,32.32,21.49,18.34,25.23,72.61,2.99
2014-08-10,25.09,30.2,20.66,2.33,24.82,71.35,2.05
2014-08-11,23.83,29.87,17.35,0.0,27.05,57.31,3.35
2014-08-12,23.1,30.96,15.67,0.0,26.95,53.09,1.79
2014-08-13,25.07,33.1,16.69,0.08,25.9,51.63,2.95
2014-08-14,27.41,35.9,20.19,0.69,22.32,53.96,4.47
2014-08-15,28.29,34.33,23.16,1.41,17.62,56.26,3.5
2014-08-16,28.22,35.8,21.0,0.14,25.69,60.54,2.2
2014-08-17,29.22,36.47,22.44,2.36,25.83,52.77,1.58
2014-08-18,28.64,37.7,21.09,6.5,25.99,55.65,2.24
2014-08-19,28.85,36.75,21.99,0.07,23.87,49.75,3.35
2014-08-20,30.05,37.24,22.34,0.0,24.53,50.3,5.46
2014-08-21,31.46,38.76,24.96,1.43,24.7,45.39,5.17
2014-08-22,31.5,38.21,25.39,2.28,22.38,48.29,3.11
2014-08-23,29.94,36.84,22.93,0.0,23.71,40.91,5.49
2014-08-24,30.23,39.23,23.45,0.55,24.51,42.96,3.39
2014-08-25,29.51,38.32,22.7,13.05,24.57,56.23,2.4
2014-08-26,26.9,33.28,21.04,1.09,21.32,65.54,1.93
2014-08-27,25.9,30.04,22.0,2.88,9.56,68.01,2.5
2014-08-28,24.96,28.63,21.79,7.89,13.34,73.51,3.39
2014-08-29,24.12,30.01,17.92,0.19,23.58,63.33,1.94
2014-08-30,26.45,34.0,18.36,0.6,24.48,52.77,2.45
2014-08-31,26.95,34.7,20.88,36.83,21.43,58.49,5.61
2014-09-01,22.01,27.96,17.31,1.58,14.48,70.72,2.48
2014-09-02,23.67,30.04,17.16,1.96,20.19,66.9,2.71
2014-09-03,28.36,35.62,21.49,0.56,22.2,62.16,6.08
2014-09-04,28.28,35.91,21.89,0.94,23.7,56.99,4.88
2014-09-05,16.89,21.08,13.0,8.37,9.16,72.91,3.98
2014-09-06,17.29,24.16,11.39,0.0,23.15,63.0,2.36
2014-09-07,19.41,27.15,11.6,0.01,24.03,53.58,2.41
2014-09-08,24.71,33.2,15.89,0.04,21.21,63.27,4.84
2014-09-09,27.63,35.92,20.84,12.84,20.91,63.43,5.11
2014-09-10,18.98,23.31,13.23,0.76,14.12,69.45,4.83
2014-09-11,14.49,19.06,10.43,1.22,9.01,72.8,3.63
2014-09-12,9.57,14.78,4.39,2.96,6.99,71.19,4.35
2014-09-13,12.06,19.87,4.14,0.0,18.59,62.68,2.34
2014-09-14,19.41,29.52,8.84,0.01,21.94,65.44,4.51
2014-09-15,18.7,24.41,10.97,0.0,8.67,65.96,3.57
2014-09-16,18.77,27.5,9.35,0.0,15.09,68.05,2.59
2014-09-17,23.89,32.71,16.33,1.45,21.01,69.47,2.43
2014-09-18,23.91,31.57,18.0,0.64,17.55,68.62,3.17
2014-09-19,24.99,32.68,17.92,0.14,21.37,64.04,4.31
2014-09-20,24.94,32.29,19.4,2.11,19.4,65.82,2.68
2014-09-21,19.88,27.13,13.94,0.0,21.0,46.39,3.22
2014-09-22,18.43,25.14,11.73,1.29,19.51,52.64,2.77
2014-09-23,19.34,26.96,13.66,12.08,10.44,64.81,5.62
2014-09-24,22.04,29.9,15.28,2.73,19.52,68.35,3.18
2014-09-25,23.25,30.5,16.86,0.0,19.95,63.49,2.83
2014-09-26,21.53,29.33,14.99,0.0,20.64,52.8,3.49
2014-09-27,21.33,28.96,14.7,0.0,19.12,60.28,4.6
2014-09-28,21.54,28.59,16.36,0.02,17.38,60.68,3.5
2014-09-29,22.06,29.34,15.43,0.16,18.15,61.16,3.44
2014-09-30,21.38,27.32,17.05,16.38,8.63,73.24,3.55
2014-10-01,20.98,28.32,15.43,1.49,16.24,74.79,1.82
2014-10-02,14.46,18.59,9.89,3.28,7.4,69.43,4.45
2014-10-03,10.09,15.97,5.4,0.17,19.32,45.99,5.23
2014-10-04,12.58,21.33,2.97,0.02,18.5,46.95,1.75
2014-10-05,16.93,25.07,10.54,0.25,16.55,51.52,3.02
2014-10-06,18.07,26.84,11.83,0.15,17.74,53.55,2.58
2014-10-07,19.01,27.75,11.57,0.0,17.89,53.26,2.28
2014-10-08,19.07,26.6,11.06,0.0,13.11,56.69,3.32
2014-10-09,16.9,20.22,12.03,6.7,4.84,84.93,3.2
2014-10-10,9.28,11.56,6.17,23.34,4.0,79.29,4.65
2014-10-11,9.94,17.42,3.07,0.0,18.2,62.44,1.56
2014-10-12,12.15,18.04,6.56,5.16,8.8,74.36,3.94
2014-10-13,11.85,16.37,8.85,10.46,14.44,62.41,7.62
2014-10-14,12.25,19.65,6.94,0.0,17.86,53.14,3.94
2014-10-15,14.31,23.47,7.06,0.0,16.78,53.23,2.59
2014-10-16,15.58,25.39,7.91,0.0,16.41,59.36,3.85
2014-10-17,13.3,20.67,8.0,0.0,16.54,59.92,3.0
2014-10-18,10.68,16.98,4.61,0.0,15.42,67.56,1.55
2014-10-19,14.58,23.25,7.25,0.0,14.44,73.38,3.32
2014-10-20,15.76,24.74,10.12,0.0,16.23,67.29,2.12
2014-10-21,17.33,26.09,8.35,0.0,15.11,71.03,2.98
2014-10-22,17.46,24.37,13.23,1.11,11.15,76.25,4.49
2014-10-23,17.27,24.71,12.1,0.08,13.08,76.54,1.48
2014-10-24,19.88,29.65,13.83,0.0,14.36,69.34,2.59
2014-10-25,19.86,29.69,12.04,0.0,15.62,58.9,2.41
2014-10-26,20.3,28.06,14.07,0.0,15.33,56.94,3.51
2014-10-27,14.91,18.08,9.25,0.0,10.69,57.06,3.8
2014-10-28,10.83,19.16,4.58,0.0,14.54,52.99,1.89
2014-10-29,11.55,21.25,2.78,0.0,14.75,50.82,2.72
2014-10-30,13.1,20.79,6.45,0.0,15.18,50.06,4.74
2014-10-31,4.11,8.89,0.84,0.0,15.22,52.61,3.3
2014-11-01,6.26,14.2,-1.27,0.0,14.07,41.38,6.04
2014-11-02,12.13,19.82,5.37,0.0,12.13,56.73,7.41
2014-11-03,12.88,21.71,5.64,0.9,8.32,66.79,5.62
2014-11-04,8.6,16.38,4.26,0.01,10.66,53.38,2.39
2014-11-05,10.59,20.88,2.86,0.0,14.33,49.17,3.45
2014-11-06,8.86,15.56,3.54,0.0,13.94,48.52,2.51
2014-11-07,11.68,20.28,4.41,0.0,12.57,52.83,4.37
2014-11-08,9.02,13.46,4.76,0.0,13.82,54.99,3.48
2014-11-09,11.37,20.86,5.0,0.0,11.31,59.4,2.71
2014-11-10,6.58,18.35,-4.57,0.03,12.85,62.65,5.8
2014-11-11,-4.24,0.73,-7.74,0.0,13.22,47.62,5.55
2014-11-12,-6.19,-3.3,-8.15,0.0,7.99,35.36,5.67
2014-11-13,-4.95,-1.47,-7.35,0.0,12.88,46.37,3.03
2014-11-14,-2.7,1.55,-6.45,0.0,9.45,49.96,3.26
2014-11-15,-1.63,2.89,-5.63,0.29,5.5,67.8,4.21
2014-11-16,-4.86,0.52,-8.08,0.31,10.73,49.47,4.08
2014-11-17,-6.4,-0.48,-10.41,0.0,9.88,58.22,3.31
2014-11-18,-1.66,8.89,-11.17,0.0,12.51,54.82,3.07
2014-11-19,0.99,7.28,-2.58,0.0,11.59,63.83,2.2
2014-11-20,0.43,7.36,-3.36,0.0,12.09,69.93,1.66
2014-11-21,0.88,6.72,-3.11,0.0,4.69,83.93,1.69
2014-11-22,7.93,18.45,-0.45,0.0,9.1,84.17,4.87
2014-11-23,7.29,10.82,2.18,0.68,2.93,69.01,5.75
2014-11-24,3.38,9.74,-1.67,0.0,11.93,47.28,4.6
2014-11-25,2.74,10.23,-4.21,0.0,10.24,61.85,2.98
2014-11-26,2.13,6.03,-5.03,0.0,8.64,59.53,4.63
2014-11-27,1.09,9.07,-5.17,0.0,10.74,58.21,3.5
2014-11-28,7.48,19.19,-0.89,0.0,10.49,68.43,2.75
2014-11-29,11.02,21.92,3.68,0.0,11.2,58.05,1.57
2014-11-30,-2.72,5.31,-6.71,0.0,9.29,55.4,5.98
2014-12-01,-5.12,-1.36,-7.64,0.0,10.53,39.45,3.15
2014-12-02,-0.29,7.46,-5.22,0.0,10.77,49.7,3.04
2014-12-03,0.65,5.95,-2.0,0.0,7.27,59.66,2.85
2014-12-04,2.04,8.55,-2.61,4.94,8.22,83.47,1.75
2014-12-05,4.65,11.42,0.83,6.25,8.8,88.59,1.68
2014-12-06,0.87,5.37,-3.0,0.0,6.55,79.29,1.93
2014-12-07,3.69,10.43,-0.03,0.32,6.09,92.77,3.03
2014-12-08,5.2,13.57,-1.58,0.01,10.45,63.8,1.77
2014-12-09,0.81,6.49,-3.56,0.0,9.93,76.33,2.08
2014-12-10,0.94,3.77,-2.52,0.0,3.95,89.13,1.67
2014-12-11,5.02,8.86,1.48,0.05,3.07,90.15,1.56
2014-12-12,8.34,12.44,5.86,0.04,3.18,92.81,2.98
2014-12-13,10.99,16.23,7.32,0.06,2.25,92.35,4.8
2014-12-14,10.93,15.16,6.85,8.48,2.27,91.15,4.69
2014-12-15,2.29,6.67,-2.29,1.22,4.38,68.83,7.63
2014-12-16,-1.89,2.48,-5.71,0.06,10.44,66.39,3.17
2014-12-17,-1.11,2.93,-4.26,4.35,4.38,77.31,3.01
2014-12-18,-1.49,2.65,-4.29,0.54,3.19,89.87,1.37
2014-12-19,-0.17,5.74,-3.14,0.24,4.22,90.92,2.21
2014-12-20,2.41,10.08,-2.09,0.3,9.6,87.99,3.22
2014-12-21,3.63,6.0,1.19,0.49,2.94,93.14,4.4
2014-12-22,5.07,10.29,1.01,0.17,8.02,70.45,4.0
2014-12-23,0.74,1.82,-1.17,1.11,3.51,73.86,6.21
2014-12-24,-0.07,5.96,-4.32,0.0,10.52,64.33,3.96
2014-12-25,3.41,14.26,-2.15,0.0,8.79,58.54,4.9
2014-12-26,-1.62,1.26,-4.17,0.08,2.91,82.83,4.18
2014-12-27,-3.27,1.71,-5.43,0.01,10.28,64.36,3.04
2014-12-28,-1.33,4.83,-5.07,0.01,9.64,62.23,2.25
2014-12-29,-2.83,2.1,-7.29,0.58,8.45,71.9,4.03
2014-12-30,-11.82,-7.84,-13.2,0.33,4.54,64.65,4.71
2014-12-31,-9.01,-5.24,-12.59,0.0,4.28,59.07,3.01
2015-01-01,-3.9,2.1,-7.89,0.0,5.3,62.91,2.11
2015-01-02,-2.93,2.02,-7.36,0.0,6.71,65.47,1.61
2015-01-03,-2.46,4.58,-10.61,1.2,5.6,65.75,3.64
2015-01-04,-10.01,-5.01,-13.97,0.0,6.05,53.06,3.41
2015-01-05,-5.16,1.62,-12.27,0.0,4.96,64.56,3.53
2015-01-06,-4.19,0.32,-8.36,0.0,7.05,61.39,3.09
2015-01-07,-10.78,-8.02,-13.79,0.02,7.74,51.05,4.76
2015-01-08,-4.7,4.78,-13.12,0.0,8.31,58.23,4.85
2015-01-09,-7.55,-3.44,-10.88,0.0,10.15,50.38,3.35
2015-01-10,-3.24,5.2,-9.41,0.0,10.31,55.81,5.04
2015-01-11,-2.2,3.66,-6.8,0.01,7.64,85.73,2.28
2015-01-12,-6.28,-2.59,-9.7,0.0,10.26,57.72,4.32
2015-01-13,-5.75,-0.43,-9.82,0.0,5.15,54.58,1.77
2015-01-14,-1.76,4.44,-7.5,0.0,10.99,63.55,1.57
2015-01-15,0.73,8.98,-5.29,0.0,11.74,70.12,2.82
2015-01-16,3.74,13.23,-0.82,0.0,11.65,62.91,3.19
2015-01-17,3.8,11.08,-1.51,0.0,11.32,60.67,4.38
2015-01-18,5.63,14.84,-2.23,0.0,10.73,45.48,2.32
2015-01-19,6.44,14.74,0.69,0.0,11.18,54.04,2.68
2015-01-20,3.74,11.05,-1.34,0.78,8.71,65.53,2.71
2015-01-21,0.67,5.98,-3.23,0.0,7.37,65.21,2.48
2015-01-22,-0.42,4.42,-3.46,0.0,12.29,69.46,1.68
2015-01-23,1.2,9.78,-4.63,0.0,11.7,62.55,3.09
2015-01-24,6.35,15.51,-1.25,0.16,9.78,68.47,4.41
2015-01-25,5.31,10.14,-0.87,0.0,9.86,60.42,5.9
2015-01-26,7.33,18.15,-0.36,0.0,11.84,59.51,3.52
2015-01-27,9.43,21.03,0.7,0.0,12.13,60.83,2.44
2015-01-28,10.91,21.17,3.08,0.0,10.97,56.25,4.46
2015-01-29,3.3,8.61,-2.08,0.0,13.02,65.03,4.13
2015-01-30,1.03,4.86,-2.15,1.51,6.19,74.43,2.61
2015-01-31,1.13,2.25,0.33,15.33,2.72,94.3,3.87
2015-02-01,-6.93,0.63,-12.62,2.04,9.04,71.14,7.7
2015-02-02,-4.18,3.65,-11.88,0.0,13.54,62.99,2.91
2015-02-03,2.23,11.76,-3.82,0.0,12.68,83.66,2.76
2015-02-04,-4.42,0.78,-9.19,0.08,3.52,72.86,5.49
2015-02-05,-2.94,4.77,-9.98,0.0,13.82,61.9,3.53
2015-02-06,3.73,14.62,-1.87,0.0,14.22,82.39,3.05
2015-02-07,8.34,19.99,0.25,0.0,14.87,69.0,1.86
2015-02-08,11.81,21.38,4.53,0.0,14.36,58.06,3.93
2015-02-09,7.4,15.72,3.08,0.0,12.23,79.89,2.15
2015-02-10,6.17,14.02,1.14,0.0,14.66,78.41,2.56
2015-02-11,2.63,6.73,-0.2,0.0,15.51,59.46,4.35
2015-02-12,-3.32,0.0,-6.93,0.0,12.05,53.13,3.06
2015-02-13,5.07,13.62,-2.72,0.0,15.13,58.41,2.59
2015-02-14,2.81,8.94,-4.94,0.0,15.01,54.57,4.98
2015-02-15,-5.51,-3.37,-6.8,0.44,8.15,49.93,3.76
2015-02-16,-0.7,6.21,-6.04,0.49,15.82,65.86,2.63
2015-02-17,-1.38,5.25,-5.13,0.33,14.11,61.75,4.47
2015-02-18,-3.43,0.87,-5.81,0.0,15.73,41.61,3.55
2015-02-19,-1.74,5.63,-7.03,0.0,14.13,52.56,3.94
2015-02-20,0.22,5.3,-3.82,0.34,12.11,82.17,2.11
2015-02-21,1.84,9.09,-4.49,0.2,13.53,77.35,3.4
2015-02-22,-6.21,-3.89,-9.0,0.59,8.8,49.33,6.03
2015-02-23,-7.58,-3.35,-10.94,0.01,9.91,41.51,2.14
2015-02-24,-0.27,9.14,-9.48,0.0,17.85,63.06,2.94
2015-02-25,1.35,10.67,-7.25,0.0,15.74,64.51,4.96
2015-02-26,-7.93,-3.83,-10.9,0.0,18.41,44.38,5.22
2015-02-27,-9.72,-7.37,-11.56,0.29,12.57,60.18,2.37
2015-02-28,-6.98,-3.01,-11.88,0.79,3.42,73.15,2.84
2015-03-01,-2.76,1.39,-7.16,0.43,11.21,71.13,1.61
2015-03-02,-1.13,1.28,-4.08,0.02,8.23,70.21,4.16
2015-03-03,0.88,4.61,-3.91,0.0,11.03,70.33,5.16
2015-03-04,-3.41,0.69,-5.82,0.14,14.53,43.24,4.06
2015-03-05,-1.34,6.78,-9.04,0.0,20.11,48.66,2.0
2015-03-06,4.94,16.27,-3.29,0.0,18.72,52.79,2.73
2015-03-07,8.71,20.23,-0.5,0.0,19.71,49.74,2.43
2015-03-08,7.46,17.36,0.42,0.0,17.92,67.45,2.25
2015-03-09,6.49,16.79,-1.12,0.0,19.44,70.23,1.37
2015-03-10,11.42,22.09,2.08,0.0,19.29,57.68,2.43
2015-03-11,12.64,22.98,4.18,0.0,20.86,46.61,1.97
2015-03-12,13.0,22.84,5.26,0.0,20.79,51.71,3.45
2015-03-13,13.29,22.91,3.82,0.01,20.15,53.29,4.06
2015-03-14,10.06,17.72,3.38,0.0,19.36,49.85,3.13
2015-03-15,12.45,23.51,1.71,0.0,20.5,45.53,4.06
2015-03-16,16.63,29.97,5.86,0.0,21.47,44.98,5.07
2015-03-17,6.63,11.7,2.22,0.0,18.34,41.3,5.23
2015-03-18,5.98,9.26,3.23,0.36,9.44,70.72,2.31
2015-03-19,6.22,9.44,4.29,1.2,6.16,82.01,1.99
2015-03-20,10.83,21.34,1.83,0.0,20.91,57.99,2.29
2015-03-21,13.25,22.83,4.37,0.0,21.96,51.43,2.84
2015-03-22,14.78,24.19,6.12,0.01,22.19,63.44,2.18
2015-03-23,10.33,16.26,3.26,0.01,17.64,57.57,3.58
2015-03-24,12.49,20.57,6.08,0.11,17.48,67.39,3.31
2015-03-25,7.01,13.54,2.23,1.79,9.24,68.55,4.31
2015-03-26,8.0,17.73,-1.86,0.01,21.73,49.99,3.62
2015-03-27,6.43,13.37,0.2,0.02,17.57,60.51,2.2
2015-03-28,13.26,22.16,4.94,0.0,23.48,55.46,3.43
2015-03-29,13.44,21.02,5.65,0.0,22.78,50.22,4.37
2015-03-30,14.97,26.99,3.67,0.0,24.07,40.66,3.06
2015-03-31,16.99,27.48,6.74,0.0,23.57,43.73,2.72
2015-04-01,20.67,30.24,12.19,1.07,23.66,53.8,5.9
2015-04-02,14.43,20.53,8.02,0.02,19.93,50.9,4.92
2015-04-03,7.14,12.92,2.1,2.07,25.28,48.33,5.09
2015-04-04,10.04,18.76,0.6,0.0,25.36,33.03,4.49
2015-04-05,14.35,24.52,6.53,0.03,24.3,53.01,5.38
2015-04-06,18.86,30.5,10.66,0.03,23.55,54.04,3.31
2015-04-07,16.34,25.41,8.48,0.0,20.95,58.92,3.49
2015-04-08,15.93,24.43,8.52,0.42,12.34,69.08,3.39
2015-04-09,10.47,16.72,3.97,0.02,15.79,59.43,6.06
2015-04-10,11.9,21.47,1.74,0.0,23.61,41.18,2.31
2015-04-11,13.95,21.9,7.57,4.19,18.99,59.4,4.96
2015-04-12,19.09,27.75,11.41,4.04,12.6,60.96,4.45
2015-04-13,12.6,18.79,8.66,0.0,19.11,39.47,3.6
2015-04-14,13.62,20.88,8.7,0.0,23.21,41.48,2.61
2015-04-15,14.42,22.41,7.69,0.05,16.52,71.73,4.21
2015-04-16,17.13,24.57,11.0,10.72,5.79,78.7,4.12
2015-04-17,16.13,22.4,12.7,16.04,21.22,85.95,2.38
2015-04-18,16.37,22.13,10.88,9.12,15.32,74.14,2.53
2015-04-19,10.17,14.44,6.19,1.68,13.71,59.36,4.78
2015-04-20,10.18,17.06,3.24,0.0,23.65,47.23,3.64
2015-04-21,14.37,23.28,4.45,0.15,26.8,49.6,2.83
2015-04-22,10.73,17.92,3.71,0.03,26.56,48.55,3.04
2015-04-23,13.0,18.83,6.82,0.12,17.99,68.44,4.16
2015-04-24,18.21,26.43,12.69,14.92,15.89,74.29,3.53
2015-04-25,15.97,22.68,9.47,0.86,23.87,72.77,4.13
2015-04-26,12.62,19.5,8.75,0.14,6.3,70.59,4.51
2015-04-27,11.06,17.26,6.58,0.16,21.33,59.04,4.09
2015-04-28,13.9,21.69,6.01,0.0,28.38,53.49,2.69
2015-04-29,15.42,23.55,6.94,0.0,25.3,53.68,1.68
2015-04-30,17.65,26.69,8.04,0.0,27.28,51.64,2.4
2015-05-01,19.37,27.71,10.4,0.04,20.52,54.14,3.37
2015-05-02,22.06,29.01,15.92,0.03,26.24,49.83,5.71
2015-05-03,23.74,32.46,15.68,0.09,25.63,49.81,3.36
2015-05-04,20.31,25.27,15.41,24.16,18.6,72.02,2.86
2015-05-05,18.08,22.33,15.65,4.79,10.32,76.81,5.42
2015-05-06,21.16,25.91,16.33,4.03,15.31,75.19,6.85
2015-05-07,21.11,26.83,15.16,10.37,14.55,74.75,3.28
2015-05-08,16.74,21.85,10.85,1.54,14.9,76.98,3.35
2015-05-09,17.83,20.93,14.98,12.08,9.12,88.32,4.64
2015-05-10,13.58,19.04,5.72,1.84,25.33,60.17,4.53
2015-05-11,10.76,18.68,3.88,0.01,29.02,50.01,4.39
2015-05-12,13.86,22.36,4.41,0.0,30.58,48.0,3.4
2015-05-13,13.69,18.65,8.52,13.66,9.06,76.88,4.71
2015-05-14,19.79,26.86,13.73,4.0,20.66,72.91,2.95
2015-05-15,21.02,26.47,16.85,6.84,23.15,80.38,4.5
2015-05-16,18.94,21.21,16.58,21.45,7.4,90.63,4.99
2015-05-17,18.91,27.31,9.5,0.03,29.38,62.83,2.82
2015-05-18,15.32,21.57,10.44,0.0,30.2,59.84,4.06
2015-05-19,9.37,11.11,7.11,18.63,8.13,72.07,4.4
2015-05-20,9.95,16.2,5.48,0.13,9.03,73.31,3.7
2015-05-21,11.92,19.42,3.94,0.03,28.7,63.62,1.8
2015-05-22,12.67,15.87,8.75,5.16,7.31,84.47,3.63
2015-05-23,15.02,18.11,10.95,14.31,2.91,94.45,3.97
2015-05-24,17.05,19.83,14.54,12.2,11.19,91.99,3.15
2015-05-25,19.69,25.58,15.53,13.69,19.13,78.78,3.14
2015-05-26,18.61,24.48,11.99,0.77,28.14,70.83,2.62
2015-05-27,20.45,25.94,13.62,6.85,21.45,75.55,3.11
2015-05-28,20.78,24.44,18.17,11.96,21.17,88.02,3.04
2015-05-29,20.64,25.96,13.42,2.18,22.89,76.92,3.0
2015-05-30,15.11,20.69,10.26,0.0,26.81,62.69,3.71
2015-05-31,17.61,24.07,9.8,0.0,27.46,70.25,2.23
2015-06-01,18.81,23.97,13.98,2.4,22.37,80.2,3.84
2015-06-02,23.27,29.69,15.7,0.1,27.41,74.22,5.02
2015-06-03,24.98,30.45,19.41,1.46,19.08,75.15,4.52
2015-06-04,25.65,31.47,20.0,1.99,28.36,72.83,4.79
2015-06-05,24.83,29.43,20.45,5.58,24.28,74.0,3.65
2015-06-06,26.08,32.32,19.55,0.01,23.25,65.36,4.67
2015-06-07,26.03,33.5,19.69,0.41,27.69,61.69,3.04
2015-06-08,25.36,32.09,17.74,0.0,30.66,56.22,1.89
2015-06-09,27.46,35.36,18.41,0.0,29.05,53.25,2.5
2015-06-10,28.57,34.86,22.47,0.41,28.1,57.68,4.66
2015-06-11,26.74,33.55,19.0,5.47,28.18,62.9,3.92
2015-06-12,19.2,23.59,15.81,20.59,12.93,78.06,2.89
2015-06-13,22.75,28.72,15.87,1.41,18.48,74.48,2.01
2015-06-14,22.66,25.71,20.01,13.06,12.06,88.13,1.88
2015-06-15,22.52,28.16,18.46,1.28,22.25,75.64,3.73
2015-06-16,22.55,27.98,16.17,0.01,22.6,73.41,2.21
2015-06-17,24.73,30.18,18.58,0.12,25.85,75.07,2.59
2015-06-18,24.24,28.94,19.29,0.83,18.19,77.46,1.9
2015-06-19,24.95,31.32,17.62,0.1,26.67,75.33,3.23
2015-06-20,28.96,37.02,21.6,0.0,30.31,61.85,4.33
2015-06-21,28.47,35.13,21.79,0.0,28.45,63.72,4.5
2015-06-22,28.87,37.19,22.1,0.0,29.62,60.59,4.98
2015-06-23,27.86,35.85,20.03,0.0,28.72,51.41,3.95
2015-06-24,29.69,37.02,21.95,0.0,29.27,50.44,5.85
2015-06-25,29.38,37.71,23.21,3.89,25.4,57.27,2.81
2015-06-26,24.92,30.41,19.45,4.11,26.54,66.81,3.99
2015-06-27,25.18,31.91,17.63,0.0,30.19,51.38,1.8
2015-06-28,27.51,36.54,18.84,0.0,29.83,46.72,3.07
2015-06-29,27.02,35.11,18.51,0.0,29.4,44.96,1.86
2015-06-30,29.67,37.7,20.69,0.08,26.01,42.29,3.04
2015-07-01,29.99,37.54,23.82,0.0,21.77,48.72,4.05
2015-07-02,25.52,29.2,20.52,14.65,14.53,70.55,1.73
2015-07-03,24.06,30.33,18.25,0.18,24.68,64.62,2.77
2015-07-04,25.81,32.17,17.92,0.0,28.39,63.27,3.57
2015-07-05,30.03,37.76,21.95,0.0,27.18,53.95,5.47
2015-07-06,25.0,31.34,19.69,5.13,13.65,68.2,4.46
2015-07-07,19.84,23.72,15.52,0.01,20.63,59.68,3.79
2015-07-08,20.1,25.66,14.21,0.25,21.65,60.36,1.34
2015-07-09,20.84,24.03,17.4,5.48,15.93,76.56,2.35
2015-07-10,25.5,31.1,19.95,2.29,19.7,74.75,4.45
2015-07-11,28.92,36.6,21.49,0.03,27.86,62.43,5.16
2015-07-12,30.81,39.73,22.42,0.07,27.84,58.56,3.15
2015-07-13,31.91,41.1,23.05,2.09,28.99,55.05,2.5
2015-07-14,30.53,37.32,24.79,4.69,26.02,61.11,2.84
2015-07-15,28.58,34.92,24.22,12.06,25.83,69.96,2.42
2015-07-16,29.12,35.73,23.02,1.43,27.46,59.28,2.19
2015-07-17,30.29,38.38,23.22,6.02,25.19,59.73,3.95
2015-07-18,30.62,37.94,24.22,3.23,26.3,56.89,2.02
2015-07-19,28.43,33.31,23.77,6.49,24.28,68.03,1.59
2015-07-20,28.31,35.26,21.82,1.57,27.23,60.4,2.76
2015-07-21,24.65,31.63,18.31,0.01,22.04,52.72,2.42
2015-07-22,25.19,30.85,19.08,2.52,20.82,69.63,2.66
2015-07-23,29.24,36.47,21.97,0.54,27.54,66.13,2.93
2015-07-24,31.79,40.13,23.74,0.09,28.67,56.86,3.58
2015-07-25,29.83,35.94,24.75,3.35,21.85,61.26,3.05
2015-07-26,29.44,35.84,23.65,10.65,26.27,63.63,3.33
2015-07-27,29.93,36.66,24.54,0.03,24.6,58.88,4.82
2015-07-28,29.19,36.92,22.52,2.98,27.3,58.5,4.0
2015-07-29,24.14,30.55,18.71,6.49,16.36,56.49,3.3
2015-07-30,24.74,30.12,18.72,7.79,23.19,69.32,1.94
2015-07-31,26.99,33.55,19.96,0.89,27.54,68.4,1.78
2015-08-01,27.83,34.2,21.57,0.0,27.38,64.98,3.1
2015-08-02,27.68,33.99,21.44,0.0,27.76,66.0,2.46
2015-08-03,27.71,34.38,21.59,0.0,22.9,64.27,2.17
2015-08-04,24.98,29.11,21.78,20.63,18.02,78.51,2.65
2015-08-05,25.49,31.06,20.6,4.86,24.28,75.65,2.24
2015-08-06,25.25,30.53,19.93,0.04,19.27,77.32,2.63
2015-08-07,27.41,33.62,20.52,0.77,25.82,70.22,2.77
2015-08-08,29.51,37.8,22.98,6.23,23.56,67.25,3.22
2015-08-09,26.87,30.89,23.44,5.72,16.25,76.98,1.68
2015-08-10,25.99,31.37,19.92,0.36,24.89,71.1,2.74
2015-08-11,24.23,31.26,17.77,0.04,21.85,58.24,2.22
2015-08-12,24.94,31.15,18.24,0.2,23.04,60.08,2.12
2015-08-13,26.2,33.09,20.71,0.01,23.78,54.93,3.46
2015-08-14,26.72,33.91,20.3,0.04,25.06,58.03,3.03
2015-08-15,26.62,33.84,19.6,0.0,26.31,54.2,3.85
2015-08-16,27.41,35.87,19.06,0.03,25.1,52.15,4.08
2015-08-17,26.54,32.53,21.51,0.96,13.94,55.46,2.84
2015-08-18,23.66,29.53,17.48,10.44,15.1,61.62,4.24
2015-08-19,19.64,25.64,14.31,0.76,24.17,49.29,3.08
2015-08-20,21.9,29.92,13.88,0.0,26.32,49.15,4.27
2015-08-21,22.95,30.24,15.23,0.03,20.25,68.54,4.88
2015-08-22,26.16,33.66,19.0,7.12,21.97,68.04,5.08
2015-08-23,20.05,27.11,14.58,0.03,24.09,41.0,3.44
2015-08-24,21.32,29.75,13.47,0.0,25.56,44.16,1.69
2015-08-25,23.43,32.74,14.65,0.01,22.36,51.13,2.42
2015-08-26,26.83,36.09,16.88,0.0,22.82,59.35,3.18
2015-08-27,29.15,35.85,23.41,3.04,19.9,53.26,5.23
2015-08-28,26.69,33.87,20.93,1.0,23.21,63.3,3.1
2015-08-29,22.14,28.99,16.83,0.0,19.8,65.04,3.13
2015-08-30,22.35,30.35,14.93,0.0,21.36,68.91,1.95
2015-08-31,26.84,36.38,17.15,0.02,22.51,54.99,3.99
2015-09-01,27.99,35.51,21.45,0.0,22.71,51.07,5.23
2015-09-02,29.49,37.31,22.84,0.01,23.26,46.47,6.11
2015-09-03,29.12,37.14,22.09,0.0,22.09,48.49,5.92
2015-09-04,29.41,36.72,22.26,0.08,21.88,50.42,5.89
2015-09-05,29.4,36.37,23.35,0.0,19.59,54.02,5.47
2015-09-06,31.43,39.91,24.12,0.0,22.05,48.64,4.17
2015-09-07,29.81,39.3,23.37,2.27,19.09,53.43,2.55
2015-09-08,24.27,27.64,19.6,7.04,9.43,72.31,2.52
2015-09-09,24.11,31.79,16.62,0.16,22.04,55.46,1.92
2015-09-10,25.52,34.71,17.77,5.51,18.14,61.26,2.79
2015-09-11,19.4,25.57,14.42,0.37,20.33,59.16,3.77
2015-09-12,19.89,26.47,14.24,0.06,21.7,54.42,3.02
2015-09-13,23.64,33.53,15.28,0.0,22.42,54.39,4.87
2015-09-14,25.64,33.16,17.72,0.0,20.79,50.85,6.86
2015-09-15,27.09,34.91,21.88,0.0,21.96,40.95,7.8
2015-09-16,27.83,35.55,21.1,0.67,18.9,56.23,7.36
2015-09-17,28.2,35.63,21.82,0.0,21.89,43.98,4.81
2015-09-18,20.21,26.48,13.75,0.36,14.09,58.28,3.92
2015-09-19,17.8,25.13,10.83,0.0,20.71,56.2,2.55
2015-09-20,21.15,29.75,13.77,0.0,19.56,67.02,3.64
2015-09-21,23.7,31.56,17.37,0.93,13.13,70.64,3.16
2015-09-22,25.06,31.91,20.45,0.1,14.67,65.43,3.27
2015-09-23,22.47,26.33,19.65,2.01,5.96,77.54,4.04
2015-09-24,23.83,31.34,18.97,0.24,18.17,56.6,3.53
2015-09-25,20.79,25.91,16.03,5.1,11.28,74.79,2.18
2015-09-26,20.94,26.72,16.31,0.39,17.72,66.88,2.12
2015-09-27,22.0,30.13,14.53,0.0,20.01,55.94,3.36
2015-09-28,23.52,32.11,16.33,0.0,19.52,53.53,3.38
2015-09-29,19.91,25.73,15.14,0.58,8.77,67.55,3.37
2015-09-30,18.21,24.25,12.55,0.01,15.94,59.93,2.49
2015-10-01,17.42,24.48,12.67,0.29,15.26,49.39,3.23
2015-10-02,13.53,16.87,9.49,0.2,17.88,55.5,2.1
2015-10-03,12.9,16.66,10.62,0.99,7.02,57.5,2.83
2015-10-04,13.96,18.25,10.9,0.64,12.24,56.27,1.73
2015-10-05,15.15,21.03,11.68,0.04,8.86,67.11,2.42
2015-10-06,17.95,26.29,10.5,0.08,13.31,67.35,1.97
2015-10-07,18.62,24.28,13.81,0.47,6.88,68.87,2.57
2015-10-08,21.56,31.08,14.45,0.56,16.51,60.53,3.38
2015-10-09,15.9,21.87,11.53,6.38,18.25,61.3,2.74
2015-10-10,18.53,27.65,10.16,0.03,16.94,62.19,3.5
2015-10-11,22.49,33.54,12.95,0.0,17.75,60.73,2.46
2015-10-12,18.57,25.01,11.95,0.0,18.95,32.73,4.73
2015-10-13,19.19,30.28,10.49,0.0,17.26,38.96,1.75
2015-10-14,17.96,27.18,10.23,0.02,17.29,45.64,2.1
2015-10-15,17.01,25.63,10.8,0.0,16.5,43.17,3.97
2015-10-16,12.79,19.47,6.37,0.03,16.92,39.4,2.2
2015-10-17,12.95,19.41,8.66,0.0,6.46,43.01,4.23
2015-10-18,17.13,27.57,7.88,0.0,16.12,46.91,6.54
2015-10-19,20.21,28.15,13.15,0.0,15.55,45.35,7.34
2015-10-20,22.95,31.82,16.01,0.0,15.38,50.95,5.26
2015-10-21,18.03,22.84,14.13,8.64,6.71,72.45,2.22
2015-10-22,17.64,22.35,14.07,5.06,5.45,82.92,4.59
2015-10-23,16.56,22.09,10.65,0.09,12.66,68.4,4.35
2015-10-24,11.5,18.54,6.24,0.0,13.18,49.36,2.93
2015-10-25,11.87,20.45,6.44,0.0,16.18,46.18,1.72
2015-10-26,9.06,14.64,4.08,0.0,9.6,58.43,2.18
2015-10-27,12.17,19.56,6.6,0.23,9.07,67.48,1.4
2015-10-28,11.15,17.7,5.99,0.03,15.07,55.96,4.26
2015-10-29,6.3,12.88,0.92,0.0,14.99,47.82,1.94
2015-10-30,8.52,13.12,4.05,12.61,3.58,71.4,2.48
2015-10-31,11.88,20.33,4.62,0.3,12.85,67.11,2.63
2015-11-01,14.85,25.44,7.55,0.0,14.74,54.62,3.35
2015-11-02,14.56,24.8,7.32,0.88,13.71,62.97,3.79
2015-11-03,16.63,25.32,10.26,0.0,14.29,69.52,6.1
2015-11-04,17.29,23.21,13.23,1.78,9.34,82.97,6.84
2015-11-05,13.88,18.55,5.54,1.42,13.91,68.64,4.3
2015-11-06,9.27,16.8,3.93,0.0,12.66,61.38,1.96
2015-11-07,7.24,14.1,1.07,0.0,13.78,57.83,1.64
2015-11-08,8.6,17.0,2.33,0.01,13.52,58.52,4.14
2015-11-09,10.22,18.45,3.77,0.0,13.47,65.6,4.67
2015-11-10,11.1,18.17,5.84,0.0,9.62,74.19,2.66
2015-11-11,8.5,13.73,2.63,0.03,7.46,70.46,6.27
2015-11-12,7.14,15.66,1.42,0.0,12.25,48.6,3.05
2015-11-13,8.27,17.68,1.26,0.0,13.15,52.95,2.46
2015-11-14,10.26,19.81,3.01,0.0,12.69,58.15,4.66
2015-11-15,11.26,18.08,6.14,0.1,5.15,79.64,6.17
2015-11-16,15.78,22.35,10.84,9.21,6.03,86.32,7.13
2015-11-17,10.75,16.54,2.92,14.17,9.07,77.52,3.74
2015-11-18,6.85,16.82,0.72,2.56,11.32,67.49,4.69
2015-11-19,3.46,10.34,-2.71,0.0,12.34,51.13,2.18
2015-11-20,4.89,14.77,-1.02,0.0,11.44,61.49,5.59
2015-11-21,-0.39,4.28,-4.37,0.0,12.36,58.58,3.92
2015-11-22,3.37,13.6,-4.9,0.0,11.42,56.23,2.63
2015-11-23,7.14,18.02,-0.39,0.01,11.1,54.33,2.9
2015-11-24,7.33,15.22,1.12,0.0,11.73,73.4,4.43
2015-11-25,9.67,16.31,5.08,0.31,8.9,76.0,3.33
2015-11-26,0.35,4.41,-3.97,11.48,1.98,80.41,5.64
2015-11-27,-4.29,-2.98,-5.45,9.09,2.97,76.39,5.1
2015-11-28,-3.78,-1.71,-5.33,3.67,3.71,89.45,2.63
2015-11-29,-2.14,-0.01,-4.35,2.66,3.05,91.36,1.7
2015-11-30,-2.86,1.24,-6.49,5.35,5.46,89.37,2.26
2015-12-01,-2.46,3.72,-6.53,1.37,9.79,81.31,3.53
2015-12-02,-0.14,7.39,-4.96,0.63,11.15,73.79,2.71
2015-12-03,1.33,8.77,-2.24,0.1,10.63,65.02,1.17
2015-12-04,3.55,11.03,-2.51,0.0,10.22,84.46,4.38
2015-12-05,4.86,10.5,2.43,0.0,7.65,86.88,5.19
2015-12-06,5.19,13.48,-0.02,0.0,11.01,68.82,2.78
2015-12-07,5.91,14.72,-1.5,0.0,8.55,65.25,1.85
2015-12-08,7.68,18.03,0.83,0.0,7.85,65.88,2.87
2015-12-09,9.96,19.53,3.2,0.0,9.59,65.18,3.37
2015-12-10,10.58,17.05,6.17,0.0,10.15,53.62,3.27
2015-12-11,9.0,15.81,4.66,0.09,6.98,65.45,2.94
2015-12-12,4.32,8.52,0.31,10.56,3.17,85.14,3.42
2015-12-13,1.04,2.72,-0.36,48.55,3.13,93.75,5.35
2015-12-14,-0.93,1.65,-4.26,0.44,9.59,93.12,3.46
2015-12-15,0.93,6.93,-5.09,0.03,10.19,84.91,5.13
2015-12-16,-3.01,3.02,-6.02,0.0,10.69,79.67,3.66
2015-12-17,-5.03,-2.82,-8.56,0.02,4.16,81.02,3.05
2015-12-18,-2.95,4.22,-9.0,0.0,10.5,78.2,2.74
2015-12-19,0.93,6.98,-3.91,0.0,10.1,86.64,2.92
2015-12-20,4.51,11.39,-1.46,0.04,5.17,90.44,4.73
2015-12-21,-0.3,3.11,-3.01,0.01,3.32,88.92,2.57
2015-12-22,5.01,12.59,-0.68,0.01,6.3,79.34,3.93
2015-12-23,3.37,7.3,-0.07,0.11,8.72,76.0,3.71
2015-12-24,1.24,7.55,-2.93,0.13,10.44,70.09,3.11
2015-12-25,2.33,7.54,-2.94,0.0,6.16,71.68,3.57
2015-12-26,0.62,3.98,-4.52,1.28,3.23,84.51,6.61
2015-12-27,-4.78,-2.73,-5.91,0.02,4.17,67.03,7.81
2015-12-28,-5.27,-1.94,-7.59,0.08,5.89,68.5,5.43
2015-12-29,-4.92,-0.55,-9.77,0.1,8.27,77.54,1.16
2015-12-30,-2.74,0.77,-6.13,0.05,3.33,76.46,0.76
2015-12-31,-3.13,2.79,-7.71,0.0,10.34,75.76,2.34
2016-01-01,-2.46,4.85,-8.42,0.0,10.58,65.19,3.09
2016-01-02,-1.26,6.63,-7.22,0.0,11.16,64.1,2.58
2016-01-03,-1.39,4.86,-5.62,0.0,10.91,74.13,2.51
2016-01-04,-3.19,1.58,-6.37,0.0,9.0,86.91,2.38
2016-01-05,-1.53,3.51,-6.33,0.68,8.31,89.02,5.42
2016-01-06,1.04,4.59,-0.65,0.53,2.5,91.6,3.88
2016-01-07,0.84,2.11,-0.36,10.71,2.86,97.02,1.72
2016-01-08,-0.83,2.2,-2.93,0.11,3.7,86.26,4.1
2016-01-09,-5.13,-2.12,-12.6,0.01,6.36,67.8,5.36
2016-01-10,-6.99,0.92,-14.34,0.0,11.09,76.12,2.6
2016-01-11,-0.68,5.62,-4.81,0.0,10.86,75.19,3.49
2016-01-12,-0.91,2.84,-4.79,0.0,11.43,69.88,2.31
2016-01-13,1.43,10.3,-4.41,0.0,11.53,73.27,2.52
2016-01-14,2.76,11.98,-1.88,0.0,11.48,68.71,2.91
2016-01-15,0.12,5.46,-2.57,0.01,10.86,75.93,3.15
2016-01-16,-0.48,3.37,-2.95,0.01,9.14,69.95,1.48
2016-01-17,-8.42,-4.02,-9.7,0.0,4.51,64.47,3.63
2016-01-18,-4.88,0.51,-10.35,0.0,10.15,63.36,3.36
2016-01-19,-3.41,0.03,-6.94,0.0,2.97,81.65,2.74
2016-01-20,-3.59,-0.19,-7.12,2.74,4.13,91.07,3.36
2016-01-21,-2.47,0.7,-4.49,0.43,3.81,87.68,3.42
2016-01-22,-4.33,-0.6,-6.6,0.03,3.85,84.54,2.71
2016-01-23,-1.94,4.74,-6.45,0.01,4.97,84.85,3.49
2016-01-24,0.29,5.47,-1.73,0.01,8.34,91.5,2.09
2016-01-25,0.12,3.96,-2.62,0.01,4.46,81.87,4.93
2016-01-26,0.51,6.08,-4.48,0.0,13.12,65.74,2.48
2016-01-27,1.38,9.02,-4.02,0.0,12.06,68.98,2.28
2016-01-28,4.8,12.93,-0.28,0.0,12.55,69.37,2.95
2016-01-29,5.41,15.67,-0.79,0.0,12.64,76.48,2.69
2016-01-30,5.61,12.92,-0.69,0.0,9.3,79.49,2.8
2016-01-31,4.62,10.46,-0.14,0.0,10.03,63.19,3.66
2016-02-01,3.4,8.42,-0.99,6.6,7.03,65.72,4.55
2016-02-02,-1.14,0.75,-3.71,4.63,3.37,84.97,6.48
2016-02-03,-3.57,1.39,-7.02,0.02,13.37,78.19,3.96
2016-02-04,-2.96,5.07,-9.1,0.0,14.28,68.08,2.8
2016-02-05,-0.34,5.43,-3.52,0.01,10.33,75.07,1.76
2016-02-06,1.14,9.42,-5.05,0.0,14.25,68.83,3.09
2016-02-07,3.06,9.89,-1.26,0.0,11.19,55.21,6.0
2016-02-08,0.26,4.54,-2.71,0.0,15.09,47.41,7.21
2016-02-09,-0.23,4.61,-3.23,0.0,9.18,61.84,3.89
2016-02-10,6.17,19.7,-2.17,0.0,14.76,66.63,3.58
2016-02-11,2.48,10.0,-3.17,0.0,11.67,76.45,2.25
2016-02-12,0.56,5.95,-4.81,0.0,7.81,75.46,3.85
2016-02-13,-1.57,4.73,-5.73,0.0,11.73,66.07,3.54
2016-02-14,4.46,13.11,-4.0,0.0,13.23,61.73,1.89
2016-02-15,7.03,15.02,-0.88,0.62,14.67,60.31,3.01
2016-02-16,6.14,11.42,1.18,0.01,16.22,58.49,4.17
2016-02-17,8.65,18.75,0.5,0.0,15.7,62.33,2.62
2016-02-18,15.47,27.12,5.62,0.0,16.29,54.49,6.64
2016-02-19,13.5,19.63,6.5,0.0,15.15,36.42,3.71
2016-02-20,10.59,19.45,4.68,0.0,17.18,53.43,3.44
2016-02-21,7.11,13.81,2.39,0.0,16.72,62.1,3.75
2016-02-22,6.07,13.1,-0.92,0.0,15.96,68.89,1.98
2016-02-23,4.35,9.61,-1.08,0.0,14.2,61.9,4.18
2016-02-24,3.97,13.62,-3.57,0.0,17.95,50.58,4.73
2016-02-25,0.59,6.87,-3.82,0.0,15.67,53.52,3.81
2016-02-26,5.43,16.38,-3.53,0.0,18.16,49.15,3.11
2016-02-27,11.61,22.95,1.11,0.0,17.86,45.04,5.27
2016-02-28,11.06,17.04,4.33,0.0,18.26,51.49,4.87
2016-02-29,10.32,21.05,2.49,0.0,16.57,53.83,5.14
2016-03-01,4.85,11.62,-1.35,0.0,19.15,54.48,3.86
2016-03-02,7.31,14.99,0.95,0.33,13.42,65.89,3.4
2016-03-03,7.7,14.79,2.36,0.06,19.28,61.7,4.27
2016-03-04,9.63,19.71,1.62,0.0,15.42,60.65,3.93
2016-03-05,10.93,19.92,2.55,0.0,19.24,47.6,3.08
2016-03-06,15.47,23.77,7.87,0.0,11.33,65.29,6.42
2016-03-07,16.87,25.43,10.07,0.41,16.57,62.94,6.32
2016-03-08,10.64,14.82,5.84,0.56,7.81,66.46,2.3
2016-03-09,10.24,16.78,5.79,0.0,17.7,63.3,1.29
2016-03-10,12.2,21.16,2.84,0.0,19.29,61.81,1.84
2016-03-11,12.24,20.78,5.34,0.0,20.53,53.34,3.16
2016-03-12,12.31,19.08,5.93,0.3,6.02,81.49,3.28
2016-03-13,12.74,16.66,8.8,2.2,8.98,87.79,1.56
2016-03-14,15.53,25.14,7.47,0.01,20.63,56.8,3.04
2016-03-15,10.75,17.27,2.59,0.01,15.37,43.92,5.78
2016-03-16,8.03,14.77,2.25,0.0,15.62,39.42,3.4
2016-03-17,9.07,18.24,0.82,0.97,18.91,49.1,2.63
2016-03-18,1.16,4.14,-2.8,5.74,10.88,67.69,4.28
2016-03-19,0.89,7.54,-4.84,0.0,17.62,53.83,4.17
2016-03-20,1.95,9.17,-4.74,0.0,23.46,56.94,2.57
2016-03-21,10.16,22.71,-2.2,0.0,22.08,50.25,5.44
2016-03-22,15.96,26.1,6.37,0.0,15.76,49.12,4.35
2016-03-23,11.63,21.15,0.61,0.17,20.74,49.34,7.12
2016-03-24,4.74,12.27,-0.29,0.06,23.47,44.68,5.26
2016-03-25,9.05,18.52,0.29,0.19,18.48,45.81,5.06
2016-03-26,7.73,13.25,2.26,3.87,13.86,62.95,4.18
2016-03-27,6.52,15.17,-1.14,0.75,24.86,44.92,2.79
2016-03-28,11.0,20.31,0.8,0.91,21.14,46.25,5.7
2016-03-29,14.16,18.67,8.12,0.0,12.13,68.72,7.6
2016-03-30,16.74,23.89,7.85,0.02,21.41,55.94,4.84
2016-03-31,9.34,15.48,3.29,0.04,18.24,48.59,5.23
2016-04-01,5.24,10.58,0.74,0.02,19.63,45.9,4.41
2016-04-02,10.92,20.68,-0.45,0.0,25.02,42.28,3.17
2016-04-03,16.17,26.73,5.75,0.0,24.65,42.12,3.75
2016-04-04,15.64,23.89,7.97,0.0,23.86,48.63,3.32
2016-04-05,17.37,29.48,9.98,1.55,17.29,51.15,5.51
2016-04-06,14.38,19.86,9.64,0.0,25.78,37.2,5.68
2016-04-07,12.77,19.41,5.58,0.0,25.5,41.08,4.74
2016-04-08,12.61,22.37,3.48,0.0,25.25,44.23,2.5
2016-04-09,13.79,24.96,2.51,0.0,21.35,55.44,6.4
2016-04-10,16.45,24.46,9.64,0.31,21.46,53.08,4.38
2016-04-11,10.3,14.0,6.29,1.16,15.89,47.14,2.94
2016-04-12,11.54,19.9,2.93,0.0,26.47,43.55,3.1
2016-04-13,14.82,23.68,5.74,0.0,24.85,59.28,3.5
2016-04-14,15.98,24.13,9.23,0.0,22.65,67.03,4.79
2016-04-15,17.3,24.1,10.55,0.49,19.84,67.11,7.01
2016-04-16,16.42,20.26,14.01,26.48,6.49,85.62,6.33
2016-04-17,12.88,16.86,7.75,31.55,6.09,90.39,2.82
2016-04-18,10.81,17.09,5.63,0.7,16.26,72.09,3.04
2016-04-19,10.42,18.62,4.68,12.15,15.04,75.57,2.17
2016-04-20,11.42,18.98,4.98,0.87,23.84,73.27,2.68
2016-04-21,14.05,21.6,6.49,0.02,24.5,64.73,3.13
2016-04-22,14.72,23.34,6.42,0.03,26.21,66.75,1.98
2016-04-23,18.74,27.11,9.5,0.06,26.21,60.83,6.61
2016-04-24,19.94,27.37,13.21,3.39,20.55,63.17,4.94
2016-04-25,17.87,24.96,9.25,0.54,26.35,66.58,2.43
2016-04-26,19.46,25.77,12.59,2.59,24.7,63.13,2.27
2016-04-27,11.18,16.91,5.71,2.14,16.54,67.14,4.6
2016-04-28,10.25,17.96,3.38,6.72,21.56,57.92,3.44
2016-04-29,8.65,11.64,5.98,45.49,4.42,87.74,4.5
2016-04-30,8.37,12.85,3.76,0.86,15.72,77.31,3.28
2016-05-01,8.64,14.45,2.95,0.02,9.34,72.87,4.08
2016-05-02,11.73,17.74,4.51,0.0,24.43,59.73,2.41
2016-05-03,13.65,21.21,5.34,0.0,26.24,59.15,1.84
2016-05-04,15.57,23.24,8.33,0.0,27.87,52.31,3.28
2016-05-05,18.31,27.03,9.6,0.0,29.3,46.67,1.26
2016-05-06,20.11,28.46,10.6,0.0,27.39,57.24,4.37
2016-05-07,20.78,28.45,13.27,0.05,22.41,58.07,4.89
2016-05-08,18.75,24.38,12.74,4.88,18.56,77.99,3.86
2016-05-09,19.43,27.13,12.94,1.67,24.17,62.96,3.34
2016-05-10,21.06,30.06,11.51,2.55,29.45,63.61,2.18
2016-05-11,16.22,23.59,10.56,4.88,27.73,59.13,4.81
2016-05-12,17.37,24.42,8.47,0.0,30.27,49.87,2.26
2016-05-13,17.44,28.33,8.72,0.01,27.58,52.22,5.15
2016-05-14,10.79,16.92,5.44,0.0,20.58,47.78,3.28
2016-05-15,12.03,17.66,6.22,0.66,11.2,53.53,2.94
2016-05-16,11.32,14.65,8.46,17.07,6.41,88.92,3.58
2016-05-17,12.53,18.67,7.66,2.57,18.76,72.81,3.6
2016-05-18,14.39,20.67,7.33,0.0,23.78,64.08,1.69
2016-05-19,12.94,17.1,8.62,2.07,11.99,76.28,3.23
2016-05-20,15.84,22.47,9.4,0.17,12.56,76.08,3.07
2016-05-21,18.52,24.12,12.49,0.1,10.44,80.63,5.3
2016-05-22,20.93,24.34,16.45,0.55,16.8,83.63,6.31
2016-05-23,22.53,27.79,19.64,6.84,19.88,83.41,4.48
2016-05-24,23.35,27.81,19.26,27.64,22.36,85.27,5.16
2016-05-25,24.02,30.05,17.54,2.65,22.24,69.14,3.29
2016-05-26,23.18,29.54,17.33,19.16,12.35,78.37,4.08
2016-05-27,20.44,24.17,14.87,16.55,18.3,76.94,2.75
2016-05-28,19.34,25.39,12.73,0.39,29.81,66.93,2.49
2016-05-29,21.02,28.57,14.03,4.12,25.45,70.71,2.71
2016-05-30,21.72,28.05,15.63,1.51,27.35,72.95,3.42
2016-05-31,19.7,24.64,16.25,14.22,21.12,78.61,2.61
2016-06-01,19.78,25.71,14.46,0.01,25.79,65.15,2.5
2016-06-02,21.01,27.87,15.46,0.0,30.06,62.22,2.1
2016-06-03,22.45,29.74,13.29,0.14,29.84,65.84,2.08
2016-06-04,21.15,27.35,14.45,0.0,29.74,56.0,3.84
2016-06-05,20.82,28.24,11.79,0.0,30.41,51.61,1.98
2016-06-06,24.27,32.58,15.04,0.45,30.01,52.92,2.06
2016-06-07,22.87,29.45,15.23,0.0,29.43,59.31,3.15
2016-06-08,25.43,33.4,17.93,0.0,29.4,54.5,5.23
2016-06-09,26.98,33.8,19.94,0.56,26.66,57.25,5.48
2016-06-10,27.8,33.77,22.26,0.0,28.07,60.21,4.83
2016-06-11,26.99,31.6,21.22,0.0,27.61,61.78,4.36
2016-06-12,26.94,32.61,21.08,0.79,27.44,65.38,3.58
2016-06-13,27.18,33.4,20.39,0.05,23.51,62.41,1.62
2016-06-14,27.13,34.15,21.72,0.29,27.81,55.79,3.22
2016-06-15,30.09,39.15,20.16,7.05,26.38,55.54,3.65
2016-06-16,30.02,36.97,23.47,1.95,30.24,62.34,4.18
2016-06-17,29.95,35.71,24.46,13.1,28.3,68.62,4.29
2016-06-18,26.36,31.05,23.18,13.31,24.68,80.62,2.67
2016-06-19,27.67,33.02,22.29,0.35,28.73,72.22,3.47
2016-06-20,28.91,34.95,22.55,0.01,29.01,65.4,3.21
2016-06-21,29.22,36.3,23.05,0.0,30.0,50.97,4.8
2016-06-22,29.47,37.16,22.27,0.0,29.27,55.71,4.19
2016-06-23,26.05,30.48,22.36,5.95,9.56,69.88,3.45
2016-06-24,27.7,33.9,22.77,1.73,24.1,67.24,4.26
2016-06-25,29.21,36.86,23.45,9.73,25.06,61.87,4.54
2016-06-26,24.97,29.5,21.11,4.5,14.66,75.98,1.91
2016-06-27,27.02,33.04,20.78,0.13,29.27,70.39,1.39
2016-06-28,26.17,30.89,21.93,3.86,23.66,73.28,1.7
2016-06-29,26.5,32.7,20.03,1.14,29.3,65.08,1.26
2016-06-30,26.25,31.88,21.6,0.98,28.01,62.56,1.88
2016-07-01,20.92,22.54,19.18,35.69,16.94,86.78,3.21
2016-07-02,23.83,27.41,20.42,18.87,14.13,86.93,2.73
2016-07-03,20.86,25.19,17.3,6.4,11.31,82.98,3.15
2016-07-04,25.07,32.29,16.6,0.42,26.23,73.28,1.88
2016-07-05,27.75,34.0,21.72,9.65,26.5,72.77,3.67
2016-07-06,27.72,33.54,21.5,1.28,27.58,73.84,2.8
2016-07-07,27.54,33.06,22.57,0.12,28.97,71.91,2.49
2016-07-08,25.59,30.13,22.57,0.22,20.29,79.92,2.65
2016-07-09,27.54,33.63,21.4,0.0,29.16,70.64,3.27
2016-07-10,28.49,34.5,21.8,0.03,28.17,65.32,5.55
2016-07-11,29.83,35.98,24.94,7.05,24.76,63.58,5.36
2016-07-12,26.37,30.12,22.99,7.56,24.49,78.83,2.56
2016-07-13,27.01,32.67,22.14,6.85,28.25,72.78,2.57
2016-07-14,24.66,29.8,20.85,10.1,20.6,76.47,1.81
2016-07-15,24.92,30.11,19.37,0.65,24.12,69.84,2.16
2016-07-16,26.23,32.58,20.29,0.3,28.75,70.52,3.96
2016-07-17,28.95,36.7,22.38,0.42,28.55,58.35,5.19
2016-07-18,29.08,36.61,22.05,0.27,26.27,60.08,3.9
2016-07-19,29.43,35.94,23.41,0.0,28.46,57.91,4.23
2016-07-20,31.1,38.76,24.15,0.0,27.31,53.58,5.13
2016-07-21,32.2,40.32,24.28,0.0,29.03,49.03,4.59
2016-07-22,32.98,41.66,25.46,0.0,27.99,44.13,4.09
2016-07-23,32.82,41.13,25.27,0.36,21.92,40.57,4.71
2016-07-24,27.54,31.1,25.12,6.11,22.03,67.56,2.59
2016-07-25,25.47,29.65,21.85,7.89,19.93,76.75,2.97
2016-07-26,26.44,32.72,20.26,0.2,26.11,69.45,2.34
2016-07-27,27.45,33.21,21.66,2.0,21.75,68.5,1.02
2016-07-28,27.13,32.89,21.79,0.24,23.08,57.17,2.02
2016-07-29,24.08,29.81,18.06,8.95,24.59,66.27,2.21
2016-07-30,26.43,32.16,19.36,3.34,24.32,66.67,2.95
2016-07-31,29.52,36.97,22.08,4.41,27.28,60.75,4.18
2016-08-01,30.65,38.24,23.28,0.51,27.99,55.25,4.69
2016-08-02,28.82,35.39,23.48,6.38,20.11,61.06,2.83
2016-08-03,29.7,38.11,22.8,0.01,26.87,57.67,3.06
2016-08-04,29.62,36.36,24.3,7.05,21.54,64.0,2.87
2016-08-05,21.94,24.84,18.94,1.73,10.57,74.87,3.4
2016-08-06,23.64,29.02,18.7,12.02,8.91,73.48,2.53
2016-08-07,22.55,26.84,20.1,14.63,13.95,86.38,2.77
2016-08-08,23.3,27.12,19.94,1.47,16.15,84.61,1.86
2016-08-09,26.92,33.44,21.72,0.05,24.52,74.33,2.94
2016-08-10,28.36,33.83,22.88,0.04,24.53,68.87,4.77
2016-08-11,29.56,36.18,24.52,11.04,24.05,67.91,3.59
2016-08-12,24.95,30.39,20.05,2.59,22.6,73.17,3.78
2016-08-13,24.72,31.66,17.35,0.0,27.05,62.6,1.83
2016-08-14,24.37,29.52,19.28,0.0,21.75,64.13,1.61
2016-08-15,25.06,31.28,19.93,0.0,21.58,64.71,2.83
2016-08-16,27.14,35.21,20.1,0.0,25.57,57.05,2.79
2016-08-17,27.51,35.94,19.17,0.0,25.66,50.66,3.02
2016-08-18,26.76,33.55,20.4,0.02,25.71,59.52,3.56
2016-08-19,24.55,32.32,16.37,12.02,19.42,72.04,3.34
2016-08-20,19.37,25.28,15.04,0.0,26.45,58.08,3.69
2016-08-21,22.0,30.17,12.97,0.0,26.75,50.13,2.86
2016-08-22,24.12,31.37,16.71,0.0,23.46,51.93,5.14
2016-08-23,27.9,35.34,20.99,0.51,23.59,62.58,5.81
2016-08-24,21.88,25.9,17.17,6.73,10.63,69.83,2.73
2016-08-25,19.78,25.56,14.95,6.46,17.44,71.15,2.98
2016-08-26,20.18,23.49,17.62,9.35,11.72,82.28,1.27
2016-08-27,24.02,30.01,17.98,1.43,22.89,73.97,2.29
2016-08-28,24.88,30.16,20.4,0.55,19.25,75.88,2.65
2016-08-29,24.17,28.18,20.5,11.83,16.21,80.51,1.28
2016-08-30,23.08,26.57,20.5,11.7,12.46,85.0,1.41
2016-08-31,20.83,23.83,17.25,16.76,13.39,87.66,2.89
2016-09-01,20.07,26.83,14.31,0.0,23.67,71.55,2.59
2016-09-02,20.11,26.58,13.18,0.28,23.53,74.46,3.21
2016-09-03,21.76,27.69,15.98,8.32,20.67,76.03,4.78
2016-09-04,25.42,32.08,18.47,0.31,22.07,71.7,6.38
2016-09-05,27.44,33.62,21.98,0.02,23.01,65.73,6.61
2016-09-06,27.56,33.65,22.52,1.87,22.28,64.5,5.55
2016-09-07,26.86,32.59,22.58,1.29,13.69,70.29,4.25
2016-09-08,25.16,30.07,21.28,10.97,8.49,83.73,3.04
2016-09-09,23.72,32.47,15.85,2.33,19.34,72.71,3.77
2016-09-10,17.86,24.29,11.36,0.0,24.34,52.58,3.08
2016-09-11,20.5,29.09,12.71,0.0,21.56,60.04,5.49
2016-09-12,22.3,28.5,16.8,1.08,17.24,75.46,4.26
2016-09-13,17.88,22.68,13.75,0.75,7.24,75.35,3.63
2016-09-14,18.61,24.31,12.79,0.08,12.9,78.52,1.88
2016-09-15,22.07,26.44,18.44,5.99,15.9,85.06,4.18
2016-09-16,20.9,25.61,16.24,3.24,8.87,69.82,2.19
2016-09-17,20.28,28.49,12.68,0.05,20.44,60.53,1.73
2016-09-18,23.6,31.75,16.33,0.7,21.53,73.72,2.71
2016-09-19,24.85,33.71,17.64,0.0,21.7,64.51,1.82
2016-09-20,27.15,34.94,20.0,0.0,19.31,65.29,3.99
2016-09-21,27.63,34.37,22.49,0.0,15.0,65.03,5.4
2016-09-22,27.37,35.32,21.74,0.0,19.9,59.79,5.17
2016-09-23,25.08,31.44,18.47,0.05,19.69,60.62,5.2
2016-09-24,20.87,28.86,14.0,18.67,5.38,76.91,3.58
2016-09-25,16.3,23.68,10.6,0.0,18.19,56.2,3.81
2016-09-26,16.07,24.52,7.22,0.0,20.88,46.36,2.0
2016-09-27,20.22,28.19,11.42,0.0,19.54,48.91,1.84
2016-09-28,17.23,24.02,10.46,0.0,20.91,52.95,3.44
2016-09-29,14.28,21.88,7.33,0.0,20.65,67.97,1.78
2016-09-30,15.55,22.95,9.69,0.0,17.29,64.79,1.56
2016-10-01,17.68,25.2,10.85,0.53,16.63,63.79,1.95
2016-10-02,20.1,26.76,14.78,0.75,17.46,69.27,3.77
2016-10-03,20.91,27.33,15.53,0.46,15.41,62.69,7.0
2016-10-04,19.34,25.64,13.15,4.82,12.36,65.77,4.12
2016-10-05,17.02,24.43,9.54,0.0,17.1,60.63,2.53
2016-10-06,15.87,26.4,4.42,0.33,14.17,70.69,5.1
2016-10-07,10.76,19.55,3.5,0.0,19.52,54.12,2.55
2016-10-08,14.58,24.27,5.85,0.0,18.23,52.29,3.51
2016-10-09,16.07,20.53,12.45,2.01,12.08,59.43,4.28
2016-10-10,17.97,26.46,12.0,3.23,16.35,60.57,5.58
2016-10-11,17.95,27.27,10.52,0.5,15.23,64.7,3.08
2016-10-12,9.44,14.75,5.43,0.01,16.71,59.22,4.89
2016-10-13,9.41,16.5,3.87,0.0,12.33,67.22,2.34
2016-10-14,15.18,25.01,6.54,0.03,14.32,78.87,4.49
2016-10-15,19.63,27.14,14.15,0.02,12.23,72.72,3.9
2016-10-16,20.92,32.08,12.89,0.01,16.27,61.66,3.81
2016-10-17,20.24,31.73,13.02,0.0,15.41,41.62,4.71
2016-10-18,15.14,22.26,10.43,0.0,16.8,47.29,3.95
2016-10-19,14.53,22.39,8.21,0.04,15.7,61.84,3.3
2016-10-20,11.28,17.25,7.21,0.07,14.12,68.74,2.77
2016-10-21,13.05,22.77,5.41,0.0,15.88,60.08,2.88
2016-10-22,16.99,27.21,8.92,0.0,16.13,51.31,3.16
2016-10-23,15.01,23.38,9.41,0.0,15.8,56.57,3.28
2016-10-24,14.81,23.75,6.89,0.0,14.2,69.99,2.64
2016-10-25,19.95,26.44,14.29,4.33,12.7,79.16,5.02
2016-10-26,17.5,25.02,11.71,1.95,15.1,64.53,2.83
2016-10-27,17.2,26.73,9.42,0.0,14.99,64.19,3.21
2016-10-28,20.83,30.18,13.79,0.0,10.74,63.87,5.15
2016-10-29,19.73,28.48,11.28,0.0,13.87,56.73,4.95
2016-10-30,12.57,18.77,7.58,0.0,10.52,69.92,3.14
2016-10-31,18.72,29.72,11.68,0.0,11.02,67.42,4.25
2016-11-01,17.08,23.07,11.68,0.02,10.76,60.84,2.1
2016-11-02,16.35,20.33,12.94,0.67,6.3,82.41,1.98
2016-11-03,15.36,22.51,9.23,0.0,14.21,54.37,2.21
2016-11-04,14.74,22.32,8.04,0.0,13.31,54.27,1.65
2016-11-05,15.83,22.4,10.42,0.0,10.16,67.77,3.06
2016-11-06,14.24,19.17,11.12,8.26,7.59,72.65,4.18
2016-11-07,12.05,15.27,10.12,4.78,3.08,90.38,2.27
2016-11-08,9.82,15.78,4.27,0.07,13.45,72.5,3.88
2016-11-09,7.7,15.64,1.39,0.0,13.78,66.73,1.54
2016-11-10,11.1,21.89,3.59,0.0,13.51,64.19,3.0
2016-11-11,8.34,14.21,1.95,0.0,10.8,64.11,3.77
2016-11-12,5.52,13.15,0.3,0.0,13.1,68.77,1.86
2016-11-13,9.9,19.66,2.58,0.0,11.9,69.28,3.66
2016-11-14,11.45,19.23,5.66,0.0,11.36,60.35,2.52
2016-11-15,14.36,24.47,7.45,0.0,11.72,54.02,1.78
2016-11-16,16.78,26.12,7.32,0.0,11.32,49.45,5.18
2016-11-17,11.78,15.62,4.26,0.24,7.27,64.05,2.96
2016-11-18,2.31,6.57,-2.54,0.0,9.62,55.93,6.37
2016-11-19,0.9,8.0,-5.29,0.0,12.42,59.53,2.29
2016-11-20,4.79,11.64,-1.42,0.0,11.79,56.33,2.27
2016-11-21,7.91,12.96,2.73,0.09,6.14,62.61,3.03
2016-11-22,10.52,18.13,5.28,1.03,6.5,76.16,5.46
2016-11-23,5.74,11.41,1.94,0.0,11.26,69.16,3.54
2016-11-24,4.62,11.19,0.59,0.0,10.49,75.84,4.0
2016-11-25,4.36,13.02,-1.85,0.0,11.88,67.34,2.19
2016-11-26,7.57,17.05,0.28,0.0,11.24,67.14,4.11
2016-11-27,11.24,19.44,6.09,0.63,3.02,68.81,6.55
2016-11-28,6.52,13.48,1.34,0.0,10.6,51.74,3.1
2016-11-29,4.23,8.72,0.67,0.0,10.7,52.55,4.38
2016-11-30,1.59,8.69,-2.37,0.0,11.34,57.25,3.9
2016-12-01,1.1,8.53,-3.17,0.0,9.37,60.52,1.0
2016-12-02,1.42,8.0,-3.81,0.04,8.25,58.66,1.43
2016-12-03,1.22,3.59,-0.26,10.13,1.69,87.03,1.35
2016-12-04,2.89,10.34,-1.95,0.25,10.6,71.75,2.5
2016-12-05,4.23,12.13,-0.46,0.0,10.86,64.13,4.54
2016-12-06,-0.44,3.8,-4.79,0.0,10.52,49.97,2.91
2016-12-07,-4.47,-2.11,-7.04,0.09,5.55,67.91,3.54
2016-12-08,-5.95,-2.24,-7.9,0.0,11.28,48.93,3.0
2016-12-09,-4.97,0.71,-9.08,0.0,4.04,60.68,3.24
2016-12-10,-2.09,4.24,-7.39,0.0,8.62,78.67,3.72
2016-12-11,-0.9,2.01,-4.03,0.0,6.04,76.72,3.46
2016-12-12,-1.93,2.34,-6.89,0.0,5.69,67.91,1.97
2016-12-13,-6.82,-2.65,-10.48,0.0,10.43,65.44,2.88
2016-12-14,-6.43,-1.57,-9.96,0.0,7.17,59.43,2.44
2016-12-15,-4.93,-0.49,-9.07,0.0,6.31,52.49,4.34
2016-12-16,-1.24,2.52,-4.12,0.35,1.82,90.26,3.82
2016-12-17,-11.42,-5.53,-15.76,0.76,1.56,61.61,6.65
2016-12-18,-11.86,-5.92,-16.77,0.0,6.15,53.93,2.15
2016-12-19,-5.81,2.88,-12.56,0.0,8.47,59.78,3.83
2016-12-20,-0.25,7.42,-6.7,0.0,8.39,69.68,2.28
2016-12-21,1.23,6.51,-1.66,0.01,9.07,69.05,3.03
2016-12-22,0.11,4.26,-2.52,0.54,5.6,71.14,1.93
2016-12-23,1.64,8.72,-2.53,0.11,9.63,71.44,3.77
2016-12-24,1.38,9.02,-3.12,0.08,10.36,79.4,2.5
2016-12-25,9.35,16.83,0.42,4.99,1.99,67.05,7.93
2016-12-26,-0.36,6.69,-4.78,0.0,10.72,61.03,1.96
2016-12-27,0.19,8.32,-3.91,0.0,10.71,66.31,2.46
2016-12-28,2.7,10.4,-2.87,0.0,9.72,60.36,2.99
2016-12-29,1.0,7.18,-2.12,0.0,11.12,43.56,3.8
2016-12-30,2.79,11.96,-2.94,0.02,10.73,60.3,4.07
2016-12-31,0.54,5.43,-2.73,0.0,10.42,60.4,3.07
2017-01-01,1.7,8.95,-2.58,0.03,9.13,74.68,3.81
2017-01-02,2.73,8.59,-0.94,0.17,9.46,88.97,2.9
2017-01-03,-4.54,-1.39,-7.81,0.03,10.15,50.0,5.73
2017-01-04,-6.93,-3.45,-9.7,0.34,9.64,50.54,3.05
2017-01-05,-9.96,-8.05,-11.39,0.3,4.26,59.34,4.25
2017-01-06,-9.11,-4.98,-11.44,0.0,8.12,48.36,1.77
2017-01-07,-7.29,-1.35,-11.48,0.0,10.09,64.68,2.06
2017-01-08,-2.23,5.69,-9.37,0.0,9.79,67.11,4.05
2017-01-09,2.12,7.88,-3.35,0.02,6.31,77.01,4.57
2017-01-10,5.25,10.54,1.73,0.03,11.15,65.2,4.56
2017-01-11,0.54,8.51,-7.93,0.0,8.59,59.64,4.76
2017-01-12,-5.84,-2.51,-8.75,0.0,6.02,56.37,3.85
2017-01-13,-4.5,-1.6,-8.2,0.0,3.72,62.36,2.62
2017-01-14,-1.8,2.33,-3.57,2.19,6.48,64.06,1.73
2017-01-15,-0.65,1.03,-2.34,13.79,2.5,91.45,2.2
2017-01-16,-0.41,0.26,-2.01,12.26,3.17,95.3,4.08
2017-01-17,-1.3,2.14,-4.19,0.2,11.0,86.41,2.07
2017-01-18,1.09,5.66,-2.91,0.01,8.33,89.97,2.89
2017-01-19,2.23,4.12,0.88,0.16,3.21,97.94,2.13
2017-01-20,2.73,6.34,-0.51,0.69,3.75,97.49,1.21
2017-01-21,3.1,10.85,-2.02,0.42,11.25,88.0,1.95
2017-01-22,2.67,8.82,-0.55,0.17,12.35,73.17,3.75
2017-01-23,3.51,10.82,-1.8,0.0,12.31,69.42,3.2
2017-01-24,2.71,10.54,-2.67,0.0,10.91,84.17,3.8
2017-01-25,-2.01,2.34,-4.63,0.0,12.67,65.63,5.34
2017-01-26,-1.54,3.93,-4.84,0.0,13.28,59.67,3.94
2017-01-27,-0.04,5.21,-3.82,0.0,13.61,55.88,4.89
2017-01-28,2.09,8.42,-1.61,0.0,12.24,60.25,4.94
2017-01-29,4.35,13.61,-0.56,0.0,12.59,57.9,4.3
2017-01-30,7.35,18.26,-0.37,0.0,12.03,48.67,2.91
2017-01-31,3.84,11.98,-3.07,0.0,11.61,60.3,2.26
2017-02-01,-0.89,4.5,-4.69,0.0,11.5,67.46,4.56
2017-02-02,-3.93,-0.86,-6.17,0.0,8.87,58.39,2.36
2017-02-03,-2.48,1.42,-5.31,0.0,11.9,61.28,2.29
2017-02-04,2.39,12.0,-4.19,0.0,13.92,63.89,4.08
2017-02-05,2.22,10.02,-2.86,0.0,12.45,77.28,2.65
2017-02-06,4.01,10.18,0.28,0.02,4.77,88.79,1.73
2017-02-07,5.16,17.11,-3.3,0.0,12.44,66.16,3.19
2017-02-08,-4.2,0.46,-7.11,0.0,14.8,64.27,4.23
2017-02-09,0.08,7.34,-5.52,0.0,13.94,60.38,3.97
2017-02-10,10.24,22.87,0.61,0.0,14.02,73.23,2.91
2017-02-11,10.85,19.11,5.06,0.0,12.16,70.85,3.99
2017-02-12,5.03,8.39,1.43,0.0,12.94,48.05,4.03
2017-02-13,3.48,6.79,1.2,0.43,7.09,60.82,1.74
2017-02-14,4.06,11.39,-1.09,0.0,13.61,58.69,4.01
2017-02-15,5.21,14.59,-2.9,0.0,16.04,54.49,2.98
2017-02-16,9.85,22.46,0.23,0.0,16.64,51.54,3.79
2017-02-17,10.32,21.75,1.24,0.0,16.76,58.95,3.24
2017-02-18,11.16,22.52,2.21,0.0,16.21,68.08,2.56
2017-02-19,12.43,17.94,7.95,0.44,11.96,86.17,4.31
2017-02-20,11.94,18.49,5.97,0.25,14.3,67.37,3.78
2017-02-21,12.67,22.81,4.73,0.0,17.49,50.69,1.76
2017-02-22,13.46,23.15,6.41,0.0,14.98,49.32,3.28
2017-02-23,9.58,19.36,0.65,0.18,15.85,70.43,5.56
2017-02-24,-1.81,0.48,-6.12,0.03,10.31,63.11,5.73
2017-02-25,-0.26,7.13,-6.37,0.0,16.76,52.82,2.96
2017-02-26,2.46,10.2,-3.21,0.02,18.24,55.63,1.87
2017-02-27,7.27,18.51,-2.0,0.02,15.37,60.83,4.21
2017-02-28,7.69,14.65,2.47,0.01,12.7,52.06,4.04
2017-03-01,4.15,11.12,-1.21,0.0,18.88,43.4,4.42
2017-03-02,4.37,13.54,-2.62,0.0,18.37,47.88,2.83
2017-03-03,7.65,20.67,-3.3,0.0,18.85,51.95,4.54
2017-03-04,12.15,21.2,4.02,0.0,19.18,50.76,7.09
2017-03-05,15.37,23.93,9.49,0.0,17.7,67.31,7.78
2017-03-06,15.04,25.04,4.63,0.0,17.86,42.94,8.51
2017-03-07,7.21,15.76,0.17,0.0,20.71,28.65,4.54
2017-03-08,10.58,19.34,1.58,0.0,19.36,36.57,1.65
2017-03-09,11.25,21.79,3.2,0.0,18.21,49.5,3.71
2017-03-10,1.6,7.03,-4.2,0.0,12.88,51.54,3.8
2017-03-11,-0.49,3.29,-4.14,0.43,7.88,68.7,2.95
2017-03-12,1.11,6.23,-4.54,0.08,10.7,80.84,3.7
2017-03-13,-1.5,3.96,-5.84,0.0,18.95,54.22,5.17
2017-03-14,-0.07,6.95,-4.8,0.0,15.23,57.35,2.52
2017-03-15,4.39,13.95,-4.07,0.0,17.0,62.43,3.92
2017-03-16,11.2,23.37,1.76,0.0,19.29,73.53,3.75
2017-03-17,13.24,21.65,7.35,0.0,18.79,54.25,3.56
2017-03-18,12.25,21.89,2.54,0.0,19.76,52.33,3.41
2017-03-19,20.27,30.95,11.12,0.0,20.25,56.47,3.62
2017-03-20,17.0,26.0,9.77,0.0,20.92,54.36,3.85
2017-03-21,11.27,17.27,7.3,0.0,14.85,52.02,5.28
2017-03-22,9.74,15.0,3.02,0.0,9.09,57.18,4.19
2017-03-23,18.85,27.54,9.74,0.05,13.05,64.56,7.44
2017-03-24,15.19,23.43,6.0,1.32,19.43,53.13,5.27
2017-03-25,8.02,12.62,4.67,0.82,7.26,74.62,4.07
2017-03-26,8.07,13.56,3.56,7.21,7.25,85.5,2.37
2017-03-27,10.88,18.16,6.99,0.11,16.62,74.3,2.4
2017-03-28,9.54,15.61,5.11,15.79,6.8,81.23,4.11
2017-03-29,3.96,5.75,2.61,36.17,4.74,89.41,7.38
2017-03-30,7.02,14.31,2.67,0.75,7.44,77.27,4.53
2017-03-31,5.81,9.8,2.45,4.31,8.61,86.65,2.66
2017-04-01,6.86,9.2,4.64,13.49,4.94,91.56,2.63
2017-04-02,9.7,15.81,6.18,0.94,8.96,86.53,1.44
2017-04-03,11.84,20.29,6.29,0.48,20.36,71.69,3.23
2017-04-04,6.63,9.6,4.54,23.58,2.99,83.85,4.47
2017-04-05,9.3,15.5,2.94,0.19,22.12,58.81,5.55
2017-04-06,8.92,16.55,1.34,0.0,25.45,59.11,1.91
2017-04-07,12.9,21.77,3.2,0.0,23.14,61.11,4.91
2017-04-08,18.2,28.55,8.92,0.0,18.63,65.69,3.99
2017-04-09,18.38,28.73,11.27,0.0,17.13,55.75,4.18
2017-04-10,11.18,16.68,3.85,0.0,26.53,47.7,4.99
2017-04-11,11.88,22.16,2.05,0.0,26.31,55.87,2.4
2017-04-12,16.2,22.54,9.07,1.19,21.13,68.81,5.14
2017-04-13,15.91,19.96,12.01,1.01,11.78,85.85,3.38
2017-04-14,20.41,26.77,14.45,0.11,17.69,74.72,7.31
2017-04-15,21.99,28.87,16.67,6.53,22.99,67.74,4.48
2017-04-16,15.29,19.34,10.49,6.11,6.58,79.35,3.85
2017-04-17,15.63,22.38,8.85,0.01,22.36,77.3,3.29
2017-04-18,20.81,29.14,13.52,0.01,22.34,68.8,5.22
2017-04-19,21.88,30.66,15.24,12.88,25.44,69.59,4.96
2017-04-20,15.75,22.09,11.52,0.28,23.46,55.69,3.57
2017-04-21,8.14,11.35,4.37,5.63,9.26,81.51,4.07
2017-04-22,10.32,17.04,4.2,0.0,19.71,60.34,3.17
2017-04-23,12.91,20.72,5.48,0.0,27.74,47.08,3.69
2017-04-24,16.88,27.56,6.86,0.07,24.63,57.08,5.17
2017-04-25,11.4,17.18,4.57,0.23,10.19,78.99,4.17
2017-04-26,7.69,13.8,3.09,0.07,22.73,57.2,4.44
2017-04-27,9.31,14.73,2.17,3.35,11.56,67.16,4.21
2017-04-28,11.18,19.62,3.16,4.98,21.38,69.58,4.78
2017-04-29,3.31,7.87,1.0,34.7,3.47,90.65,6.37
2017-04-30,2.07,4.01,0.78,13.66,9.65,89.96,6.29
2017-05-01,10.73,19.55,1.56,0.07,28.97,63.87,4.57
2017-05-02,12.32,17.99,7.22,4.16,19.25,65.53,3.2
2017-05-03,11.21,16.56,7.37,7.93,16.46,79.78,2.99
2017-05-04,12.64,20.23,5.07,0.01,27.74,64.11,3.36
2017-05-05,15.6,23.45,5.72,0.0,28.61,55.45,1.57
2017-05-06,18.97,28.31,9.4,0.0,29.6,58.66,2.23
2017-05-07,20.94,29.59,12.71,0.0,26.75,61.45,4.85
2017-05-08,20.58,28.53,12.73,0.0,27.94,65.34,4.0
2017-05-09,20.87,27.34,12.91,1.24,23.86,70.39,2.82
2017-05-10,19.61,24.43,14.34,29.7,16.84,82.44,2.88
2017-05-11,14.18,18.09,10.19,2.13,14.99,77.6,4.41
2017-05-12,14.79,22.56,7.19,0.0,30.0,57.56,3.06
2017-05-13,16.75,24.5,6.98,0.0,29.89,59.03,4.22
2017-05-14,21.71,30.62,12.1,0.0,29.34,63.71,4.48
2017-05-15,23.88,30.58,16.74,0.5,23.04,65.93,5.28
2017-05-16,23.27,29.95,17.57,11.72,20.65,72.18,6.49
2017-05-17,19.82,25.42,14.8,2.13,24.57,64.97,3.99
2017-05-18,17.7,26.38,11.66,22.96,13.84,79.98,4.77
2017-05-19,12.97,18.79,8.51,23.84,8.8,84.62,5.09
2017-05-20,9.57,15.84,5.25,0.05,17.94,69.77,4.69
2017-05-21,15.44,23.5,4.97,0.01,25.79,62.41,2.33
2017-05-22,15.82,20.66,11.98,6.46,11.55,76.07,2.74
2017-05-23,13.47,18.62,8.68,0.24,20.94,66.15,4.2
2017-05-24,13.73,20.6,5.95,0.0,29.38,63.5,2.47
2017-05-25,18.68,27.37,9.37,0.59,27.99,68.47,4.74
2017-05-26,20.85,27.28,15.45,7.12,29.92,74.2,3.05
2017-05-27,19.86,26.41,13.87,6.8,21.21,81.92,3.39
2017-05-28,19.38,26.7,11.15,0.0,30.25,61.28,2.79
2017-05-29,19.86,26.41,12.81,0.03,29.23,55.92,2.6
2017-05-30,21.73,28.23,12.94,0.15,29.22,56.77,1.59
2017-05-31,21.08,29.69,15.63,5.74,27.3,71.84,2.08
2017-06-01,22.44,28.26,16.55,0.8,22.47,72.15,4.11
2017-06-02,22.37,28.85,15.27,0.01,27.66,69.9,3.64
2017-06-03,20.97,25.53,16.62,2.03,18.05,83.84,1.56
2017-06-04,21.95,26.59,17.11,1.12,23.61,77.33,1.97
2017-06-05,24.08,31.17,16.0,0.01,30.08,64.47,2.09
2017-06-06,23.26,30.4,18.39,7.22,21.87,71.57,2.42
2017-06-07,22.19,28.01,16.99,0.22,28.03,62.36,2.07
2017-06-08,21.08,27.17,15.39,0.63,23.68,66.83,2.86
2017-06-09,23.82,30.77,16.22,0.0,29.48,69.35,4.32
2017-06-10,26.66,34.07,19.52,0.0,26.7,68.67,6.89
2017-06-11,27.6,34.55,21.39,0.08,28.95,63.39,7.78
2017-06-12,28.07,35.4,21.55,0.0,30.19,59.38,6.65
2017-06-13,28.61,36.34,22.36,2.3,28.19,55.82,7.58
2017-06-14,26.3,33.21,19.09,0.26,30.05,54.11,2.78
2017-06-15,27.46,34.64,19.62,5.58,20.36,62.35,2.86
2017-06-16,28.2,35.92,20.87,1.78,27.72,64.29,3.12
2017-06-17,27.68,37.44,19.25,2.6,27.51,53.56,3.17
2017-06-18,22.44,29.15,16.25,3.57,29.7,52.1,2.61
2017-06-19,24.32,31.61,16.7,0.02,20.1,49.16,2.05
2017-06-20,27.61,36.17,18.52,1.26,28.49,49.01,3.86
2017-06-21,29.16,37.41,22.7,0.2,27.63,46.04,6.0
2017-06-22,29.06,38.73,20.41,1.48,28.25,48.52,4.12
2017-06-23,22.85,27.17,16.96,1.12,20.98,47.31,4.19
2017-06-24,21.98,27.84,14.31,0.06,22.45,44.58,1.21
2017-06-25,20.13,24.44,14.84,4.62,11.38,63.81,2.08
2017-06-26,23.07,31.27,14.42,0.63,26.41,59.89,2.2
2017-06-27,26.84,35.3,16.76,2.21,28.3,58.12,5.63
2017-06-28,29.03,36.52,22.0,3.04,26.97,54.73,5.52
2017-06-29,27.67,33.8,22.15,2.51,22.92,62.94,3.43
2017-06-30,22.59,26.19,17.77,4.33,22.89,58.1,3.29
2017-07-01,24.47,32.57,15.07,0.0,29.79,47.41,2.54
2017-07-02,26.51,33.39,20.11,7.24,21.87,63.38,4.03
2017-07-03,25.0,31.33,20.25,5.19,20.24,72.63,2.42
2017-07-04,25.62,32.01,19.49,0.16,26.62,66.27,1.55
2017-07-05,26.24,33.22,18.9,0.0,30.08,60.92,1.8
2017-07-06,28.8,37.09,19.61,0.0,30.08,52.59,2.15
2017-07-07,27.33,33.69,21.4,1.07,24.35,49.72,3.04
2017-07-08,28.1,35.47,20.88,0.04,26.88,47.17,1.47
2017-07-09,29.58,37.6,21.17,0.0,29.72,51.77,3.63
2017-07-10,30.48,38.99,22.01,0.0,28.56,49.7,4.03
2017-07-11,32.65,41.85,23.89,0.0,28.99,41.41,5.51
2017-07-12,32.6,40.55,25.76,0.04,28.12,37.57,4.92
2017-07-13,27.77,34.4,22.92,5.75,19.16,63.5,2.04
2017-07-14,27.49,32.38,22.3,1.09,23.54,68.59,1.62
2017-07-15,28.07,32.82,22.85,0.08,22.89,63.4,1.62
2017-07-16,27.53,32.37,22.9,0.01,25.62,56.5,1.68
2017-07-17,29.15,36.17,21.75,0.23,27.38,52.07,4.16
2017-07-18,31.03,38.84,23.54,0.98,28.35,50.32,5.33
2017-07-19,32.77,40.37,25.88,0.0,27.2,43.35,4.81
2017-07-20,33.4,40.89,26.21,0.0,28.18,40.17,4.59
2017-07-21,33.76,42.21,25.41,0.0,29.29,37.98,4.47
2017-07-22,33.05,42.04,24.45,0.97,26.96,37.12,2.41
2017-07-23,28.89,35.88,22.83,6.36,25.2,50.49,2.46
2017-07-24,30.08,37.99,21.75,0.0,28.65,48.05,2.46
2017-07-25,30.95,38.11,22.99,1.39,27.54,50.54,4.26
2017-07-26,29.88,35.79,24.86,1.46,15.78,57.49,3.35
2017-07-27,26.99,32.94,22.6,1.2,15.04,63.98,3.65
2017-07-28,26.86,33.39,19.77,0.0,27.27,46.5,2.38
2017-07-29,24.45,28.24,21.76,0.62,14.15,56.58,2.51
2017-07-30,22.71,27.17,19.53,0.61,11.06,60.06,2.32
2017-07-31,21.77,25.06,18.63,4.08,7.37,74.88,1.57
2017-08-01,24.36,31.02,17.49,0.45,21.77,66.11,1.76
2017-08-02,26.0,32.58,18.49,0.37,24.91,54.38,1.75
2017-08-03,23.26,29.37,18.3,0.03,20.1,54.93,3.37
2017-08-04,22.05,28.62,15.74,0.02,25.64,49.0,2.71
2017-08-05,25.7,36.17,17.73,2.99,20.56,59.77,3.8
2017-08-06,22.99,29.68,17.21,1.14,13.14,67.46,3.4
2017-08-07,22.26,28.47,17.83,0.06,12.59,60.34,2.91
2017-08-08,23.03,29.8,16.15,2.26,19.86,57.3,2.08
2017-08-09,23.31,28.23,19.06,14.41,14.45,76.17,2.95
2017-08-10,24.57,30.99,18.54,3.44,12.2,69.91,1.86
2017-08-11,22.58,28.45,16.99,1.12,25.2,59.79,2.63
2017-08-12,22.85,28.51,18.56,0.06,18.97,63.0,2.63
2017-08-13,24.17,30.95,17.18,0.01,17.63,70.05,2.82
2017-08-14,25.92,31.72,20.19,0.0,24.04,70.72,2.83
2017-08-15,25.65,30.7,21.49,8.18,24.63,76.81,3.71
2017-08-16,24.69,30.01,19.04,4.94,21.37,70.16,2.65
2017-08-17,24.41,32.42,16.24,0.79,24.66,52.21,2.2
2017-08-18,25.81,33.12,19.76,3.66,25.06,59.53,2.74
2017-08-19,28.87,37.44,20.49,0.0,25.71,50.34,2.55
2017-08-20,30.02,36.99,23.15,0.29,23.61,54.84,4.59
2017-08-21,26.55,30.51,23.33,2.7,16.44,68.5,3.79
2017-08-22,24.08,30.67,17.86,0.14,24.62,51.9,4.14
2017-08-23,22.64,31.58,14.15,0.0,25.81,45.09,2.43
2017-08-24,22.89,29.11,15.77,0.0,18.24,56.24,3.27
2017-08-25,24.16,30.17,18.99,0.0,20.32,67.17,3.93
2017-08-26,26.09,33.54,19.23,0.61,22.31,63.81,3.24
2017-08-27,25.27,33.21,19.24,4.58,19.41,64.61,2.98
2017-08-28,22.78,30.7,15.95,0.0,25.33,53.25,3.19
2017-08-29,22.12,30.32,14.41,0.0,25.35,51.67,1.98
2017-08-30,22.22,30.28,14.67,0.0,24.65,53.95,1.85
2017-08-31,22.75,30.39,16.24,0.0,22.27,56.69,1.89
2017-09-01,22.2,29.99,16.55,5.88,10.01,65.22,3.13
2017-09-02,24.92,33.52,16.95,0.01,20.99,60.91,2.08
2017-09-03,27.22,35.75,19.62,0.0,21.85,52.21,2.63
2017-09-04,24.47,31.99,18.32,0.0,17.43,47.87,4.22
2017-09-05,18.75,25.38,12.38,0.1,21.9,39.42,3.54
2017-09-06,18.46,27.06,10.03,0.0,24.27,40.46,2.13
2017-09-07,21.93,31.64,11.65,0.0,21.54,44.93,2.82
2017-09-08,24.56,32.58,17.94,0.0,21.96,40.61,5.07
2017-09-09,23.43,30.8,17.34,0.0,19.21,45.2,5.21
2017-09-10,23.3,30.35,18.0,0.08,20.7,47.51,4.8
2017-09-11,23.63,32.55,16.13,0.0,21.16,45.94,2.6
2017-09-12,22.72,29.71,16.16,0.0,18.67,45.39,1.51
2017-09-13,25.22,35.05,15.8,0.0,21.08,35.61,2.73
2017-09-14,27.68,37.34,19.09,0.01,20.48,36.77,5.32
2017-09-15,27.11,34.57,20.61,1.49,16.67,55.39,6.16
2017-09-16,24.77,33.48,15.31,1.63,17.79,55.28,4.59
2017-09-17,18.82,24.9,12.63,1.2,8.35,64.25,3.33
2017-09-18,23.59,31.08,19.24,1.86,18.63,71.45,3.21
2017-09-19,27.88,37.34,19.42,0.0,19.86,53.6,6.25
2017-09-20,22.91,30.62,16.22,0.0,22.14,40.33,3.21
2017-09-21,27.21,38.14,16.71,0.0,21.07,52.4,5.59
2017-09-22,29.15,36.31,23.52,0.0,20.02,53.57,6.86
2017-09-23,27.41,33.15,22.31,0.02,18.87,55.79,6.15
2017-09-24,25.4,29.16,21.6,1.4,10.62,57.22,5.13
2017-09-25,16.82,22.84,13.49,44.36,2.18,85.31,3.55
2017-09-26,13.91,18.21,11.47,0.62,9.31,75.03,3.18
2017-09-27,15.52,22.74,10.07,0.24,16.56,65.56,2.68
2017-09-28,17.63,24.28,9.82,0.05,18.79,56.98,1.26
2017-09-29,18.54,23.39,12.91,0.02,13.31,59.81,1.07
2017-09-30,19.37,25.71,14.39,0.03,13.28,61.64,4.6
2017-10-01,21.9,27.77,17.17,0.04,11.89,62.59,7.16
2017-10-02,23.51,28.9,18.7,1.6,13.54,69.75,6.62
2017-10-03,20.01,23.16,15.93,7.21,4.06,70.03,3.7
2017-10-04,17.44,21.88,13.54,16.86,4.6,87.12,3.09
2017-10-05,21.71,26.04,16.99,6.32,8.88,89.78,3.3
2017-10-06,22.52,29.57,12.83,30.19,12.35,80.07,4.79
2017-10-07,16.93,24.66,10.67,0.06,18.42,61.19,3.19
2017-10-08,17.57,25.82,11.02,0.04,18.16,61.0,3.84
2017-10-09,11.08,17.84,3.74,2.38,5.14,71.19,7.04
2017-10-10,7.45,14.07,2.9,0.79,12.05,61.97,3.8
2017-10-11,11.03,19.99,3.01,0.0,17.89,59.14,3.21
2017-10-12,17.32,27.21,8.1,0.0,17.82,70.77,4.78
2017-10-13,16.14,22.44,11.01,0.4,8.93,82.73,2.45
2017-10-14,17.09,29.32,8.22,3.03,12.69,68.64,5.18
2017-10-15,10.58,17.37,4.1,0.0,18.19,52.68,3.16
2017-10-16,13.26,22.74,4.6,0.0,17.21,50.56,3.63
2017-10-17,14.3,24.75,5.88,0.0,17.34,62.39,2.51
2017-10-18,15.98,27.92,6.6,0.0,15.45,65.65,1.62
2017-10-19,16.62,27.0,8.59,0.0,16.09,63.99,3.03
2017-10-20,18.86,25.03,12.46,0.0,12.86,72.58,7.65
2017-10-21,17.03,21.15,9.36,0.05,9.0,59.53,5.54
2017-10-22,12.18,21.03,3.96,0.0,16.65,45.55,2.56
2017-10-23,13.52,19.04,8.45,0.0,14.43,41.08,6.13
2017-10-24,8.98,14.51,5.56,0.0,16.54,45.51,4.92
2017-10-25,14.8,26.09,5.85,0.0,15.89,45.03,3.52
2017-10-26,11.35,19.68,2.24,0.0,13.36,48.4,6.87
2017-10-27,1.45,6.89,-3.06,0.0,16.49,39.66,5.22
2017-10-28,3.83,13.24,-4.9,0.0,15.72,40.94,2.22
2017-10-29,11.81,24.57,2.99,0.0,14.93,57.94,3.53
2017-10-30,6.19,10.86,-0.27,0.0,12.24,47.69,4.47
2017-10-31,0.94,4.72,-0.78,0.67,3.24,63.88,3.08
2017-11-01,8.4,18.31,0.32,0.0,11.19,74.53,2.51
2017-11-02,7.56,12.87,3.67,0.07,5.64,81.74,4.01
2017-11-03,3.63,6.86,1.47,0.0,3.63,81.85,2.12
2017-11-04,7.18,13.03,1.71,0.01,4.34,81.93,1.9
2017-11-05,5.61,10.53,0.72,0.0,6.26,64.4,4.19
2017-11-06,2.44,8.66,-2.0,0.0,11.09,61.42,1.84
2017-11-07,1.32,6.33,-2.16,0.0,5.22,64.66,2.99
2017-11-08,2.79,11.32,-3.72,0.0,12.94,61.35,1.71
2017-11-09,1.42,6.76,-2.81,0.0,10.35,62.38,3.15
2017-11-10,3.67,12.23,-4.11,0.01,8.68,69.3,3.69
2017-11-11,7.99,10.7,5.58,0.81,3.58,94.54,2.76
2017-11-12,7.25,13.71,1.99,0.16,7.58,80.74,2.58
2017-11-13,7.29,12.79,1.6,0.02,3.45,89.75,3.57
2017-11-14,12.45,19.43,8.28,0.05,3.89,88.99,2.98
2017-11-15,8.05,14.41,3.76,0.0,12.76,58.41,3.39
2017-11-16,8.46,16.18,1.28,0.0,12.12,68.28,4.48
2017-11-17,13.94,24.29,8.13,0.01,10.02,72.33,3.39
2017-11-18,5.98,10.58,0.17,1.05,12.13,57.78,5.82
2017-11-19,5.36,15.2,-2.79,0.0,12.17,50.28,2.95
2017-11-20,7.68,17.49,-0.63,0.05,11.36,52.1,3.33
2017-11-21,4.54,9.76,-3.93,0.0,11.82,50.46,4.28
2017-11-22,3.24,12.32,-3.9,0.0,11.36,53.02,2.36
2017-11-23,12.68,22.74,4.64,0.0,10.7,66.9,2.18
2017-11-24,14.99,26.49,8.87,0.0,9.76,60.08,3.01
2017-11-25,8.42,14.55,3.19,0.0,10.59,57.94,1.43
2017-11-26,9.79,19.54,3.45,0.0,10.27,60.05,2.42
2017-11-27,13.4,22.21,5.28,0.01,10.8,63.26,5.49
2017-11-28,9.36,14.19,4.99,0.13,8.25,51.02,5.74
2017-11-29,6.63,12.94,0.75,0.0,5.94,59.35,1.84
2017-11-30,5.86,12.98,-0.33,0.0,11.2,52.47,1.92
2017-12-01,7.57,16.62,2.33,0.0,10.44,59.68,3.42
2017-12-02,6.43,14.63,0.13,0.0,10.83,59.57,2.05
2017-12-03,11.16,18.41,2.48,0.0,9.7,74.57,4.87
2017-12-04,8.93,14.52,-2.43,0.0,10.14,45.49,7.16
2017-12-05,1.23,8.66,-4.34,0.0,10.51,41.01,3.56
2017-12-06,1.6,7.59,-5.43,0.0,10.71,53.54,4.62
2017-12-07,-4.89,-1.07,-8.15,0.0,11.13,53.71,3.02
2017-12-08,0.79,5.98,-3.78,0.0,10.1,61.47,3.73
2017-12-09,2.8,10.49,-1.7,0.0,10.79,53.49,3.66
2017-12-10,6.35,16.97,0.44,0.0,10.65,39.96,3.81
2017-12-11,6.22,13.81,0.45,0.0,7.46,45.47,5.21
2017-12-12,3.47,11.08,-3.73,0.0,10.55,65.29,2.5
2017-12-13,6.74,14.01,0.2,0.0,10.19,48.0,4.47
2017-12-14,2.72,7.32,-1.64,0.0,5.88,65.2,3.69
2017-12-15,2.55,11.45,-4.33,0.0,10.66,62.42,3.65
2017-12-16,4.47,14.31,-3.49,0.0,10.31,60.34,2.91
2017-12-17,2.27,6.76,-1.4,0.26,9.53,79.81,1.89
2017-12-18,3.16,11.59,-2.45,0.0,9.85,78.4,2.1
2017-12-19,4.11,12.42,-0.88,0.0,9.52,70.57,3.06
2017-12-20,3.57,11.68,-3.44,0.0,5.41,78.96,2.78
2017-12-21,1.46,7.57,-5.67,0.04,2.5,82.05,4.93
2017-12-22,-3.31,1.73,-5.57,0.0,8.37,66.92,3.46
2017-12-23,-3.88,-1.07,-6.25,0.24,5.38,72.23,2.79
2017-12-24,-4.22,-1.06,-6.45,0.1,9.48,52.79,3.7
2017-12-25,-3.66,-0.57,-8.56,0.03,4.5,59.23,3.31
2017-12-26,-10.82,-8.54,-12.77,0.04,5.81,65.26,3.93
2017-12-27,-9.91,-4.99,-13.56,0.0,4.76,56.78,2.95
2017-12-28,-3.95,2.82,-9.61,0.0,10.09,73.35,2.69
2017-12-29,-2.43,5.88,-8.09,0.0,6.97,80.3,3.93
2017-12-30,-10.94,-8.84,-13.0,0.0,9.8,59.08,4.04
2017-12-31,-13.51,-10.44,-17.16,0.0,10.41,55.14,4.12
2018-01-01,-15.03,-10.93,-19.15,0.0,9.01,58.62,1.86
2018-01-02,-9.49,-4.19,-14.39,0.0,10.14,57.21,2.17
2018-01-03,-4.23,1.92,-9.27,0.01,10.65,65.28,2.74
2018-01-04,-2.08,5.3,-8.44,0.0,10.46,64.13,1.9
2018-01-05,-2.96,1.04,-6.0,0.0,10.05,72.17,2.84
2018-01-06,-3.19,2.2,-9.66,0.0,8.2,67.49,2.5
2018-01-07,1.98,8.98,-1.41,0.0,5.65,86.98,2.9
2018-01-08,2.93,11.62,-1.83,0.0,10.2,66.78,2.29
2018-01-09,4.85,13.35,1.03,0.0,10.23,69.62,4.3
2018-01-10,6.37,14.23,1.44,0.16,8.04,83.5,4.95
2018-01-11,-5.64,0.68,-8.91,2.09,6.66,57.83,7.85
2018-01-12,-9.03,-6.75,-11.4,0.0,4.47,54.21,3.12
2018-01-13,-8.14,-4.49,-12.64,0.15,6.42,62.42,2.03
2018-01-14,0.35,7.05,-5.45,0.27,9.4,69.17,2.77
2018-01-15,-8.32,0.15,-15.39,0.57,5.13,52.5,6.08
2018-01-16,-13.65,-8.01,-18.22,0.0,9.96,59.84,2.8
2018-01-17,-7.59,2.16,-15.27,0.0,10.88,62.46,3.41
2018-01-18,-0.77,9.44,-8.57,0.0,10.52,68.8,2.92
2018-01-19,2.08,12.01,-3.3,0.0,10.05,69.36,3.66
2018-01-20,2.72,10.92,-2.2,0.0,11.41,84.86,1.73
2018-01-21,2.18,9.27,-0.6,0.22,4.56,89.57,2.45
2018-01-22,0.38,3.64,-2.95,1.1,5.1,73.9,7.88
2018-01-23,-0.22,8.17,-5.15,0.0,12.23,66.26,2.92
2018-01-24,2.36,11.63,-2.86,0.0,12.76,60.59,2.64
2018-01-25,5.39,16.96,-3.38,0.0,12.94,48.77,4.79
2018-01-26,5.18,15.78,-1.11,0.0,11.92,60.06,5.06
2018-01-27,3.03,11.78,-3.93,0.0,13.31,50.19,2.29
2018-01-28,-0.01,10.36,-6.72,0.0,8.68,58.23,2.72
2018-01-29,-2.65,3.55,-6.86,0.0,11.25,61.86,2.11
2018-01-30,3.48,13.79,-2.78,0.0,9.94,58.06,4.62
2018-01-31,4.38,11.52,0.04,0.0,9.32,57.95,3.75
2018-02-01,-2.16,1.46,-6.12,0.0,8.46,61.12,3.54
2018-02-02,-0.68,6.35,-6.08,0.0,13.11,49.43,4.41
2018-02-03,3.99,13.04,-0.68,0.05,12.97,57.48,3.69
2018-02-04,-7.28,-0.84,-9.51,0.46,6.42,56.31,5.39
2018-02-05,-4.38,4.85,-8.84,0.0,10.36,55.37,5.89
2018-02-06,-7.57,-3.77,-10.21,0.23,5.12,64.44,2.47
2018-02-07,-4.17,1.58,-9.82,0.0,14.52,65.01,2.41
2018-02-08,3.07,13.8,-3.88,0.0,12.93,60.26,3.25
2018-02-09,-4.68,-0.19,-9.24,0.0,6.53,70.53,5.67
2018-02-10,-9.23,-6.03,-11.74,0.36,5.57,65.66,4.87
2018-02-11,-3.83,3.11,-9.65,0.0,15.66,53.14,2.74
2018-02-12,-2.47,3.49,-9.03,0.0,13.06,55.1,3.57
2018-02-13,2.28,11.59,-3.69,0.0,14.58,65.12,4.07
2018-02-14,5.14,12.31,-0.82,0.0,11.82,72.94,2.56
2018-02-15,8.68,16.8,-1.15,0.0,10.29,56.54,4.32
2018-02-16,-1.26,3.05,-5.28,0.0,15.43,51.35,3.74
2018-02-17,4.11,13.28,-2.38,0.0,16.74,50.91,3.47
2018-02-18,10.44,21.0,1.18,0.0,12.05,50.8,7.46
2018-02-19,-1.37,4.98,-6.25,0.45,9.48,57.94,4.53
2018-02-20,-5.81,-2.41,-8.49,1.56,14.72,53.79,5.66
2018-02-21,-5.84,-1.13,-10.97,1.43,9.97,54.7,3.37
2018-02-22,-2.63,2.15,-7.36,0.37,4.35,82.82,1.7
2018-02-23,-1.29,3.93,-4.4,0.16,11.09,86.03,1.68
2018-02-24,-0.38,6.1,-3.33,0.95,5.23,65.67,2.8
2018-02-25,2.26,7.82,-2.55,0.0,14.45,48.74,1.35
2018-02-26,5.36,14.68,-2.22,0.0,18.78,52.01,4.96
2018-02-27,9.27,21.41,1.09,0.0,16.8,62.43,4.19
2018-02-28,6.08,11.94,-0.69,0.03,9.52,75.34,3.51
2018-03-01,3.28,12.19,-4.07,0.0,18.45,47.29,2.97
2018-03-02,8.25,18.84,-1.01,0.0,17.23,45.13,6.21
2018-03-03,13.61,23.88,4.31,0.0,19.19,65.03,7.44
2018-03-04,16.07,23.64,10.13,0.0,15.35,68.62,7.27
2018-03-05,7.44,12.41,1.73,0.0,20.22,39.18,6.89
2018-03-06,2.64,8.28,-3.26,0.0,16.13,42.13,7.36
2018-03-07,1.65,10.5,-4.99,0.0,20.41,50.7,3.06
2018-03-08,3.49,14.52,-5.34,0.0,18.77,52.94,2.31
2018-03-09,8.55,20.83,0.35,0.0,19.26,56.82,2.75
2018-03-10,10.56,19.29,2.7,0.0,13.79,51.28,2.36
2018-03-11,2.43,8.34,-2.88,0.0,15.95,63.89,4.45
2018-03-12,2.71,11.64,-5.04,0.0,21.21,56.42,1.9
2018-03-13,4.0,12.92,-4.12,0.0,20.69,48.65,1.97
2018-03-14,9.86,21.39,-1.58,0.0,20.98,38.2,4.47
2018-03-15,16.48,26.52,7.33,0.0,19.32,43.81,6.56
2018-03-16,9.79,15.11,1.96,0.0,18.5,58.46,6.74
2018-03-17,6.26,15.0,-0.79,0.0,21.93,57.64,2.9
2018-03-18,6.87,12.91,1.09,4.13,9.65,71.64,3.85
2018-03-19,2.02,4.76,-0.74,25.01,5.5,87.51,6.13
2018-03-20,2.93,10.41,-3.51,0.21,19.74,71.42,3.26
2018-03-21,7.5,16.02,-0.84,0.0,20.24,57.84,2.28
2018-03-22,12.14,22.18,2.97,0.15,21.59,66.89,2.83
2018-03-23,15.72,25.21,9.58,0.01,16.98,72.87,4.32
2018-03-24,10.63,17.46,2.31,0.03,18.3,67.7,4.82
2018-03-25,7.67,16.29,1.5,0.51,10.22,71.53,4.12
2018-03-26,6.98,9.17,3.5,0.58,4.82,88.75,3.17
2018-03-27,5.94,11.02,2.78,0.02,11.02,68.16,3.12
2018-03-28,9.87,18.37,1.81,0.02,18.21,59.98,1.87
2018-03-29,6.3,13.47,0.35,0.02,15.77,58.6,3.4
2018-03-30,8.85,18.07,-2.0,0.0,21.99,48.83,3.58
2018-03-31,6.84,12.71,-0.93,0.0,20.73,49.12,5.26
2018-04-01,-0.29,4.6,-3.51,0.0,9.06,55.57,2.96
2018-04-02,5.16,16.65,-4.59,0.02,22.19,64.51,4.08
2018-04-03,3.4,9.07,-4.09,0.04,20.94,53.46,6.65
2018-04-04,5.31,15.73,-4.67,0.0,23.11,40.57,4.02
2018-04-05,12.48,22.59,3.49,0.0,24.35,45.74,2.59
2018-04-06,1.17,6.93,-6.74,0.53,10.62,58.54,6.47
2018-04-07,-0.43,6.78,-7.15,0.02,25.28,38.39,2.36
2018-04-08,6.73,16.94,-0.59,2.29,11.18,55.47,3.61
2018-04-09,5.91,14.16,0.18,0.28,17.5,59.87,2.88
2018-04-10,11.82,23.95,-1.2,0.0,23.31,57.35,3.19
2018-04-11,18.07,29.16,9.63,0.0,16.91,43.64,3.91
2018-04-12,19.7,32.81,8.62,0.04,21.09,52.99,3.39
2018-04-13,11.22,18.96,-0.02,0.03,18.45,54.36,5.47
2018-04-14,-0.58,2.66,-3.07,0.39,12.41,57.97,9.38
2018-04-15,1.3,9.66,-4.8,0.0,27.7,48.68,5.24
2018-04-16,6.42,17.55,-4.87,0.0,26.6,50.75,2.68
2018-04-17,14.2,27.56,1.74,0.0,25.99,50.31,5.07
2018-04-18,9.83,16.03,2.9,0.0,27.26,50.54,6.54
2018-04-19,8.81,17.36,0.45,0.0,27.27,49.94,2.68
2018-04-20,10.64,17.4,3.25,4.91,14.1,54.8,4.73
2018-04-21,7.53,9.22,5.23,10.99,4.61,88.91,3.14
2018-04-22,10.7,17.59,5.01,0.69,19.09,71.89,3.43
2018-04-23,14.64,22.66,5.25,0.0,27.45,57.85,1.5
2018-04-24,11.41,19.05,4.8,7.24,11.16,64.87,3.97
2018-04-25,8.99,15.51,4.44,1.21,10.84,67.93,3.99
2018-04-26,11.58,19.53,2.44,0.0,23.3,55.03,2.52
2018-04-27,15.42,25.73,3.63,0.04,27.1,42.68,2.41
2018-04-28,15.44,24.46,6.11,0.0,26.92,46.75,3.51
2018-04-29,19.74,29.0,9.32,0.1,22.63,49.12,7.4
2018-04-30,22.14,28.49,16.25,0.0,24.38,54.37,8.88
2018-05-01,22.24,29.46,17.4,5.82,16.67,69.43,6.2
2018-05-02,18.91,24.53,15.25,19.94,9.6,80.75,2.16
2018-05-03,19.88,26.73,12.2,3.84,23.54,60.74,4.5
2018-05-04,17.85,25.42,8.61,0.0,28.78,53.78,2.32
2018-05-05,20.69,29.64,11.21,0.0,25.65,44.31,2.52
2018-05-06,20.96,29.17,13.0,0.0,23.15,50.32,2.65
2018-05-07,23.21,31.48,15.05,0.0,27.65,48.71,3.93
2018-05-08,22.08,28.23,17.78,0.0,16.21,55.28,2.0
2018-05-09,23.47,32.03,13.83,0.82,27.78,49.14,1.84
2018-05-10,23.49,31.85,15.77,8.72,27.93,58.83,4.21
2018-05-11,24.07,29.77,18.9,0.0,24.71,53.93,3.55
2018-05-12,22.41,28.7,16.82,0.02,22.83,62.34,2.6
2018-05-13,23.43,32.43,15.38,4.92,20.93,65.79,1.98
2018-05-14,22.9,29.78,17.46,1.46,21.59,73.36,1.95
2018-05-15,22.0,28.58,15.69,0.08,23.64,63.1,2.23
2018-05-16,23.27,29.66,16.87,0.02,27.95,57.07,1.31
2018-05-17,23.93,30.78,15.79,0.0,28.45,57.33,3.15
2018-05-18,23.29,29.27,17.47,7.31,20.14,63.48,4.69
2018-05-19,20.7,27.01,12.44,11.41,24.1,70.13,2.92
2018-05-20,17.47,25.04,9.94,0.01,15.53,61.13,2.61
2018-05-21,20.5,28.59,11.65,0.0,26.11,63.77,2.32
2018-05-22,24.48,31.69,16.32,0.0,28.73,59.01,4.42
2018-05-23,25.04,30.83,18.62,2.07,21.6,63.1,4.3
2018-05-24,23.93,28.39,19.28,8.55,18.69,71.84,3.86
2018-05-25,25.82,33.59,18.23,3.58,29.39,63.63,2.23
2018-05-26,27.48,36.47,18.7,0.0,29.8,54.07,3.33
2018-05-27,26.47,33.63,19.04,0.0,28.94,56.36,4.4
2018-05-28,25.38,31.1,19.4,11.91,26.04,64.03,3.98
2018-05-29,23.43,28.31,18.83,21.34,16.98,78.41,2.86
2018-05-30,24.07,30.59,16.1,0.17,29.63,62.69,1.87
2018-05-31,25.59,31.95,19.47,1.89,29.37,63.24,1.76
2018-06-01,28.67,35.23,20.21,0.43,28.85,65.48,5.78
2018-06-02,22.9,27.95,17.0,0.06,30.14,52.59,4.75
2018-06-03,23.54,30.91,14.54,0.0,30.64,41.0,1.25
2018-06-04,23.37,29.66,18.52,0.1,23.56,47.94,4.79
2018-06-05,26.65,35.49,17.38,0.03,30.58,60.72,3.35
2018-06-06,27.51,34.79,20.31,1.43,26.31,64.85,3.63
2018-06-07,24.49,28.0,21.55,3.96,18.35,81.62,3.45
2018-06-08,27.24,35.51,20.49,0.01,29.31,62.98,3.81
2018-06-09,29.85,37.59,21.52,0.06,29.39,50.86,5.32
2018-06-10,30.65,37.2,23.15,0.0,26.91,46.06,6.53
2018-06-11,29.43,36.31,22.53,1.23,28.99,47.95,4.24
2018-06-12,27.56,35.07,19.28,1.74,24.89,52.12,1.96
2018-06-13,26.32,30.63,21.89,1.85,15.79,68.69,3.18
2018-06-14,31.02,39.08,22.67,0.04,29.86,46.45,5.91
2018-06-15,31.33,39.06,23.68,0.0,29.35,40.83,7.06
2018-06-16,30.02,35.84,24.43,0.03,22.03,47.23,6.59
2018-06-17,29.91,35.49,24.18,0.39,25.12,49.72,5.86
2018-06-18,29.87,36.3,24.38,1.97,26.28,53.55,5.18
2018-06-19,27.74,33.52,22.58,23.95,25.84,64.46,3.44
2018-06-20,23.83,30.15,18.29,7.49,26.1,68.7,3.33
2018-06-21,22.59,29.23,16.12,0.0,30.2,56.85,4.79
2018-06-22,21.03,26.7,15.53,11.29,27.13,65.54,2.06
2018-06-23,23.86,31.2,15.89,0.43,28.85,68.81,1.89
2018-06-24,24.24,28.91,20.37,9.71,15.11,76.07,2.67
2018-06-25,21.75,27.59,15.27,15.82,27.02,68.44,3.21
2018-06-26,26.2,33.79,16.98,6.65,23.07,69.18,1.49
2018-06-27,29.21,37.37,22.1,0.9,30.08,70.22,2.36
2018-06-28,29.9,37.72,21.7,0.0,30.87,55.44,5.3
2018-06-29,30.32,36.66,24.42,0.04,29.89,53.24,6.62
2018-06-30,26.97,31.86,22.54,5.21,21.89,71.26,4.4
2018-07-01,23.66,29.67,16.03,6.23,29.65,58.21,2.43
2018-07-02,26.03,32.81,17.71,0.67,25.68,69.05,3.56
2018-07-03,29.72,36.89,22.86,0.0,28.01,60.18,4.34
2018-07-04,29.37,36.63,22.5,0.03,29.64,56.99,4.41
2018-07-05,27.39,32.65,22.62,3.9,19.05,68.39,1.69
2018-07-06,25.8,29.2,22.19,5.16,17.95,75.56,1.85
2018-07-07,27.6,33.95,21.19,0.29,28.5,63.56,2.44
2018-07-08,27.71,35.06,20.24,0.0,30.38,53.67,2.92
2018-07-09,28.47,36.22,20.59,0.0,30.07,52.13,2.21
2018-07-10,29.59,36.52,21.59,0.0,28.2,52.86,2.6
2018-07-11,30.65,37.14,23.46,0.0,29.14,51.64,3.7
2018-07-12,31.07,37.56,24.46,0.0,27.74,50.8,4.03
2018-07-13,29.32,36.4,23.37,10.56,21.85,60.78,2.79
2018-07-14,26.59,32.04,22.19,8.03,24.89,72.2,2.44
2018-07-15,28.98,35.15,23.15,3.93,22.67,65.64,2.1
2018-07-16,27.07,31.08,23.76,11.27,23.94,77.97,1.84
2018-07-17,25.61,28.16,23.07,13.26,20.74,85.81,1.69
2018-07-18,27.35,32.55,21.97,1.14,20.66,74.3,1.3
2018-07-19,29.68,36.84,22.42,1.04,25.69,65.12,1.56
2018-07-20,28.4,33.69,22.87,2.23,26.8,65.06,2.66
2018-07-21,28.35,34.75,21.65,0.0,28.23,56.47,2.46
2018-07-22,26.47,32.9,21.48,0.21,25.98,55.86,2.68
2018-07-23,26.93,32.71,21.15,0.26,24.29,54.78,2.19
2018-07-24,26.97,33.85,20.31,0.0,27.26,47.46,1.93
2018-07-25,28.95,37.03,20.99,4.4,23.64,49.98,3.26
2018-07-26,23.83,27.01,20.29,7.45,20.53,71.12,2.07
2018-07-27,25.82,31.77,18.83,1.29,25.63,56.64,1.9
2018-07-28,26.79,33.14,19.86,1.48,24.77,56.77,1.24
2018-07-29,23.72,28.69,19.3,19.88,17.67,69.98,2.87
2018-07-30,20.59,26.04,16.51,17.01,21.07,72.65,2.89
2018-07-31,21.49,27.57,14.68,0.0,27.83,63.49,2.12
2018-08-01,23.71,30.76,16.03,0.0,25.38,57.16,1.98
2018-08-02,25.37,32.77,17.49,0.0,28.03,56.25,3.44
2018-08-03,27.29,34.24,19.96,1.6,26.9,52.73,6.06
2018-08-04,26.92,34.4,20.83,1.34,22.03,55.68,5.18
2018-08-05,29.12,37.03,22.82,0.01,25.1,48.96,5.02
2018-08-06,28.36,35.64,22.44,16.04,16.91,58.55,2.69
2018-08-07,25.11,30.11,21.09,1.88,23.27,67.46,2.21
2018-08-08,25.09,32.16,20.56,0.41,22.61,66.12,2.02
2018-08-09,27.22,34.4,19.28,0.27,26.85,52.84,1.75
2018-08-10,26.11,33.32,19.59,0.04,24.34,52.59,2.36
2018-08-11,25.59,33.72,17.36,0.03,24.95,49.24,1.93
2018-08-12,25.94,31.45,19.28,0.03,23.16,55.05,2.07
2018-08-13,22.85,26.05,20.35,27.86,8.54,82.73,2.11
2018-08-14,22.22,26.44,19.51,7.75,15.07,84.68,2.21
2018-08-15,23.94,29.81,17.69,0.08,25.21,70.13,2.34
2018-08-16,26.03,32.65,19.98,2.27,24.09,71.98,1.84
2018-08-17,24.93,30.56,19.75,0.44,23.76,69.55,2.39
2018-08-18,24.6,29.12,19.86,7.31,15.63,71.37,1.8
2018-08-19,21.7,26.04,17.73,26.33,12.6,81.98,3.67
2018-08-20,20.51,26.45,16.16,2.2,18.99,69.82,4.84
2018-08-21,19.62,25.34,14.61,7.85,15.61,73.59,2.46
2018-08-22,19.49,23.34,16.14,6.94,7.95,81.8,1.98
2018-08-23,24.53,31.47,18.18,2.53,17.4,78.17,3.39
2018-08-24,26.39,32.72,20.07,0.42,23.61,67.38,1.8
2018-08-25,26.87,33.01,20.18,0.19,23.94,71.78,3.28
2018-08-26,28.58,35.12,22.27,0.07,21.1,58.29,6.81
2018-08-27,29.7,36.95,23.99,0.0,24.96,52.96,5.99
2018-08-28,26.24,33.98,16.6,0.0,23.29,56.88,4.77
2018-08-29,21.48,28.6,14.67,0.01,23.63,57.99,3.42
2018-08-30,26.36,35.2,18.91,0.46,19.88,70.26,4.11
2018-08-31,30.04,38.69,22.17,0.63,22.44,54.45,5.46
2018-09-01,27.9,34.31,24.14,4.17,17.89,60.04,4.19
2018-09-02,24.5,28.9,21.41,44.67,13.26,82.56,3.45
2018-09-03,22.98,26.44,20.91,16.23,14.84,89.11,3.54
2018-09-04,23.15,27.32,20.44,14.8,13.6,86.89,2.44
2018-09-05,21.84,26.04,17.86,5.91,9.56,88.46,3.09
2018-09-06,20.33,24.3,17.8,0.68,7.57,85.72,3.41
2018-09-07,20.17,23.52,17.36,2.17,8.89,86.55,2.73
2018-09-08,18.91,23.99,15.22,0.4,9.88,82.84,2.94
2018-09-09,18.4,24.92,12.8,0.0,21.52,69.98,1.62
2018-09-10,18.8,25.65,12.75,0.54,22.27,75.57,2.98
2018-09-11,20.84,28.13,14.42,0.0,23.12,73.81,4.56
2018-09-12,21.76,28.36,15.54,0.0,19.24,76.35,4.98
2018-09-13,24.44,31.13,19.37,0.0,21.21,74.74,5.76
2018-09-14,25.22,31.8,19.76,0.0,22.22,72.84,4.72
2018-09-15,24.89,30.97,19.17,0.01,21.22,73.66,3.04
2018-09-16,25.08,30.88,19.8,0.0,20.3,73.9,3.23
2018-09-17,26.82,33.98,21.02,0.0,21.15,66.12,3.88
2018-09-18,27.35,34.19,21.56,0.0,21.62,62.96,4.06
2018-09-19,27.26,33.7,21.57,0.0,21.52,59.42,5.61
2018-09-20,25.98,34.04,19.64,11.97,20.73,65.27,5.23
2018-09-21,17.44,22.3,10.95,0.25,15.59,63.14,3.96
2018-09-22,15.61,24.06,7.94,0.0,20.24,66.14,1.96
2018-09-23,18.0,26.08,10.45,0.0,20.84,68.95,3.5
2018-09-24,20.62,28.88,13.56,0.0,20.02,70.71,4.39
2018-09-25,16.98,20.71,10.47,0.09,12.51,68.02,4.21
2018-09-26,14.39,21.07,9.99,0.0,20.43,53.08,1.97
2018-09-27,16.68,25.74,8.76,0.07,20.52,56.92,3.06
2018-09-28,11.53,14.88,7.65,0.57,6.13,71.43,4.61
2018-09-29,14.98,23.62,7.25,0.29,5.12,79.56,3.25
2018-09-30,20.15,29.06,12.65,0.34,8.26,74.93,4.07
2018-10-01,18.27,25.42,12.92,0.19,11.85,76.5,1.5
2018-10-02,23.1,30.93,15.68,0.03,17.67,72.29,4.23
2018-10-03,25.35,34.39,13.72,2.02,18.61,60.27,5.62
2018-10-04,10.7,14.04,7.93,3.77,6.71,61.12,3.15
2018-10-05,17.75,30.11,8.49,19.44,8.14,78.26,3.61
2018-10-06,9.5,14.36,6.73,9.22,6.05,75.02,3.85
2018-10-07,11.03,15.88,7.94,44.8,3.23,91.01,2.63
2018-10-08,16.12,20.51,8.6,41.14,2.71,93.52,4.6
2018-10-09,7.31,10.54,3.04,36.04,4.67,89.35,4.58
2018-10-10,6.52,12.92,2.38,0.0,11.04,74.76,4.13
2018-10-11,6.39,12.02,0.36,0.32,8.54,72.74,1.8
2018-10-12,7.51,14.65,3.93,3.38,7.35,81.12,2.48
2018-10-13,9.86,17.4,4.14,0.07,15.2,77.89,3.54
2018-10-14,3.11,7.75,-1.4,10.95,4.41,79.94,5.5
2018-10-15,1.47,8.05,-4.49,0.0,17.62,64.68,2.72
2018-10-16,7.76,17.52,-2.06,0.29,17.79,66.2,2.31
2018-10-17,11.26,19.65,3.84,0.0,17.17,69.18,1.85
2018-10-18,11.6,18.39,5.18,0.1,14.05,71.36,3.25
2018-10-19,13.29,21.72,7.91,0.02,16.43,74.41,3.47
2018-10-20,10.64,18.74,5.34,0.0,14.85,62.62,2.62
2018-10-21,11.76,21.59,4.38,0.0,16.23,70.28,4.29
2018-10-22,12.87,20.56,5.73,0.0,14.9,80.39,1.96
2018-10-23,13.34,20.58,8.59,0.0,15.26,80.65,2.71
2018-10-24,10.93,15.49,8.3,11.0,6.43,84.32,2.22
2018-10-25,8.04,10.3,5.56,6.34,4.01,90.61,1.51
2018-10-26,11.13,19.65,4.59,0.05,13.92,75.15,2.27
2018-10-27,14.24,22.57,6.66,0.02,15.1,65.88,2.72
2018-10-28,12.0,18.9,6.35,0.0,14.68,59.62,2.38
2018-10-29,13.5,21.55,6.32,0.0,12.89,74.8,3.59
2018-10-30,10.67,13.64,7.62,0.0,8.17,69.13,5.08
2018-10-31,9.07,14.27,5.58,0.01,6.83,67.14,2.42
2018-11-01,8.67,15.12,2.81,0.0,14.18,59.16,2.26
2018-11-02,7.76,12.81,3.43,0.01,13.07,60.53,3.65
2018-11-03,7.76,15.15,3.07,0.0,10.66,72.24,4.3
2018-11-04,6.38,11.85,1.28,1.21,12.13,71.58,4.01
2018-11-05,9.48,16.77,4.64,2.08,12.78,71.26,3.92
2018-11-06,5.48,10.58,2.48,1.19,4.4,70.95,1.65
2018-11-07,2.88,6.44,-0.04,0.21,8.88,63.01,2.86
2018-11-08,-0.18,2.23,-3.64,3.86,3.32,86.96,2.27
2018-11-09,-4.04,-0.42,-8.26,0.1,10.84,69.53,3.86
2018-11-10,-0.5,9.96,-8.18,0.0,11.61,67.65,4.51
2018-11-11,-0.29,2.63,-2.41,2.07,2.6,91.22,3.39
2018-11-12,-4.35,-1.91,-8.22,0.7,4.33,68.79,4.64
2018-11-13,-2.05,4.93,-8.28,0.0,13.25,59.29,1.65
2018-11-14,1.17,8.91,-2.58,0.18,12.71,69.47,2.07
2018-11-15,4.13,14.72,-2.55,0.01,12.55,78.85,2.65
2018-11-16,6.21,14.85,-1.03,0.0,12.39,75.2,2.59
2018-11-17,-0.47,4.07,-5.14,0.01,1.87,78.17,6.08
2018-11-18,-2.38,3.11,-5.58,0.0,11.01,72.0,2.79
2018-11-19,1.07,9.09,-3.94,0.0,11.96,80.9,2.88
2018-11-20,3.58,12.8,-2.66,0.0,11.8,77.55,2.57
2018-11-21,4.73,14.75,-2.36,0.0,11.21,75.98,1.73
2018-11-22,7.77,15.96,0.0,0.0,11.42,78.83,4.83
2018-11-23,9.64,17.21,5.05,0.0,11.1,64.85,4.56
2018-11-24,7.72,15.88,1.77,0.14,10.6,69.33,2.65
2018-11-25,-1.93,4.68,-6.98,5.71,2.85,76.94,7.12
2018-11-26,-2.7,3.98,-6.98,0.01,11.69,86.55,2.24
2018-11-27,-2.01,2.98,-5.63,0.1,7.68,85.75,1.96
2018-11-28,3.34,11.26,-3.37,0.0,10.17,78.94,1.72
2018-11-29,5.07,12.88,0.31,0.0,9.86,85.74,2.33
2018-11-30,3.81,5.44,1.41,16.48,2.26,95.85,2.76
2018-12-01,1.33,3.69,-0.35,7.08,3.37,86.15,6.79
2018-12-02,-1.09,1.74,-5.27,0.17,5.65,82.42,4.58
2018-12-03,-4.74,-1.52,-6.31,0.01,2.84,78.63,3.29
2018-12-04,-2.22,3.42,-6.18,0.0,4.93,77.19,2.15
2018-12-05,0.73,7.58,-3.66,0.0,9.41,74.91,2.73
2018-12-06,-1.92,1.09,-3.82,0.0,8.58,77.36,3.88
2018-12-07,-2.44,1.91,-4.54,0.0,7.75,76.97,1.24
2018-12-08,-2.48,2.46,-5.12,0.0,10.39,80.61,1.57
2018-12-09,-0.92,6.73,-6.86,0.0,10.44,78.81,1.56
2018-12-10,-0.8,6.37,-5.37,0.0,10.86,76.78,2.09
2018-12-11,0.09,4.78,-3.3,0.0,5.15,84.16,2.66
2018-12-12,1.35,9.28,-2.44,0.0,10.53,80.84,2.15
2018-12-13,1.15,4.92,-2.68,0.0,5.75,81.97,6.04
2018-12-14,0.92,8.19,-3.82,0.0,11.0,62.63,2.76
2018-12-15,2.5,10.19,-0.56,0.0,10.09,59.91,1.7
2018-12-16,3.15,10.76,-1.65,0.0,9.97,70.15,1.87
2018-12-17,3.34,11.8,-2.1,0.0,9.92,71.12,2.75
2018-12-18,4.71,12.0,-0.59,0.0,5.93,82.11,2.6
2018-12-19,5.46,11.57,1.05,0.0,6.66,77.35,3.72
2018-12-20,3.81,9.88,-1.03,0.0,10.54,64.81,5.57
2018-12-21,2.8,11.07,-3.2,0.0,8.96,70.24,2.28
2018-12-22,2.61,8.11,-1.08,1.24,9.35,76.35,3.16
2018-12-23,0.68,8.29,-4.77,0.02,10.36,73.38,2.32
2018-12-24,1.36,6.8,-1.64,0.01,6.38,88.33,2.98
2018-12-25,2.16,6.62,-1.15,0.45,8.07,91.93,2.13
2018-12-26,7.4,11.76,3.88,34.73,2.2,97.9,2.76
2018-12-27,-1.84,7.1,-5.52,1.08,3.47,77.22,7.0
2018-12-28,-5.39,-2.52,-7.12,0.0,8.66,65.04,5.25
2018-12-29,-4.64,0.13,-8.0,0.0,9.68,67.2,2.3
2018-12-30,-1.58,7.15,-7.3,0.0,10.94,84.37,4.27
2018-12-31,-3.83,0.92,-10.39,0.0,3.74,78.36,5.68
2019-01-01,-10.13,-7.28,-11.86,0.0,3.68,66.3,3.2
2019-01-02,-4.31,2.99,-11.19,0.0,10.99,64.95,2.26
2019-01-03,-0.56,6.7,-6.94,0.0,10.04,62.85,1.38
2019-01-04,2.05,10.97,-3.13,0.0,10.69,76.78,2.33
2019-01-05,3.74,12.51,-0.58,0.0,10.7,82.51,1.73
2019-01-06,6.52,12.08,0.99,0.0,8.19,85.52,4.12
2019-01-07,6.56,13.69,2.63,0.0,10.5,61.11,3.8
2019-01-08,1.75,8.9,-2.45,0.0,11.34,58.02,3.56
2019-01-09,0.13,7.26,-4.17,0.0,9.22,67.14,2.2
2019-01-10,2.05,10.32,-2.75,0.0,10.4,83.47,3.82
2019-01-11,0.48,1.43,-1.24,15.64,1.96,96.46,2.53
2019-01-12,-1.9,0.47,-5.92,2.62,2.91,92.26,4.71
2019-01-13,-3.71,0.02,-6.33,1.98,2.03,91.91,1.64
2019-01-14,-1.55,4.65,-5.54,0.36,3.38,93.44,2.08
2019-01-15,0.6,7.73,-4.5,0.19,9.36,85.82,1.47
2019-01-16,-1.02,2.49,-3.51,0.2,2.69,91.56,2.75
2019-01-17,0.11,6.05,-3.5,0.02,4.82,92.4,2.21
2019-01-18,-0.85,2.04,-7.07,0.78,1.95,90.4,5.46
2019-01-19,-6.8,-3.05,-9.68,0.02,10.62,67.72,5.35
2019-01-20,-1.07,7.74,-6.85,0.0,10.93,81.57,3.14
2019-01-21,0.48,4.92,-2.99,0.0,5.09,91.7,4.98
2019-01-22,-3.8,1.32,-7.08,0.82,2.72,80.09,6.13
2019-01-23,-2.91,5.06,-10.13,0.0,11.43,74.73,2.58
2019-01-24,-3.25,-0.47,-9.77,0.0,7.56,67.87,3.66
2019-01-25,-1.89,6.22,-9.56,0.0,11.89,74.31,3.19
2019-01-26,0.78,6.27,-2.29,0.0,8.79,75.72,2.84
2019-01-27,3.92,12.09,-2.26,0.02,9.39,69.7,3.71
2019-01-28,-0.5,3.55,-6.07,0.01,10.7,66.08,5.32
2019-01-29,-2.41,4.33,-7.94,0.0,13.09,60.3,3.72
2019-01-30,-8.73,-3.11,-14.2,0.0,12.2,61.29,3.49
2019-01-31,-2.73,4.32,-9.19,0.0,12.99,75.65,2.27
2019-02-01,3.13,11.07,-1.38,0.0,13.69,79.04,2.5
2019-02-02,7.43,15.35,2.78,0.0,12.57,92.05,4.19
2019-02-03,9.86,16.92,5.18,0.0,11.46,81.36,4.84
2019-02-04,-1.49,4.58,-6.34,0.0,13.25,71.13,4.84
2019-02-05,-5.89,-5.3,-6.79,0.01,3.29,79.38,2.98
2019-02-06,-7.15,-4.71,-11.09,0.6,3.75,77.65,4.34
2019-02-07,-11.17,-7.38,-14.42,0.08,11.26,56.78,5.79
2019-02-08,-6.94,0.18,-12.52,0.0,14.85,58.67,3.09
2019-02-09,-2.82,4.23,-9.74,0.03,11.82,70.63,6.2
2019-02-10,0.62,6.0,-2.19,0.14,10.42,83.38,3.65
2019-02-11,-0.02,2.78,-3.05,0.52,4.77,94.94,3.69
2019-02-12,1.31,8.4,-4.2,0.0,15.92,61.57,3.28
2019-02-13,2.13,10.63,-2.85,0.0,10.35,77.01,2.71
2019-02-14,2.62,12.51,-4.64,0.0,13.1,65.75,4.37
2019-02-15,-6.33,-4.69,-7.82,1.99,4.38,71.28,3.8
2019-02-16,-4.69,-0.74,-7.42,0.1,4.22,79.98,3.29
2019-02-17,-5.39,-0.21,-9.43,0.0,13.14,71.01,4.83
2019-02-18,-8.28,-4.67,-10.87,0.24,12.23,77.59,2.87
2019-02-19,-4.4,0.51,-8.58,4.29,5.8,86.33,3.03
2019-02-20,-1.83,4.32,-6.96,0.4,16.84,72.84,2.62
2019-02-21,-0.63,4.89,-5.17,0.0,10.12,82.24,3.94
2019-02-22,0.64,3.43,-2.53,0.26,5.87,94.51,2.74
2019-02-23,-1.17,1.46,-5.75,12.33,3.63,87.73,5.37
2019-02-24,-4.02,0.89,-7.84,0.7,15.33,77.96,2.91
2019-02-25,-2.58,9.3,-9.58,1.76,16.6,85.27,3.97
2019-02-26,-8.47,-3.8,-12.37,0.03,9.16,81.13,2.92
2019-02-27,-9.54,-5.77,-11.96,0.0,12.34,76.58,4.73
2019-02-28,-7.16,-2.02,-11.75,0.0,9.52,77.98,1.68
2019-03-01,-1.92,6.4,-8.25,0.0,16.0,79.86,2.8
2019-03-02,-4.65,0.13,-9.15,0.76,12.87,72.71,4.59
2019-03-03,-11.92,-9.58,-15.03,2.44,18.86,70.73,5.1
2019-03-04,-12.06,-5.66,-17.69,0.02,18.04,70.53,2.92
2019-03-05,-7.02,0.42,-14.1,0.0,20.38,65.86,3.06
2019-03-06,-1.04,7.63,-9.52,0.02,15.1,67.4,4.63
2019-03-07,1.37,7.21,-2.63,0.04,16.64,86.95,2.46
2019-03-08,3.7,8.49,-0.08,0.08,8.5,91.01,3.43
2019-03-09,5.78,11.31,-3.42,0.06,17.87,71.6,6.74
2019-03-10,1.58,8.97,-3.6,0.0,18.24,68.41,2.33
2019-03-11,5.19,13.11,-2.78,0.16,14.02,74.02,2.02
2019-03-12,9.45,15.37,4.79,5.77,6.77,94.92,4.9
2019-03-13,11.19,16.46,1.05,16.19,12.47,74.31,8.87
2019-03-14,3.36,6.35,0.18,0.2,5.2,61.22,8.77
2019-03-15,3.28,10.06,-3.07,0.0,22.38,55.84,3.29
2019-03-16,5.24,15.56,-2.49,0.0,21.78,63.64,2.65
2019-03-17,5.09,14.81,-3.48,0.0,20.61,68.43,1.75
2019-03-18,5.71,13.52,-2.01,0.02,19.82,71.99,2.94
2019-03-19,5.8,11.9,0.57,1.68,9.04,82.68,2.88
2019-03-20,6.99,16.32,0.15,0.01,22.63,67.25,3.17
2019-03-21,7.75,17.11,-1.7,0.0,21.01,69.7,1.65
2019-03-22,10.09,16.99,2.87,3.66,14.64,67.41,3.17
2019-03-23,10.77,17.3,5.9,1.78,15.03,75.41,4.32
2019-03-24,8.97,14.91,3.97,0.3,17.39,81.83,3.74
2019-03-25,8.92,14.79,5.14,0.36,14.8,79.76,2.12
2019-03-26,11.08,19.51,3.25,0.0,21.36,74.13,3.8
2019-03-27,14.82,21.5,8.21,0.0,18.7,78.76,5.47
2019-03-28,14.71,21.59,6.82,0.56,9.95,83.8,4.68
2019-03-29,4.53,6.44,0.77,3.42,5.01,88.99,5.07
2019-03-30,2.38,7.68,-3.86,0.68,17.54,66.59,5.06
2019-03-31,3.02,11.23,-4.92,0.0,24.09,57.49,1.29
2019-04-01,7.21,14.61,-0.49,0.67,20.94,62.93,3.51
2019-04-02,6.85,13.06,1.36,0.0,17.67,72.32,3.0
2019-04-03,11.36,16.49,4.27,0.02,11.58,84.02,4.42
2019-04-04,12.83,18.67,8.92,0.02,17.41,79.44,1.9
2019-04-05,15.78,23.11,8.46,0.01,22.48,75.04,5.18
2019-04-06,14.6,19.04,12.2,3.13,11.88,90.87,3.52
2019-04-07,15.6,22.74,9.62,0.09,24.77,64.16,3.62
2019-04-08,17.18,26.99,7.47,0.0,25.67,55.26,2.5
2019-04-09,18.66,27.41,9.75,0.0,18.68,68.13,4.4
2019-04-10,16.38,25.19,3.31,0.22,16.24,71.89,3.94
2019-04-11,2.19,5.15,-0.58,0.08,12.93,53.36,6.87
2019-04-12,4.59,12.49,-3.3,0.0,26.42,53.84,3.21
2019-04-13,5.7,11.67,-0.36,0.0,17.73,55.25,3.7
2019-04-14,9.1,17.84,-1.3,0.0,25.03,57.0,2.93
2019-04-15,14.68,24.98,4.73,0.0,23.78,69.92,3.77
2019-04-16,16.88,24.29,9.63,0.0,22.8,74.11,3.69
2019-04-17,17.49,24.92,11.05,0.82,20.67,69.37,4.28
2019-04-18,11.65,18.03,6.31,0.44,21.62,58.65,4.53
2019-04-19,11.21,18.74,3.55,0.0,27.65,56.55,2.77
2019-04-20,17.24,27.13,6.21,0.0,25.46,54.88,4.7
2019-04-21,20.77,29.78,14.11,4.11,24.21,60.87,5.06
2019-04-22,15.31,21.34,11.2,0.27,20.68,68.83,3.84
2019-04-23,11.9,15.72,8.81,0.5,11.56,64.65,2.21
2019-04-24,14.88,23.63,5.45,0.0,27.69,59.76,1.19
2019-04-25,14.99,21.61,9.42,0.0,19.53,62.23,4.24
2019-04-26,15.84,23.84,6.09,0.0,24.54,55.67,4.69
2019-04-27,14.5,19.85,6.05,0.0,28.18,52.96,5.81
2019-04-28,13.2,20.34,3.3,8.74,24.55,70.61,4.65
2019-04-29,13.46,18.24,8.74,13.71,17.28,60.32,4.67
2019-04-30,8.51,10.98,4.9,14.75,3.54,86.49,3.05
2019-05-01,10.25,15.83,5.08,3.88,8.82,85.89,2.49
2019-05-02,10.58,17.04,5.62,1.12,23.6,72.89,2.65
2019-05-03,12.94,19.46,7.32,4.71,13.68,81.52,1.11
2019-05-04,15.3,22.87,7.67,0.17,24.57,74.51,2.61
2019-05-05,18.53,25.57,11.24,8.23,24.02,79.83,4.04
2019-05-06,19.47,24.63,14.34,10.89,19.59,86.12,3.27
2019-05-07,17.9,20.71,16.02,39.09,3.08,92.79,3.44
2019-05-08,13.47,17.77,6.14,35.34,10.73,85.67,4.02
2019-05-09,7.1,11.9,4.36,1.06,9.41,74.65,4.04
2019-05-10,9.7,15.18,3.75,0.23,16.46,74.87,1.28
2019-05-11,12.99,19.41,7.44,1.62,22.05,76.12,1.64
2019-05-12,13.18,20.99,5.16,0.0,28.79,65.07,2.75
2019-05-13,16.37,24.58,5.88,0.0,29.47,72.95,2.81
2019-05-14,20.71,28.69,12.7,0.01,29.33,72.22,1.47
2019-05-15,22.38,30.05,14.07,0.0,28.0,69.8,3.09
2019-05-16,23.61,31.0,16.6,0.0,28.67,66.62,5.84
2019-05-17,22.6,26.27,18.39,8.53,21.16,80.72,6.91
2019-05-18,17.59,21.29,12.03,22.99,8.93,77.03,1.63
2019-05-19,14.51,20.45,9.41,6.35,28.53,65.5,3.38
2019-05-20,8.35,9.94,6.28,43.11,3.13,87.55,5.88
2019-05-21,12.22,20.28,6.24,25.95,11.63,76.97,5.1
2019-05-22,13.08,21.18,4.33,0.0,29.38,68.34,2.48
2019-05-23,17.14,22.46,9.23,9.4,7.77,79.12,4.92
2019-05-24,18.4,21.67,13.84,12.15,25.91,80.49,2.15
2019-05-25,21.48,25.59,18.08,10.7,16.74,87.34,3.03
2019-05-26,21.69,25.41,19.31,24.46,13.07,90.58,4.25
2019-05-27,23.44,28.83,19.24,7.82,23.8,81.51,4.61
2019-05-28,22.2,28.23,14.14,3.53,23.84,74.96,3.29
2019-05-29,15.33,20.21,10.17,0.08,25.57,72.97,3.77
2019-05-30,18.61,25.67,9.89,0.0,28.26,64.88,3.15
2019-05-31,21.07,27.5,13.83,0.0,24.48,65.32,1.75
2019-06-01,21.89,28.47,14.93,0.01,28.08,71.74,2.46
2019-06-02,21.05,26.4,16.1,0.04,28.64,76.96,3.14
2019-06-03,22.75,26.93,18.87,0.72,27.68,85.83,3.4
2019-06-04,24.04,29.25,20.07,0.33,28.28,76.48,3.0
2019-06-05,22.82,28.9,17.64,2.31,20.63,78.25,1.91
2019-06-06,21.39,25.67,17.94,2.38,17.95,80.71,1.81
2019-06-07,23.0,29.06,16.23,0.01,30.8,74.03,1.79
2019-06-08,23.66,28.6,18.43,0.93,28.82,78.01,3.75
2019-06-09,17.22,21.1,11.2,19.43,11.26,71.86,4.64
2019-06-10,17.41,24.17,9.48,0.0,31.82,60.05,1.8
2019-06-11,19.01,25.14,12.65,2.99,22.78,69.13,3.42
2019-06-12,17.48,23.34,12.02,0.05,27.81,67.16,3.53
2019-06-13,18.45,24.9,10.5,0.01,23.89,63.86,4.25
2019-06-14,21.94,27.37,15.4,7.55,27.99,79.64,4.82
2019-06-15,23.77,29.61,18.81,2.51,28.7,76.34,1.84
2019-06-16,22.66,27.86,17.01,0.56,23.61,69.9,1.78
2019-06-17,23.49,28.55,17.78,0.75,25.44,66.61,1.45
2019-06-18,19.89,22.79,16.26,10.17,12.17,89.0,2.33
2019-06-19,19.43,24.62,15.18,1.07,17.01,82.0,1.71
2019-06-20,24.26,31.11,15.56,0.93,29.18,79.83,3.77
2019-06-21,26.18,31.83,19.74,3.27,28.95,77.54,3.75
2019-06-22,21.28,26.12,16.76,34.34,17.7,86.72,2.12
2019-06-23,19.08,25.68,12.95,6.48,20.8,76.18,3.28
2019-06-24,20.21,27.95,11.26,0.0,31.38,65.06,3.21
2019-06-25,24.31,31.03,16.84,1.11,25.35,73.69,4.25
2019-06-26,25.34,31.23,19.46,0.39,20.98,78.11,3.98
2019-06-27,26.64,32.12,21.61,0.05,29.67,74.4,5.59
2019-06-28,27.58,33.84,21.51,0.01,30.15,73.84,3.93
2019-06-29,27.01,32.41,21.68,0.0,30.69,76.87,3.38
2019-06-30,26.22,31.7,21.39,0.0,30.16,76.13,3.6
2019-07-01,25.18,30.21,20.37,0.0,28.78,75.51,3.84
2019-07-02,25.21,30.07,20.57,2.07,27.01,82.28,2.11
2019-07-03,24.48,28.39,20.81,1.95,20.89,83.77,3.39
2019-07-04,25.96,29.87,22.07,2.79,24.49,81.07,3.97
2019-07-05,26.34,30.96,22.7,8.17,22.7,83.79,3.28
2019-07-06,24.6,28.27,21.42,4.31,22.61,82.57,2.04
2019-07-07,25.46,30.53,20.45,0.07,25.66,75.47,1.48
2019-07-08,25.1,28.99,21.46,6.94,24.76,85.03,3.45
2019-07-09,26.74,31.88,22.11,1.93,28.98,79.79,1.64
2019-07-10,24.65,28.9,18.76,0.89,29.08,75.07,2.72
2019-07-11,23.6,29.94,16.93,0.0,26.49,66.82,1.59
2019-07-12,24.78,31.75,17.84,0.0,29.85,68.21,2.39
2019-07-13,25.12,31.27,18.39,0.0,29.95,72.47,2.31
2019-07-14,26.46,32.49,19.4,0.0,29.26,72.71,2.33
2019-07-15,27.0,32.51,21.96,0.0,28.89,73.38,2.37
2019-07-16,27.6,33.71,20.73,0.06,27.23,74.86,3.79
2019-07-17,29.68,37.04,23.43,0.84,29.0,63.93,5.36
2019-07-18,29.56,36.77,23.17,0.77,28.29,64.01,5.17
2019-07-19,29.67,36.86,23.24,0.0,29.22,62.8,5.33
2019-07-20,29.79,37.26,22.8,0.02,29.05,59.48,4.92
2019-07-21,26.12,31.45,20.71,0.36,20.27,72.17,2.87
2019-07-22,23.03,28.65,17.07,0.03,28.43,64.1,3.9
2019-07-23,21.48,28.2,14.24,0.0,29.91,60.06,2.07
2019-07-24,22.88,29.98,14.82,0.0,28.85,60.93,2.84
2019-07-25,24.54,32.07,17.68,0.04,24.13,57.78,4.85
2019-07-26,25.18,32.29,19.8,0.0,23.17,57.46,4.56
2019-07-27,26.21,33.27,20.13,0.0,25.83,58.83,4.33
2019-07-28,27.81,34.25,20.68,2.1,22.09,57.31,3.86
2019-07-29,25.67,32.32,19.85,0.23,27.99,58.73,3.22
2019-07-30,25.84,32.53,19.1,0.0,27.46,60.07,3.62
2019-07-31,28.72,36.87,21.03,1.85,26.72,61.14,4.9
2019-08-01,26.55,31.18,22.68,5.1,14.26,73.66,4.14
2019-08-02,25.85,30.63,22.06,1.11,12.4,79.44,3.08
2019-08-03,26.46,32.1,21.62,0.35,19.75,73.68,1.87
2019-08-04,26.91,33.02,20.76,0.0,26.45,70.22,1.79
2019-08-05,27.68,34.1,21.03,0.1,16.42,66.22,2.13
2019-08-06,28.66,34.93,22.99,0.52,25.41,64.36,1.78
2019-08-07,27.13,31.4,23.04,9.12,25.84,72.71,3.63
2019-08-08,25.04,29.33,22.16,10.09,17.54,82.82,1.74
2019-08-09,23.45,26.33,21.11,2.91,16.92,84.95,1.84
2019-08-10,25.83,30.38,21.91,4.18,12.47,83.63,2.53
2019-08-11,28.43,34.74,22.94,8.83,25.15,73.47,2.37
2019-08-12,27.38,33.45,22.5,1.59,21.65,71.4,2.63
2019-08-13,25.84,31.67,21.28,7.38,25.98,72.97,2.12
2019-08-14,22.61,27.88,18.8,5.07,24.56,75.08,2.22
2019-08-15,26.33,35.29,18.38,0.66,26.03,71.97,2.9
2019-08-16,25.75,30.95,20.48,6.28,20.18,81.14,1.51
2019-08-17,26.98,33.49,22.06,19.93,24.74,76.96,3.66
2019-08-18,25.95,30.77,21.93,3.6,25.13,76.45,1.86
2019-08-19,28.19,34.46,22.09,0.0,24.35,76.38,3.02
2019-08-20,28.86,34.84,24.46,1.53,23.5,67.2,2.99
2019-08-21,27.01,32.02,21.91,3.05,10.75,69.79,3.24
2019-08-22,22.62,25.33,20.29,9.33,11.89,88.42,2.16
2019-08-23,22.1,24.39,19.72,6.84,10.81,88.96,3.18
2019-08-24,23.18,27.35,20.32,30.5,12.1,87.03,3.61
2019-08-25,24.7,28.9,21.8,26.86,16.82,86.44,2.37
2019-08-26,23.19,29.31,17.88,1.54,18.53,81.72,3.39
2019-08-27,20.2,25.25,15.65,0.44,13.35,72.36,2.29
2019-08-28,21.3,28.24,14.5,0.13,24.93,71.31,2.66
2019-08-29,26.04,32.33,19.67,13.03,23.73,80.44,3.51
2019-08-30,23.95,28.33,19.6,4.21,20.4,83.86,3.16
2019-08-31,21.42,26.82,17.16,1.09,13.89,81.12,2.59
2019-09-01,23.29,29.58,17.3,1.07,20.63,81.96,2.42
2019-09-02,26.12,33.15,20.21,0.0,23.99,76.19,4.81
2019-09-03,27.18,34.93,21.67,0.0,23.9,67.94,3.34
2019-09-04,24.73,31.35,18.6,0.0,22.16,68.8,3.46
2019-09-05,26.1,34.72,19.65,0.0,23.67,62.45,4.07
2019-09-06,23.83,30.19,18.86,0.0,21.59,68.36,3.14
2019-09-07,24.79,33.87,17.37,2.2,20.58,75.94,2.44
2019-09-08,23.37,26.7,21.3,2.07,12.48,85.0,2.04
2019-09-09,24.56,29.6,20.65,1.55,11.26,72.77,4.71
2019-09-10,25.78,31.63,21.21,0.69,16.55,70.39,5.2
2019-09-11,26.51,32.36,21.61,0.06,22.01,64.36,6.21
2019-09-12,23.25,28.06,16.74,0.11,20.16,56.92,3.29
2019-09-13,20.92,28.38,13.22,0.0,22.43,60.5,2.42
2019-09-14,25.57,33.78,18.48,0.23,21.72,68.57,4.85
2019-09-15,26.95,34.89,20.77,0.01,21.35,60.2,3.97
2019-09-16,26.99,33.65,22.2,0.0,18.18,61.77,4.92
2019-09-17,26.52,32.84,21.38,0.0,20.09,64.15,6.08
2019-09-18,26.21,32.34,22.08,0.05,20.75,65.54,4.83
2019-09-19,25.72,32.38,20.35,0.04,20.83,69.64,4.07
2019-09-20,24.68,29.68,20.38,0.01,15.32,73.46,4.29
2019-09-21,26.08,33.17,21.43,6.33,17.44,74.0,4.46
2019-09-22,20.75,25.15,15.36,3.03,19.61,68.9,2.83
2019-09-23,21.16,29.0,13.35,0.0,19.95,66.01,2.92
2019-09-24,24.47,31.23,20.37,7.99,15.15,81.1,3.28
2019-09-25,21.36,27.29,15.46,0.38,16.2,66.8,3.9
2019-09-26,19.44,25.7,12.56,0.0,8.21,71.35,3.71
2019-09-27,21.69,27.85,14.57,0.67,17.26,69.69,4.13
2019-09-28,16.2,20.04,12.3,4.0,5.57,83.09,3.46
2019-09-29,25.28,30.78,20.22,0.2,17.78,77.35,6.54
2019-09-30,26.46,31.01,23.18,0.19,15.52,67.54,6.74
2019-10-01,21.88,26.1,13.81,15.42,5.83,85.78,4.67
2019-10-02,15.69,22.18,9.48,2.73,5.07,74.31,3.28
2019-10-03,12.54,18.87,7.05,0.35,12.46,69.1,3.09
2019-10-04,14.46,19.32,10.22,13.53,3.65,85.52,4.02
2019-10-05,16.49,21.03,9.61,3.51,18.5,67.93,3.88
2019-10-06,12.91,19.24,6.79,0.02,14.03,61.46,2.7
2019-10-07,13.2,21.33,6.05,0.0,19.66,58.57,2.66
2019-10-08,15.33,23.37,7.86,0.01,17.64,59.49,5.62
2019-10-09,18.19,25.11,11.29,0.82,16.66,74.84,6.05
2019-10-10,8.89,18.32,1.22,0.15,5.52,63.91,6.9
2019-10-11,3.51,10.59,-2.4,0.0,18.67,45.8,4.37
2019-10-12,9.31,19.76,-0.13,0.0,18.95,45.61,2.92
2019-10-13,9.94,18.59,2.62,0.0,18.08,56.67,1.92
2019-10-14,14.44,24.36,5.85,0.0,17.54,72.7,2.69
2019-10-15,11.07,17.28,4.27,0.0,17.4,58.35,4.75
2019-10-16,8.95,17.2,1.41,0.0,16.83,63.59,2.16
2019-10-17,13.88,24.18,4.82,0.0,17.25,61.44,4.1
2019-10-18,17.35,26.29,10.79,1.44,16.41,59.37,6.48
2019-10-19,13.46,20.78,7.67,0.01,17.16,61.19,3.18
2019-10-20,11.87,17.6,8.55,0.27,6.6,58.8,4.61
2019-10-21,10.04,15.25,4.54,0.0,15.98,41.06,7.16
2019-10-22,10.51,18.69,3.64,0.0,15.61,48.55,3.57
2019-10-23,11.5,17.92,5.69,0.0,12.31,54.08,4.44
2019-10-24,4.32,7.57,1.41,0.01,9.11,57.87,4.01
2019-10-25,5.32,13.68,-1.54,0.0,16.52,55.79,1.63
2019-10-26,8.26,19.02,-0.62,0.0,16.08,55.36,2.85
2019-10-27,4.34,8.69,-1.29,0.0,5.1,65.54,5.18
2019-10-28,-1.02,4.31,-4.91,0.2,5.89,63.13,2.99
2019-10-29,-0.52,5.12,-5.38,0.0,5.64,71.9,2.47
2019-10-30,-3.02,-0.62,-5.88,0.16,6.19,68.75,5.17
2019-10-31,0.05,8.3,-6.35,0.0,15.4,48.88,2.84
2019-11-01,3.01,11.57,-3.23,0.0,14.5,63.67,3.37
2019-11-02,3.42,11.94,-4.36,0.0,14.35,62.56,2.6
2019-11-03,7.81,15.95,-0.96,0.0,14.4,56.12,2.11
2019-11-04,6.75,11.94,1.03,0.0,10.64,73.46,3.56
2019-11-05,6.35,14.71,0.54,0.0,13.79,76.55,1.82
2019-11-06,7.08,17.79,-0.58,0.0,10.85,73.78,4.14
2019-11-07,-1.17,4.31,-5.71,0.0,13.6,51.22,3.38
2019-11-08,3.81,12.85,-4.19,0.0,11.83,59.4,3.31
2019-11-09,11.49,23.37,3.51,0.0,13.38,56.58,2.51
2019-11-10,8.52,17.92,-0.19,0.0,12.59,70.59,4.41
2019-11-11,-5.41,-1.14,-8.33,0.01,9.55,56.6,6.62
2019-11-12,-3.62,4.07,-8.65,0.0,13.33,48.63,3.93
2019-11-13,0.47,8.85,-3.72,0.0,11.45,66.29,3.0
2019-11-14,2.9,10.79,-1.88,0.0,12.97,73.86,2.47
2019-11-15,6.59,16.16,-0.3,0.0,12.25,64.45,4.14
2019-11-16,8.21,17.52,1.38,0.0,9.97,69.69,4.32
2019-11-17,8.22,14.19,3.74,0.0,12.25,63.77,3.38
2019-11-18,11.17,20.39,5.6,0.0,12.02,55.63,3.81
2019-11-19,10.23,18.65,3.45,0.0,11.73,66.38,3.14
2019-11-20,12.01,20.59,5.61,0.92,4.72,89.11,5.8
2019-11-21,3.1,6.7,-0.21,0.63,6.1,68.11,4.66
2019-11-22,-1.03,1.73,-4.17,1.14,2.87,75.47,2.35
2019-11-23,1.83,10.52,-4.45,0.0,11.91,74.25,2.62
2019-11-24,6.7,17.65,-0.32,0.46,11.85,61.52,2.22
2019-11-25,6.3,12.74,1.58,0.0,10.64,64.13,3.61
2019-11-26,2.33,9.56,-2.01,0.18,6.05,79.54,5.41
2019-11-27,-0.16,5.07,-4.38,0.0,11.21,65.33,2.99
2019-11-28,0.2,2.77,-1.11,4.69,3.03,86.46,3.67
2019-11-29,2.7,4.53,0.45,1.08,3.33,95.71,3.93
2019-11-30,3.65,8.87,0.31,0.04,10.07,60.52,7.89
2019-12-01,0.56,4.68,-3.33,0.0,9.91,62.51,6.89
2019-12-02,1.37,9.94,-4.32,0.0,10.95,69.6,2.25
2019-12-03,5.03,14.91,-0.74,0.0,10.81,71.18,2.61
2019-12-04,5.5,13.06,-0.13,0.0,8.38,71.63,1.63
2019-12-05,5.81,12.74,0.65,0.0,9.74,78.8,2.56
2019-12-06,1.71,6.48,-1.72,0.0,10.22,68.11,2.76
2019-12-07,4.1,13.3,-2.28,0.0,10.35,70.7,3.92
2019-12-08,4.87,10.34,1.48,0.0,5.18,84.35,1.43
2019-12-09,-1.95,2.88,-5.23,0.0,10.55,65.29,4.65
2019-12-10,-2.31,2.31,-4.54,0.0,8.21,68.01,2.34
2019-12-11,1.9,9.34,-3.17,0.0,10.22,70.88,3.82
2019-12-12,4.04,10.65,0.35,0.0,8.0,79.91,2.11
2019-12-13,4.06,12.39,-1.63,0.0,9.6,74.92,2.37
2019-12-14,-1.22,2.37,-4.75,0.1,4.16,82.97,2.66
2019-12-15,-3.41,0.01,-4.72,3.26,2.77,85.14,2.74
2019-12-16,-3.6,-0.67,-4.81,0.58,5.43,84.82,2.62
2019-12-17,-1.89,4.7,-5.59,0.0,10.43,63.34,2.9
2019-12-18,0.53,8.69,-4.02,0.53,10.06,60.97,2.79
2019-12-19,0.89,8.58,-3.84,0.0,8.7,59.96,3.86
2019-12-20,1.57,7.53,-2.74,0.0,10.22,65.11,1.81
2019-12-21,1.95,10.82,-2.08,0.0,10.54,65.93,2.3
2019-12-22,2.19,11.56,-2.66,0.0,10.11,75.1,3.08
2019-12-23,3.29,13.67,-3.04,0.0,8.16,80.86,2.76
2019-12-24,6.13,15.26,-0.82,0.0,6.89,72.07,3.34
2019-12-25,7.75,16.93,2.2,0.0,9.41,73.2,2.87
2019-12-26,-0.04,4.56,-2.47,0.0,5.87,84.66,2.61
2019-12-27,1.52,5.96,-2.76,8.47,5.24,87.72,2.48
2019-12-28,6.19,11.59,1.7,22.78,2.49,92.91,2.55
2019-12-29,-0.6,1.94,-2.89,5.38,4.29,75.27,6.58
2019-12-30,-1.5,2.85,-4.96,0.0,10.4,67.55,5.92
2019-12-31,-0.93,6.73,-5.54,0.14,10.86,59.75,3.0
2020-01-01,0.78,8.02,-4.91,0.0,10.82,71.74,2.65
2020-01-02,2.41,7.59,-1.32,0.0,9.41,86.05,2.65
2020-01-03,1.08,8.14,-2.62,0.0,10.34,74.85,3.12
2020-01-04,2.26,9.65,-3.59,0.0,10.35,64.18,3.31
2020-01-05,3.57,9.59,-1.47,0.0,10.98,65.5,3.67
2020-01-06,1.31,9.86,-3.13,0.0,10.82,70.36,2.59
2020-01-07,3.53,13.08,-2.98,0.0,10.98,53.3,2.18
2020-01-08,5.49,12.06,-2.68,0.0,8.97,60.24,5.64
2020-01-09,6.0,12.2,0.88,0.0,9.82,67.79,3.07
2020-01-10,-3.02,1.45,-8.02,2.12,1.92,82.24,6.28
2020-01-11,-5.45,-0.6,-9.52,0.11,11.59,56.45,3.62
2020-01-12,-2.56,1.74,-5.84,0.03,3.31,77.77,3.23
2020-01-13,1.19,5.78,-3.33,0.35,7.72,75.5,2.52
2020-01-14,0.58,7.7,-5.24,0.07,6.25,84.69,2.33
2020-01-15,-1.12,3.36,-6.52,0.01,8.86,71.78,4.8
2020-01-16,-6.32,-3.7,-9.31,1.72,6.15,66.84,3.24
2020-01-17,0.12,3.48,-3.67,5.92,3.2,93.52,5.55
2020-01-18,-0.36,3.8,-3.27,0.01,10.79,57.84,4.35
2020-01-19,-4.32,0.37,-8.38,0.0,11.9,70.73,2.08
2020-01-20,-5.76,1.06,-9.64,0.0,11.3,77.71,2.16
2020-01-21,-3.5,1.72,-10.69,3.84,7.33,82.56,4.97
2020-01-22,1.45,5.58,-0.51,8.16,4.19,94.65,3.89
2020-01-23,0.5,4.08,-2.85,4.17,4.57,90.37,4.72
2020-01-24,-1.93,3.06,-5.03,0.02,8.51,83.39,2.95
2020-01-25,0.15,4.11,-4.04,0.01,7.26,85.85,1.2
2020-01-26,4.07,10.97,-0.63,0.0,12.09,73.94,1.7
2020-01-27,1.15,6.4,-2.29,0.08,9.9,83.6,2.96
2020-01-28,-1.2,0.49,-2.91,3.0,3.45,92.53,2.46
2020-01-29,-0.2,4.95,-3.08,1.7,8.4,88.12,1.7
2020-01-30,0.58,7.33,-2.72,0.6,9.08,83.98,3.17
2020-01-31,1.36,7.07,-2.11,0.0,13.88,64.53,3.36
2020-02-01,5.23,15.6,-2.06,0.0,12.2,66.04,3.07
2020-02-02,9.96,21.63,1.83,0.0,13.42,62.18,3.41
2020-02-03,1.01,7.66,-4.36,0.0,3.77,79.34,4.74
2020-02-04,-3.92,-2.0,-5.05,0.0,4.77,65.39,5.51
2020-02-05,-3.45,-0.98,-4.92,0.01,8.63,70.67,3.12
2020-02-06,-0.25,6.02,-6.26,0.0,14.15,61.93,1.96
2020-02-07,0.4,5.45,-3.0,0.0,11.77,73.85,2.96
2020-02-08,2.84,10.62,-3.29,0.0,14.19,69.6,4.16
2020-02-09,0.96,5.51,-4.11,0.0,12.2,75.45,4.99
2020-02-10,0.22,4.37,-3.64,0.0,10.35,66.59,1.28
2020-02-11,1.28,6.64,-2.41,0.0,13.83,60.5,2.29
2020-02-12,-0.39,6.2,-9.18,3.44,3.49,71.09,4.59
2020-02-13,-8.79,-5.94,-11.63,0.03,9.46,48.88,3.24
2020-02-14,-3.6,3.75,-10.72,0.0,9.02,65.74,5.2
2020-02-15,2.31,9.44,-2.92,1.0,15.1,65.4,2.84
2020-02-16,3.41,10.72,-0.89,0.0,11.87,74.21,1.69
2020-02-17,5.7,14.56,-0.02,0.01,11.9,73.03,3.55
2020-02-18,0.75,6.79,-2.86,0.01,16.28,64.98,2.44
2020-02-19,-0.82,3.6,-5.3,0.78,5.98,75.74,2.69
2020-02-20,-4.09,0.4,-6.15,0.26,13.71,61.95,3.14
2020-02-21,0.44,9.57,-5.89,0.0,17.3,62.25,4.38
2020-02-22,4.27,12.73,-2.28,0.01,14.88,78.88,2.81
2020-02-23,6.52,12.0,2.35,27.61,4.15,91.31,3.21
2020-02-24,5.66,11.48,0.98,6.37,15.09,77.54,4.07
2020-02-25,0.31,3.04,-2.26,1.52,4.63,80.59,5.71
2020-02-26,-1.9,2.72,-5.5,0.06,18.25,64.71,3.75
2020-02-27,1.66,10.82,-3.07,0.06,14.75,68.85,3.6
2020-02-28,5.48,14.69,-2.78,0.0,18.34,57.56,3.43
2020-02-29,8.68,20.74,-0.71,0.0,18.1,56.55,4.46
2020-03-01,7.9,16.51,2.55,0.0,15.45,65.6,3.14
2020-03-02,4.52,11.52,-1.73,0.0,17.57,68.18,2.52
2020-03-03,7.36,16.02,-1.46,0.0,19.49,54.61,2.7
2020-03-04,8.26,16.35,0.5,0.0,15.37,51.81,3.0
2020-03-05,6.2,13.15,-0.57,0.0,19.23,49.89,4.51
2020-03-06,6.96,16.52,-1.89,0.0,19.79,53.07,4.04
2020-03-07,11.2,19.74,4.22,0.0,18.62,52.73,7.28
2020-03-08,11.92,20.02,5.92,3.43,14.19,75.21,7.54
2020-03-09,7.63,11.65,1.13,1.18,8.15,82.44,4.11
2020-03-10,8.43,17.77,0.05,2.52,15.59,73.14,2.67
2020-03-11,12.17,21.2,3.95,1.85,19.43,71.7,2.36
2020-03-12,10.54,16.27,4.11,0.05,16.9,65.32,4.85
2020-03-13,4.66,9.36,1.36,4.38,6.65,63.87,4.3
2020-03-14,2.44,6.47,0.02,2.71,5.91,83.78,3.48
2020-03-15,3.08,7.51,-1.24,0.76,6.42,81.06,2.63
2020-03-16,4.81,7.4,2.92,0.5,8.74,90.3,2.37
2020-03-17,5.95,9.6,1.31,0.58,6.01,87.19,3.51
2020-03-18,12.57,18.74,7.73,0.24,9.63,85.45,2.48
2020-03-19,15.41,22.49,-0.17,1.33,21.15,63.34,6.64
2020-03-20,-0.39,5.55,-4.58,0.01,22.56,48.63,5.13
2020-03-21,1.87,8.58,-5.81,0.38,17.84,61.53,3.11
2020-03-22,5.5,12.45,0.68,3.96,5.56,86.54,2.34
2020-03-23,9.53,16.69,4.17,1.49,15.78,85.33,2.1
2020-03-24,12.36,20.05,7.52,2.14,14.26,76.19,2.1
2020-03-25,15.76,26.14,8.55,0.08,22.14,67.35,3.58
2020-03-26,9.93,13.42,6.51,0.02,8.28,84.19,2.47
2020-03-27,9.58,13.29,6.48,0.04,7.02,86.17,2.22
2020-03-28,8.01,12.71,4.41,0.12,13.33,71.41,5.44
2020-03-29,10.32,19.61,1.9,0.0,22.97,51.7,3.22
2020-03-30,11.1,20.74,4.45,0.94,18.35,67.77,4.02
2020-03-31,12.67,20.32,6.31,0.17,23.2,70.05,2.71
2020-04-01,14.14,19.49,8.02,0.0,18.25,68.73,6.6
2020-04-02,8.54,18.4,-2.64,0.11,7.06,72.79,5.62
2020-04-03,0.59,7.87,-4.81,0.03,24.0,53.36,4.95
2020-04-04,2.04,11.12,-5.14,0.0,23.06,65.1,1.84
2020-04-05,8.56,17.15,-1.5,0.0,13.46,78.38,3.92
2020-04-06,17.18,25.81,10.94,0.0,23.8,66.86,5.0
2020-04-07,18.23,27.51,10.03,0.0,25.49,61.3,2.87
2020-04-08,16.66,24.61,7.44,0.0,25.92,52.61,4.0
2020-04-09,9.78,17.35,1.72,0.0,21.76,46.76,3.56
2020-04-10,8.7,19.28,-1.24,0.0,21.35,53.13,4.08
2020-04-11,17.38,26.5,9.05,0.0,24.76,61.1,3.74
2020-04-12,5.1,14.25,-2.24,0.08,7.73,66.06,6.79
2020-04-13,1.87,7.25,-3.52,0.0,20.12,46.29,2.87
2020-04-14,5.03,10.92,-1.41,0.0,21.83,40.28,2.95
2020-04-15,7.32,16.62,-2.55,0.0,25.63,52.49,2.24
2020-04-16,8.24,20.81,0.14,2.23,14.34,68.65,4.69
2020-04-17,4.87,12.2,-1.23,1.98,24.84,56.32,3.38
2020-04-18,10.86,21.23,0.05,0.48,25.79,59.22,4.46
2020-04-19,13.59,20.67,7.1,1.79,23.76,71.12,2.13
2020-04-20,15.21,22.73,7.96,0.24,25.95,58.41,3.0
2020-04-21,15.63,24.46,6.94,1.97,24.7,55.88,2.06
2020-04-22,13.85,20.31,10.38,10.71,5.61,80.28,2.48
2020-04-23,17.78,26.55,8.39,0.13,24.52,60.95,2.03
2020-04-24,12.25,15.98,8.62,2.19,9.47,77.31,4.58
2020-04-25,13.31,20.88,5.81,0.01,24.66,57.77,3.25
2020-04-26,16.61,24.22,7.63,0.04,23.16,54.19,3.92
2020-04-27,20.13,27.75,13.48,0.02,27.22,58.92,2.91
2020-04-28,18.13,26.17,10.87,0.46,18.58,53.8,4.79
2020-04-29,14.72,21.41,10.06,0.0,27.93,47.75,4.96
2020-04-30,17.76,26.54,8.69,0.0,27.98,49.96,3.28
2020-05-01,20.22,29.43,11.48,0.0,23.49,60.75,2.43
2020-05-02,19.63,26.29,14.4,1.08,18.06,64.06,4.57
2020-05-03,19.07,26.19,11.88,0.07,27.56,60.34,3.65
2020-05-04,17.05,24.04,9.58,5.14,16.83,70.15,4.23
2020-05-05,15.18,23.69,6.44,0.0,29.0,48.65,3.16
2020-05-06,13.93,21.33,6.25,0.0,29.39,51.94,2.71
2020-05-07,15.09,21.71,7.61,5.92,11.59,71.23,4.5
2020-05-08,10.71,17.16,5.82,0.31,29.11,52.66,4.31
2020-05-09,13.09,20.67,5.84,0.01,18.69,48.53,2.23
2020-05-10,9.27,16.63,2.58,0.0,25.53,48.6,3.45
2020-05-11,4.99,7.69,1.36,20.22,4.54,82.1,3.17
2020-05-12,6.32,9.72,1.49,0.98,6.21,88.7,2.95
2020-05-13,15.58,24.76,6.73,1.02,9.59,85.35,4.75
2020-05-14,20.65,26.5,15.31,2.15,24.48,76.08,2.7
2020-05-15,16.69,21.58,12.56,3.93,25.19,84.99,4.58
2020-05-16,17.7,24.03,12.53,0.12,17.87,76.98,1.9
2020-05-17,16.05,23.1,9.95,0.0,30.44,61.65,4.06
2020-05-18,16.37,24.15,7.94,0.0,28.79,65.77,2.03
2020-05-19,17.18,24.89,9.58,0.0,29.48,71.35,2.62
2020-05-20,18.2,25.33,11.63,0.02,28.66,71.04,4.21
2020-05-21,18.16,21.46,14.48,17.21,10.89,90.49,3.7
2020-05-22,17.92,22.7,13.86,4.62,22.08,82.94,1.99
2020-05-23,21.91,31.21,12.42,0.01,23.71,70.73,4.76
2020-05-24,22.72,27.28,18.99,26.85,19.72,80.68,4.26
2020-05-25,14.05,17.1,11.96,9.28,7.55,83.8,4.71
2020-05-26,16.72,21.87,11.01,0.7,23.51,67.85,3.3
2020-05-27,18.36,24.06,12.35,0.23,24.27,70.37,2.1
2020-05-28,20.46,26.86,15.34,0.44,24.74,70.07,3.43
2020-05-29,20.01,26.77,12.36,0.0,29.82,58.44,2.04
2020-05-30,22.44,29.55,15.08,0.01,27.35,60.24,5.37
2020-05-31,23.34,31.04,15.94,0.29,28.74,59.34,5.6
2020-06-01,24.75,32.67,16.83,0.0,28.38,59.87,5.73
2020-06-02,26.07,33.69,19.16,0.0,24.29,61.48,4.63
2020-06-03,26.07,32.16,18.99,0.22,28.96,66.23,1.31
2020-06-04,28.13,36.35,20.94,0.58,29.75,59.34,2.53
2020-06-05,29.12,38.29,19.68,0.0,30.19,50.68,3.12
2020-06-06,30.21,37.83,22.86,0.01,28.17,52.09,5.17
2020-06-07,28.83,35.2,22.91,0.01,29.31,54.92,6.96
2020-06-08,28.47,36.02,21.92,0.0,30.52,58.0,6.36
2020-06-09,22.62,32.92,12.65,16.7,26.3,65.49,6.28
2020-06-10,19.83,26.62,12.86,0.28,32.11,45.67,5.12
2020-06-11,24.47,34.08,14.25,0.01,28.71,41.49,3.99
2020-06-12,26.4,34.34,18.43,0.0,30.29,45.08,2.85
2020-06-13,28.31,37.74,19.03,0.0,29.72,37.46,4.99
2020-06-14,28.5,36.86,20.87,0.0,26.55,38.52,6.26
2020-06-15,27.74,35.14,20.75,0.0,30.42,42.7,5.73
2020-06-16,28.42,35.33,21.22,0.0,28.45,47.65,5.9
2020-06-17,28.92,36.23,21.66,0.0,30.1,47.1,6.87
2020-06-18,28.63,36.75,21.46,8.83,27.11,52.31,5.1
2020-06-19,19.33,22.07,16.23,27.48,7.08,82.77,2.81
2020-06-20,23.6,29.52,18.24,2.6,27.27,74.34,2.17
2020-06-21,24.47,29.9,19.57,32.12,16.44,76.04,3.36
2020-06-22,23.74,29.78,18.86,2.37,29.14,72.64,2.68
2020-06-23,22.69,28.68,15.77,0.03,29.82,64.89,2.22
2020-06-24,24.16,30.82,19.01,0.5,22.45,67.11,2.92
2020-06-25,27.04,34.44,20.38,0.07,27.89,58.03,5.47
2020-06-26,27.58,33.94,22.27,6.25,27.85,66.85,4.07
2020-06-27,27.32,33.74,21.68,3.64,27.33,69.48,3.01
2020-06-28,28.03,35.17,22.39,0.27,22.27,64.82,6.05
2020-06-29,28.59,35.87,21.14,0.0,29.3,64.23,6.11
2020-06-30,30.24,38.41,23.33,0.0,30.5,56.56,3.7
2020-07-01,28.05,34.33,21.54,0.04,23.16,67.9,2.96
2020-07-02,28.38,33.64,23.37,14.89,27.88,76.38,2.9
2020-07-03,26.24,32.07,20.82,0.98,26.49,68.91,1.63
2020-07-04,26.18,32.09,19.62,0.01,29.34,70.6,2.17
2020-07-05,26.58,31.85,20.59,0.29,24.87,69.15,1.46
2020-07-06,27.66,33.37,21.97,0.83,24.16,65.89,2.11
2020-07-07,28.67,35.41,21.43,0.01,29.45,57.95,3.21
2020-07-08,29.43,36.58,22.49,2.41,29.35,55.72,4.71
2020-07-09,27.12,32.31,22.72,7.96,23.01,74.08,3.46
2020-07-10,27.19,32.84,21.52,5.1,27.43,71.14,3.73
2020-07-11,27.97,35.06,21.57,0.06,25.54,67.52,2.97
2020-07-12,27.08,35.12,19.38,0.02,29.44,51.62,2.33
2020-07-13,28.44,36.29,21.16,2.31,28.5,61.77,4.49
2020-07-14,25.98,31.46,21.31,30.8,21.45,82.22,2.71
2020-07-15,23.34,26.56,20.81,10.08,19.62,80.98,2.88
2020-07-16,24.53,29.33,19.82,0.9,22.4,81.2,2.82
2020-07-17,28.55,34.84,21.9,0.09,20.24,66.05,3.52
2020-07-18,30.26,37.83,24.1,1.34,28.48,55.6,4.74
2020-07-19,27.29,32.58,22.25,12.59,27.54,70.2,2.19
2020-07-20,26.99,32.21,22.74,17.51,21.72,72.19,2.97
2020-07-21,25.63,30.91,21.56,2.44,27.75,74.3,2.08
2020-07-22,26.9,32.67,20.26,0.0,27.68,69.56,2.58
2020-07-23,27.6,33.06,22.44,0.09,24.95,68.84,3.83
2020-07-24,27.75,32.27,23.01,0.06,24.78,70.53,4.18
2020-07-25,28.7,35.17,22.71,0.01,27.05,63.29,4.36
2020-07-26,27.64,32.47,23.79,11.96,27.11,70.55,3.04
2020-07-27,24.52,27.92,22.13,23.94,12.53,85.85,2.39
2020-07-28,25.1,29.78,20.94,0.81,19.15,80.07,1.87
2020-07-29,26.48,30.56,21.41,19.03,24.39,75.41,1.03
2020-07-30,22.03,25.47,18.05,11.59,13.37,85.59,3.52
2020-07-31,21.22,26.68,15.34,0.0,24.47,71.34,3.25
2020-08-01,22.72,28.75,15.85,0.96,23.07,72.83,2.25
2020-08-02,21.23,26.78,15.67,0.01,28.32,64.22,3.13
2020-08-03,20.61,26.54,13.88,0.01,26.54,64.91,1.94
2020-08-04,21.15,27.5,14.64,0.29,19.11,62.6,3.02
2020-08-05,23.46,30.15,16.58,0.52,27.17,66.52,3.22
2020-08-06,23.71,29.16,19.45,0.23,22.32,81.5,3.33
2020-08-07,27.64,35.57,20.6,0.01,25.88,66.73,4.03
2020-08-08,29.15,37.99,20.58,0.3,26.64,56.4,4.01
2020-08-09,30.43,38.27,23.09,0.14,19.9,48.67,4.62
2020-08-10,28.54,35.51,23.08,7.22,24.3,61.34,2.83
2020-08-11,26.87,34.04,20.54,0.92,26.59,66.07,3.01
2020-08-12,26.57,33.67,20.63,1.89,21.14,72.05,3.78
2020-08-13,27.23,33.45,22.23,0.97,21.76,72.66,2.84
2020-08-14,27.7,34.65,21.18,1.98,23.05,72.68,1.83
2020-08-15,25.87,32.72,19.78,0.59,23.35,53.11,2.97
2020-08-16,24.74,28.87,20.47,1.78,15.45,64.16,1.97
2020-08-17,25.64,32.32,20.57,0.41,26.61,60.15,2.42
2020-08-18,25.48,33.09,19.96,0.2,21.24,50.15,2.4
2020-08-19,24.82,32.67,17.99,0.06,20.08,52.68,2.92
2020-08-20,26.09,34.15,19.0,0.03,25.33,49.57,3.29
2020-08-21,26.79,34.67,20.15,0.89,18.27,52.28,3.96
2020-08-22,27.25,35.68,19.33,0.0,23.66,53.13,3.2
2020-08-23,27.97,36.97,20.22,0.0,23.74,47.22,3.42
2020-08-24,28.2,36.67,20.34,0.0,23.54,44.23,3.77
2020-08-25,27.86,35.71,20.89,0.0,24.21,46.15,4.53
2020-08-26,28.08,36.32,20.84,0.0,24.84,48.18,4.61
2020-08-27,28.74,37.54,21.0,0.01,24.31,52.84,3.33
2020-08-28,30.02,39.14,21.36,0.25,23.12,49.46,3.1
2020-08-29,20.98,26.15,17.7,24.87,13.17,66.28,2.81
2020-08-30,24.51,31.38,17.28,0.0,15.71,61.19,2.85
2020-08-31,21.71,26.96,16.6,0.0,21.44,56.09,4.28
2020-09-01,22.93,29.34,15.85,0.71,16.75,63.83,1.31
2020-09-02,24.71,32.06,17.63,0.01,21.72,54.06,1.81
2020-09-03,21.84,28.02,15.6,0.33,24.47,55.13,3.83
2020-09-04,22.78,31.93,13.37,0.0,23.92,45.99,1.39
2020-09-05,27.41,35.49,20.36,0.0,23.11,59.03,3.61
2020-09-06,28.17,38.19,21.24,0.0,21.87,53.27,4.71
2020-09-07,23.96,33.61,16.45,0.0,20.52,54.48,3.46
2020-09-08,10.94,16.89,6.66,7.73,4.95,75.33,6.74
2020-09-09,7.42,9.24,5.39,20.89,5.11,84.67,4.97
2020-09-10,10.61,15.19,7.03,3.63,7.08,80.4,3.22
2020-09-11,15.26,22.55,9.39,1.38,9.71,76.45,1.7
2020-09-12,18.55,27.18,12.13,0.2,21.89,68.23,2.61
2020-09-13,19.8,27.99,12.12,0.0,22.24,60.68,1.6
2020-09-14,19.64,26.67,13.01,0.0,21.63,66.44,1.94
2020-09-15,20.32,27.73,14.17,0.0,21.01,72.47,2.34
2020-09-16,20.68,28.73,14.02,0.0,19.04,68.8,2.62
2020-09-17,17.2,24.36,11.31,0.0,15.67,64.8,1.67
2020-09-18,17.98,25.36,11.71,0.0,16.01,64.89,2.17
2020-09-19,18.67,26.55,12.05,0.0,12.93,68.61,4.37
2020-09-20,19.25,27.72,13.39,0.0,16.79,63.57,5.2
2020-09-21,19.22,27.76,12.14,0.0,19.03,65.92,3.99
2020-09-22,19.7,27.5,12.49,0.01,18.94,72.01,2.64
2020-09-23,20.62,27.65,15.03,0.02,14.81,73.27,2.17
2020-09-24,22.89,33.59,14.63,0.0,19.43,62.67,1.89
2020-09-25,25.26,36.93,15.42,0.0,20.1,53.06,3.55
2020-09-26,25.59,35.59,18.56,0.0,17.31,49.72,4.17
2020-09-27,16.51,19.93,12.27,0.13,6.99,55.43,5.59
2020-09-28,14.08,20.74,8.59,0.0,20.0,40.18,4.54
2020-09-29,16.33,27.02,6.13,0.02,19.53,42.5,2.59
2020-09-30,17.57,25.3,10.2,0.0,18.85,38.11,4.29
2020-10-01,12.26,18.72,7.82,0.0,20.09,41.89,3.38
2020-10-02,14.73,24.19,6.29,0.0,18.36,44.55,3.06
2020-10-03,13.81,20.4,8.32,0.0,18.12,54.84,3.86
2020-10-04,15.01,24.26,6.26,0.0,19.25,52.2,3.35
2020-10-05,18.29,28.44,10.4,0.0,16.75,52.33,4.5
2020-10-06,19.72,29.45,10.84,0.0,18.05,51.07,1.93
2020-10-07,21.5,33.37,12.97,0.0,17.01,47.47,2.57
2020-10-08,21.69,31.02,13.19,0.0,17.0,59.2,4.12
2020-10-09,22.48,31.69,15.91,0.01,16.18,54.13,4.68
2020-10-10,19.06,27.59,12.25,0.0,16.05,59.92,2.58
2020-10-11,21.48,32.41,12.67,0.03,17.29,60.74,6.44
2020-10-12,15.36,23.27,8.1,0.0,18.11,36.82,3.51
2020-10-13,15.9,24.91,7.43,0.0,17.61,39.94,2.98
2020-10-14,16.76,27.17,10.45,0.0,15.83,42.5,4.51
2020-10-15,10.33,15.14,5.91,0.0,12.77,44.67,3.46
2020-10-16,11.14,18.96,2.91,0.0,14.38,43.46,3.43
2020-10-17,14.02,23.43,7.15,0.0,13.36,45.02,3.41
2020-10-18,6.19,10.17,2.69,0.0,9.64,56.77,5.18
2020-10-19,5.46,9.07,2.58,0.0,9.05,60.55,1.87
2020-10-20,8.46,15.71,3.16,0.01,6.31,72.77,1.77
2020-10-21,12.32,17.16,5.87,0.31,2.81,80.67,2.57
2020-10-22,14.29,26.35,1.73,0.29,10.49,70.83,6.32
2020-10-23,2.43,6.95,-1.49,0.07,14.74,58.47,5.12
2020-10-24,1.64,7.67,-3.75,0.0,11.52,65.22,2.35
2020-10-25,-0.19,1.56,-3.78,0.25,2.59,73.88,4.64
2020-10-26,-3.43,0.89,-5.69,0.71,5.0,63.2,4.72
2020-10-27,-0.86,5.28,-5.72,1.32,8.26,62.69,1.39
2020-10-28,1.53,5.42,-2.87,22.4,7.77,73.78,2.75
2020-10-29,4.83,10.98,-0.47,1.13,14.79,70.81,3.85
2020-10-30,9.92,20.4,2.02,0.02,14.82,71.89,2.9
2020-10-31,10.83,19.48,4.46,0.0,14.1,61.84,4.46
2020-11-01,6.67,13.7,0.49,0.0,14.77,49.58,1.88
2020-11-02,10.64,21.63,2.05,0.0,13.95,64.49,2.36
2020-11-03,13.67,24.06,5.26,0.0,13.94,61.85,2.85
2020-11-04,14.42,23.54,8.73,0.0,11.84,67.45,2.51
2020-11-05,14.42,23.42,7.7,0.0,13.77,55.63,2.71
2020-11-06,14.55,22.92,6.48,0.0,14.08,71.09,3.97
2020-11-07,16.97,23.66,13.01,0.0,12.86,75.9,6.92
2020-11-08,16.78,22.02,13.01,0.01,10.17,72.18,8.47
2020-11-09,13.51,20.21,1.83,10.7,6.93,82.24,5.66
2020-11-10,1.74,6.92,-1.25,0.69,10.7,67.79,3.64
2020-11-11,4.63,13.35,-1.88,0.0,12.81,63.57,1.57
2020-11-12,3.01,10.72,-3.92,0.02,12.91,71.55,3.36
2020-11-13,1.77,10.86,-5.39,0.0,12.57,62.43,3.32
2020-11-14,8.22,18.56,2.11,0.0,10.52,60.96,5.66
2020-11-15,6.16,13.19,0.05,0.0,12.9,37.97,3.86
2020-11-16,8.31,18.83,0.67,0.0,12.3,49.12,2.62
2020-11-17,9.55,18.82,2.06,0.0,12.35,52.33,4.01
2020-11-18,13.07,21.85,5.55,0.0,11.47,52.02,6.51
2020-11-19,13.07,19.63,8.19,0.0,11.92,63.5,2.7
2020-11-20,9.75,16.19,6.01,0.0,10.8,61.23,3.79
2020-11-21,4.61,5.94,3.22,5.76,2.85,83.52,2.73
2020-11-22,5.71,11.9,0.98,0.05,11.9,61.7,2.14
2020-11-23,6.62,10.85,2.33,1.96,2.28,78.57,5.23
2020-11-24,7.13,12.21,-0.11,26.26,1.82,92.07,5.72
2020-11-25,1.11,6.87,-3.79,0.32,11.42,72.57,3.22
2020-11-26,2.09,8.74,-2.59,0.56,9.75,79.78,2.77
2020-11-27,2.82,10.22,-2.79,0.0,11.48,73.26,2.2
2020-11-28,4.52,12.57,-2.15,0.08,10.74,71.45,3.02
2020-11-29,1.87,6.21,-5.26,0.53,10.6,58.03,5.09
2020-11-30,-0.89,7.66,-6.47,0.0,10.75,54.51,2.27
2020-12-01,0.11,7.77,-5.05,0.0,10.6,71.64,1.67
2020-12-02,0.59,4.55,-2.47,0.9,7.41,76.23,4.88
2020-12-03,-0.26,5.96,-3.64,0.65,10.51,73.69,3.26
2020-12-04,3.26,12.49,-2.66,0.0,10.63,55.99,2.61
2020-12-05,3.59,11.37,-1.07,0.01,10.97,64.11,3.25
2020-12-06,3.76,10.51,-0.12,0.0,10.58,64.02,2.06
2020-12-07,4.47,14.54,-1.31,0.0,10.88,54.95,2.88
2020-12-08,5.58,16.24,-2.12,0.0,10.53,53.05,2.54
2020-12-09,7.22,16.66,0.81,0.0,10.45,49.71,2.16
2020-12-10,5.3,12.44,-0.2,0.0,8.83,65.58,2.87
2020-12-11,1.36,3.91,-0.76,0.64,2.25,79.0,4.25
2020-12-12,-1.27,2.0,-3.66,0.05,4.61,76.9,2.91
2020-12-13,-2.02,3.52,-4.62,0.36,8.81,76.02,2.78
2020-12-14,-1.9,2.48,-5.37,0.0,7.2,74.04,3.53
2020-12-15,-2.27,-0.5,-3.66,1.23,2.18,83.59,2.26
2020-12-16,-1.36,5.02,-5.49,0.2,8.46,74.78,1.81
2020-12-17,1.58,9.72,-2.25,0.08,9.3,72.8,2.97
2020-12-18,2.94,8.94,-2.06,0.0,9.86,76.17,4.47
2020-12-19,0.74,8.14,-4.43,0.0,10.41,75.27,2.04
2020-12-20,5.23,13.33,-0.67,0.0,9.41,57.65,3.56
2020-12-21,5.78,12.89,0.16,0.0,9.48,61.19,2.01
2020-12-22,7.93,14.18,0.98,0.0,9.72,62.3,5.96
2020-12-23,-0.02,7.86,-5.83,0.0,6.4,49.44,7.66
2020-12-24,-1.87,3.31,-5.82,0.0,6.96,55.84,3.94
2020-12-25,2.44,13.27,-3.88,0.0,10.12,65.46,2.11
2020-12-26,3.76,13.6,-1.76,0.0,9.33,63.52,1.8
2020-12-27,2.74,10.15,-3.11,0.0,9.9,68.38,3.64
2020-12-28,-1.18,2.03,-3.32,0.67,4.7,76.76,2.13
2020-12-29,-0.62,2.27,-3.36,11.6,1.54,90.58,3.87
2020-12-30,-1.99,3.46,-5.45,0.01,10.77,72.32,2.41
2020-12-31,-2.2,3.78,-5.72,0.0,9.07,73.0,2.09
2021-01-01,-0.7,3.88,-3.28,0.04,7.08,71.15,3.12
2021-01-02,0.96,7.86,-2.31,0.0,10.23,77.33,1.36
2021-01-03,2.26,10.78,-2.68,0.0,10.03,72.45,2.05
2021-01-04,4.52,10.95,-0.38,0.0,10.99,59.16,3.42
2021-01-05,4.55,11.33,-0.67,0.0,7.96,75.62,4.82
2021-01-06,2.39,7.06,-2.64,0.01,6.04,81.26,4.91
2021-01-07,-0.69,3.84,-4.06,0.09,2.58,90.84,2.08
2021-01-08,-0.09,6.8,-3.75,0.01,5.33,81.41,0.97
2021-01-09,-0.62,4.27,-4.14,0.0,4.1,85.35,0.77
2021-01-10,-0.57,3.72,-4.09,0.0,4.83,84.97,1.49
2021-01-11,0.38,8.23,-4.06,0.0,11.37,73.31,2.66
2021-01-12,2.07,11.88,-3.59,0.0,10.08,52.64,2.37
2021-01-13,6.63,16.3,-2.18,0.0,10.13,49.45,2.88
2021-01-14,5.91,10.88,1.21,0.0,10.38,37.59,8.12
2021-01-15,1.05,4.0,-3.53,0.0,4.76,47.9,8.28
2021-01-16,-0.12,5.79,-4.71,0.0,8.8,61.5,3.01
2021-01-17,2.02,8.55,-2.29,0.0,11.91,57.06,4.02
2021-01-18,3.29,10.13,-0.54,0.0,11.45,59.54,3.37
2021-01-19,1.27,7.97,-3.53,0.0,11.1,62.55,2.94
2021-01-20,3.39,12.5,-2.14,0.0,10.56,56.07,3.44
2021-01-21,4.97,14.11,-1.74,0.0,11.62,49.01,2.14
2021-01-22,-1.02,4.42,-4.19,0.0,11.45,64.45,2.92
2021-01-23,-0.11,3.87,-5.15,0.21,3.29,85.42,3.57
2021-01-24,-0.73,3.84,-3.85,0.3,4.11,81.86,3.35
2021-01-25,-2.55,0.56,-5.42,15.76,2.58,91.03,3.26
2021-01-26,-6.72,-4.22,-8.47,2.4,5.41,88.08,3.27
2021-01-27,-8.46,-3.29,-12.25,0.19,12.83,86.6,2.12
2021-01-28,-3.35,3.48,-11.86,0.06,10.45,86.95,4.22
2021-01-29,0.43,4.28,-4.35,0.03,8.94,90.03,3.75
2021-01-30,1.12,3.76,-3.03,7.32,2.07,90.02,4.73
2021-01-31,-0.92,4.38,-3.96,0.03,12.61,78.81,4.05
2021-02-01,1.51,9.2,-3.59,0.0,12.2,75.11,2.08
2021-02-02,4.03,13.21,-1.58,0.0,13.71,79.02,3.19
2021-02-03,6.24,15.43,-1.57,0.0,13.33,80.42,3.84
2021-02-04,1.93,5.88,-1.12,0.03,14.22,60.6,5.67
2021-02-05,2.22,9.79,-2.89,0.0,14.08,57.34,2.47
2021-02-06,-4.74,-1.66,-9.22,0.47,5.01,69.77,4.19
2021-02-07,-5.64,-1.09,-9.01,0.22,4.46,68.4,3.67
2021-02-08,-10.74,-7.62,-13.08,0.14,3.55,67.59,3.74
2021-02-09,-10.5,-8.32,-13.55,0.08,6.04,66.01,3.03
2021-02-10,-9.72,-8.22,-11.4,0.06,7.48,66.8,4.11
2021-02-11,-10.56,-7.47,-12.96,0.0,8.26,62.37,3.88
2021-02-12,-15.02,-13.45,-16.84,0.05,7.32,66.86,4.09
2021-02-13,-15.14,-11.13,-18.45,0.11,13.96,63.52,3.89
2021-02-14,-17.58,-16.32,-20.43,0.4,6.56,65.77,5.05
2021-02-15,-19.18,-14.46,-22.44,0.23,9.23,63.78,3.05
2021-02-16,-15.31,-8.39,-21.85,0.01,10.28,70.45,3.06
2021-02-17,-9.92,-4.83,-13.77,0.0,10.16,73.3,1.51
2021-02-18,-6.6,-0.66,-12.56,0.0,10.57,72.92,2.09
2021-02-19,-2.95,4.95,-10.49,0.0,14.61,73.32,2.81
2021-02-20,1.36,10.59,-5.13,0.0,16.97,75.81,3.61
2021-02-21,1.75,9.39,-1.81,0.0,16.68,67.77,4.34
2021-02-22,5.74,16.7,-1.85,0.0,17.06,46.77,3.46
2021-02-23,8.94,20.38,0.19,0.0,17.66,52.65,3.25
2021-02-24,3.12,9.24,-1.79,0.0,15.6,54.98,4.2
2021-02-25,0.78,7.07,-3.05,0.0,10.75,63.01,1.6
2021-02-26,4.05,13.78,-3.96,0.0,17.93,57.0,2.73
2021-02-27,5.69,14.47,-2.63,0.12,11.48,68.82,4.46
2021-02-28,1.34,8.71,-3.34,0.02,19.0,63.59,4.08
2021-03-01,2.88,11.91,-3.88,0.0,18.69,52.6,2.28
2021-03-02,6.06,17.48,-2.6,0.0,19.77,46.57,3.31
2021-03-03,7.27,20.8,-2.52,0.0,19.38,52.63,1.84
2021-03-04,8.62,19.49,-0.55,3.21,15.22,74.7,3.29
2021-03-05,8.5,16.29,3.18,1.32,16.33,74.82,2.99
2021-03-06,9.13,18.91,1.32,0.0,18.13,68.33,3.57
2021-03-07,10.85,19.68,3.5,0.0,18.9,61.17,6.41
2021-03-08,12.22,21.09,3.49,0.0,15.04,61.15,6.2
2021-03-09,15.32,23.41,7.78,0.0,15.0,70.23,7.18
2021-03-10,14.25,21.29,3.89,0.0,20.45,53.92,6.14
2021-03-11,6.42,14.29,-0.93,0.0,20.91,57.01,2.75
2021-03-12,5.26,8.84,2.38,9.49,4.38,84.13,3.54
2021-03-13,8.72,13.75,4.04,17.72,3.25,92.29,5.15
2021-03-14,12.14,17.89,5.57,16.5,19.16,62.66,4.95
2021-03-15,5.83,10.75,1.2,0.29,10.43,81.16,2.67
2021-03-16,8.24,17.76,0.92,0.86,14.93,76.1,3.72
2021-03-17,1.69,3.4,0.16,11.69,3.94,82.91,6.93
2021-03-18,2.38,8.61,-2.4,0.01,15.04,77.16,4.37
2021-03-19,5.29,13.87,-2.97,0.0,20.02,72.34,2.06
2021-03-20,9.6,18.25,0.43,0.0,21.51,63.26,6.15
2021-03-21,12.03,20.94,6.67,0.02,19.0,64.1,5.26
2021-03-22,8.64,11.26,6.43,30.23,3.44,92.77,2.25
2021-03-23,5.01,7.05,3.34,15.2,6.95,85.18,6.13
2021-03-24,5.05,8.82,1.36,2.85,7.23,78.29,3.98
2021-03-25,6.18,12.84,1.59,0.57,9.3,75.57,1.89
2021-03-26,10.87,20.42,3.23,0.6,20.38,69.84,3.8
2021-03-27,8.7,15.46,2.88,0.05,21.26,67.32,4.49
2021-03-28,9.32,19.04,-0.91,0.0,23.05,61.58,2.99
2021-03-29,15.71,27.05,4.79,0.0,24.3,46.96,7.41
2021-03-30,7.58,13.28,2.51,0.0,23.63,39.62,5.18
2021-03-31,5.03,12.23,-1.66,0.0,24.38,51.06,2.54
2021-04-01,7.64,16.81,-2.24,0.0,25.01,52.22,4.13
2021-04-02,11.25,19.42,2.95,0.0,23.27,55.15,6.49
2021-04-03,14.75,25.27,4.49,0.0,22.69,63.6,2.91
2021-04-04,17.81,27.34,9.44,0.0,24.52,63.61,5.15
2021-04-05,19.18,27.4,11.04,0.0,22.73,65.84,6.33
2021-04-06,18.64,25.61,8.09,12.31,15.94,72.36,6.61
2021-04-07,6.84,9.17,4.66,8.49,7.21,73.3,6.28
2021-04-08,13.0,21.88,3.82,0.0,25.95,46.12,4.23
2021-04-09,10.13,16.86,3.89,1.93,11.77,59.6,4.06
2021-04-10,10.25,17.87,3.41,0.13,26.35,46.88,3.6
2021-04-11,12.14,22.26,3.01,0.01,26.57,48.96,3.9
2021-04-12,9.09,15.86,3.52,0.0,18.74,47.58,3.42
2021-04-13,8.01,14.05,0.71,0.0,18.38,53.28,2.23
2021-04-14,8.64,13.95,3.05,0.0,21.92,54.52,2.2
2021-04-15,6.64,13.01,2.24,1.43,13.05,68.56,2.51
2021-04-16,4.37,9.3,1.32,7.5,7.53,83.16,3.75
2021-04-17,6.84,12.75,1.34,0.42,10.9,70.41,3.45
2021-04-18,9.27,17.04,0.43,0.0,26.11,52.0,2.24
2021-04-19,5.81,11.91,-0.63,1.5,18.13,57.98,4.53
2021-04-20,3.21,9.55,-1.28,3.8,26.12,59.16,3.83
2021-04-21,4.53,10.28,-3.26,0.0,24.91,54.38,2.47
2021-04-22,7.29,13.51,2.17,0.0,14.89,63.93,5.26
2021-04-23,9.32,14.36,5.23,0.01,9.14,86.31,2.29
2021-04-24,12.15,19.44,5.15,0.0,27.38,62.98,3.21
2021-04-25,17.18,27.69,8.26,0.0,26.98,61.89,5.67
2021-04-26,20.97,29.91,12.81,0.0,24.06,52.29,6.0
2021-04-27,18.09,25.91,11.73,0.01,12.02,57.8,3.05
2021-04-28,15.73,22.52,11.11,0.43,8.78,76.36,2.9
2021-04-29,16.32,25.0,8.61,0.0,28.81,55.22,3.58
2021-04-30,18.45,27.77,8.92,0.0,26.29,42.52,2.82
2021-05-01,19.96,28.62,10.84,0.0,29.23,52.95,5.28
2021-05-02,19.22,24.91,14.56,8.97,22.33,78.36,4.51
2021-05-03,15.48,19.77,9.45,9.56,22.06,70.53,5.14
2021-05-04,12.52,18.84,7.58,0.02,29.11,50.88,3.13
2021-05-05,12.99,21.23,5.73,1.14,18.63,60.44,2.32
2021-05-06,13.44,20.58,6.59,0.01,28.56,57.9,2.89
2021-05-07,17.76,27.95,8.11,0.1,27.93,57.89,4.6
2021-05-08,21.05,31.35,8.01,2.03,21.68,65.57,5.44
2021-05-09,10.37,16.2,5.49,1.11,11.33,63.61,5.08
2021-05-10,10.62,16.78,6.46,2.7,17.04,68.84,2.43
2021-05-11,10.89,15.64,6.8,4.91,10.94,74.32,2.96
2021-05-12,12.25,18.47,7.01,0.06,19.56,69.77,1.94
2021-05-13,14.62,22.02,5.66,4.97,26.63,65.04,3.4
2021-05-14,17.4,23.11,10.59,17.09,18.18,73.49,4.65
2021-05-15,19.58,25.09,14.67,7.81,22.66,81.74,2.88
2021-05-16,18.98,22.95,15.23,10.12,14.93,88.95,3.34
2021-05-17,18.26,23.12,13.8,2.29,14.14,82.05,2.1
2021-05-18,17.68,21.15,14.36,6.77,13.04,88.04,2.53
2021-05-19,17.94,22.15,13.59,0.64,12.52,84.12,1.9
2021-05-20,19.82,25.44,16.05,0.21,20.59,79.03,4.49
2021-05-21,21.77,27.74,15.93,0.09,18.13,76.53,5.84
2021-05-22,22.04,26.74,18.22,0.1,21.74,80.22,4.68
2021-05-23,21.36,25.03,17.69,0.53,14.63,79.69,5.26
2021-05-24,19.8,23.33,17.28,4.75,12.19,87.36,4.52
2021-05-25,21.9,26.06,17.9,0.69,23.07,77.96,2.49
2021-05-26,23.05,28.44,17.89,11.18,17.23,75.79,3.61
2021-05-27,20.79,26.39,11.77,5.28,23.23,69.36,4.73
2021-05-28,14.7,21.27,8.43,0.0,25.39,66.04,3.01
2021-05-29,15.34,22.71,8.11,0.02,25.08,70.25,3.15
2021-05-30,12.58,14.64,10.65,23.43,6.12,90.21,2.44
2021-05-31,14.6,18.98,11.85,8.55,8.26,87.19,2.58
2021-06-01,16.61,21.26,12.16,2.2,12.99,82.44,1.22
2021-06-02,18.67,23.96,13.31,0.33,25.7,73.33,1.07
2021-06-03,21.01,28.11,12.45,0.0,30.4,66.09,1.35
2021-06-04,23.62,30.07,15.87,0.0,30.17,67.24,3.35
2021-06-05,23.47,29.57,17.69,0.0,28.49,64.81,4.41
2021-06-06,23.46,29.43,18.02,0.0,24.93,74.91,3.7
2021-06-07,24.19,29.35,19.54,4.18,23.92,79.7,3.08
2021-06-08,24.76,29.91,19.53,0.14,25.08,77.06,2.68
2021-06-09,26.09,30.61,20.89,0.0,27.52,78.72,3.22
2021-06-10,27.97,32.66,23.29,0.0,26.94,74.81,3.91
2021-06-11,26.55,32.26,21.41,0.04,22.26,71.39,3.93
2021-06-12,24.49,31.62,18.62,0.0,30.73,46.73,2.84
2021-06-13,24.96,31.67,16.99,0.0,29.27,61.31,2.08
2021-06-14,27.67,35.31,19.78,0.0,30.0,61.88,1.95
2021-06-15,28.62,37.1,20.07,0.0,28.72,47.34,2.28
2021-06-16,29.82,38.79,20.9,0.0,30.62,44.74,3.79
2021-06-17,31.24,40.41,22.55,0.0,30.19,36.66,4.85
2021-06-18,31.85,41.26,23.01,0.0,28.46,36.4,5.08
2021-06-19,29.92,37.0,23.69,1.16,21.95,49.33,2.45
2021-06-20,29.15,37.86,21.36,0.58,29.45,45.61,4.55
2021-06-21,22.35,29.07,16.97,1.58,26.78,49.82,3.02
2021-06-22,25.21,33.06,16.42,0.0,30.71,43.97,5.44
2021-06-23,29.42,38.39,20.23,0.86,26.94,54.27,5.99
2021-06-24,31.01,40.11,24.02,12.45,21.29,55.62,3.55
2021-06-25,27.95,35.47,21.1,22.61,25.05,71.72,2.53
2021-06-26,23.7,28.95,19.3,4.48,22.5,68.68,2.78
2021-06-27,23.52,28.3,18.25,0.39,22.17,66.32,1.39
2021-06-28,23.5,27.95,18.99,0.23,16.81,66.63,1.55
2021-06-29,23.16,27.42,19.15,2.8,18.16,75.03,1.39
2021-06-30,23.66,27.78,20.19,7.1,17.65,83.3,1.62
2021-07-01,22.56,26.8,19.19,8.68,16.14,77.36,2.0
2021-07-02,24.29,29.7,17.96,0.53,24.99,71.47,2.14
2021-07-03,24.67,30.2,19.47,0.1,30.04,62.2,3.19
2021-07-04,25.5,31.5,19.36,0.24,23.73,68.44,3.26
2021-07-05,26.04,32.05,19.96,0.01,27.19,63.56,2.89
2021-07-06,26.73,33.37,19.06,0.31,24.97,61.64,2.44
2021-07-07,25.22,31.69,19.54,1.71,25.44,63.81,3.22
2021-07-08,26.41,34.59,17.27,0.0,30.06,57.65,3.26
2021-07-09,30.06,38.27,22.13,0.45,24.28,54.95,5.42
2021-07-10,26.51,33.31,19.65,0.53,25.72,59.05,4.12
2021-07-11,22.28,27.48,17.63,0.0,20.48,60.31,4.02
2021-07-12,24.19,31.73,16.08,0.0,30.14,52.28,1.42
2021-07-13,28.92,37.49,18.79,0.01,26.46,51.28,3.87
2021-07-14,29.32,36.78,23.74,8.16,20.67,53.42,5.19
2021-07-15,25.73,30.75,21.52,3.3,19.63,73.48,2.31
2021-07-16,26.29,32.92,19.75,1.29,25.87,68.97,2.19
2021-07-17,26.5,32.19,21.61,7.47,24.06,75.93,2.45
2021-07-18,25.49,30.14,21.46,6.16,16.0,74.17,2.1
2021-07-19,24.66,30.52,19.7,0.11,25.99,63.83,2.14
2021-07-20,25.18,31.19,19.81,0.0,24.66,59.29,1.75
2021-07-21,25.18,31.54,18.76,0.0,23.53,57.55,3.64
2021-07-22,27.14,34.92,18.93,0.0,26.91,54.19,4.21
2021-07-23,29.23,36.69,21.33,0.0,28.03,54.06,4.16
2021-07-24,31.25,38.65,23.79,0.25,27.48,52.3,2.73
2021-07-25,28.92,34.81,24.41,3.34,12.57,61.2,1.86
2021-07-26,26.79,30.87,22.85,5.93,24.62,76.33,1.5
2021-07-27,29.36,36.08,22.25,0.06,28.07,62.54,2.51
2021-07-28,31.25,38.74,23.81,0.0,26.92,55.12,3.72
2021-07-29,31.72,39.05,24.64,0.0,27.28,49.91,2.88
2021-07-30,31.66,39.05,24.17,0.0,27.32,45.42,2.94
2021-07-31,29.2,35.58,24.01,1.21,23.74,54.32,3.71
2021-08-01,25.22,31.4,18.62,0.12,24.28,46.49,3.68
2021-08-02,23.48,31.27,15.45,0.02,24.6,44.5,2.25
2021-08-03,25.52,33.38,18.09,0.0,22.91,45.09,1.94
2021-08-04,26.41,34.49,18.76,0.0,22.02,50.12,3.45
2021-08-05,28.15,35.95,20.07,0.0,24.96,45.51,2.5
2021-08-06,29.5,37.69,21.11,0.07,24.51,51.52,4.51
2021-08-07,30.49,39.04,23.05,10.83,21.83,52.24,6.59
2021-08-08,27.59,34.7,21.66,2.27,20.8,55.26,2.22
2021-08-09,30.08,38.47,21.05,0.4,25.24,52.54,3.07
2021-08-10,31.81,39.86,25.0,0.93,18.66,50.8,4.05
2021-08-11,32.7,41.01,25.63,0.2,24.2,46.98,3.48
2021-08-12,31.92,40.67,25.4,10.49,23.03,51.45,2.64
2021-08-13,23.99,29.07,19.9,5.71,14.85,72.35,2.76
2021-08-14,24.91,30.34,19.13,0.91,22.46,66.41,2.32
2021-08-15,25.79,30.61,21.18,5.37,17.55,68.23,3.2
2021-08-16,24.12,28.28,21.22,2.99,24.51,75.82,3.12
2021-08-17,25.99,32.95,19.38,0.33,24.26,67.92,3.5
2021-08-18,26.52,32.95,20.84,0.09,17.92,66.58,4.0
2021-08-19,27.22,32.93,22.19,0.23,16.1,70.74,4.18
2021-08-20,28.43,37.75,20.73,1.95,23.26,63.84,3.48
2021-08-21,23.51,30.12,18.14,4.0,24.75,53.35,3.14
2021-08-22,27.91,35.72,19.48,0.81,24.59,59.45,5.04
2021-08-23,30.71,38.99,23.76,0.03,24.49,50.45,5.09
2021-08-24,32.03,41.28,24.22,0.03,25.45,44.32,5.21
2021-08-25,31.19,39.88,23.34,0.68,24.06,48.08,2.51
2021-08-26,31.32,39.53,24.28,0.49,24.73,46.87,4.74
2021-08-27,30.47,37.74,24.36,0.02,24.42,50.19,5.57
2021-08-28,29.21,35.45,23.5,1.73,24.28,54.97,5.5
2021-08-29,24.8,28.11,21.52,36.26,6.87,79.07,2.55
2021-08-30,26.3,33.08,20.08,2.11,23.55,69.59,2.62
2021-08-31,27.22,34.85,20.59,0.0,21.79,62.28,2.73
2021-09-01,27.42,35.15,20.46,0.15,20.23,66.31,3.13
2021-09-02,26.48,32.65,22.08,15.85,11.47,76.32,3.38
2021-09-03,24.4,29.0,19.83,33.36,17.27,77.26,2.71
2021-09-04,21.53,26.68,17.5,4.77,20.57,78.95,2.72
2021-09-05,22.52,29.43,16.12,0.02,21.88,68.87,1.82
2021-09-06,24.97,33.07,17.66,0.18,23.15,61.4,3.61
2021-09-07,23.59,30.34,16.39,0.0,20.27,60.56,4.16
2021-09-08,22.23,29.67,14.29,0.0,22.97,51.71,1.34
2021-09-09,24.03,33.01,15.21,0.0,19.96,55.65,2.55
2021-09-10,26.2,35.31,18.46,0.0,19.14,58.8,2.28
2021-09-11,27.55,37.94,18.57,0.0,21.4,48.89,4.45
2021-09-12,26.72,36.73,20.05,0.0,19.68,44.95,3.73
2021-09-13,26.27,36.03,19.4,0.0,20.55,45.15,4.33
2021-09-14,23.27,29.71,18.13,7.65,14.32,63.38,2.58
2021-09-15,23.38,30.74,16.56,0.75,21.2,69.42,2.85
2021-09-16,25.62,32.94,18.58,0.03,21.59,61.23,4.93
2021-09-17,24.02,29.94,18.85,4.43,14.65,72.68,2.34
2021-09-18,24.57,32.6,17.21,0.02,20.93,65.34,2.77
2021-09-19,25.76,33.62,18.04,0.09,21.03,54.51,5.53
2021-09-20,21.96,26.53,15.5,0.06,21.01,50.92,5.9
2021-09-21,17.11,23.1,12.21,0.22,17.08,49.95,3.44
2021-09-22,17.18,25.58,9.02,0.0,22.12,45.49,1.55
2021-09-23,20.6,30.84,11.39,0.0,21.48,39.69,4.5
2021-09-24,19.27,26.87,13.23,0.0,14.79,50.36,3.75
2021-09-25,19.85,28.57,11.78,0.0,20.06,45.16,2.98
2021-09-26,24.6,35.81,15.31,0.0,20.82,38.46,4.84
2021-09-27,25.41,35.28,16.83,0.0,20.1,43.59,2.85
2021-09-28,25.32,32.9,19.83,0.01,17.37,50.57,3.56
2021-09-29,23.89,29.88,19.21,11.36,14.49,68.31,4.27
2021-09-30,17.85,20.1,14.42,13.78,10.5,83.8,2.6
2021-10-01,17.79,23.34,12.3,0.08,17.45,71.88,1.41
2021-10-02,17.02,20.49,13.83,5.18,5.56,79.33,2.07
2021-10-03,18.64,25.88,11.15,0.0,18.03,57.03,2.16
2021-10-04,19.22,28.48,11.63,0.06,18.81,55.83,1.39
2021-10-05,18.0,26.64,11.29,0.0,19.18,55.91,1.73
2021-10-06,18.09,25.6,11.34,0.0,17.76,71.67,2.0
2021-10-07,20.66,29.14,13.83,0.0,17.61,63.55,3.99
2021-10-08,22.14,30.57,14.06,0.0,17.2,65.82,1.35
2021-10-09,22.29,30.51,17.38,0.01,12.68,55.21,2.69
2021-10-10,14.63,17.95,11.92,7.85,4.01,73.49,3.7
2021-10-11,16.39,24.17,9.96,0.0,18.11,56.39,2.68
2021-10-12,17.22,23.76,12.27,20.42,8.01,68.84,5.93
2021-10-13,14.84,20.06,9.42,5.53,17.71,60.65,2.89
2021-10-14,11.18,18.67,5.38,0.0,13.28,57.04,3.34
2021-10-15,9.8,17.02,4.93,0.0,16.37,58.61,3.64
2021-10-16,11.96,21.09,3.08,0.0,17.3,46.62,2.34
2021-10-17,15.36,24.74,9.3,0.0,15.66,47.38,2.3
2021-10-18,14.87,22.11,8.35,0.0,15.75,54.03,5.87
2021-10-19,17.68,26.33,10.01,0.0,16.27,69.01,5.48
2021-10-20,11.17,17.01,6.11,0.0,16.9,57.27,4.39
2021-10-21,10.24,18.08,3.77,0.0,13.92,59.6,1.92
2021-10-22,14.82,25.02,6.0,0.04,15.81,73.03,1.89
2021-10-23,17.85,25.54,12.08,0.07,12.22,80.83,2.22
2021-10-24,14.86,21.8,8.78,0.05,11.61,72.33,4.35
2021-10-25,10.43,17.08,5.62,0.0,8.96,75.71,2.88
2021-10-26,16.34,25.37,7.88,4.38,6.44,84.49,6.48
2021-10-27,11.77,17.44,7.66,14.64,3.7,69.01,6.43
2021-10-28,11.5,16.75,7.17,0.0,15.66,46.88,8.6
2021-10-29,9.85,17.12,3.87,0.0,14.39,48.02,4.03
2021-10-30,12.34,23.3,4.19,0.0,14.03,54.44,3.02
2021-10-31,7.87,13.34,4.06,0.0,13.36,59.76,3.49
2021-11-01,4.55,8.12,2.23,0.04,5.06,74.13,2.63
2021-11-02,3.45,5.64,1.54,4.74,4.35,87.69,1.32
2021-11-03,5.05,9.84,2.0,0.27,4.81,83.33,1.86
2021-11-04,7.7,16.23,2.24,0.0,12.25,77.39,3.35
2021-11-05,9.46,17.34,3.94,0.0,12.34,76.96,4.22
2021-11-06,11.71,21.12,4.53,0.0,13.2,77.53,3.66
2021-11-07,13.82,23.49,7.44,0.0,13.68,69.69,4.02
2021-11-08,11.7,18.04,5.94,0.0,12.74,78.57,2.24
2021-11-09,10.01,16.12,6.7,0.0,6.26,71.8,2.47
2021-11-10,9.52,15.48,4.43,0.15,4.21,80.42,3.21
2021-11-11,7.52,12.98,2.67,0.04,13.1,44.83,4.2
2021-11-12,2.85,6.95,-2.18,0.0,13.14,50.55,4.85
2021-11-13,6.57,16.1,-2.63,0.01,8.32,55.09,2.79
2021-11-14,8.38,15.04,2.28,0.0,11.63,52.5,2.93
2021-11-15,14.38,24.97,6.56,0.0,12.11,52.77,2.83
2021-11-16,13.16,21.28,8.5,0.0,6.8,59.85,3.33
2021-11-17,6.46,10.76,-1.02,0.0,11.17,38.52,5.39
2021-11-18,2.56,11.16,-4.18,0.0,12.87,44.67,2.63
2021-11-19,5.07,12.1,0.41,0.0,8.89,49.36,5.05
2021-11-20,6.0,12.81,1.05,0.0,7.43,73.41,1.26
2021-11-21,5.21,12.9,-0.31,0.0,12.02,62.0,3.23
2021-11-22,6.54,16.49,-1.42,0.0,11.27,54.46,1.94
2021-11-23,11.17,20.57,3.04,0.0,11.79,50.14,5.01
2021-11-24,8.0,12.92,1.86,0.0,5.17,60.03,4.84
2021-11-25,1.32,6.74,-3.36,0.0,12.04,59.4,3.33
2021-11-26,7.08,19.59,-1.77,0.0,11.11,49.86,2.62
2021-11-27,9.21,18.05,4.93,0.0,11.13,53.32,3.8
2021-11-28,6.07,11.9,-0.2,0.0,10.31,66.35,1.91
2021-11-29,11.36,21.34,5.21,0.0,10.84,57.9,2.42
2021-11-30,8.37,13.41,5.34,0.09,5.24,76.13,2.07
2021-12-01,10.02,19.43,3.09,0.0,9.61,60.08,2.61
2021-12-02,12.33,21.09,6.4,0.0,10.9,53.01,2.24
2021-12-03,9.48,16.96,4.55,0.0,10.69,61.88,3.65
2021-12-04,4.93,11.45,0.74,0.0,9.96,80.61,2.32
2021-12-05,7.1,16.43,0.49,0.0,9.66,65.2,4.76
2021-12-06,-1.06,2.53,-4.76,0.0,9.5,50.19,3.43
2021-12-07,1.46,6.46,-2.22,0.0,6.68,53.8,2.78
2021-12-08,4.85,13.64,-2.12,0.0,9.89,56.49,3.54
2021-12-09,8.0,17.22,3.03,0.0,10.32,57.93,3.19
2021-12-10,3.42,14.05,-1.76,0.0,5.62,71.9,4.72
2021-12-11,0.68,8.35,-4.41,0.0,10.76,56.78,3.61
2021-12-12,2.74,11.72,-3.03,0.0,10.46,51.9,3.16
2021-12-13,4.94,13.14,-0.03,0.0,10.05,63.15,1.49
2021-12-14,8.68,16.57,2.15,0.05,8.53,67.47,3.29
2021-12-15,11.07,22.55,0.47,0.76,7.86,50.73,7.53
2021-12-16,2.19,9.7,-3.17,0.0,10.36,51.19,2.22
2021-12-17,1.04,7.55,-3.72,0.0,9.4,70.53,2.54
2021-12-18,-4.23,0.17,-6.48,0.0,10.38,60.61,3.6
2021-12-19,-1.36,7.24,-6.53,0.0,10.73,51.89,4.23
2021-12-20,-1.05,5.71,-4.17,0.0,10.41,63.28,2.77
2021-12-21,0.44,7.19,-3.85,0.0,8.14,62.84,1.97
2021-12-22,2.68,12.31,-2.5,0.0,10.29,68.64,2.76
2021-12-23,4.56,14.8,-2.75,0.0,9.29,63.14,1.95
2021-12-24,10.6,19.55,4.46,0.0,8.8,63.93,3.44
2021-12-25,5.35,12.57,-0.56,0.07,9.57,72.15,1.47
2021-12-26,9.0,15.38,2.41,0.0,3.65,61.77,4.43
2021-12-27,3.57,6.41,0.22,0.0,5.97,42.96,3.06
2021-12-28,3.31,7.8,-4.97,0.0,10.33,45.7,5.0
2021-12-29,-3.94,0.68,-5.97,0.0,6.91,60.07,2.14
2021-12-30,0.13,7.7,-5.53,0.0,9.71,63.77,2.55
2021-12-31,1.39,9.7,-6.24,0.09,7.35,63.6,4.23
2022-01-01,-10.49,-6.52,-11.61,3.75,2.43,66.91,6.74
2022-01-02,-6.86,1.54,-14.25,0.0,9.32,57.38,2.56
2022-01-03,-0.72,7.94,-6.98,0.01,10.43,53.66,3.18
2022-01-04,1.85,11.45,-3.53,0.01,9.37,62.84,4.16
2022-01-05,-5.61,-1.37,-11.09,1.1,8.3,58.67,4.02
2022-01-06,-11.42,-8.96,-13.53,0.54,5.42,59.24,3.88
2022-01-07,-7.13,-1.08,-12.62,0.0,7.6,62.25,4.4
2022-01-08,-0.3,6.31,-5.51,0.02,10.26,74.39,3.32
2022-01-09,-3.26,0.06,-6.17,0.01,10.75,53.11,3.11
2022-01-10,0.48,9.85,-5.55,0.0,11.33,59.0,2.48
2022-01-11,2.72,11.64,-1.71,0.0,11.46,61.92,2.69
2022-01-12,3.32,12.12,-0.79,0.0,9.4,59.27,2.56
2022-01-13,6.31,13.73,0.11,0.0,10.96,64.81,2.53
2022-01-14,3.18,10.6,-5.21,0.6,4.16,68.85,5.78
2022-01-15,-4.67,-0.71,-6.87,0.49,7.01,65.63,6.04
2022-01-16,0.46,9.95,-5.28,0.0,11.21,65.72,2.92
2022-01-17,3.09,12.46,-2.48,0.0,11.49,70.04,2.43
2022-01-18,5.16,10.36,1.45,0.0,10.47,61.63,1.81
2022-01-19,-5.03,1.09,-8.59,0.0,7.88,47.39,6.92
2022-01-20,-9.05,-5.44,-11.48,0.0,11.69,45.28,2.4
2022-01-21,-5.3,0.56,-12.27,0.0,10.41,54.28,3.65
2022-01-22,1.5,9.12,-2.9,0.0,12.08,63.77,2.01
2022-01-23,3.33,11.75,-1.28,0.0,12.01,62.61,2.97
2022-01-24,3.33,11.7,-2.87,0.0,12.46,62.52,4.07
2022-01-25,-5.27,-3.35,-6.56,1.14,4.52,66.99,3.02
2022-01-26,-2.78,2.2,-5.61,0.0,8.74,64.14,3.74
2022-01-27,-0.79,5.31,-5.99,0.12,9.64,75.04,2.63
2022-01-28,-0.19,5.74,-4.38,0.05,13.25,63.38,2.52
2022-01-29,2.78,13.58,-1.72,0.0,13.62,48.62,3.25
2022-01-30,1.91,10.35,-2.93,0.0,12.89,60.28,1.72
2022-01-31,5.1,16.22,-2.55,0.0,13.44,58.07,2.68
2022-02-01,0.47,4.17,-4.74,0.57,6.44,56.04,5.71
2022-02-02,-7.27,-5.21,-8.88,1.71,5.81,57.03,6.98
2022-02-03,-9.81,-6.8,-13.08,0.01,9.82,48.36,4.09
2022-02-04,-3.7,5.53,-12.14,0.0,12.93,56.47,2.29
2022-02-05,0.7,10.77,-4.91,0.11,14.3,56.12,3.98
2022-02-06,1.67,8.51,-2.17,0.0,13.18,63.87,3.72
2022-02-07,3.41,13.0,-2.44,0.0,14.5,55.01,2.9
2022-02-08,5.11,14.8,-0.49,0.04,14.8,46.73,4.11
2022-02-09,5.67,13.88,-1.45,0.0,14.84,51.22,2.85
2022-02-10,6.75,13.89,-0.96,0.0,15.11,64.81,3.66
2022-02-11,5.25,12.37,-4.82,0.0,14.8,53.61,5.75
2022-02-12,-1.79,5.4,-8.42,0.0,15.57,48.73,3.72
2022-02-13,1.55,7.91,-3.91,0.0,15.84,50.11,3.04
2022-02-14,4.38,12.7,-2.05,0.0,16.08,54.8,3.19
2022-02-15,8.67,18.9,-1.19,0.0,10.99,53.2,6.11
2022-02-16,3.33,9.61,-3.37,0.01,15.47,58.87,4.85
2022-02-17,-3.68,0.96,-6.18,0.28,12.58,42.92,5.24
2022-02-18,2.71,13.18,-4.85,0.0,16.99,45.62,3.49
2022-02-19,1.77,9.41,-5.38,0.01,16.39,59.79,4.71
2022-02-20,8.69,19.92,-0.25,0.0,16.92,49.94,2.64
2022-02-21,5.12,16.53,-9.58,0.0,14.87,56.21,5.17
2022-02-22,-9.38,-6.29,-12.43,0.0,15.18,42.31,7.15
2022-02-23,-11.48,-7.12,-16.17,0.0,17.95,50.03,3.82
2022-02-24,-10.22,-6.35,-13.85,0.08,12.85,55.35,3.28
2022-02-25,-5.86,0.4,-12.97,0.0,18.06,51.48,1.25
2022-02-26,-0.84,5.75,-8.53,0.0,17.71,47.53,1.19
2022-02-27,3.17,12.54,-2.84,0.0,18.77,39.31,2.51
2022-02-28,5.2,14.51,-1.57,0.0,15.7,43.01,2.19
2022-03-01,12.2,23.28,0.92,0.0,18.99,36.0,2.58
2022-03-02,14.17,26.03,3.23,0.0,18.59,36.16,2.11
2022-03-03,8.84,18.45,1.12,0.0,17.42,62.31,2.47
2022-03-04,14.24,20.08,6.06,0.04,8.9,60.57,5.79
2022-03-05,10.37,20.47,-1.77,0.12,15.5,65.05,6.85
2022-03-06,-2.29,1.56,-5.34,2.44,6.88,71.08,3.97
2022-03-07,-1.53,4.2,-6.16,0.0,18.7,52.55,3.45
2022-03-08,-0.56,5.23,-5.57,1.28,12.16,63.32,2.19
2022-03-09,-2.04,3.3,-6.18,1.79,13.46,69.98,3.74
2022-03-10,-5.53,-3.61,-7.04,2.04,5.42,67.03,4.4
2022-03-11,-2.52,3.45,-7.41,0.0,18.27,48.57,3.83
2022-03-12,1.71,13.45,-7.44,0.01,19.54,46.36,3.35
2022-03-13,8.8,20.06,-1.78,0.0,18.87,42.01,4.81
2022-03-14,7.4,14.76,1.15,0.0,19.73,53.31,5.23
2022-03-15,7.72,17.87,-2.13,0.0,21.91,57.73,2.36
2022-03-16,11.47,20.68,2.5,0.0,19.66,54.22,2.98
2022-03-17,7.54,13.27,1.0,11.97,8.06,78.38,7.0
2022-03-18,5.32,10.37,1.05,0.69,16.14,63.98,4.42
2022-03-19,9.38,19.09,-0.07,0.0,21.35,45.0,2.09
2022-03-20,14.82,25.08,4.35,0.0,18.06,37.42,5.94
2022-03-21,10.33,14.92,2.4,16.96,3.72,69.07,4.67
2022-03-22,4.51,8.91,0.91,10.11,8.28,63.28,8.91
2022-03-23,3.45,7.0,-0.72,0.01,9.21,58.88,5.35
2022-03-24,5.63,13.66,-2.85,0.0,23.33,52.21,3.09
2022-03-25,8.1,13.82,3.25,0.02,20.32,46.15,3.55
2022-03-26,9.85,18.33,3.0,0.0,22.27,44.15,2.4
2022-03-27,7.62,14.98,0.95,0.0,20.94,43.42,3.77
2022-03-28,10.17,18.99,2.46,0.0,22.13,59.55,3.43
2022-03-29,17.02,28.27,8.2,0.31,20.12,57.59,4.95
2022-03-30,4.69,9.37,-1.05,0.51,17.12,53.11,7.22
2022-03-31,4.58,12.16,-1.53,0.95,23.01,52.67,3.54
2022-04-01,9.32,19.73,-0.2,0.27,16.36,55.8,4.15
2022-04-02,10.64,18.96,1.43,0.0,23.19,54.07,2.25
2022-04-03,11.87,20.14,5.91,0.0,15.5,55.8,3.95
2022-04-04,10.64,18.14,5.15,0.0,18.31,47.28,2.87
2022-04-05,12.52,22.27,5.23,0.01,19.86,55.98,4.78
2022-04-06,9.49,15.65,3.93,0.0,22.94,32.05,6.98
2022-04-07,8.03,12.39,2.85,0.0,15.66,41.71,7.61
2022-04-08,6.51,13.85,0.79,0.0,26.87,37.82,4.95
2022-04-09,13.58,26.35,0.09,0.0,23.92,34.0,3.56
2022-04-10,14.16,21.99,8.21,0.0,25.47,37.99,4.7
2022-04-11,13.79,21.37,6.63,0.0,24.95,41.86,3.37
2022-04-12,19.57,33.36,7.24,3.03,25.47,45.87,7.12
2022-04-13,5.58,9.07,2.48,0.48,23.5,36.73,4.87
2022-04-14,9.66,18.65,-1.22,0.0,25.94,32.04,3.41
2022-04-15,11.0,19.48,4.25,0.04,26.01,44.29,3.54
2022-04-16,7.65,14.3,1.44,0.0,25.46,36.25,4.28
2022-04-17,10.83,19.69,4.65,0.04,23.31,48.08,2.8
2022-04-18,8.17,15.27,2.0,0.0,25.38,44.25,2.56
2022-04-19,12.51,22.06,2.15,0.0,11.69,48.61,6.34
2022-04-20,16.92,25.19,10.7,0.01,22.65,56.6,5.01
2022-04-21,19.65,27.32,9.48,0.2,12.04,64.3,5.67
2022-04-22,23.69,28.18,19.44,1.73,21.82,66.99,9.14
2022-04-23,21.15,28.46,10.12,3.57,27.08,38.39,6.73
2022-04-24,13.59,21.88,6.62,0.41,27.23,41.41,3.75
2022-04-25,10.16,17.5,3.46,0.0,26.57,41.74,3.15
2022-04-26,14.05,23.36,2.54,0.0,27.89,34.22,4.36
2022-04-27,19.57,29.96,9.4,0.38,22.24,51.33,6.55
2022-04-28,21.59,28.46,14.35,0.33,24.76,68.21,4.03
2022-04-29,22.48,32.82,13.06,0.75,23.41,55.77,4.99
2022-04-30,15.79,22.55,9.86,0.0,26.84,42.71,5.41
2022-05-01,15.02,23.21,6.49,0.06,22.7,43.15,2.27
2022-05-02,9.92,14.32,4.85,12.93,3.95,82.52,5.6
2022-05-03,10.36,17.66,3.7,0.0,15.1,61.57,3.01
2022-05-04,10.13,13.7,6.21,4.57,5.8,86.5,3.43
2022-05-05,8.84,11.22,6.36,20.3,4.45,87.44,3.4
2022-05-06,15.25,24.86,6.48,0.05,24.0,72.06,2.09
2022-05-07,19.89,28.07,10.38,0.01,26.51,70.11,5.96
2022-05-08,23.95,30.01,18.87,0.12,22.07,69.89,3.73
2022-05-09,26.31,36.01,17.39,0.0,30.07,38.83,5.32
2022-05-10,23.82,32.4,13.65,0.0,28.92,58.88,2.73
2022-05-11,26.1,33.14,20.63,0.0,23.87,66.94,5.75
2022-05-12,27.37,34.07,21.15,2.54,22.68,55.88,5.45
2022-05-13,21.09,27.98,14.28,0.06,28.59,40.88,3.31
2022-05-14,23.69,32.59,13.6,1.75,23.4,53.09,1.85
2022-05-15,21.45,29.56,14.99,1.14,27.13,67.6,2.67
2022-05-16,22.29,31.08,13.59,0.02,29.29,48.4,2.59
2022-05-17,24.34,32.74,16.67,10.19,25.13,62.01,3.83
2022-05-18,23.38,30.73,16.78,3.07,28.26,62.67,2.05
2022-05-19,27.13,35.25,18.1,0.03,26.09,48.68,5.06
2022-05-20,17.98,24.21,11.81,0.0,27.83,40.17,4.83
2022-05-21,12.4,16.88,7.61,0.0,17.99,44.24,4.13
2022-05-22,14.72,22.36,5.99,0.0,25.5,38.51,1.99
2022-05-23,13.67,19.5,9.31,4.87,11.38,62.92,2.79
2022-05-24,11.83,13.4,9.88,40.98,5.25,89.18,4.78
2022-05-25,10.16,11.96,8.25,30.87,5.09,87.12,5.88
2022-05-26,15.68,23.14,8.15,1.29,27.0,65.03,4.24
2022-05-27,21.09,30.56,11.25,0.03,29.18,61.79,3.79
2022-05-28,24.46,32.23,15.29,0.78,28.14,65.96,5.56
2022-05-29,27.21,33.15,22.5,0.01,20.08,53.58,7.15
2022-05-30,25.45,31.56,18.32,2.4,30.47,48.9,5.96
2022-05-31,18.6,24.69,13.02,8.93,26.48,59.28,3.09
2022-06-01,15.5,18.3,10.88,5.28,12.3,69.67,3.31
2022-06-02,17.7,24.03,9.38,0.0,29.87,62.56,1.68
2022-06-03,19.85,26.62,13.68,6.41,29.97,60.54,2.89
2022-06-04,20.84,26.21,14.53,22.72,23.9,80.29,3.51
2022-06-05,21.13,24.71,17.16,14.63,20.41,88.65,2.77
2022-06-06,24.22,30.25,18.1,6.09,26.15,73.77,1.51
2022-06-07,23.02,28.49,18.19,6.4,28.04,77.62,1.42
2022-06-08,20.73,25.6,16.24,4.55,25.21,68.18,2.99
2022-06-09,20.95,26.54,13.62,2.52,15.05,68.44,3.02
2022-06-10,24.16,29.62,19.61,4.63,23.05,74.45,2.11
2022-06-11,27.45,35.41,18.68,0.01,29.32,71.12,2.64
2022-06-12,27.52,33.02,22.03,0.09,20.27,74.3,2.84
2022-06-13,30.39,38.19,23.57,0.0,29.69,43.89,7.14
2022-06-14,29.7,36.7,24.05,0.22,27.66,49.09,5.26
2022-06-15,25.67,30.68,20.98,0.0,29.85,53.63,3.02
2022-06-16,30.2,39.44,20.84,0.0,29.16,52.69,3.28
2022-06-17,30.68,39.53,22.16,0.0,30.19,43.05,3.82
2022-06-18,29.85,37.03,22.09,0.0,29.57,50.1,4.49
2022-06-19,29.32,34.79,23.98,0.04,28.7,55.68,5.31
2022-06-20,30.79,38.38,23.02,0.02,29.11,50.85,6.04
2022-06-21,28.84,36.89,21.66,6.99,25.54,50.81,3.06
2022-06-22,24.38,28.64,19.83,4.92,11.98,62.54,2.18
2022-06-23,28.2,36.76,21.55,7.41,22.02,62.5,4.42
2022-06-24,32.07,40.63,24.02,0.0,27.89,41.77,5.22
2022-06-25,27.52,31.27,21.41,0.2,20.1,49.84,4.47
2022-06-26,19.77,22.63,16.91,0.61,14.44,48.82,2.62
2022-06-27,20.9,27.71,14.92,0.14,18.36,49.34,2.31
2022-06-28,24.08,33.53,13.41,0.0,30.85,51.65,3.11
2022-06-29,26.96,35.23,18.69,0.0,31.43,43.02,4.82
2022-06-30,29.31,39.18,19.33,0.12,29.6,42.0,4.7
2022-07-01,26.21,33.25,21.46,10.53,17.94,65.24,3.17
2022-07-02,25.86,31.7,21.25,5.17,24.52,73.73,1.63
2022-07-03,26.63,30.62,21.87,0.8,25.85,69.69,3.54
2022-07-04,30.4,38.44,22.35,0.01,29.19,51.98,5.22
2022-07-05,32.19,40.74,23.19,0.12,28.32,42.76,4.6
2022-07-06,30.6,38.97,23.25,11.95,23.62,57.78,2.55
2022-07-07,29.04,34.95,23.24,6.06,27.55,62.72,1.5
2022-07-08,27.54,33.58,22.25,0.05,28.87,64.08,3.01
2022-07-09,27.72,34.67,20.99,0.0,29.89,61.51,2.25
2022-07-10,30.08,39.83,20.54,0.01,29.95,49.3,4.12
2022-07-11,28.62,36.22,22.39,0.04,27.47,46.01,3.81
2022-07-12,26.57,33.76,19.56,0.0,29.62,45.4,2.14
2022-07-13,29.17,37.8,19.7,0.04,29.51,42.03,3.68
2022-07-14,31.73,40.5,22.39,0.0,28.96,33.33,5.14
2022-07-15,33.85,42.75,25.73,0.36,26.57,32.85,2.75
2022-07-16,32.76,43.05,24.92,0.78,20.84,38.19,1.73
2022-07-17,29.67,36.95,23.56,1.01,29.05,58.2,3.11
2022-07-18,29.96,38.62,20.83,0.0,29.1,47.0,2.6
2022-07-19,33.83,44.31,23.45,0.0,25.51,33.07,3.41
2022-07-20,31.27,39.25,23.08,0.01,27.65,32.76,2.61
2022-07-21,31.44,39.87,22.87,0.33,22.29,36.28,2.7
2022-07-22,33.14,40.97,24.96,0.93,28.09,41.01,4.53
2022-07-23,34.12,42.25,25.26,0.0,28.58,34.85,5.22
2022-07-24,29.39,35.09,23.48,0.61,19.49,45.3,4.23
2022-07-25,26.47,36.57,20.46,1.85,14.59,59.71,3.22
2022-07-26,24.82,32.11,20.49,4.63,20.54,73.24,2.61
2022-07-27,26.86,33.86,20.77,6.37,23.75,69.37,1.95
2022-07-28,23.52,29.1,18.42,23.79,14.4,81.45,2.69
2022-07-29,20.22,24.39,17.09,10.0,10.68,76.84,1.51
2022-07-30,21.3,26.64,16.29,1.78,17.19,74.37,2.09
2022-07-31,26.96,33.79,19.69,0.06,26.18,72.42,2.28
2022-08-01,29.09,36.61,21.48,0.01,27.44,65.36,2.3
2022-08-02,30.3,38.74,22.77,0.0,26.15,50.57,4.32
2022-08-03,30.44,37.02,25.16,0.26,21.88,52.31,3.29
2022-08-04,29.68,36.81,22.81,0.0,27.16,56.36,3.93
2022-08-05,31.46,39.45,23.35,0.0,27.04,52.02,3.67
2022-08-06,32.89,40.63,25.41,0.0,24.97,41.8,5.83
2022-08-07,32.52,40.57,25.36,0.37,23.09,44.8,3.97
2022-08-08,26.33,32.44,19.82,0.13,23.0,54.3,3.43
2022-08-09,27.15,35.9,20.05,0.1,27.12,42.8,2.23
2022-08-10,27.79,36.32,19.58,0.06,27.76,43.93,2.24
2022-08-11,27.31,35.76,18.98,0.0,28.3,38.55,2.28
2022-08-12,28.74,37.96,19.26,0.0,28.03,37.69,3.54
2022-08-13,30.78,39.66,21.89,0.0,27.25,36.86,3.29
2022-08-14,32.01,40.37,23.13,0.0,25.83,36.64,2.98
2022-08-15,32.7,40.74,24.12,0.03,25.26,34.94,3.47
2022-08-16,24.25,27.78,19.16,1.43,7.95,65.68,3.8
2022-08-17,23.51,29.56,18.89,0.01,13.92,60.13,2.23
2022-08-18,26.1,33.61,17.94,0.17,25.34,43.41,1.05
2022-08-19,26.98,34.21,21.86,6.55,18.87,48.23,2.7
2022-08-20,25.66,32.36,19.3,0.06,23.71,54.14,2.38
2022-08-21,25.24,32.57,18.32,0.0,26.05,48.92,2.17
2022-08-22,25.16,32.54,18.27,0.0,24.65,49.64,1.84
2022-08-23,25.82,33.39,18.11,0.0,25.45,47.46,1.64
2022-08-24,27.28,35.46,18.53,0.0,25.46,42.18,1.9
2022-08-25,28.94,37.08,20.21,0.0,25.0,37.46,1.95
2022-08-26,29.81,37.5,22.53,0.0,24.56,37.11,3.75
2022-08-27,26.19,30.64,22.48,9.78,7.25,59.92,4.39
2022-08-28,29.32,39.02,20.64,0.14,24.81,56.39,3.38
2022-08-29,29.41,37.11,22.86,1.64,22.72,57.83,1.69
2022-08-30,26.97,34.3,20.86,0.39,24.6,47.82,2.64
2022-08-31,27.18,35.79,19.1,0.0,24.59,40.67,2.33
2022-09-01,27.22,34.91,19.61,0.36,21.09,45.3,2.44
2022-09-02,28.11,36.88,20.44,0.75,23.04,56.44,2.01
2022-09-03,26.23,33.98,18.2,0.0,23.28,41.24,3.11
2022-09-04,22.14,30.49,14.27,0.0,24.97,39.98,1.95
2022-09-05,24.75,33.41,16.08,0.0,23.98,54.26,1.87
2022-09-06,27.17,36.94,18.06,0.0,22.91,45.16,2.18
2022-09-07,27.58,36.63,19.38,0.0,21.64,41.9,2.22
2022-09-08,26.92,35.95,19.24,0.0,20.26,40.71,3.89
2022-09-09,26.96,36.17,18.46,0.02,21.0,42.48,2.86
2022-09-10,16.11,20.1,12.61,1.88,4.87,72.8,4.27
2022-09-11,18.47,26.42,10.29,0.0,23.95,45.2,1.96
2022-09-12,22.49,32.09,13.22,0.01,23.54,40.19,2.97
2022-09-13,26.01,34.95,17.26,0.0,20.62,47.88,3.68
2022-09-14,27.11,33.98,20.34,0.0,18.11,46.14,5.32
2022-09-15,26.1,32.97,20.6,5.78,19.59,44.94,5.98
2022-09-16,25.48,32.93,18.07,0.71,20.97,52.4,3.05
2022-09-17,27.78,36.25,21.89,4.05,19.07,55.33,3.88
2022-09-18,29.27,39.04,21.82,0.1,20.77,46.69,3.84
2022-09-19,29.49,37.47,21.55,0.0,20.22,44.96,4.34
2022-09-20,30.66,38.9,23.35,0.37,20.73,40.04,4.56
2022-09-21,22.94,29.27,14.32,8.52,17.04,58.37,3.98
2022-09-22,13.69,16.45,11.45,19.31,5.06,76.71,3.45
2022-09-23,18.35,28.53,11.71,1.6,11.47,72.63,2.38
2022-09-24,22.57,30.99,13.92,0.0,20.9,54.73,1.53
2022-09-25,18.83,25.32,12.9,0.0,20.92,48.15,3.24
2022-09-26,19.08,27.93,10.65,0.0,20.44,49.14,1.36
2022-09-27,20.2,29.73,12.18,0.0,20.41,50.36,2.32
2022-09-28,18.54,27.22,11.68,0.0,20.37,46.72,3.4
2022-09-29,18.87,28.0,10.95,0.0,19.76,41.01,4.26
2022-09-30,20.73,29.2,14.08,0.16,17.5,42.2,4.78
2022-10-01,20.53,30.42,13.07,0.08,18.43,40.98,3.51
2022-10-02,19.64,29.18,11.74,0.0,19.6,34.21,2.89
2022-10-03,19.71,29.16,11.51,0.0,18.99,34.29,3.39
2022-10-04,19.41,28.76,12.42,0.19,11.4,43.9,2.27
2022-10-05,19.31,26.5,13.21,0.06,16.25,54.47,2.02
2022-10-06,19.36,27.8,11.89,0.0,18.49,47.42,2.91
2022-10-07,9.99,14.75,7.0,1.75,8.01,56.33,3.85
2022-10-08,12.35,20.28,6.47,0.14,15.62,60.59,2.18
2022-10-09,16.15,25.2,7.76,0.0,18.54,58.15,1.61
2022-10-10,18.73,26.76,11.21,0.04,15.38,53.21,2.63
2022-10-11,21.76,30.49,15.33,0.19,17.46,60.53,5.66
2022-10-12,15.28,24.96,8.73,0.38,17.09,43.48,4.15
2022-10-13,13.18,19.88,8.69,0.0,18.06,36.85,4.12
2022-10-14,16.74,28.75,7.58,0.0,16.93,39.81,3.58
2022-10-15,15.49,24.07,7.47,0.0,15.69,53.2,1.67
2022-10-16,13.24,20.19,5.99,0.0,14.04,49.41,3.44
2022-10-17,7.81,14.72,2.46,0.0,17.01,37.79,2.89
2022-10-18,4.66,10.95,0.34,0.0,17.07,31.06,2.56
2022-10-19,11.54,22.31,0.29,0.0,16.47,33.68,1.59
2022-10-20,15.7,26.35,6.78,0.0,16.04,37.46,2.83
2022-10-21,17.87,30.25,9.1,0.0,15.69,33.65,2.44
2022-10-22,17.94,29.31,8.78,0.0,16.03,38.77,3.03
2022-10-23,23.81,31.9,16.98,0.65,13.34,48.06,7.34
2022-10-24,11.67,16.42,7.54,3.86,9.97,44.34,3.97
2022-10-25,10.48,19.07,3.74,0.0,16.06,44.03,2.36
2022-10-26,12.23,18.98,7.38,0.0,12.19,41.32,3.28
2022-10-27,10.85,15.15,7.84,2.02,5.87,65.47,4.69
2022-10-28,11.86,19.31,7.18,0.09,14.11,72.72,2.2
2022-10-29,13.15,21.5,6.62,0.0,14.07,50.51,1.49
2022-10-30,12.73,20.11,7.36,0.0,7.68,49.66,2.21
2022-10-31,13.11,22.89,4.86,0.0,14.27,47.0,2.2
2022-11-01,16.93,25.82,9.75,0.0,14.13,52.81,5.0
2022-11-02,17.69,25.03,12.44,0.0,13.63,65.35,7.07
2022-11-03,17.63,23.39,12.02,5.27,9.76,75.44,5.41
2022-11-04,3.94,9.07,1.93,15.05,4.55,80.45,4.77
2022-11-05,8.34,18.55,0.15,0.0,13.69,56.85,3.96
2022-11-06,9.01,17.0,3.54,0.07,13.45,56.34,2.96
2022-11-07,9.0,15.54,3.21,0.19,12.64,55.64,3.87
2022-11-08,17.4,22.81,10.9,0.11,3.61,86.26,5.73
2022-11-09,20.01,25.05,16.28,0.03,6.92,79.2,7.72
2022-11-10,10.49,18.2,0.86,0.08,12.22,53.38,5.58
2022-11-11,-1.43,3.96,-5.57,0.0,12.25,48.53,4.75
2022-11-12,-2.16,5.16,-6.82,0.0,13.75,54.65,2.27
2022-11-13,2.03,11.49,-5.28,0.0,11.99,54.04,5.22
2022-11-14,-1.9,-0.05,-5.8,3.12,2.62,76.76,2.67
2022-11-15,-0.96,5.18,-5.73,0.19,12.43,65.65,2.5
2022-11-16,-2.68,3.56,-7.14,0.0,12.04,61.45,3.12
2022-11-17,-0.69,5.31,-4.2,0.0,6.37,66.56,3.19
2022-11-18,-4.71,-1.05,-6.23,0.0,10.47,46.53,3.35
2022-11-19,-1.82,3.24,-5.51,0.0,12.62,52.45,3.67
2022-11-20,1.31,11.42,-3.9,0.0,12.56,50.27,3.42
2022-11-21,3.41,12.04,-3.37,0.0,12.48,45.48,1.71
2022-11-22,4.64,16.32,-2.34,0.0,11.95,66.48,2.3
2022-11-23,6.16,13.67,0.12,0.0,10.12,82.1,2.88
2022-11-24,5.16,10.48,0.75,0.0,10.58,73.54,3.95
2022-11-25,4.09,12.7,-3.13,0.0,12.01,49.99,1.81
2022-11-26,4.4,9.69,0.65,1.96,3.9,69.72,1.91
2022-11-27,2.6,7.26,-0.47,0.06,9.96,59.71,3.85
2022-11-28,4.98,12.89,-2.08,0.0,10.39,64.9,3.74
2022-11-29,-0.22,4.98,-5.02,0.0,4.12,64.93,5.22
2022-11-30,-1.59,4.98,-5.97,0.0,11.41,57.83,2.58
2022-12-01,4.22,12.69,-2.48,0.0,11.02,53.39,6.94
2022-12-02,7.37,22.92,-3.65,0.0,9.96,57.43,7.05
2022-12-03,-1.03,5.52,-6.88,0.0,7.69,47.12,2.51
2022-12-04,2.48,8.1,-1.64,0.0,7.4,52.23,1.57
2022-12-05,4.3,12.51,-0.42,0.0,9.12,64.0,2.56
2022-12-06,0.84,6.92,-3.99,0.0,9.22,63.58,1.95
2022-12-07,2.91,11.58,-1.91,0.0,8.41,65.69,1.71
2022-12-08,1.9,8.19,-1.09,0.2,2.36,88.8,2.01
2022-12-09,2.0,7.88,-3.42,0.0,9.19,66.11,1.98
2022-12-10,3.43,11.4,-1.73,0.05,10.4,64.91,1.87
2022-12-11,2.11,9.71,-3.41,0.01,8.87,76.22,3.12
2022-12-12,7.54,10.51,3.27,9.25,2.83,95.3,5.67
2022-12-13,5.34,10.69,-2.29,1.84,9.99,61.44,7.03
2022-12-14,-1.06,2.53,-3.72,0.01,7.01,54.39,6.25
2022-12-15,-1.57,3.51,-4.4,0.0,10.41,55.45,5.45
2022-12-16,-2.2,2.61,-5.35,0.0,9.36,50.03,5.43
2022-12-17,-1.55,5.12,-5.27,0.0,10.12,56.04,2.74
2022-12-18,0.74,7.67,-3.93,0.18,6.92,59.42,3.51
2022-12-19,0.28,6.47,-6.95,2.84,7.21,83.16,3.43
2022-12-20,-6.56,-2.81,-9.27,0.0,9.99,57.64,3.16
2022-12-21,-3.8,1.94,-15.1,0.39,1.93,78.47,4.33
2022-12-22,-17.6,-14.63,-20.55,0.47,7.1,47.99,8.31
2022-12-23,-12.65,-7.48,-17.08,0.0,6.75,39.89,5.36
2022-12-24,-7.46,-2.42,-13.13,0.0,7.63,43.36,1.31
2022-12-25,-2.54,4.5,-9.85,1.0,6.07,65.07,2.87
2022-12-26,-4.37,2.6,-8.31,0.03,10.18,66.56,4.46
2022-12-27,0.33,9.12,-5.98,0.0,8.56,68.92,5.49
2022-12-28,4.76,13.39,-0.76,0.01,7.06,79.96,2.38
2022-12-29,1.23,5.91,-2.19,0.02,6.76,91.5,3.24
2022-12-30,1.46,8.98,-2.41,0.0,9.65,82.75,1.83
2022-12-31,4.08,11.63,-1.34,0.0,9.7,75.02,1.94
2023-01-01,3.77,10.52,-0.58,0.01,5.91,82.0,2.14
2023-01-02,1.85,5.0,-0.14,4.38,2.89,94.65,2.22
2023-01-03,-0.31,4.43,-2.57,0.03,5.39,78.47,5.24
2023-01-04,-0.33,5.36,-3.89,0.01,8.49,69.04,3.53
2023-01-05,0.56,6.91,-3.76,0.0,11.03,52.85,3.13
2023-01-06,0.94,7.12,-2.86,0.0,9.16,70.1,2.25
2023-01-07,-0.12,5.99,-2.73,0.0,9.22,70.54,2.68
2023-01-08,2.3,12.04,-2.67,0.0,10.29,67.88,2.1
2023-01-09,2.45,12.91,-2.81,0.0,10.78,67.65,2.41
2023-01-10,4.4,12.56,-0.61,0.0,6.53,54.94,2.12
2023-01-11,1.68,6.73,-0.38,0.54,5.4,84.76,3.79
2023-01-12,-0.02,6.26,-4.1,0.02,10.43,71.82,4.37
2023-01-13,0.07,7.53,-4.09,0.0,9.7,75.26,1.69
2023-01-14,3.29,11.93,-2.61,0.0,6.79,67.68,4.37
2023-01-15,6.4,14.84,-0.64,0.0,6.29,67.65,4.11
2023-01-16,5.26,14.71,0.0,0.0,10.25,73.82,3.74
2023-01-17,3.81,10.42,-0.88,0.86,6.74,79.5,3.04
2023-01-18,2.18,9.35,-4.02,7.04,4.57,86.19,4.69
2023-01-19,-0.02,7.48,-4.01,0.04,10.72,71.19,4.3
2023-01-20,1.54,9.36,-3.13,0.0,11.43,65.21,1.52
2023-01-21,-0.89,1.51,-2.87,6.25,2.01,90.19,3.24
2023-01-22,-2.11,3.5,-5.74,0.58,11.08,80.81,2.52
2023-01-23,-0.67,5.62,-6.17,0.26,6.11,75.32,2.12
2023-01-24,-0.34,4.41,-2.97,0.82,4.48,81.49,1.59
2023-01-25,-1.7,2.6,-5.33,0.29,11.36,71.75,4.52
2023-01-26,-1.18,2.97,-4.71,0.34,10.46,68.59,3.74
2023-01-27,3.06,10.1,-1.76,0.0,12.6,65.8,2.96
2023-01-28,-1.82,5.62,-9.62,0.01,9.95,75.11,4.54
2023-01-29,-10.06,-6.95,-11.92,0.03,4.96,56.77,5.54
2023-01-30,-10.53,-7.51,-13.04,0.01,7.94,57.5,2.99
2023-01-31,-8.04,-2.63,-12.46,0.0,13.77,52.24,1.29
2023-02-01,-4.0,3.07,-10.67,0.0,13.07,50.82,2.39
2023-02-02,-1.09,7.65,-5.59,0.0,13.69,65.27,3.59
2023-02-03,-0.45,8.98,-7.18,0.0,13.66,61.15,3.32
2023-02-04,3.25,11.94,-0.41,0.0,11.11,67.9,2.96
2023-02-05,3.91,13.81,-1.46,0.0,11.4,67.03,2.13
2023-02-06,6.31,16.1,1.01,0.0,13.59,68.1,4.41
2023-02-07,3.42,11.44,-3.61,0.0,15.17,63.39,2.92
2023-02-08,3.29,10.7,-2.41,0.01,10.02,60.16,1.88
2023-02-09,1.58,7.4,-4.22,0.02,10.88,70.16,5.99
2023-02-10,-1.46,5.15,-5.82,0.0,16.06,46.63,3.15
2023-02-11,1.83,11.6,-4.22,0.0,15.7,40.13,3.49
2023-02-12,2.1,9.28,-3.28,0.0,11.32,57.14,3.58
2023-02-13,6.01,16.28,-2.98,0.3,15.17,58.46,3.31
2023-02-14,7.68,14.51,1.58,2.56,9.53,71.38,4.82
2023-02-15,-1.38,0.46,-5.16,0.4,4.9,69.49,5.03
2023-02-16,-4.06,1.59,-6.86,0.1,9.75,59.87,5.59
2023-02-17,0.32,9.51,-5.88,0.0,17.23,43.7,3.33
2023-02-18,3.04,10.3,-1.91,0.0,9.92,48.97,5.3
2023-02-19,5.15,15.16,-2.1,0.0,15.05,51.73,2.26
2023-02-20,7.95,17.7,-1.39,0.0,16.36,47.11,1.83
2023-02-21,8.86,18.25,-1.72,0.0,12.3,61.61,4.14
2023-02-22,0.09,13.12,-8.59,0.0,4.36,63.77,5.55
2023-02-23,-7.35,-2.67,-11.35,0.0,18.03,37.42,5.58
2023-02-24,-6.41,-0.61,-12.34,0.0,12.81,49.75,2.41
2023-02-25,-0.96,5.21,-7.52,0.0,14.65,60.34,2.09
2023-02-26,5.57,11.89,-1.43,12.39,15.33,85.24,3.76
2023-02-27,8.94,18.03,2.12,0.01,18.18,58.2,5.51
2023-02-28,7.53,20.48,-2.11,0.0,18.79,56.41,3.44
2023-03-01,5.94,14.9,-1.32,0.0,19.09,41.23,3.57
2023-03-02,1.27,6.28,-2.12,0.01,11.69,60.23,4.03
2023-03-03,5.18,16.84,-3.96,0.05,19.07,55.29,2.69
2023-03-04,6.08,13.0,1.3,0.23,18.9,51.58,3.37
2023-03-05,11.35,23.82,3.15,0.01,19.03,54.14,3.58
2023-03-06,6.25,12.88,1.71,0.0,18.48,63.75,4.65
2023-03-07,2.11,5.69,-0.9,0.0,6.99,72.3,2.78
2023-03-08,3.46,9.82,-1.55,0.13,8.75,73.22,3.23
2023-03-09,4.61,12.12,-1.25,0.36,10.61,70.43,3.4
2023-03-10,2.36,8.92,-5.21,0.0,12.86,62.94,2.99
2023-03-11,4.94,11.92,-0.6,0.12,10.32,73.27,4.08
2023-03-12,0.87,7.07,-4.61,0.0,20.28,53.04,4.22
2023-03-13,-0.87,5.89,-5.03,0.0,13.62,52.57,2.47
2023-03-14,5.08,14.61,-4.13,0.0,19.7,58.66,4.86
2023-03-15,12.3,20.83,3.21,0.0,16.25,64.35,7.78
2023-03-16,4.25,14.57,-2.63,1.27,5.67,60.54,6.95
2023-03-17,1.75,9.18,-5.35,0.0,21.28,45.08,4.13
2023-03-18,-3.11,2.75,-6.87,0.0,23.26,44.9,3.98
2023-03-19,1.72,10.61,-6.93,0.0,22.7,36.41,4.19
2023-03-20,7.55,15.51,-0.02,0.0,15.11,52.89,6.74
2023-03-21,11.93,22.08,5.2,0.0,18.49,60.6,3.77
2023-03-22,11.97,19.38,4.69,0.0,9.18,65.56,2.87
2023-03-23,4.15,9.27,-0.29,0.1,13.37,67.79,3.99
2023-03-24,5.56,12.46,-1.78,1.46,11.92,66.48,2.4
2023-03-25,6.45,13.67,-0.26,1.07,15.75,63.65,2.63
2023-03-26,3.17,10.68,-2.16,0.03,11.24,65.12,3.47
2023-03-27,2.51,9.49,-3.39,0.28,14.98,61.05,2.5
2023-03-28,3.69,12.33,-5.23,0.0,24.57,49.86,2.18
2023-03-29,10.58,21.26,1.24,0.0,22.65,40.76,3.3
2023-03-30,13.65,21.2,5.87,0.01,17.92,79.72,7.08
2023-03-31,12.45,19.21,3.64,0.0,21.25,40.9,5.82
2023-04-01,9.64,19.54,0.01,0.0,25.01,39.64,3.87
2023-04-02,14.99,26.27,4.84,0.0,24.48,40.8,3.2
2023-04-03,13.22,21.99,6.76,0.0,22.41,67.37,3.68
2023-04-04,11.42,24.04,0.36,0.0,23.38,50.51,3.91
2023-04-05,3.62,11.84,-2.71,0.0,26.63,40.54,4.57
2023-04-06,7.38,17.28,-3.18,0.0,26.4,37.46,1.93
2023-04-07,10.76,20.63,0.99,0.0,25.99,36.71,3.54
2023-04-08,14.49,24.52,4.16,0.0,25.3,34.88,4.5
2023-04-09,13.76,21.2,7.99,0.7,15.97,63.02,2.59
2023-04-10,16.93,26.26,8.38,0.01,24.51,55.79,2.82
2023-04-11,18.79,28.3,8.4,0.0,25.81,50.82,4.14
2023-04-12,21.23,31.33,12.14,0.0,26.06,45.33,6.69
2023-04-13,21.26,30.35,13.07,0.0,26.24,39.1,6.92
2023-04-14,20.64,31.55,10.02,8.6,22.1,47.15,4.38
2023-04-15,9.33,13.54,4.97,2.3,11.61,53.23,5.82
2023-04-16,9.89,17.84,3.05,0.0,27.14,36.54,4.39
2023-04-17,16.06,28.58,2.66,0.3,26.44,37.0,3.25
2023-04-18,21.02,31.14,10.16,0.0,24.2,52.09,5.76
2023-04-19,20.66,26.98,12.7,3.26,19.21,47.33,3.01
2023-04-20,12.91,18.84,7.95,1.24,25.91,39.08,5.17
2023-04-21,10.57,17.44,4.47,0.0,25.15,35.73,3.05
2023-04-22,6.22,12.42,1.02,0.0,25.41,41.3,3.87
2023-04-23,9.66,17.86,0.34,0.0,24.68,36.68,1.49
2023-04-24,10.23,15.45,4.95,0.29,11.84,53.62,3.91
2023-04-25,9.94,13.58,7.54,1.69,7.59,83.23,3.33
2023-04-26,10.69,17.05,6.71,4.86,8.93,76.59,2.24
2023-04-27,12.73,19.36,4.54,1.22,15.17,68.55,1.57
2023-04-28,8.82,12.66,5.72,2.38,9.34,67.26,5.42
2023-04-29,14.32,25.9,3.33,0.0,28.74,39.72,4.15
2023-04-30,11.72,18.87,4.99,0.0,28.77,34.21,4.3
2023-05-01,11.59,20.78,1.83,0.0,29.18,38.77,2.38
2023-05-02,12.8,22.25,3.47,0.0,27.64,36.37,2.3
2023-05-03,16.25,25.12,9.11,0.1,23.6,43.98,2.81
2023-05-04,17.98,25.59,12.46,0.78,21.84,75.58,3.92
2023-05-05,21.22,29.85,13.63,0.47,22.85,68.73,2.97
2023-05-06,22.28,32.3,10.46,0.02,27.48,39.58,2.54
2023-05-07,24.9,35.23,16.96,0.01,27.92,49.52,3.24
2023-05-08,22.55,31.15,14.25,0.02,28.72,49.37,3.6
2023-05-09,22.86,28.73,16.66,15.73,15.53,67.98,4.0
2023-05-10,22.72,29.48,17.65,3.3,21.66,69.98,3.98
2023-05-11,22.11,27.6,16.71,0.44,17.17,75.01,4.28
2023-05-12,21.77,29.82,13.78,0.02,28.73,52.34,3.8
2023-05-13,20.62,26.74,14.55,0.06,22.9,58.5,2.62
2023-05-14,19.06,22.23,16.64,8.74,9.83,81.49,2.84
2023-05-15,14.31,17.1,10.32,14.69,9.72,83.92,3.73
2023-05-16,17.11,25.09,9.11,0.03,20.91,69.82,2.33
2023-05-17,19.66,26.82,11.94,0.13,29.62,59.51,1.72
2023-05-18,20.18,26.15,13.7,5.14,19.82,69.19,1.48
2023-05-19,14.89,20.12,8.97,17.21,14.72,68.39,3.66
2023-05-20,15.48,23.17,6.64,0.0,30.53,56.47,1.4
2023-05-21,18.75,26.07,9.8,0.35,26.87,61.33,2.44
2023-05-22,18.78,24.72,14.4,0.5,16.53,74.45,2.34
2023-05-23,20.3,26.63,13.93,0.08,19.66,66.35,2.4
2023-05-24,20.5,26.75,14.06,0.08,22.48,66.4,2.23
2023-05-25,19.22,23.15,14.47,1.0,14.2,74.47,2.82
2023-05-26,21.71,27.56,15.45,0.05,22.22,64.99,3.3
2023-05-27,22.52,28.76,15.15,0.0,18.46,59.74,3.88
2023-05-28,21.49,26.08,16.65,3.21,19.99,72.96,3.63
2023-05-29,23.44,30.9,16.78,0.53,28.77,66.82,2.73
2023-05-30,25.16,32.93,17.05,0.88,25.77,60.93,2.39
2023-05-31,25.42,32.69,17.31,0.96,26.89,59.7,2.22
2023-06-01,21.39,23.76,19.25,11.71,14.8,82.94,3.92
2023-06-02,21.12,25.19,17.93,18.54,9.91,86.23,2.91
2023-06-03,21.41,26.52,16.29,8.17,15.02,78.96,2.98
2023-06-04,22.72,27.53,16.83,2.47,23.52,69.53,2.07
2023-06-05,23.67,29.77,17.13,3.34,23.45,62.11,1.56
2023-06-06,23.41,29.5,16.94,0.7,26.58,64.37,1.33
2023-06-07,24.54,31.21,17.08,0.07,29.2,61.46,1.76
2023-06-08,26.39,33.2,18.37,0.06,28.76,56.11,1.32
2023-06-09,25.89,32.34,19.45,11.0,22.44,60.74,1.58
2023-06-10,22.42,27.8,19.22,12.82,24.21,76.67,2.0
2023-06-11,21.32,25.45,16.79,0.23,19.52,69.74,3.58
2023-06-12,17.56,22.85,13.81,0.1,25.24,59.36,2.0
2023-06-13,20.36,25.74,14.04,8.83,24.73,70.91,1.47
2023-06-14,21.52,27.53,15.45,0.55,26.54,64.58,1.31
2023-06-15,23.55,31.16,15.43,2.39,24.87,60.28,2.51
2023-06-16,24.1,30.28,17.76,11.63,27.98,65.95,1.34
2023-06-17,22.29,26.56,17.89,7.54,25.81,72.52,1.73
2023-06-18,23.56,30.48,17.34,5.46,29.98,64.65,2.02
2023-06-19,25.62,32.89,17.94,0.0,30.64,57.58,4.12
2023-06-20,26.01,32.71,18.74,8.69,22.36,69.24,3.98
2023-06-21,23.86,27.93,20.46,11.41,12.63,85.57,2.62
2023-06-22,24.32,30.25,18.13,0.9,21.23,67.34,1.72
2023-06-23,25.02,30.07,19.67,0.02,26.39,66.96,3.02
2023-06-24,26.92,34.14,20.2,0.01,31.0,53.59,2.96
2023-06-25,24.14,31.74,17.49,0.0,30.7,45.86,3.35
2023-06-26,24.78,32.36,16.12,0.0,29.18,45.51,1.33
2023-06-27,25.54,32.84,18.42,4.99,20.8,56.29,4.42
2023-06-28,30.46,38.33,22.36,0.84,25.36,54.81,3.14
2023-06-29,30.81,39.25,22.33,1.09,27.15,47.78,1.7
2023-06-30,27.28,32.65,22.28,11.34,22.38,64.28,1.59
2023-07-01,24.25,30.66,19.68,4.1,24.91,67.99,2.46
2023-07-02,25.31,32.39,17.32,0.0,29.95,56.97,1.73
2023-07-03,27.22,34.47,20.39,1.44,27.76,53.63,2.68
2023-07-04,29.16,38.09,20.59,5.5,29.07,56.55,3.37
2023-07-05,22.71,28.07,18.35,6.58,14.11,72.31,2.98
2023-07-06,22.4,27.28,17.91,4.71,16.09,68.3,2.4
2023-07-07,25.39,32.73,19.33,5.5,11.16,75.99,3.05
2023-07-08,21.39,27.4,16.38,1.15,23.92,60.34,3.21
2023-07-09,22.38,29.13,14.99,1.85,29.63,56.05,1.37
2023-07-10,25.43,32.5,17.21,4.66,29.26,62.96,3.13
2023-07-11,28.45,35.72,21.15,1.5,29.46,69.57,2.66
2023-07-12,29.17,35.05,23.01,0.02,18.97,67.53,2.6
2023-07-13,28.31,35.12,22.91,0.01,21.6,58.5,2.71
2023-07-14,26.81,33.58,21.3,20.74,17.63,69.15,1.57
2023-07-15,26.28,32.77,18.77,0.04,28.13,58.72,1.63
2023-07-16,27.8,36.04,19.96,4.22,24.89,56.83,2.11
2023-07-17,28.28,35.43,21.54,5.24,27.06,65.8,1.03
2023-07-18,28.73,35.63,21.89,0.14,24.25,65.1,2.49
2023-07-19,26.66,31.41,22.22,1.77,14.68,77.61,2.73
2023-07-20,27.01,33.4,19.36,2.75,21.89,65.12,3.29
2023-07-21,23.93,30.16,17.89,6.95,22.64,61.05,2.11
2023-07-22,26.31,33.49,18.25,2.26,27.37,57.64,1.88
2023-07-23,29.26,37.47,20.61,0.17,28.61,54.81,2.88
2023-07-24,30.92,39.38,23.1,0.0,27.49,53.23,3.22
2023-07-25,30.61,40.64,22.18,0.03,25.1,48.39,3.7
2023-07-26,32.64,42.41,22.93,0.03,27.96,40.66,2.5
2023-07-27,32.07,40.35,24.34,0.08,23.02,42.24,3.0
2023-07-28,31.63,40.7,23.86,0.95,27.15,44.09,3.79
2023-07-29,31.44,39.83,23.07,0.21,24.05,43.45,1.36
2023-07-30,31.15,40.12,23.11,0.63,27.26,44.07,3.57
2023-07-31,31.35,40.71,23.39,0.01,21.7,41.61,2.82
2023-08-01,33.07,41.76,23.96,0.5,26.34,41.41,2.32
2023-08-02,33.05,40.7,25.57,1.5,23.12,37.45,3.42
2023-08-03,28.33,34.15,22.9,11.78,24.35,64.49,3.11
2023-08-04,27.0,32.82,22.09,12.15,26.29,70.51,2.01
2023-08-05,28.2,35.37,21.75,10.33,22.56,59.53,1.76
2023-08-06,24.64,31.08,19.27,0.35,26.97,59.62,4.39
2023-08-07,24.53,30.29,18.58,0.24,24.72,59.14,1.36
2023-08-08,24.84,30.82,19.49,11.89,25.96,69.41,2.14
2023-08-09,24.49,28.69,20.87,24.81,23.65,76.0,2.2
2023-08-10,26.24,33.24,18.61,0.0,26.69,62.46,2.34
2023-08-11,28.23,35.35,20.85,0.81,20.24,65.87,2.09
2023-08-12,26.05,29.34,22.94,2.55,15.25,72.04,1.55
2023-08-13,25.04,31.13,18.77,6.21,16.68,72.48,2.99
2023-08-14,21.79,28.44,14.95,0.0,27.1,54.81,3.37
2023-08-15,23.73,31.0,16.92,0.0,27.44,52.19,1.27
2023-08-16,26.44,35.38,17.47,0.0,26.93,54.46,4.35
2023-08-17,25.39,31.88,19.07,0.0,23.98,52.64,2.95
2023-08-18,26.37,35.84,16.77,0.0,26.12,49.72,3.89
2023-08-19,31.75,43.07,21.47,0.0,26.33,41.66,4.16
2023-08-20,31.01,41.29,22.05,0.0,25.92,37.4,2.24
2023-08-21,31.89,41.37,23.28,0.0,25.39,40.99,2.51
2023-08-22,31.74,40.69,22.94,0.03,25.27,40.42,2.3
2023-08-23,31.94,40.48,24.06,0.12,24.0,46.44,3.5
2023-08-24,32.55,40.25,25.15,0.0,24.82,41.08,3.64
2023-08-25,32.72,41.3,25.07,4.61,23.43,40.35,3.23
2023-08-26,24.6,29.83,20.05,8.28,16.28,66.36,4.02
2023-08-27,23.41,30.64,17.38,0.0,25.49,53.15,2.18
2023-08-28,24.79,32.91,17.02,0.04,23.98,49.12,1.39
2023-08-29,26.12,33.75,20.0,0.09,22.73,47.49,2.97
2023-08-30,25.5,33.2,18.98,0.0,23.69,46.61,1.86
2023-08-31,26.13,35.21,17.83,0.0,23.71,44.61,4.12
2023-09-01,27.9,37.62,19.29,0.0,24.36,44.79,4.41
2023-09-02,29.16,39.16,20.33,0.0,24.61,37.45,4.43
2023-09-03,29.19,38.96,21.26,0.0,24.51,32.53,4.58
2023-09-04,30.42,39.14,20.93,0.0,23.89,36.86,5.73
2023-09-05,26.92,33.56,18.2,0.0,23.86,36.95,4.77
2023-09-06,22.03,30.44,14.86,0.0,22.47,44.04,2.29
2023-09-07,26.75,36.55,17.51,0.0,22.27,38.45,3.26
2023-09-08,25.6,34.23,18.29,0.0,22.65,39.54,2.65
2023-09-09,25.19,33.94,16.8,0.0,19.97,36.08,2.61
2023-09-10,24.02,32.42,18.14,0.59,7.99,43.19,2.88
2023-09-11,17.22,19.29,13.31,11.89,5.69,80.34,2.48
2023-09-12,18.84,26.15,11.76,0.0,21.77,59.25,1.5
2023-09-13,19.46,25.05,13.36,0.02,16.79,62.72,2.24
2023-09-14,20.44,27.86,14.24,0.48,12.33,63.78,2.49
2023-09-15,17.46,19.99,14.41,9.46,5.27,82.82,1.65
2023-09-16,20.58,28.11,13.76,0.1,17.82,64.36,1.48
2023-09-17,21.41,30.3,13.05,0.0,22.3,50.29,1.4
2023-09-18,24.3,33.67,15.59,0.25,21.3,52.51,3.93
2023-09-19,22.06,27.04,17.47,0.26,16.64,67.29,2.47
2023-09-20,23.53,31.44,16.88,0.2,19.58,70.72,2.73
2023-09-21,24.48,31.43,18.86,1.78,13.19,70.62,4.14
2023-09-22,25.13,32.77,20.41,0.9,10.51,72.69,4.25
2023-09-23,22.53,30.14,15.61,0.0,17.47,60.2,3.42
2023-09-24,21.37,29.9,12.55,0.0,20.95,43.52,1.82
2023-09-25,22.05,31.72,13.81,0.0,21.04,45.16,2.14
2023-09-26,22.98,33.12,14.4,0.0,18.87,50.29,1.65
2023-09-27,22.95,32.81,13.95,0.3,19.63,57.81,1.9
2023-09-28,26.42,35.66,18.55,0.0,19.67,48.18,4.28
2023-09-29,26.36,34.71,19.65,0.02,17.69,51.04,5.96
2023-09-30,26.95,34.92,20.37,0.0,17.97,50.29,5.59
2023-10-01,26.02,32.96,20.24,0.06,17.13,47.98,4.96
2023-10-02,25.31,32.42,18.89,0.09,17.69,48.76,4.74
2023-10-03,23.3,28.56,17.89,12.6,12.87,63.4,4.94
2023-10-04,17.5,22.5,13.74,0.27,17.19,63.41,3.11
2023-10-05,17.31,25.05,11.66,0.0,18.85,49.43,3.4
2023-10-06,11.4,16.82,5.59,0.0,11.13,46.41,3.76
2023-10-07,12.13,20.33,4.91,0.0,19.54,46.99,1.72
2023-10-08,16.63,27.51,7.47,0.0,18.92,47.5,2.19
2023-10-09,15.08,23.31,8.24,0.0,18.72,49.79,2.0
2023-10-10,17.74,26.83,8.46,0.02,16.04,48.57,3.73
2023-10-11,21.73,30.04,14.9,0.06,17.49,62.37,6.0
2023-10-12,20.58,30.56,12.17,0.76,14.0,55.62,6.19
2023-10-13,11.41,16.74,8.21,0.0,12.11,51.6,7.87
2023-10-14,10.0,14.89,6.38,0.0,9.56,61.95,5.12
2023-10-15,9.01,15.33,4.19,0.0,12.82,62.83,3.47
2023-10-16,9.77,18.34,2.31,0.0,17.4,55.78,2.0
2023-10-17,16.02,27.24,6.44,0.0,16.87,45.56,3.44
2023-10-18,16.0,24.19,10.94,0.0,13.39,47.52,3.41
2023-10-19,17.53,28.38,8.75,0.0,16.58,46.8,2.99
2023-10-20,20.75,31.07,10.49,0.0,16.92,41.7,1.83
2023-10-21,18.81,28.24,12.58,0.0,16.09,45.7,3.25
2023-10-22,19.22,29.26,10.02,0.0,14.88,43.12,4.91
2023-10-23,22.63,30.5,15.75,0.03,14.42,59.52,6.16
2023-10-24,20.38,25.78,16.92,4.77,5.41,80.01,3.39
2023-10-25,20.31,25.4,17.06,10.29,6.06,90.59,2.93
2023-10-26,19.73,27.13,9.9,0.83,13.42,69.99,4.1
2023-10-27,5.53,9.9,1.69,0.0,15.13,43.76,5.09
2023-10-28,1.27,5.62,-1.4,2.76,3.87,57.86,3.63
2023-10-29,0.17,3.04,-2.28,0.16,5.15,61.19,4.97
2023-10-30,0.84,8.69,-6.3,0.0,16.03,52.42,2.31
2023-10-31,-0.56,4.99,-4.85,0.0,15.14,47.4,3.47
2023-11-01,4.47,14.91,-3.85,0.0,13.25,53.9,3.18
2023-11-02,8.54,19.27,-0.47,0.0,14.53,60.24,2.87
2023-11-03,11.46,21.3,4.03,0.0,10.73,61.87,2.8
2023-11-04,11.13,18.25,6.23,0.0,11.09,65.36,2.66
2023-11-05,12.65,22.28,4.3,0.0,11.55,75.44,3.3
2023-11-06,13.72,20.82,9.46,0.0,11.05,61.08,2.52
2023-11-07,14.08,24.04,8.08,0.01,12.88,75.46,1.79
2023-11-08,12.62,20.0,7.63,0.25,6.68,68.04,4.37
2023-11-09,8.25,15.99,3.22,0.0,12.09,42.08,1.9
2023-11-10,7.48,15.63,-0.3,0.0,13.49,49.69,1.86
2023-11-11,9.68,16.77,5.07,1.51,10.87,55.0,4.16
2023-11-12,10.77,22.95,3.21,0.0,13.18,59.59,2.31
2023-11-13,10.55,20.64,2.72,0.0,13.11,55.27,2.38
2023-11-14,12.49,21.18,6.03,0.0,11.8,65.31,3.97
2023-11-15,13.53,23.05,6.08,0.0,11.5,72.89,2.61
2023-11-16,12.25,19.41,7.32,0.0,7.44,72.82,4.61
2023-11-17,8.21,14.86,2.0,0.0,12.32,56.14,2.14
2023-11-18,10.75,20.67,2.7,0.06,12.15,59.13,2.51
2023-11-19,11.98,15.0,9.79,13.43,2.12,89.02,4.02
2023-11-20,7.03,10.59,4.39,6.02,2.25,90.28,4.49
2023-11-21,5.02,9.95,-0.2,0.01,12.37,52.74,4.95
2023-11-22,7.0,18.21,-1.03,0.0,11.91,50.95,2.46
2023-11-23,3.36,7.2,-0.66,0.0,9.98,58.56,4.57
2023-11-24,-3.13,-0.77,-4.82,0.03,7.9,46.76,4.09
2023-11-25,-4.08,-1.92,-6.59,5.42,4.42,72.4,2.4
2023-11-26,-2.51,4.51,-7.06,1.87,11.73,65.74,3.65
2023-11-27,-0.02,8.54,-4.44,0.0,11.56,64.1,2.58
2023-11-28,1.6,11.2,-3.9,0.45,11.43,64.99,2.16
2023-11-29,3.9,12.8,-2.77,0.43,10.79,66.17,2.69
2023-11-30,3.43,8.71,-0.63,4.48,7.19,77.31,3.86
2023-12-01,-1.63,2.77,-4.37,0.0,9.46,72.95,2.52
2023-12-02,-0.77,3.95,-4.66,0.17,4.27,84.9,1.59
2023-12-03,1.95,9.69,-3.06,0.05,4.84,60.8,4.24
2023-12-04,4.25,14.09,-2.82,0.27,9.99,58.43,2.71
2023-12-05,4.18,10.49,0.26,0.0,9.34,64.34,2.63
2023-12-06,7.13,17.84,0.03,0.0,10.42,68.07,3.75
2023-12-07,8.6,17.45,2.76,0.0,10.65,66.47,3.55
2023-12-08,8.03,13.29,4.83,0.0,8.39,53.49,3.28
2023-12-09,1.98,6.71,-2.91,0.0,10.92,47.2,5.13
2023-12-10,1.17,9.77,-4.37,0.0,7.51,53.74,2.88
2023-12-11,5.31,14.0,-1.8,0.0,10.33,45.33,1.4
2023-12-12,3.23,7.18,0.14,0.0,6.71,62.68,2.94
2023-12-13,1.77,5.66,-1.18,0.15,5.87,74.96,1.7
2023-12-14,1.59,2.6,0.78,19.44,2.47,95.73,1.87
2023-12-15,1.76,3.23,-0.24,13.5,1.28,94.87,1.97
2023-12-16,1.5,7.48,-3.35,0.0,10.14,74.8,3.0
2023-12-17,3.73,11.61,-0.8,0.0,9.78,72.44,2.96
2023-12-18,0.42,5.58,-4.01,0.0,10.1,68.33,2.33
2023-12-19,2.96,9.45,-1.4,0.0,9.21,78.81,4.02
2023-12-20,4.55,7.82,2.07,0.0,6.3,96.29,1.57
2023-12-21,7.66,9.63,5.61,4.9,2.43,94.06,1.22
2023-12-22,7.62,15.51,2.44,0.07,8.25,78.31,2.08
2023-12-23,8.96,13.21,3.12,3.56,2.84,95.52,5.24
2023-12-24,6.6,13.22,-1.17,4.59,2.41,83.15,5.67
2023-12-25,-1.88,-0.16,-3.09,0.84,2.64,67.62,6.92
2023-12-26,-1.22,1.73,-3.84,0.45,3.41,72.47,4.89
2023-12-27,-1.96,2.46,-4.93,0.02,6.0,74.54,3.51
2023-12-28,-1.48,3.43,-4.4,0.18,9.17,81.51,2.94
2023-12-29,0.78,9.09,-3.17,0.0,10.54,65.93,3.6
2023-12-30,3.56,13.71,-1.56,0.0,8.45,71.64,2.29
2023-12-31,-2.33,2.54,-5.54,0.0,4.24,83.7,2.9
2024-01-01,-1.97,4.55,-5.35,0.0,7.48,82.02,2.09
2024-01-02,-0.02,7.14,-3.46,0.0,8.54,86.29,2.11
2024-01-03,0.92,9.02,-2.91,0.01,10.07,85.3,1.71
2024-01-04,-0.32,4.82,-3.51,0.09,6.58,84.76,3.04
2024-01-05,-1.23,1.24,-3.01,3.32,2.2,93.5,1.86
2024-01-06,-1.27,3.97,-4.68,1.1,7.84,77.29,3.68
2024-01-07,0.3,4.93,-5.23,0.0,5.35,69.11,4.67
2024-01-08,-0.18,1.94,-5.6,18.8,1.61,94.65,5.8
2024-01-09,-5.65,0.44,-9.13,2.06,9.98,81.05,5.79
2024-01-10,-3.25,5.05,-8.87,0.26,8.61,77.51,2.82
2024-01-11,-5.02,3.45,-12.41,1.01,8.57,79.21,4.94
2024-01-12,-11.01,-5.36,-15.89,0.02,11.75,73.93,5.74
2024-01-13,-17.94,-16.14,-21.41,0.04,10.23,65.5,5.47
2024-01-14,-17.37,-14.1,-21.68,0.0,9.58,59.28,2.6
2024-01-15,-16.41,-13.91,-20.51,1.05,6.71,65.12,4.11
2024-01-16,-13.57,-5.28,-21.43,0.0,12.1,58.92,3.34
2024-01-17,-4.61,2.16,-11.26,0.0,11.0,73.97,2.67
2024-01-18,-6.6,2.18,-13.4,0.03,8.93,81.47,4.17
2024-01-19,-12.27,-6.17,-16.46,0.0,11.07,71.62,3.45
2024-01-20,-11.03,-5.3,-15.9,0.0,11.14,75.97,3.14
2024-01-21,-4.3,1.13,-10.46,0.0,7.96,77.52,6.43
2024-01-22,0.03,2.81,-1.74,0.15,6.12,94.01,2.97
2024-01-23,0.2,1.75,-0.64,0.34,4.97,94.65,1.61
2024-01-24,1.27,5.73,-1.2,0.14,4.48,91.13,1.02
2024-01-25,2.29,6.2,-0.57,0.18,3.91,93.15,1.18
2024-01-26,0.56,5.4,-2.64,0.03,4.47,92.26,1.74
2024-01-27,1.33,8.85,-2.51,0.0,10.22,81.65,2.96
2024-01-28,4.6,13.61,-2.41,0.0,12.74,64.78,1.7
2024-01-29,6.96,18.08,0.72,0.0,12.35,76.46,2.72
2024-01-30,8.06,17.33,1.7,0.0,13.14,76.46,2.72
2024-01-31,8.33,20.25,-0.21,0.0,12.97,70.5,2.97
2024-02-01,9.58,19.49,3.09,0.0,10.4,74.25,2.39
2024-02-02,8.2,15.44,0.47,6.57,9.87,88.27,3.15
2024-02-03,10.44,12.48,6.92,12.21,3.91,92.83,4.6
2024-02-04,4.72,6.66,0.88,5.14,2.25,93.57,4.21
2024-02-05,3.52,9.98,-1.0,0.04,8.79,78.47,2.15
2024-02-06,5.73,13.07,-1.03,0.0,7.33,79.81,4.24
2024-02-07,9.28,13.22,6.65,0.62,5.59,79.01,7.32
2024-02-08,8.2,16.01,3.06,0.0,14.76,65.9,4.1
2024-02-09,5.06,12.08,-0.38,0.08,14.53,73.06,2.97
2024-02-10,0.29,3.21,-3.15,0.26,4.36,77.33,3.09
2024-02-11,-0.03,5.95,-3.88,0.05,11.47,74.7,3.21
2024-02-12,2.89,11.58,-4.18,0.01,15.42,56.21,2.51
2024-02-13,5.6,16.05,-1.48,0.0,15.33,56.21,2.33
2024-02-14,7.74,18.16,-0.12,0.07,14.71,66.99,3.72
2024-02-15,0.57,6.68,-4.64,0.01,13.81,66.81,3.44
2024-02-16,-1.98,2.21,-7.47,0.44,4.99,65.37,5.72
2024-02-17,-3.35,3.13,-7.68,0.01,16.4,52.98,3.58
2024-02-18,1.82,11.82,-4.35,0.0,17.46,55.87,2.82
2024-02-19,5.64,15.04,-3.07,0.0,16.02,60.91,2.52
2024-02-20,9.85,20.36,1.33,0.0,16.63,59.24,2.54
2024-02-21,10.19,17.04,3.72,0.0,12.39,73.58,1.2
2024-02-22,9.25,16.71,3.28,0.0,15.57,64.85,4.62
2024-02-23,7.91,17.14,1.09,0.0,16.17,56.3,4.03
2024-02-24,9.42,19.59,-0.31,0.0,17.79,45.43,2.7
2024-02-25,11.61,22.41,2.38,0.0,17.67,43.49,2.48
2024-02-26,14.79,25.37,5.29,0.0,16.85,42.03,2.05
2024-02-27,5.19,17.43,-5.72,0.0,17.08,52.17,5.61
2024-02-28,-0.62,9.45,-8.7,0.0,19.25,42.49,3.51
2024-02-29,3.41,12.18,-2.88,0.07,15.88,51.51,6.42
2024-03-01,5.81,14.42,0.47,0.02,13.17,76.23,4.65
2024-03-02,12.08,23.71,3.46,0.01,15.61,56.03,4.72
2024-03-03,13.92,20.96,9.18,0.0,18.21,36.78,4.29
2024-03-04,8.63,15.76,2.95,0.0,18.57,59.87,4.22
2024-03-05,5.93,13.52,0.2,0.0,16.56,60.31,3.12
2024-03-06,7.15,13.56,1.01,0.02,17.67,68.88,2.43
2024-03-07,7.59,11.98,4.74,8.15,5.2,86.01,4.18
2024-03-08,1.3,4.74,-1.6,1.15,5.05,67.02,6.09
2024-03-09,4.4,12.14,-3.74,0.0,20.75,48.59,2.74
2024-03-10,9.29,20.9,-1.7,0.0,21.08,49.12,3.27
2024-03-11,12.71,22.5,2.9,0.0,20.19,51.02,5.48
2024-03-12,12.51,20.28,5.7,0.0,19.02,54.67,3.23
2024-03-13,12.76,20.19,7.36,1.89,11.68,70.79,3.65
2024-03-14,9.96,15.91,5.77,0.04,8.23,78.21,4.72
2024-03-15,8.6,14.82,3.2,0.0,20.23,64.33,3.36
2024-03-16,10.04,19.36,3.01,0.0,18.28,51.24,2.92
2024-03-17,4.84,11.38,-2.88,0.0,21.92,44.68,3.93
2024-03-18,2.62,10.32,-5.54,0.0,23.3,43.29,2.56
2024-03-19,11.11,22.02,2.38,0.0,21.4,47.93,3.05
2024-03-20,9.49,16.43,4.15,0.0,22.27,53.09,3.46
2024-03-21,11.17,21.33,1.39,0.0,20.19,64.88,2.74
2024-03-22,7.49,12.37,-0.66,0.0,21.8,64.88,5.47
2024-03-23,3.76,10.38,-3.51,0.01,14.71,65.21,3.95
2024-03-24,12.2,15.88,6.16,1.01,4.82,85.44,7.43
2024-03-25,1.88,10.85,-3.49,2.07,3.71,74.0,6.39
2024-03-26,-0.84,5.66,-5.71,0.03,21.04,51.65,4.62
2024-03-27,4.19,13.49,-4.31,0.2,22.36,54.63,2.11
2024-03-28,10.97,20.74,0.61,0.0,22.49,56.27,5.1
2024-03-29,14.1,25.55,5.49,0.0,22.81,53.5,3.63
2024-03-30,9.81,17.52,3.03,0.0,23.14,58.35,2.93
2024-03-31,13.46,23.68,4.52,0.0,18.72,72.33,1.69
2024-04-01,11.76,18.54,3.19,0.29,9.02,69.46,4.07
2024-04-02,7.9,16.48,1.3,1.22,23.81,49.97,5.92
2024-04-03,8.52,16.34,2.39,0.0,25.78,39.53,4.37
2024-04-04,10.13,20.12,0.83,0.0,22.33,44.28,2.2
2024-04-05,13.94,24.35,3.71,0.0,20.64,46.51,4.76
2024-04-06,15.74,24.61,9.0,0.28,19.91,48.65,6.93
2024-04-07,13.5,22.31,5.99,0.0,24.21,37.15,4.13
2024-04-08,13.12,20.53,4.89,0.0,23.97,44.68,2.24
2024-04-09,12.06,19.97,3.94,0.0,20.38,49.89,2.11
2024-04-10,14.51,22.15,6.97,0.0,22.78,42.31,3.88
2024-04-11,11.4,18.36,5.57,0.0,26.26,34.69,4.8
2024-04-12,15.18,25.13,5.26,0.0,24.15,39.47,2.82
2024-04-13,20.89,32.3,10.38,0.0,24.04,47.98,4.94
2024-04-14,22.21,33.5,12.23,0.0,25.83,39.91,2.37
2024-04-15,22.08,30.13,13.56,0.34,21.65,66.11,6.49
2024-04-16,19.39,25.78,11.83,0.18,23.51,43.07,6.85
2024-04-17,20.73,29.23,13.07,0.0,25.22,43.69,2.97
2024-04-18,11.58,16.73,6.74,0.06,19.99,54.44,5.83
2024-04-19,11.12,17.71,5.78,0.0,17.34,40.75,2.14
2024-04-20,7.05,10.34,3.9,0.16,8.13,49.36,3.02
2024-04-21,10.06,18.38,1.27,0.0,28.23,44.34,2.31
2024-04-22,17.37,27.72,6.42,0.0,23.27,47.02,5.78
2024-04-23,17.25,24.23,11.17,0.06,26.64,42.65,4.27
2024-04-24,17.16,24.31,9.92,0.74,17.88,44.37,2.93
2024-04-25,19.98,29.2,13.36,1.69,5.52,72.58,6.18
2024-04-26,21.1,26.09,14.87,0.25,25.0,53.9,5.07
2024-04-27,19.93,29.32,12.44,2.52,10.43,68.55,2.77
2024-04-28,13.37,19.8,8.78,0.4,20.22,67.28,3.07
2024-04-29,17.81,27.63,7.22,0.06,24.26,48.36,2.4
2024-04-30,22.05,33.41,13.64,0.23,27.87,45.67,4.91
2024-05-01,19.61,26.13,12.69,2.24,10.55,59.49,5.35
2024-05-02,16.93,23.49,10.55,4.67,22.21,61.96,3.78
2024-05-03,18.27,26.97,8.25,1.97,26.38,65.71,4.14
2024-05-04,13.34,20.2,6.84,9.15,27.13,59.15,4.03
2024-05-05,16.03,23.14,8.92,0.03,21.5,70.42,3.74
2024-05-06,19.32,28.17,9.87,8.6,11.69,67.88,4.71
2024-05-07,17.81,26.87,7.47,0.0,25.89,38.07,3.51
2024-05-08,17.26,25.23,10.6,0.0,29.92,40.19,3.46
2024-05-09,16.17,24.77,9.12,0.0,28.06,50.16,3.16
2024-05-10,17.95,25.59,9.7,0.0,26.67,52.97,2.7
2024-05-11,20.32,28.59,10.76,0.03,25.04,47.18,1.85
2024-05-12,17.89,22.84,14.63,5.79,9.5,75.19,2.17
2024-05-13,17.25,22.26,12.66,2.76,15.07,74.33,2.47
2024-05-14,19.42,27.81,10.33,1.44,29.43,52.65,1.52
2024-05-15,19.39,27.07,13.13,5.9,15.53,65.73,2.25
2024-05-16,19.54,26.6,13.07,0.03,24.57,58.16,1.75
2024-05-17,22.33,31.04,12.65,0.0,29.59,53.81,3.36
2024-05-18,23.89,32.27,15.02,0.12,28.09,52.42,3.4
2024-05-19,24.25,31.77,17.05,11.66,17.46,68.02,4.38
2024-05-20,25.2,31.21,20.43,8.1,20.47,75.38,3.57
2024-05-21,20.75,24.75,14.01,0.53,23.59,60.38,5.03
2024-05-22,18.35,25.09,11.59,2.56,30.9,50.68,2.15
2024-05-23,22.08,28.95,12.16,0.15,23.2,66.17,5.24
2024-05-24,18.94,24.98,13.26,0.0,31.1,43.18,4.45
2024-05-25,22.63,32.2,11.69,1.63,26.25,53.78,5.18
2024-05-26,22.07,29.3,16.24,0.29,24.18,60.84,3.45
2024-05-27,22.0,30.08,13.45,0.19,30.31,48.87,2.35
2024-05-28,21.76,29.85,14.64,1.05,14.99,54.67,1.89
2024-05-29,23.94,31.2,16.12,0.17,27.54,54.35,3.05
2024-05-30,20.17,23.19,17.93,10.34,18.25,89.62,3.75
2024-05-31,20.95,24.78,17.04,3.57,16.99,77.56,1.52
2024-06-01,22.87,28.79,15.73,0.28,25.21,69.56,2.24
2024-06-02,23.41,27.26,20.27,2.9,19.39,79.16,4.54
2024-06-03,22.65,26.89,19.54,11.05,14.29,83.53,1.59
2024-06-04,23.05,28.17,16.4,9.09,12.36,83.38,1.97
2024-06-05,23.87,32.58,13.68,0.0,30.47,54.27,2.13
2024-06-06,23.46,29.89,17.64,0.01,30.56,49.49,2.61
2024-06-07,26.11,34.31,15.77,2.08,18.68,57.65,3.73
2024-06-08,26.14,32.31,20.03,8.55,24.82,72.29,3.71
2024-06-09,20.45,26.93,15.6,27.32,26.78,70.14,3.38
2024-06-10,22.07,28.51,15.61,0.0,29.48,58.12,1.99
2024-06-11,22.93,29.67,15.82,0.0,26.76,60.46,2.24
2024-06-12,26.73,34.52,18.79,0.0,30.06,59.42,4.4
2024-06-13,29.59,38.44,22.13,3.45,26.26,58.89,3.28
2024-06-14,26.02,31.36,19.71,4.94,22.18,71.9,2.73
2024-06-15,26.84,32.87,20.09,2.09,23.27,58.65,4.69
2024-06-16,29.47,36.29,22.45,0.43,29.46,59.06,5.53
2024-06-17,29.25,34.87,23.58,0.01,26.93,58.95,7.43
2024-06-18,27.93,34.1,19.82,10.38,18.75,67.62,6.72
2024-06-19,19.24,23.04,15.78,14.57,14.98,77.58,3.64
2024-06-20,25.57,32.32,17.87,0.02,29.07,65.37,3.58
2024-06-21,27.81,33.47,20.92,0.01,27.03,61.09,5.06
2024-06-22,29.46,35.91,23.82,0.0,26.54,56.44,4.14
2024-06-23,28.64,36.94,20.53,0.0,30.49,54.91,2.42
2024-06-24,31.61,39.13,23.05,0.03,29.5,46.84,4.54
2024-06-25,31.91,39.59,24.2,0.06,29.51,47.4,2.9
2024-06-26,29.73,36.86,23.13,0.08,29.96,47.73,3.08
2024-06-27,28.45,34.4,22.09,2.23,22.98,60.39,5.16
2024-06-28,31.99,39.93,25.89,0.45,28.11,51.05,3.57
2024-06-29,28.24,34.4,22.49,1.07,21.2,53.83,3.94
2024-06-30,20.11,22.27,17.56,32.93,10.47,77.42,3.21
2024-07-01,28.64,36.84,19.44,0.3,27.84,62.29,4.94
2024-07-02,28.89,35.72,22.63,0.72,14.3,58.95,3.42
2024-07-03,23.85,28.02,20.74,21.53,9.92,76.87,2.48
2024-07-04,24.11,28.34,19.43,3.24,27.65,68.6,3.18
2024-07-05,23.15,29.13,16.09,0.01,26.3,54.98,1.98
2024-07-06,25.24,33.0,17.39,2.35,28.29,54.13,3.63
2024-07-07,22.97,28.95,18.98,2.02,24.18,65.94,2.72
2024-07-08,23.61,29.95,17.76,0.18,26.88,55.98,2.66
2024-07-09,25.12,31.88,17.61,0.06,28.46,50.8,1.81
2024-07-10,27.52,35.98,18.24,0.32,28.24,47.66,1.51
2024-07-11,28.41,36.67,19.97,0.02,29.91,51.62,1.78
2024-07-12,30.42,39.02,21.05,0.43,26.24,46.61,2.72
2024-07-13,31.98,40.93,23.68,0.16,21.93,41.84,5.9
2024-07-14,32.42,41.37,23.31,0.29,28.25,44.16,2.12
2024-07-15,33.27,41.78,25.05,0.56,25.23,40.01,2.32
2024-07-16,27.06,31.08,23.24,5.12,24.34,66.35,2.7
2024-07-17,26.42,33.21,20.44,0.86,27.99,55.96,2.68
2024-07-18,24.33,30.38,20.46,0.06,22.62,55.84,2.04
2024-07-19,24.18,27.81,18.99,0.07,26.26,53.64,3.49
2024-07-20,24.91,31.15,18.72,2.65,21.31,57.96,2.5
2024-07-21,23.97,30.02,17.77,0.03,23.4,60.93,2.08
2024-07-22,24.79,30.48,17.82,1.02,18.32,56.64,0.75
2024-07-23,26.92,33.93,19.91,0.02,25.17,48.4,1.09
2024-07-24,28.55,36.79,19.76,0.0,25.68,44.33,1.83
2024-07-25,29.48,37.79,21.59,0.0,25.26,40.08,2.99
2024-07-26,28.63,36.01,20.94,0.0,26.77,42.53,4.05
2024-07-27,28.67,35.93,21.54,0.18,26.99,49.2,4.42
2024-07-28,31.36,40.35,22.4,5.19,25.6,46.37,5.17
2024-07-29,32.79,40.6,23.79,0.22,25.53,42.7,3.96
2024-07-30,33.94,41.63,25.81,0.42,23.16,42.5,5.03
2024-07-31,33.97,42.43,26.82,10.96,23.53,45.3,3.95
2024-08-01,29.2,36.28,23.51,4.24,27.46,57.68,2.1
2024-08-02,29.45,37.44,22.49,0.01,28.02,43.55,1.64
2024-08-03,29.41,37.21,21.56,0.07,21.56,45.71,1.47
2024-08-04,30.42,38.57,21.92,0.0,27.53,41.14,2.38
2024-08-05,31.12,39.28,22.94,0.0,27.27,37.21,3.3
2024-08-06,28.0,35.02,22.68,0.03,25.51,45.79,3.4
2024-08-07,28.55,37.61,20.41,0.07,26.38,46.67,2.91
2024-08-08,22.94,27.37,18.16,11.68,13.06,61.19,3.94
2024-08-09,18.07,21.14,15.43,1.93,7.77,57.91,2.67
2024-08-10,19.75,25.73,14.96,2.72,6.41,69.94,1.65
2024-08-11,23.04,30.11,15.88,0.3,14.37,72.83,2.8
2024-08-12,25.8,31.17,21.58,4.41,14.63,76.02,2.19
2024-08-13,25.64,31.5,20.74,33.81,22.59,78.86,3.51
2024-08-14,29.09,37.2,23.07,5.68,22.67,68.87,2.94
2024-08-15,27.13,34.18,21.56,0.05,21.84,61.19,2.08
2024-08-16,27.09,33.91,21.67,0.75,17.39,53.65,1.25
2024-08-17,27.44,35.0,19.62,1.86,25.93,66.16,2.42
2024-08-18,29.27,38.43,22.48,0.02,23.96,65.46,3.6
2024-08-19,25.32,32.24,20.52,0.14,21.21,59.62,3.79
2024-08-20,25.37,32.41,19.92,0.09,23.65,59.26,3.43
2024-08-21,25.92,33.71,19.08,1.67,20.72,60.46,3.93
2024-08-22,24.92,31.94,19.79,5.44,22.45,54.85,4.26
2024-08-23,25.39,33.05,18.15,6.07,19.81,63.21,3.11
2024-08-24,30.41,39.25,22.05,0.25,25.02,53.86,2.94
2024-08-25,32.5,40.88,25.6,0.09,23.02,42.09,3.96
2024-08-26,31.21,39.2,23.68,0.22,21.93,44.91,2.68
2024-08-27,28.4,33.9,23.58,4.0,16.67,59.52,1.67
2024-08-28,29.01,35.92,23.73,0.0,23.06,50.72,3.25
2024-08-29,28.32,34.46,22.65,16.66,22.26,59.59,3.78
2024-08-30,23.36,28.99,19.18,4.43,20.55,65.08,2.74
2024-08-31,23.14,29.93,16.33,0.0,25.18,54.08,1.42
2024-09-01,23.47,31.47,15.33,0.0,24.84,49.39,2.58
2024-09-02,20.66,27.47,14.55,0.0,19.27,49.96,1.99
2024-09-03,22.14,30.74,13.46,0.0,24.51,50.75,2.5
2024-09-04,24.6,32.87,16.98,0.0,24.14,58.0,2.99
2024-09-05,24.42,30.68,18.96,3.4,21.19,61.24,3.19
2024-09-06,22.19,28.95,16.38,0.13,22.84,56.27,2.55
2024-09-07,20.34,27.76,13.78,0.0,22.34,49.58,2.31
2024-09-08,21.68,30.73,13.23,0.01,23.14,45.11,3.77
2024-09-09,24.99,34.74,16.68,0.04,22.49,40.14,5.14
2024-09-10,24.54,33.84,16.5,0.0,22.67,35.38,4.23
2024-09-11,23.66,32.89,14.96,0.0,22.82,37.11,3.75
2024-09-12,24.46,31.91,18.06,0.01,21.96,50.04,4.36
2024-09-13,24.89,33.26,17.26,0.0,21.58,46.95,4.47
2024-09-14,24.95,32.26,18.18,0.0,18.65,54.12,3.93
2024-09-15,25.99,33.38,19.54,0.99,20.25,54.96,4.18
2024-09-16,25.38,31.0,20.14,6.92,16.92,56.85,4.56
2024-09-17,25.6,32.65,19.27,5.19,20.25,61.24,5.27
2024-09-18,26.25,33.33,19.51,5.39,19.72,64.2,5.36
2024-09-19,26.14,33.06,20.95,0.0,21.39,52.55,3.1
2024-09-20,26.04,35.48,17.74,4.38,19.44,57.68,2.5
2024-09-21,25.05,31.81,18.02,2.84,10.14,71.2,3.32
2024-09-22,15.05,17.77,12.51,13.11,7.84,69.71,4.4
2024-09-23,16.63,23.03,9.97,0.0,20.16,59.39,1.35
2024-09-24,18.78,25.57,13.47,0.13,12.34,56.94,1.71
2024-09-25,19.77,27.66,12.39,0.0,20.74,53.4,1.77
2024-09-26,20.57,29.58,12.77,0.0,20.6,56.39,1.91
2024-09-27,20.8,29.61,13.23,0.0,20.3,55.25,1.8
2024-09-28,21.95,31.48,14.37,0.01,19.74,48.15,2.43
2024-09-29,22.27,31.03,15.25,0.0,20.08,45.84,1.29
2024-09-30,22.76,33.86,13.75,0.0,19.67,44.88,2.79
2024-10-01,16.35,22.68,11.76,0.0,19.19,35.03,2.92
2024-10-02,20.77,32.82,10.29,0.0,19.53,39.11,4.3
2024-10-03,23.28,35.1,14.2,0.0,19.13,43.82,3.28
2024-10-04,18.68,26.17,11.85,0.0,18.54,50.72,2.81
2024-10-05,24.18,34.98,16.47,0.0,18.54,45.39,4.47
2024-10-06,18.75,27.51,12.88,0.0,17.92,35.1,3.11
2024-10-07,17.79,27.15,9.98,0.0,17.04,39.39,2.29
2024-10-08,18.4,27.76,10.65,0.0,17.63,44.19,2.18
2024-10-09,20.31,30.37,11.65,0.0,16.4,51.48,1.94
2024-10-10,21.85,31.5,13.89,0.01,16.27,53.67,2.48
2024-10-11,23.37,33.69,15.25,0.0,16.1,44.89,2.23
2024-10-12,21.83,32.02,14.8,0.0,14.19,46.56,2.0
2024-10-13,16.26,22.69,9.78,0.0,15.64,39.61,3.61
2024-10-14,13.06,21.6,5.78,0.0,16.87,40.49,1.79
2024-10-15,10.31,16.92,3.68,0.0,17.15,40.56,3.68
2024-10-16,9.51,18.22,1.1,0.0,17.59,35.55,4.09
2024-10-17,15.16,24.75,7.06,0.0,16.18,36.58,7.23
2024-10-18,16.88,24.36,11.71,0.01,13.78,47.47,6.19
2024-10-19,17.63,24.31,13.15,0.01,12.76,51.28,3.16
2024-10-20,18.74,27.73,10.36,0.0,14.5,45.17,3.96
2024-10-21,17.98,24.55,13.79,7.17,5.79,57.91,4.84
2024-10-22,19.59,30.4,12.04,0.0,15.05,47.89,3.14
2024-10-23,14.85,21.98,9.89,0.0,15.31,54.27,3.15
2024-10-24,17.57,30.31,9.11,0.0,15.01,49.94,4.25
2024-10-25,12.47,19.66,7.28,0.09,15.65,48.32,3.52
2024-10-26,10.78,18.92,3.78,0.0,15.55,46.66,1.96
2024-10-27,15.31,25.46,6.14,0.0,14.44,52.54,3.78
2024-10-28,22.17,32.7,13.73,0.0,8.04,50.05,5.92
2024-10-29,23.29,28.79,17.82,0.0,10.88,46.24,8.79
2024-10-30,15.18,22.03,6.39,15.26,2.89,73.8,3.89
2024-10-31,9.16,15.79,4.24,0.0,14.94,61.01,2.72
2024-11-01,11.95,21.14,4.72,0.0,14.1,61.73,3.82
2024-11-02,14.22,17.7,10.76,14.5,3.64,92.08,3.28
2024-11-03,17.83,23.09,14.29,10.18,7.33,87.33,3.65
2024-11-04,8.6,13.32,4.63,10.47,2.56,86.33,4.14
2024-11-05,8.65,14.99,4.85,0.18,12.72,68.92,2.99
2024-11-06,9.69,15.91,4.73,0.08,10.5,75.27,3.02
2024-11-07,9.53,15.4,5.33,5.79,9.65,71.05,3.28
2024-11-08,7.67,8.98,6.25,35.76,2.48,88.44,5.66
2024-11-09,7.87,14.03,3.18,0.03,7.38,75.51,4.94
2024-11-10,10.28,17.78,3.22,0.0,12.06,71.72,2.39
2024-11-11,10.53,19.31,3.9,0.02,12.77,76.95,2.0
2024-11-12,12.7,19.58,7.43,2.03,12.18,81.74,5.44
2024-11-13,10.3,14.55,3.88,2.81,10.44,67.62,5.34
2024-11-14,8.34,17.12,1.79,0.0,12.77,61.92,2.36
2024-11-15,11.27,19.59,4.6,0.0,11.93,69.02,5.38
2024-11-16,11.3,18.19,7.2,0.05,7.31,72.35,4.01
2024-11-17,10.01,14.96,5.62,2.74,6.29,67.09,1.95
2024-11-18,8.71,12.13,5.82,32.67,2.93,84.76,4.12
2024-11-19,5.71,10.57,1.53,0.0,8.38,59.48,4.3
2024-11-20,3.49,10.67,-2.13,0.0,12.74,47.81,4.39
2024-11-21,2.59,8.84,-2.51,0.0,12.14,53.1,2.86
2024-11-22,5.49,13.51,0.43,0.0,10.4,58.94,1.76
2024-11-23,8.03,16.06,2.45,0.0,9.39,84.38,3.44
2024-11-24,7.39,13.73,0.92,0.0,8.15,82.24,3.39
2024-11-25,1.17,6.86,-2.46,0.0,11.46,53.67,4.27
2024-11-26,3.91,12.49,-3.32,0.0,10.37,63.25,3.21
2024-11-27,1.34,4.52,-3.63,1.26,4.08,80.79,3.72
2024-11-28,-0.64,6.09,-5.48,0.0,11.44,66.97,1.61
2024-11-29,-0.81,7.48,-6.0,0.01,11.11,78.86,1.91
2024-11-30,-0.45,4.89,-3.61,0.0,10.36,79.72,2.58
2024-12-01,1.78,9.31,-2.23,0.0,10.73,70.97,0.97
2024-12-02,-2.84,0.77,-5.72,0.0,10.42,67.28,3.09
2024-12-03,1.16,9.82,-5.68,0.0,10.78,76.33,3.79
2024-12-04,5.06,14.12,-1.73,0.0,10.89,74.26,3.15
2024-12-05,-3.13,0.61,-5.97,0.0,9.58,49.26,2.32
2024-12-06,0.98,8.06,-4.55,0.0,10.14,65.85,2.0
2024-12-07,6.52,16.33,-0.67,0.0,10.48,73.26,2.98
2024-12-08,6.67,13.2,3.89,0.0,8.08,88.4,2.76
2024-12-09,4.82,10.62,0.26,0.0,8.78,61.14,3.87
2024-12-10,0.78,6.86,-4.13,0.0,10.65,65.42,3.72
2024-12-11,1.84,10.21,-3.84,0.0,9.91,64.07,1.84
2024-12-12,-0.93,5.61,-4.87,0.0,9.83,69.95,3.08
2024-12-13,3.02,9.19,-3.84,1.11,3.37,85.05,3.26
2024-12-14,4.59,9.19,0.78,3.88,7.96,76.65,3.02
2024-12-15,5.92,13.03,0.15,0.0,9.92,65.8,2.7
2024-12-16,4.38,10.86,-0.5,0.0,10.27,55.45,2.93
2024-12-17,3.38,10.55,-0.89,0.0,7.17,68.39,3.94
2024-12-18,-0.45,4.39,-4.71,0.0,9.49,77.86,3.1
2024-12-19,4.2,15.32,-2.99,0.0,9.54,63.74,3.44
2024-12-20,-3.41,1.4,-6.09,0.0,10.24,62.65,2.29
2024-12-21,-1.05,5.4,-5.27,0.0,10.15,73.12,2.58
2024-12-22,3.7,12.27,-1.48,0.0,9.64,85.7,3.47
2024-12-23,4.18,7.69,2.1,0.0,5.56,82.94,1.83
2024-12-24,3.06,9.74,-1.06,0.0,9.5,84.56,1.7
2024-12-25,2.37,7.19,-1.6,0.24,3.35,88.4,2.67
2024-12-26,5.66,8.82,3.8,0.23,2.84,93.29,1.82
2024-12-27,6.16,11.32,2.84,0.15,3.78,91.52,1.47
2024-12-28,6.23,14.32,2.08,0.03,9.56,79.76,1.78
2024-12-29,7.91,14.63,3.36,0.02,9.96,60.78,3.4
2024-12-30,6.86,14.62,1.6,0.08,9.38,66.07,6.68
2024-12-31,-0.26,3.6,-4.71,0.04,5.08,68.55,4.04
2025-01-01,-0.91,5.28,-5.15,0.0,9.56,66.76,2.09
2025-01-02,-0.21,7.66,-4.84,0.0,8.9,74.34,2.56
2025-01-03,-2.38,2.56,-4.97,0.0,9.15,79.92,2.12
2025-01-04,-3.18,-2.31,-4.93,1.95,1.84,80.81,5.68
2025-01-05,-9.83,-5.21,-13.47,7.98,3.77,73.35,6.9
2025-01-06,-11.54,-5.87,-16.84,0.0,11.0,59.53,2.73
2025-01-07,-7.92,-2.14,-11.94,1.17,10.21,72.38,2.89
2025-01-08,-6.71,1.74,-14.08,0.23,11.46,81.2,2.36
2025-01-09,-2.88,0.72,-7.81,2.27,6.8,90.68,3.11
2025-01-10,-3.16,1.66,-6.68,0.01,11.77,78.92,3.73
2025-01-11,-0.09,6.1,-5.94,1.36,7.57,83.36,2.95
2025-01-12,-1.83,2.5,-5.67,0.01,11.85,69.46,3.52
2025-01-13,-2.82,3.16,-9.4,0.01,10.91,69.05,1.17
2025-01-14,-3.44,0.92,-6.3,0.0,10.27,85.05,2.12
2025-01-15,-0.31,7.73,-6.27,0.02,11.56,69.29,2.72
2025-01-16,2.9,10.72,-1.66,0.02,11.53,64.85,3.24
2025-01-17,1.57,10.38,-3.48,0.04,10.27,70.13,4.92
2025-01-18,-5.84,-3.9,-9.57,0.0,9.43,47.65,6.48
2025-01-19,-9.64,-6.34,-13.71,0.0,11.67,55.28,2.65
2025-01-20,-11.24,-9.26,-16.13,0.08,9.05,51.58,3.56
2025-01-21,-7.81,1.04,-16.58,0.0,11.22,51.96,4.07
2025-01-22,-2.23,3.95,-7.69,0.0,11.35,63.89,3.81
2025-01-23,-3.91,-1.2,-8.25,0.0,8.96,70.5,3.06
2025-01-24,-1.14,10.31,-8.36,0.0,11.45,65.85,2.84
2025-01-25,-0.47,4.04,-3.25,0.0,9.77,66.45,3.84
2025-01-26,-1.46,1.7,-4.0,0.0,10.11,54.99,1.49
2025-01-27,0.32,9.32,-5.99,0.0,12.37,64.84,3.16
2025-01-28,2.9,12.17,-2.7,0.0,12.65,62.28,2.73
2025-01-29,3.98,12.5,-1.21,3.06,9.72,68.27,2.35
2025-01-30,2.82,6.89,0.73,1.22,6.5,94.71,1.68
2025-01-31,3.4,11.24,-1.87,1.26,13.56,63.36,4.27
2025-02-01,3.87,12.73,-1.48,0.02,8.56,65.71,3.65
2025-02-02,8.37,19.83,1.6,0.0,10.81,63.21,2.18
2025-02-03,4.04,13.59,-5.92,0.0,11.71,69.91,4.88
2025-02-04,-4.32,-2.35,-6.1,0.01,2.67,69.65,3.8
2025-02-05,-0.86,4.05,-4.75,0.02,3.36,72.71,1.55
2025-02-06,0.35,6.41,-3.44,0.0,14.48,59.48,3.46
2025-02-07,1.11,8.46,-3.19,0.0,7.17,72.75,3.11
2025-02-08,-0.65,3.59,-4.66,0.0,13.98,62.29,5.36
2025-02-09,-1.47,4.17,-5.06,0.0,11.51,58.74,2.14
2025-02-10,-0.97,2.45,-2.81,0.0,7.75,63.02,2.93
2025-02-11,-5.57,-3.17,-7.84,0.6,7.5,67.7,4.78
2025-02-12,-10.01,-7.76,-12.89,1.31,9.72,69.71,4.79
2025-02-13,-7.14,-0.27,-13.15,0.0,13.91,62.16,3.19
2025-02-14,-0.36,8.74,-7.76,0.3,12.37,74.45,6.26
2025-02-15,-3.93,-1.3,-9.18,0.05,7.59,70.09,7.23
2025-02-16,-7.89,-2.59,-12.74,0.0,16.7,56.24,4.55
2025-02-17,-6.53,0.88,-14.2,1.5,10.39,63.2,5.0
2025-02-18,-17.27,-15.01,-19.26,2.31,4.08,71.68,5.56
2025-02-19,-16.46,-12.51,-19.49,0.07,13.01,66.56,4.22
2025-02-20,-14.07,-8.01,-19.1,0.0,14.69,62.65,1.98
2025-02-21,-9.72,-2.17,-14.95,0.05,10.01,67.37,2.82
2025-02-22,-0.48,10.17,-11.08,0.0,15.4,72.36,2.15
2025-02-23,5.26,15.35,-1.88,0.0,17.31,60.86,2.28
2025-02-24,9.24,20.66,0.92,0.0,15.45,61.85,2.33
2025-02-25,10.37,20.92,0.16,0.0,16.78,63.86,3.0
2025-02-26,8.26,14.96,1.46,0.0,18.37,54.12,4.79
2025-02-27,6.93,17.12,-1.31,0.0,18.88,51.59,3.05
2025-02-28,8.42,19.78,-0.04,0.0,18.68,52.65,3.92
2025-03-01,4.58,13.36,-2.52,0.0,17.98,64.64,2.25
2025-03-02,5.74,12.61,-1.5,0.01,12.79,72.9,3.84
2025-03-03,10.31,14.77,6.99,0.43,3.9,86.36,5.91
2025-03-04,5.02,11.92,0.41,0.52,8.28,69.83,7.52
2025-03-05,2.37,9.16,-2.79,0.0,20.49,41.42,5.72
2025-03-06,6.95,13.72,0.02,0.0,9.46,45.22,5.64
2025-03-07,5.58,10.21,-0.91,0.0,16.56,61.61,5.56
2025-03-08,4.28,10.38,-4.3,0.0,17.62,55.58,1.68
2025-03-09,8.79,19.21,-2.05,0.0,20.55,44.27,1.98
2025-03-10,13.39,25.82,2.47,0.0,20.13,43.72,3.49
2025-03-11,10.71,18.61,4.57,0.0,20.59,55.01,3.1
2025-03-12,12.94,22.15,4.83,0.0,19.63,53.71,2.32
2025-03-13,16.4,25.51,7.07,0.0,20.74,46.5,4.12
2025-03-14,13.54,20.06,6.53,0.0,17.5,47.89,6.66
2025-03-15,6.24,12.56,-1.09,0.0,21.8,37.47,6.14
2025-03-16,7.64,17.46,-2.6,0.0,22.23,38.04,2.25
2025-03-17,13.65,25.86,1.0,0.0,20.29,46.55,3.0
2025-03-18,17.02,27.26,8.7,0.01,16.86,43.28,4.39
2025-03-19,2.57,6.94,0.1,1.21,8.48,58.29,9.78
2025-03-20,6.9,16.24,-4.35,0.0,22.21,40.55,3.67
2025-03-21,10.76,17.85,4.65,0.0,22.28,40.12,4.25
2025-03-22,12.85,19.31,5.89,0.0,15.46,40.78,3.39
2025-03-23,10.96,16.79,5.84,0.0,21.97,42.55,4.48
2025-03-24,13.26,23.2,2.58,0.0,18.95,46.88,2.77
2025-03-25,15.68,24.19,9.08,0.0,18.74,57.41,2.01
2025-03-26,15.69,24.55,5.96,0.0,21.76,51.14,3.74
2025-03-27,22.15,32.08,14.19,1.22,20.22,57.21,6.33
2025-03-28,19.98,27.57,13.85,0.07,22.07,64.02,6.77
2025-03-29,15.6,24.16,4.81,0.21,18.04,62.58,6.01
2025-03-30,6.8,13.54,1.93,0.72,16.17,57.93,4.68
2025-03-31,8.67,15.41,2.65,0.08,21.41,56.33,2.7
2025-04-01,14.66,25.46,5.46,11.62,18.85,66.35,5.22
2025-04-02,12.36,18.49,5.51,0.87,21.7,56.36,3.48
2025-04-03,8.97,15.07,5.0,0.42,10.53,68.06,3.79
2025-04-04,8.14,12.54,4.23,4.49,4.33,81.82,3.34
2025-04-05,4.62,9.83,0.85,0.21,18.2,38.4,6.34
2025-04-06,6.04,14.27,-2.74,0.0,26.38,42.62,2.35
2025-04-07,9.05,18.44,0.71,0.26,25.68,46.46,2.78
2025-04-08,12.58,24.35,0.95,0.0,23.87,48.65,4.67
2025-04-09,16.93,26.19,8.44,0.0,23.56,48.58,3.65
2025-04-10,14.78,22.61,8.31,0.0,25.54,40.89,3.65
2025-04-11,14.82,23.87,5.83,0.0,26.0,42.9,1.8
2025-04-12,20.61,31.47,9.12,0.0,25.23,45.47,6.44
2025-04-13,20.17,27.81,12.18,0.0,19.51,38.84,5.24
2025-04-14,12.36,18.56,5.9,0.0,20.61,35.06,4.76
2025-04-15,11.85,21.38,1.02,0.0,27.16,36.83,2.73
2025-04-16,19.74,31.04,8.71,2.84,25.41,45.93,5.69
2025-04-17,24.48,35.17,15.38,0.03,26.73,43.82,4.95
2025-04-18,9.99,13.24,5.87,0.66,16.06,53.84,4.9
2025-04-19,9.64,16.03,3.28,0.48,23.12,48.05,3.77
2025-04-20,10.33,16.21,6.24,14.16,6.33,68.37,2.91
2025-04-21,17.06,27.12,5.32,0.0,26.61,53.09,4.07
2025-04-22,19.27,28.49,10.46,0.54,25.33,57.18,2.55
2025-04-23,18.42,23.62,12.98,7.06,7.38,80.09,3.1
2025-04-24,18.39,22.1,15.35,12.39,18.87,86.28,3.04
2025-04-25,14.3,21.25,8.76,4.72,9.3,71.73,4.38
2025-04-26,13.49,17.87,9.58,10.24,5.76,83.65,3.5
2025-04-27,20.18,26.8,12.22,0.56,14.67,81.45,5.78
2025-04-28,22.12,29.56,10.67,0.09,26.93,55.36,5.52
2025-04-29,14.27,21.41,6.97,0.47,27.31,56.81,3.66
2025-04-30,14.77,18.37,10.72,5.88,12.31,82.17,1.7
2025-05-01,16.28,22.64,11.36,0.19,23.62,64.71,3.63
2025-05-02,13.12,18.77,7.4,2.03,23.9,57.97,4.13
2025-05-03,14.32,22.1,5.91,0.0,29.05,52.91,1.76
2025-05-04,16.17,24.49,7.14,0.0,29.35,52.42,2.62
2025-05-05,16.65,24.85,7.68,0.0,25.77,53.37,2.21
2025-05-06,15.64,20.96,11.68,6.9,12.81,64.84,2.39
2025-05-07,14.33,19.46,10.83,11.24,9.16,80.18,2.58
2025-05-08,17.42,23.97,9.71,0.79,25.44,66.69,2.26
2025-05-09,20.16,27.5,11.7,0.01,27.12,54.92,2.56
2025-05-10,21.13,29.1,14.01,0.0,29.41,48.29,2.01
2025-05-11,20.22,28.22,11.48,0.0,30.25,46.31,2.1
2025-05-12,20.64,29.03,11.82,0.0,30.28,47.84,2.75
2025-05-13,22.72,31.03,13.33,0.0,29.33,56.39,4.34
2025-05-14,24.88,34.11,17.16,0.0,27.43,55.88,3.34
2025-05-15,21.04,28.51,12.97,0.0,28.69,37.47,4.4
2025-05-16,20.23,27.93,12.94,0.0,29.78,38.43,3.62
2025-05-17,19.31,28.37,10.52,0.0,26.2,44.17,2.42
2025-05-18,21.55,28.63,13.69,6.8,13.09,75.75,6.51
2025-05-19,22.34,30.25,14.68,6.86,28.45,56.84,3.79
2025-05-20,17.24,24.7,9.99,0.0,29.65,45.17,5.08
2025-05-21,19.28,27.71,10.64,0.04,28.74,45.65,1.92
2025-05-22,18.8,26.17,11.65,0.01,29.7,47.86,3.01
2025-05-23,18.93,25.48,12.32,4.28,14.86,61.25,4.1
2025-05-24,18.07,23.05,14.13,21.0,13.77,85.32,3.86
2025-05-25,16.46,21.24,13.66,19.84,8.29,83.35,4.37
2025-05-26,14.97,18.77,11.25,11.18,6.84,85.7,3.18
2025-05-27,12.7,17.01,9.59,0.25,10.1,81.11,1.78
2025-05-28,14.82,20.45,10.87,25.59,10.65,80.32,2.81
2025-05-29,16.08,21.39,10.6,1.07,21.16,70.69,2.56
2025-05-30,18.68,26.0,9.76,0.0,29.41,65.37,1.55
2025-05-31,21.76,30.42,13.6,0.04,28.47,60.37,2.76
2025-06-01,20.96,28.34,12.55,0.0,30.06,58.13,1.87
2025-06-02,23.71,30.05,15.3,4.1,27.99,72.96,4.76
2025-06-03,16.89,22.83,10.6,13.45,8.18,85.43,4.29
2025-06-04,16.37,22.09,9.53,0.58,14.35,68.92,2.28
2025-06-05,19.21,24.7,13.52,2.56,12.48,75.74,2.11
2025-06-06,21.02,26.39,16.42,11.95,17.23,78.32,1.58
2025-06-07,22.53,29.31,16.06,3.81,30.36,64.32,1.95
2025-06-08,20.47,27.04,14.48,0.51,27.31,60.67,2.84
2025-06-09,20.85,28.3,13.71,0.0,31.12,49.22,3.14
2025-06-10,24.39,32.84,13.22,0.0,30.13,55.67,2.26
2025-06-11,24.66,30.67,19.17,0.0,28.95,66.37,4.28
2025-06-12,23.89,29.61,18.17,0.09,24.78,71.55,2.78
2025-06-13,24.11,29.6,18.54,6.59,22.29,74.35,2.73
2025-06-14,24.0,28.2,20.66,9.44,15.68,81.91,1.98
2025-06-15,24.65,30.02,19.54,1.32,26.99,73.0,1.87
2025-06-16,25.29,32.39,17.45,4.38,29.4,68.58,3.42
2025-06-17,23.9,28.06,19.36,36.61,10.16,87.22,3.69
2025-06-18,23.22,29.11,17.42,2.3,29.8,70.91,2.99
2025-06-19,26.04,32.5,17.34,0.0,29.39,69.39,4.12
2025-06-20,29.21,34.76,23.89,0.0,29.63,64.43,7.07
2025-06-21,29.0,34.68,24.26,0.0,30.0,59.65,7.92
2025-06-22,28.32,33.83,23.36,0.0,29.77,60.69,8.05
2025-06-23,27.3,32.18,23.99,17.04,19.18,72.32,4.71
2025-06-24,25.82,30.06,22.73,11.51,17.51,79.38,3.3
2025-06-25,27.08,32.63,21.6,0.75,28.25,71.09,4.86
2025-06-26,26.33,31.09,22.45,0.88,25.32,75.43,2.82
2025-06-27,26.61,32.66,21.01,0.0,29.66,70.61,2.99
2025-06-28,28.25,35.25,21.42,0.01,29.73,67.53,3.66
2025-06-29,28.61,34.71,23.27,5.66,24.53,63.74,2.84
2025-06-30,24.75,28.75,21.07,10.27,26.61,76.86,2.31
2025-07-01,25.9,32.06,19.24,0.0,30.29,63.35,1.92
2025-07-02,27.06,33.47,20.06,0.0,29.89,59.6,3.56
2025-07-03,26.65,32.16,20.86,0.02,28.56,67.94,4.11
2025-07-04,25.45,29.59,21.2,2.9,18.87,78.8,4.93
2025-07-05,28.25,34.8,22.36,2.8,26.58,69.87,2.05
2025-07-06,27.28,33.43,21.52,1.12,27.47,67.7,2.25
2025-07-07,27.37,33.64,21.36,0.89,28.4,66.26,1.51
2025-07-08,28.2,34.87,21.93,1.05,28.29,64.3,1.3
2025-07-09,29.08,36.09,22.23,0.21,29.77,60.6,3.68
2025-07-10,29.77,37.58,22.14,0.17,26.1,55.54,5.51
2025-07-11,27.78,34.65,21.97,4.27,28.41,54.29,3.33
2025-07-12,22.69,26.43,18.88,1.45,10.5,68.26,2.62
2025-07-13,25.81,33.35,17.0,0.0,29.51,54.11,0.97
2025-07-14,27.8,35.13,19.83,0.0,29.4,55.35,3.04
2025-07-15,29.63,37.19,21.85,0.0,28.32,57.06,4.19
2025-07-16,29.2,37.14,22.09,2.75,24.54,59.8,2.81
2025-07-17,23.16,27.12,18.66,6.55,9.16,75.95,2.89
2025-07-18,26.57,30.92,22.41,0.42,19.33,77.04,3.19
2025-07-19,31.28,40.21,23.47,0.29,27.91,49.77,4.53
2025-07-20,30.88,38.29,22.92,0.73,24.8,51.97,3.08
2025-07-21,29.75,37.66,24.4,16.11,25.57,63.47,4.28
2025-07-22,28.21,34.47,23.15,23.18,24.65,68.62,4.36
2025-07-23,27.98,34.03,23.08,2.06,27.81,66.71,4.38
2025-07-24,25.65,29.17,23.0,20.63,16.97,84.48,1.95
2025-07-25,24.71,28.14,22.55,18.59,19.13,86.74,1.67
2025-07-26,27.73,33.52,21.61,0.03,27.85,74.13,2.05
2025-07-27,28.81,35.64,22.19,0.01,28.17,66.88,3.75
2025-07-28,29.39,35.39,23.59,0.0,28.09,64.42,3.83
2025-07-29,29.96,36.93,24.31,0.12,27.42,56.37,4.03
2025-07-30,25.45,31.37,20.87,0.46,16.77,71.09,2.58
2025-07-31,24.59,29.63,20.34,0.62,20.97,71.67,3.06
2025-08-01,22.75,26.98,18.31,0.07,22.27,63.09,3.1
2025-08-02,23.24,29.44,16.92,1.32,25.47,60.69,2.84
2025-08-03,24.1,30.18,18.11,2.87,24.9,67.83,2.95
2025-08-04,24.99,31.66,18.17,0.28,24.89,64.45,2.49
2025-08-05,26.45,32.65,19.22,0.0,24.94,64.42,4.69
2025-08-06,29.56,37.82,22.35,0.0,26.5,56.05,5.4
2025-08-07,30.92,40.2,23.02,0.01,23.87,52.01,4.1
2025-08-08,32.54,42.89,23.93,0.02,25.88,42.45,4.98
2025-08-09,30.97,39.56,24.78,3.56,24.47,49.84,3.27
2025-08-10,26.47,32.68,21.97,15.73,24.56,70.66,2.74
2025-08-11,24.56,29.06,20.69,21.86,21.75,78.68,1.83
2025-08-12,25.51,31.98,19.12,1.16,25.5,68.26,1.58
2025-08-13,26.86,33.0,20.82,0.0,26.26,62.87,2.45
2025-08-14,27.43,34.66,20.38,0.0,25.81,64.02,4.62
2025-08-15,28.64,35.01,22.64,0.0,25.34,64.61,4.17
2025-08-16,29.84,36.77,24.05,0.0,25.36,58.11,4.77
2025-08-17,29.46,36.03,22.84,0.01,25.11,59.25,4.28
2025-08-18,28.93,34.98,24.19,1.82,24.59,61.29,2.97
2025-08-19,26.68,32.4,22.74,4.46,16.95,64.5,1.92
2025-08-20,27.02,34.06,20.47,1.26,25.12,61.64,1.75
2025-08-21,27.24,34.26,20.54,0.0,25.06,58.98,1.44
2025-08-22,27.94,35.62,20.55,0.22,25.47,52.3,1.44
2025-08-23,24.69,30.12,20.34,3.33,20.21,62.91,3.01
2025-08-24,20.15,22.98,17.27,7.69,14.9,66.09,2.54
2025-08-25,18.77,22.8,16.42,17.64,7.9,82.03,2.32
2025-08-26,20.18,26.72,14.49,0.0,22.38,66.82,2.12
2025-08-27,17.28,20.07,15.54,24.32,5.84,82.47,3.19
2025-08-28,20.54,25.84,16.87,2.12,6.22,82.82,2.26
2025-08-29,20.71,25.58,16.31,0.36,10.48,79.49,1.8
2025-08-30,20.99,24.47,17.48,9.32,8.51,87.36,1.74
2025-08-31,22.67,28.58,18.17,1.19,19.82,76.3,2.05
2025-09-01,21.7,27.7,17.22,4.2,16.43,77.37,2.46
2025-09-02,20.25,26.02,16.37,0.5,16.44,75.81,2.57
2025-09-03,22.88,32.79,15.69,0.79,22.5,63.95,2.83
2025-09-04,19.91,27.26,12.81,0.62,20.86,65.37,1.78
2025-09-05,14.51,18.42,11.55,13.21,2.86,72.64,2.57
2025-09-06,17.19,24.57,9.44,0.0,23.46,71.14,1.61
2025-09-07,19.13,25.62,12.45,0.31,19.37,65.25,3.01
2025-09-08,20.09,25.81,15.41,26.89,6.28,81.48,4.98
2025-09-09,22.47,29.44,16.38,0.53,21.18,79.28,2.66
2025-09-10,21.82,28.18,18.09,0.64,18.97,82.1,2.62
2025-09-11,24.31,32.87,17.2,0.12,21.88,69.93,3.9
2025-09-12,25.08,34.13,17.18,0.0,21.97,57.66,4.42
2025-09-13,24.67,32.05,20.09,0.07,17.51,64.42,4.45
2025-09-14,23.17,29.12,19.6,1.74,13.42,75.8,4.03
2025-09-15,23.67,30.95,17.01,0.06,21.63,74.07,2.46
2025-09-16,24.43,31.94,18.55,4.99,20.42,70.03,3.21
2025-09-17,21.79,26.67,18.23,11.82,14.41,80.03,1.67
2025-09-18,20.39,25.2,16.17,11.69,17.36,71.98,1.89
2025-09-19,21.47,27.94,14.78,6.42,19.14,66.65,1.5
2025-09-20,19.79,23.61,16.81,4.68,14.87,85.03,1.26
2025-09-21,21.19,26.78,17.83,7.62,15.6,84.0,2.22
2025-09-22,22.96,29.55,17.26,1.33,17.27,81.0,2.61
2025-09-23,20.66,24.42,17.51,19.72,13.8,84.07,2.15
2025-09-24,20.02,25.7,16.11,0.93,17.83,74.03,3.0
2025-09-25,20.53,27.2,13.32,0.0,20.26,60.93,2.24
2025-09-26,20.59,28.72,13.15,0.0,20.46,64.58,2.65
2025-09-27,21.93,29.23,16.48,0.0,19.58,69.1,1.67
2025-09-28,22.77,31.35,15.67,0.0,19.06,67.12,2.65
2025-09-29,21.63,28.67,15.3,0.0,17.17,69.77,2.78
2025-09-30,21.16,27.26,16.91,0.01,14.33,69.93,3.29
2025-10-01,20.96,28.1,15.8,0.98,17.12,71.86,4.27
2025-10-02,21.85,29.64,15.49,0.09,18.81,74.49,2.93
2025-10-03,22.94,30.34,16.81,0.0,18.47,68.08,4.45
2025-10-04,23.35,29.69,19.17,0.0,18.06,63.97,6.81
2025-10-05,21.68,29.07,16.26,13.89,14.63,66.2,5.0
2025-10-06,14.94,18.85,11.78,7.24,4.43,82.93,3.56
2025-10-07,15.34,20.78,10.96,0.7,16.5,72.29,2.62
2025-10-08,15.13,19.15,12.47,0.27,11.29,71.95,2.65
2025-10-09,20.8,28.97,13.04,0.0,17.3,73.89,4.58
2025-10-10,21.85,28.32,16.61,0.0,17.13,71.38,3.23
2025-10-11,21.75,29.23,16.44,0.0,16.63,64.29,4.33
2025-10-12,22.12,30.39,17.23,0.0,14.08,58.8,4.37
2025-10-13,15.19,18.98,12.41,8.17,4.86,69.87,3.92
2025-10-14,18.82,25.68,13.0,0.59,11.99,79.22,3.19
2025-10-15,21.13,27.94,16.62,0.02,16.03,70.72,4.28
2025-10-16,19.51,26.35,14.47,0.01,15.95,63.03,4.93
2025-10-17,19.41,25.13,14.21,0.0,16.21,58.63,2.33
2025-10-18,15.86,24.39,6.76,0.01,12.96,48.36,3.96
2025-10-19,11.87,20.08,4.67,0.0,16.96,46.26,3.57
2025-10-20,13.3,21.79,7.15,0.0,16.36,52.67,5.06
2025-10-21,12.38,19.71,5.47,0.0,16.74,45.48,3.08
2025-10-22,12.95,22.22,7.19,0.0,16.28,50.38,1.97
2025-10-23,12.85,20.48,6.36,0.11,11.8,56.92,3.45
2025-10-24,14.89,21.05,12.05,9.13,4.57,87.92,2.94
2025-10-25,11.62,12.74,10.94,14.68,3.45,94.08,3.02
2025-10-26,11.62,14.23,9.82,2.19,3.82,91.91,2.36
2025-10-27,12.42,16.63,9.73,1.97,4.63,87.96,2.26
2025-10-28,10.05,13.11,5.4,7.43,14.06,65.96,5.78
2025-10-29,6.73,12.8,3.74,0.0,15.46,51.84,5.4
2025-10-30,7.76,16.74,0.44,0.0,14.87,56.11,2.16
2025-10-31,6.82,12.38,2.17,0.02,6.71,63.62,2.06
2025-11-01,4.17,10.4,-0.78,0.0,14.96,63.38,2.6
2025-11-02,9.15,20.3,0.3,0.0,13.98,70.93,3.94
2025-11-03,10.82,18.15,5.4,0.0,13.48,65.61,3.36
2025-11-04,12.7,20.54,6.68,0.0,10.7,75.07,1.71
2025-11-05,9.7,16.35,4.77,0.0,13.64,62.61,3.52
2025-11-06,10.81,20.94,3.84,0.0,12.34,69.41,2.72
2025-11-07,12.17,19.13,5.59,0.0,13.65,59.36,2.63
2025-11-08,9.82,15.8,3.03,0.0,13.27,54.96,5.24
2025-11-09,0.51,5.19,-4.79,0.0,13.69,55.96,4.08
2025-11-10,0.2,7.86,-6.1,0.0,11.72,57.11,2.52
2025-11-11,9.63,19.91,-0.08,0.0,11.19,63.11,2.67
2025-11-12,11.49,21.54,4.0,0.0,12.25,63.97,1.8
2025-11-13,12.01,20.93,7.43,0.0,11.54,77.96,2.13
2025-11-14,13.43,23.13,6.44,0.0,11.45,70.27,2.04
2025-11-15,14.2,22.28,9.33,0.0,10.3,64.04,2.71
2025-11-16,11.14,19.19,5.27,0.0,11.69,70.58,2.49
2025-11-17,13.06,22.99,7.22,0.07,10.92,70.92,3.19
2025-11-18,10.14,17.22,5.31,0.0,11.28,73.22,2.43
2025-11-19,8.95,14.48,3.4,0.33,8.31,82.49,1.9
2025-11-20,10.02,12.63,7.25,27.76,6.26,90.32,2.73
2025-11-21,7.15,9.25,5.21,6.74,2.85,92.27,3.58
2025-11-22,8.82,17.31,2.83,0.01,11.44,80.47,1.75
2025-11-23,9.25,17.96,3.62,2.9,10.41,77.73,2.27
2025-11-24,8.74,11.34,5.05,7.94,3.87,93.68,2.09
2025-11-25,5.08,9.59,-1.64,0.02,11.35,64.05,5.15
2025-11-26,-1.04,2.31,-4.83,0.0,8.27,65.04,2.11
2025-11-27,2.33,10.48,-2.73,0.0,11.0,62.82,1.78
2025-11-28,2.98,7.7,-3.29,0.23,3.98,72.45,4.67
2025-11-29,-0.04,5.54,-6.6,3.42,6.97,70.74,6.04
2025-11-30,-4.79,-1.6,-7.12,0.01,10.28,60.69,2.93
2025-12-01,-3.72,-0.96,-5.31,0.83,5.36,74.01,1.86
2025-12-02,0.89,8.84,-3.77,0.0,10.48,61.64,2.66
2025-12-03,0.17,4.72,-4.43,0.16,4.81,75.31,3.66
2025-12-04,-2.52,2.84,-5.79,0.0,10.51,67.08,2.65
2025-12-05,0.01,4.8,-3.44,0.0,5.85,87.76,2.42
2025-12-06,2.06,9.45,-1.62,0.0,9.86,81.55,2.76
2025-12-07,-1.81,1.8,-4.51,0.0,3.45,83.51,2.71
2025-12-08,1.9,10.53,-4.6,0.0,10.2,76.18,2.65
2025-12-09,7.2,17.14,-0.33,0.0,6.26,62.26,3.71
2025-12-10,4.61,9.86,1.19,0.0,10.38,56.1,3.74
2025-12-11,7.95,18.37,0.33,0.0,8.3,67.65,1.99
2025-12-12,0.92,6.73,-4.34,0.0,6.85,73.92,3.63
2025-12-13,-4.7,-0.29,-8.51,0.0,3.35,72.87,3.94
2025-12-14,-4.85,-0.3,-8.97,0.0,10.03,59.66,3.33
2025-12-15,1.18,8.87,-3.8,0.0,10.57,69.68,2.66
2025-12-16,3.36,10.48,-0.37,0.0,8.51,73.68,2.09
2025-12-17,5.59,12.12,-0.03,0.0,8.06,81.22,3.28
2025-12-18,3.49,10.28,-3.29,0.0,10.35,48.37,6.18
2025-12-19,3.94,12.18,-2.93,0.0,5.52,52.36,4.39
2025-12-20,2.92,8.78,-0.22,0.0,9.62,57.76,3.52
2025-12-21,2.5,8.86,-3.39,0.0,6.94,59.74,2.75
2025-12-22,7.0,15.76,2.41,0.0,9.85,82.1,2.9
2025-12-23,7.32,15.18,2.64,0.01,9.82,83.04,2.11
2025-12-24,9.18,15.55,5.31,0.03,8.47,84.16,1.26
2025-12-25,10.2,17.57,3.08,0.03,8.95,75.86,1.26
2025-12-26,11.41,20.5,5.47,0.0,8.29,76.77,2.34
2025-12-27,11.72,18.92,5.46,0.15,7.47,73.4,2.94
2025-12-28,-0.39,13.44,-6.94,0.25,5.02,57.02,6.93
2025-12-29,-3.75,0.8,-7.15,0.0,10.68,51.01,4.03
2025-12-30,1.2,9.83,-3.9,0.0,10.09,55.1,2.58
2025-12-31,4.31,14.37,-1.54,0.0,10.02,60.23,2.27
